clause_id,content_type,state,citation,citation_status,verification_status,effective_from,last_checked,supersedes,notes
rent-payment,LEASE_CLAUSE,MD,"Md. Code Ann., Real Prop. § 8-401(c); Md. Code Ann., Real Prop. § 8-212.3",CITED,VERIFIED,2026-08-21,2026-10-08,,[Full trail in lease-clauses.csv notes and lease-clause-decision-log-MD.md.]
returned-payments,LEASE_CLAUSE,MD,"Md. Code Ann., Com. Law § 15-802",CITED,VERIFIED,2026-08-21,2026-10-08,,[Full trail in lease-clauses.csv notes and lease-clause-decision-log-MD.md.]
application-of-payments,LEASE_CLAUSE,MD,"Md. Code Ann., Real Prop. § 8-402(c)(5)(ii); Md. Code Ann., Real Prop. § 8-402.1(d)(2); Md. Code Ann., Real Prop. § 8-401(h)",CITED,VERIFIED,2026-08-21,2026-10-08,,[Full trail in lease-clauses.csv notes and lease-clause-decision-log-MD.md.]
late-fee-limit-md,LEASE_CLAUSE,MD,"Md. Code Ann., Real Prop. § 8-208(d)(3); 2025 Md. Laws ch. 580; Md. Code Ann., Real Prop. § 8-208(g)(1)",CITED,VERIFIED,2026-10-08,2026-10-08,late-fee,[Full trail in lease-clauses.csv notes and lease-clause-decision-log-MD.md.]
residential-use-only,LEASE_CLAUSE,MD,,GENERIC,VERIFIED,2026-08-21,2026-10-08,,[Full trail in lease-clauses.csv notes and lease-clause-decision-log-MD.md.]
existing-condition,LEASE_CLAUSE,MD,"Md. Code Ann., Real Prop. § 8-203.1(a)(1); Md. Code Ann., Real Prop. § 8-203(l)",CITED,VERIFIED,2026-08-21,2026-10-08,,[Full trail in lease-clauses.csv notes and lease-clause-decision-log-MD.md.]
permitted-occupants,LEASE_CLAUSE,MD,"Md. Code Ann., State Gov't § 20-705",CITED,VERIFIED,2026-08-21,2026-10-08,,[Full trail in lease-clauses.csv notes and lease-clause-decision-log-MD.md.]
no-disturbance,LEASE_CLAUSE,MD,"Md. Code Ann., Real Prop. § 8-208(d)(10); Md. Code Ann., Real Prop. § 8-208.1(a)(2)(iv)",CITED,VERIFIED,2026-08-21,2026-10-08,,[Full trail in lease-clauses.csv notes and lease-clause-decision-log-MD.md.]
smoking-policy,LEASE_CLAUSE,MD,,GENERIC,VERIFIED,2026-08-21,2026-10-08,,[Full trail in lease-clauses.csv notes and lease-clause-decision-log-MD.md.]
utilities-responsibility,LEASE_CLAUSE,MD,,GENERIC,VERIFIED,2026-08-21,2026-10-08,,[Full trail in lease-clauses.csv notes and lease-clause-decision-log-MD.md.]
utility-service-continuity,LEASE_CLAUSE,MD,"Md. Code Ann., Real Prop. § 8-216(a)(3)",CITED,VERIFIED,2026-08-21,2026-10-08,,[Full trail in lease-clauses.csv notes and lease-clause-decision-log-MD.md.]
utility-payment-evidence,LEASE_CLAUSE,MD,,GENERIC,VERIFIED,2026-08-21,2026-10-08,,[Full trail in lease-clauses.csv notes and lease-clause-decision-log-MD.md.]
tenant-maintenance,LEASE_CLAUSE,MD,"Md. Code Ann., Real Prop. § 8-211; Md. Code Ann., Real Prop. § 8-212; Md. Code Ann., Real Prop. § 8-208(d)(2)",CITED,VERIFIED,2026-08-21,2026-10-08,,[Full trail in lease-clauses.csv notes and lease-clause-decision-log-MD.md.]
no-sublet-assign,LEASE_CLAUSE,MD,"Md. Code Ann., Real Prop. § 8-207(c)",CITED,VERIFIED,2026-08-21,2026-10-08,,[Full trail in lease-clauses.csv notes and lease-clause-decision-log-MD.md.]
no-alterations,LEASE_CLAUSE,MD,"Md. Code Ann., Real Prop. § 8-5A-05(c)(2)",CITED,VERIFIED,2026-08-21,2026-10-08,,[Full trail in lease-clauses.csv notes and lease-clause-decision-log-MD.md.]
joint-liability,LEASE_CLAUSE,MD,"Md. Code Ann., Real Prop. § 8-5A-02(e)",CITED,VERIFIED,2026-08-21,2026-10-08,,[Full trail in lease-clauses.csv notes and lease-clause-decision-log-MD.md.]
utilities-paid-by-landlord,LEASE_CLAUSE,MD,"Md. Code Ann., Real Prop. § 8-208(c)(2); Md. Code Ann., Pub. Util. § 7-309(b)(2); Md. Code Ann., Real Prop. § 8-212.3(b)",CITED,VERIFIED,2026-08-21,2026-10-08,,[Full trail in lease-clauses.csv notes and lease-clause-decision-log-MD.md.]
appliances-included,LEASE_CLAUSE,MD,"Md. Code Ann., Real Prop. § 8-208(c)(2); Md. Code Ann., Real Prop. § 8-122(b)(2)(ii)",CITED,VERIFIED,2026-08-21,2026-10-08,,[Full trail in lease-clauses.csv notes and lease-clause-decision-log-MD.md.]
landlord-maintenance,LEASE_CLAUSE,MD,"Md. Code Ann., Real Prop. § 8-212(c); Md. Code Ann., Real Prop. § 8-211; Md. Code Ann., Real Prop. § 8-212(h)(1); Md. Code Ann., Real Prop. § 8-211(f)(2)",CITED,VERIFIED,2026-08-21,2026-10-08,,[Full trail in lease-clauses.csv notes and lease-clause-decision-log-MD.md.]
surrender-end-of-term,LEASE_CLAUSE,MD,"Md. Code Ann., Real Prop. § 8-402(c)(2); Md. Code Ann., Real Prop. § 8-208(d)(6)",CITED,VERIFIED,2026-08-21,2026-10-08,,[Full trail in lease-clauses.csv notes and lease-clause-decision-log-MD.md.]
notices,LEASE_CLAUSE,MD,"Md. Code Ann., Real Prop. § 8-209(b)(2); Md. Code Ann., Real Prop. § 8-221(c)(3); Md. Code Ann., Real Prop. § 8-401(c)(2); Md. Code Ann., Real Prop. § 8-407(b)(1); Md. Code Ann., Real Prop. § 8-208(d)(9)",CITED,VERIFIED,2026-08-21,2026-10-08,,[Full trail in lease-clauses.csv notes and lease-clause-decision-log-MD.md.]
governing-law,LEASE_CLAUSE,MD,,GENERIC,VERIFIED,2026-08-21,2026-10-08,,[Full trail in lease-clauses.csv notes and lease-clause-decision-log-MD.md.]
severability,LEASE_CLAUSE,MD,"Md. Code Ann., Real Prop. § 8-208(g)(2)",CITED,VERIFIED,2026-08-21,2026-10-08,,[Full trail in lease-clauses.csv notes and lease-clause-decision-log-MD.md.]
entire-agreement,LEASE_CLAUSE,MD,"Md. Code Ann., Real Prop. § 8-209(b)",CITED,VERIFIED,2026-08-21,2026-10-08,,[Full trail in lease-clauses.csv notes and lease-clause-decision-log-MD.md.]
addendum-precedence,LEASE_CLAUSE,MD,"Md. Code Ann., Real Prop. § 8-208(c)(4)",CITED,VERIFIED,2026-08-21,2026-10-08,,[Full trail in lease-clauses.csv notes and lease-clause-decision-log-MD.md.]
pet-insurance-requirement,LEASE_CLAUSE,MD,"Md. Code Ann., Real Prop. § 8-210(c)(2)(v)",CITED,VERIFIED,2026-08-21,2026-10-08,,[Full trail in lease-clauses.csv notes and lease-clause-decision-log-MD.md.]
assigned-parking-space,LEASE_CLAUSE,MD,,GENERIC,VERIFIED,2026-08-21,2026-10-08,,[Full trail in lease-clauses.csv notes and lease-clause-decision-log-MD.md.]
parking-vehicle-rules,LEASE_CLAUSE,MD,"Md. Code Ann., Real Prop. § 8-208(d)(11); Md. Code Ann., Transp. § 21-10A-04; Md. Code Ann., Transp. § 21-10A-04(a)(9)",CITED,VERIFIED,2026-08-21,2026-10-08,,[Full trail in lease-clauses.csv notes and lease-clause-decision-log-MD.md.]
guest-policy,LEASE_CLAUSE,MD,"Md. Code Ann., Real Prop. § 8-208(d)(10)",CITED,VERIFIED,2026-08-21,2026-10-08,,[Full trail in lease-clauses.csv notes and lease-clause-decision-log-MD.md.]
guest-policy-day-limit,LEASE_CLAUSE,MD,,GENERIC,VERIFIED,2026-08-21,2026-10-08,,[Full trail in lease-clauses.csv notes and lease-clause-decision-log-MD.md.]
common-area-use,LEASE_CLAUSE,MD,"Md. Code Ann., Real Prop. § 14-128; Md. Code Ann., Real Prop. § 8-219; Md. Code Ann., Real Prop. § 14-130(c)",CITED,VERIFIED,2026-08-21,2026-10-08,,[Full trail in lease-clauses.csv notes and lease-clause-decision-log-MD.md.]
fire-safety-grilling,LEASE_CLAUSE,MD,"Md. Code Ann., Pub. Safety § 9-1001",CITED,VERIFIED,2026-08-21,2026-10-08,,[Full trail in lease-clauses.csv notes and lease-clause-decision-log-MD.md.]
landscaping-irrigation,LEASE_CLAUSE,MD,"Md. Code Ann., Real Prop. § 8-208(c)(2)",CITED,VERIFIED,2026-08-21,2026-10-08,,[Full trail in lease-clauses.csv notes and lease-clause-decision-log-MD.md.]
snow-removal,LEASE_CLAUSE,MD,,GENERIC,VERIFIED,2026-08-21,2026-10-08,,[Full trail in lease-clauses.csv notes and lease-clause-decision-log-MD.md.]
inspection-rights,LEASE_CLAUSE,MD,"Md. Code Ann., Real Prop. § 8-221(a)(2)",CITED,VERIFIED,2026-08-21,2026-10-08,,[Full trail in lease-clauses.csv notes and lease-clause-decision-log-MD.md.]
lead-based-paint,LEASE_CLAUSE,MD,40 C.F.R. 745.113,CITED,VERIFIED,2026-08-21,2026-10-08,,[Full trail in lease-clauses.csv notes and lease-clause-decision-log-MD.md.]
hoa-compliance,LEASE_CLAUSE,MD,"Md. Code Ann., Real Prop. § 8-208(d)(11)",CITED,VERIFIED,2026-08-21,2026-10-08,,[Full trail in lease-clauses.csv notes and lease-clause-decision-log-MD.md.]
assistance-animal-accommodation,LEASE_CLAUSE,MD,"Md. Code Ann., State Gov't § 20-705(a)(2)",CITED,VERIFIED,2026-08-21,2026-10-08,,[Full trail in lease-clauses.csv notes and lease-clause-decision-log-MD.md.]
extended-absence-notice-ks,LEASE_CLAUSE,MD,,GENERIC,VERIFIED,2026-08-22,2026-10-08,,[Full trail in lease-clauses.csv notes and lease-clause-decision-log-MD.md.]
early-termination-ks,LEASE_CLAUSE,MD,"Md. Code Ann., Real Prop. § 8-212.1(b); Md. Code Ann., Real Prop. § 8-212.2(c); Md. Code Ann., Real Prop. § 8-5A-02; Md. Code Ann., Real Prop. § 8-212.2(b); Md. Code Ann., Real Prop. § 8-207",CITED,VERIFIED,2026-08-22,2026-10-08,early-termination,[Full trail in lease-clauses.csv notes and lease-clause-decision-log-MD.md.]
tenant-forward-proceedings-ca,LEASE_CLAUSE,MD,,GENERIC,VERIFIED,1989-01-01,2026-10-08,,[Full trail in lease-clauses.csv notes and lease-clause-decision-log-MD.md.]
possession-delay-ca,LEASE_CLAUSE,MD,"Md. Code Ann., Real Prop. § 8-204(c)",CITED,VERIFIED,1905-01-01,2026-10-08,possession-delay,[Full trail in lease-clauses.csv notes and lease-clause-decision-log-MD.md.]
storage-space-ks-oh-ca,LEASE_CLAUSE,MD,"Md. Code Ann., Real Prop. § 8-105",CITED,VERIFIED,1976-01-01,2026-10-08,storage-space,[Full trail in lease-clauses.csv notes and lease-clause-decision-log-MD.md.]
parking-ks-oh-ca,LEASE_CLAUSE,MD,"Md. Code Ann., Real Prop. § 8-105",CITED,VERIFIED,1976-01-01,2026-10-08,parking,[Full trail in lease-clauses.csv notes and lease-clause-decision-log-MD.md.]
tenants-property-insurance-ks-oh-ca,LEASE_CLAUSE,MD,"Md. Code Ann., Real Prop. § 8-105; Md. Code Ann., Real Prop. § 8-208(d)(11)",CITED,VERIFIED,1976-01-01,2026-10-08,tenants-property-insurance,[Full trail in lease-clauses.csv notes and lease-clause-decision-log-MD.md.]
services-utilities-provided-ks-oh,LEASE_CLAUSE,MD,"Md. Code Ann., Real Prop. § 8-105",CITED,VERIFIED,2026-08-22,2026-10-08,services-utilities-provided,[Full trail in lease-clauses.csv notes and lease-clause-decision-log-MD.md.]
rental-application-accuracy,LEASE_CLAUSE,MD,"Md. Code Ann., Real Prop. § 8-2A-05(a)",CITED,VERIFIED,2026-09-27,2026-10-08,,[Full trail in lease-clauses.csv notes and lease-clause-decision-log-MD.md.]
edu-cares-act-notice,LANDLORD_EDUCATION,MD,"15 U.S.C. § 9058(a), (b), (c)",CITED,VERIFIED,2026-10-04,2026-10-08,,[Full trail in lease-clauses.csv notes and lease-clause-decision-log-MD.md.]
landlords-access-md,LEASE_CLAUSE,MD,"Md. Code Ann., Real Prop. § 8-221(a); 2025 Md. Laws ch. 564",CITED,VERIFIED,2026-10-08,2026-10-08,landlords-access,[Full trail in lease-clauses.csv notes and lease-clause-decision-log-MD.md.]
default-by-tenant-md,LEASE_CLAUSE,MD,"Md. Code Ann., Real Prop. § 8-402.1(a)(1)(i); Md. Code Ann., Real Prop. § 8-402.1(b)(1); Md. Code Ann., Real Prop. § 8-401(c)(1); Md. Code Ann., Real Prop. § 8-401(h); Md. Code Ann., Real Prop. § 8-402.1; Md. Code Ann., Real Prop. § 8-401(e)(2)(iv); Md. Code Ann., Real Prop. § 8-401(e)(2)(v); Md. Code Ann., Real Prop. § 8-207(d); Md. Code Ann., Real Prop. § 8-5A-04",CITED,VERIFIED,2026-10-08,2026-10-08,default-by-tenant,[Full trail in lease-clauses.csv notes and lease-clause-decision-log-MD.md.]
holdover-md,LEASE_CLAUSE,MD,"Md. Code Ann., Real Prop. § 8-402(a)(1); Md. Code Ann., Real Prop. § 8-402.1(d)(1); Md. Code Ann., Real Prop. § 8-402(d)",CITED,VERIFIED,2026-10-08,2026-10-08,holdover,[Full trail in lease-clauses.csv notes and lease-clause-decision-log-MD.md.]
due-at-signing-md,LEASE_CLAUSE,MD,"Md. Code Ann., Real Prop. § 8-208(d)(11); Md. Code Ann., Real Prop. § 8-203(a)(3); Md. Code Ann., Real Prop. § 8-203(b)(1)",CITED,VERIFIED,2026-10-08,2026-10-08,due-at-signing,[Full trail in lease-clauses.csv notes and lease-clause-decision-log-MD.md.]
keys-md,LEASE_CLAUSE,MD,"Md. Code Ann., Real Prop. § 8-5A-05(c)(1)",CITED,VERIFIED,2026-10-08,2026-10-08,keys,[Full trail in lease-clauses.csv notes and lease-clause-decision-log-MD.md.]
acceptable-payment-methods-md,LEASE_CLAUSE,MD,"Md. Code Ann., Real Prop. § 8-401(h)(1)",CITED,VERIFIED,2026-10-08,2026-10-08,acceptable-payment-methods,[Full trail in lease-clauses.csv notes and lease-clause-decision-log-MD.md.]
electronic-signatures-md,LEASE_CLAUSE,MD,"Md. Code Ann., Com. Law § 21-104(b)(3); Md. Code Ann., Real Prop. § 8-209(b)(2); Md. Code Ann., Real Prop. § 8-221(c)(3); Md. Code Ann., Real Prop. § 8-401(c)(2)",CITED,VERIFIED,2026-10-08,2026-10-08,electronic-signatures,[Full trail in lease-clauses.csv notes and lease-clause-decision-log-MD.md.]
security-deposit-use-md,LEASE_CLAUSE,MD,"Md. Code Ann., Real Prop. § 8-203(c)(1); Md. Code Ann., Real Prop. § 8-208(c)(3); Md. Code Ann., Real Prop. § 8-203.1(a)(1); Md. Code Ann., Real Prop. § 8-203.1(c); Md. Code Ann., Real Prop. § 8-203(f)(1)(i)",CITED,VERIFIED,2026-10-08,2026-10-08,security-deposit-use,[Full trail in lease-clauses.csv notes and lease-clause-decision-log-MD.md.]
pet-policy-md,LEASE_CLAUSE,MD,"Md. Code Ann., Real Prop. § 8-208(d)(6); Md. Code Ann., Real Prop. § 8-221; Md. Code Ann., Real Prop. § 8-105; Md. Code Ann., Real Prop. § 8-203(a)(3); Md. Code Ann., Real Prop. § 8-210(c)(2)(ii); Md. Code Ann., Crim. Law § 10-615(b)(1)",CITED,VERIFIED,2026-10-08,2026-10-08,pet-policy,[Full trail in lease-clauses.csv notes and lease-clause-decision-log-MD.md.]
lease-condition-statement-md,LEASE_CLAUSE,MD,"Md. Code Ann., Real Prop. § 8-208(c)(1); Md. Code Ann., Real Prop. § 8-212(c)",CITED,VERIFIED,2026-10-08,2026-10-08,,[Full trail in lease-clauses.csv notes and lease-clause-decision-log-MD.md.]
utility-repair-obligations-md,LEASE_CLAUSE,MD,"Md. Code Ann., Real Prop. § 8-208(c)(2); Md. Code Ann., Real Prop. § 8-211; Md. Code Ann., Real Prop. § 8-212",CITED,VERIFIED,2026-10-08,2026-10-08,,[Full trail in lease-clauses.csv notes and lease-clause-decision-log-MD.md.]
tenants-bill-of-rights-md,LEASE_CLAUSE,MD,"Md. Code Ann., Real Prop. § 8-208(c)(4); Md. Code Ann., Hous. & Cmty. Dev. § 5-104(c)(1)",CITED,VERIFIED,2026-10-08,2026-10-08,,[Full trail in lease-clauses.csv notes and lease-clause-decision-log-MD.md.]
lead-risk-reduction-md,LEASE_CLAUSE,MD,"Md. Code Ann., Envir. § 6-820(b); Md. Code Ann., Envir. § 6-823(b); Md. Code Ann., Envir. § 6-820(e)(1); Md. Code Ann., Envir. § 6-823(d); COMAR 26.16.04.02; Md. Code Ann., Envir. § 6-820(e)(2); Md. Code Ann., Envir. § 6-801(b)(1); Md. Code Ann., Envir. § 6-803(b)(3)",CITED,VERIFIED,2026-10-08,2026-10-08,,[Full trail in lease-clauses.csv notes and lease-clause-decision-log-MD.md.]
mold-pamphlet-md,LEASE_CLAUSE,MD,"Md. Code Ann., Real Prop. § 8-220(b)(1); Md. Code Ann., Envir. § 6-1702(b)(2); 2025 Md. Laws ch. 539",CITED,VERIFIED,2026-10-08,2026-10-08,,[Full trail in lease-clauses.csv notes and lease-clause-decision-log-MD.md.]
pet-eviction-fact-sheet-md,LEASE_CLAUSE,MD,"Md. Code Ann., Real Prop. § 14-804; Md. Code Ann., Real Prop. § 14-801(d); Md. Code Ann., Real Prop. § 14-803; Md. Code Ann., Real Prop. § 14-806",CITED,VERIFIED,2026-10-08,2026-10-08,,[Full trail in lease-clauses.csv notes and lease-clause-decision-log-MD.md.]
rent-reporting-offer-md,LEASE_CLAUSE,MD,"Md. Code Ann., Real Prop. § 8-208.4(b); Md. Code Ann., Real Prop. § 8-208.4(j); Md. Code Ann., Real Prop. § 8-208.4(e)(8)",CITED,VERIFIED,2026-10-08,2026-10-08,,[Full trail in lease-clauses.csv notes and lease-clause-decision-log-MD.md.]
landlord-billed-utilities-md,LEASE_CLAUSE,MD,"Md. Code Ann., Real Prop. § 8-205.1(c); Md. Code Ann., Real Prop. § 8-205.2(c)",CITED,VERIFIED,2026-10-08,2026-10-08,,[Full trail in lease-clauses.csv notes and lease-clause-decision-log-MD.md.]
submetered-water-md,LEASE_CLAUSE,MD,"Md. Code Ann., Real Prop. § 8-205.3(b)(1); Md. Code Ann., Envir. § 9-1115",CITED,VERIFIED,2026-10-08,2026-10-08,,[Full trail in lease-clauses.csv notes and lease-clause-decision-log-MD.md.]
ratio-utility-billing-md,LEASE_CLAUSE,MD,"Md. Code Ann., Real Prop. § 8-212.4(c)(1)(i)",CITED,VERIFIED,2026-10-08,2026-10-08,,[Full trail in lease-clauses.csv notes and lease-clause-decision-log-MD.md.]
utility-submetering-energy-md,LEASE_CLAUSE,MD,COMAR 20.25.01.02,CITED,VERIFIED,2026-10-08,2026-10-08,,[Full trail in lease-clauses.csv notes and lease-clause-decision-log-MD.md.]
owner-identity-disclosure-md,LEASE_CLAUSE,MD,"Md. Code Ann., Real Prop. § 8-210(a)(1)",CITED,VERIFIED,2026-10-08,2026-10-08,,[Full trail in lease-clauses.csv notes and lease-clause-decision-log-MD.md.]
columbia-association-md,LEASE_CLAUSE,MD,"Md. Code Ann., Real Prop. § 8-121(b); 2025 Md. Laws ch. 584",CITED,VERIFIED,2026-10-08,2026-10-08,,[Full trail in lease-clauses.csv notes and lease-clause-decision-log-MD.md.]
montgomery-association-docs-md,LEASE_CLAUSE,MD,"Md. Code Ann., Real Prop. § 8-210(b)(1)",CITED,VERIFIED,2026-10-08,2026-10-08,,[Full trail in lease-clauses.csv notes and lease-clause-decision-log-MD.md.]
high-rise-sprinkler-notice-md,LEASE_CLAUSE,MD,"Md. Code Ann., Pub. Safety § 9-403(d)(1); Md. Code Ann., Pub. Safety § 9-401(b)(1); Md. Code Ann., Pub. Safety § 9-403(c); Md. Code Ann., Pub. Safety § 9-403(b)(1)",CITED,VERIFIED,2026-10-08,2026-10-08,,[Full trail in lease-clauses.csv notes and lease-clause-decision-log-MD.md.]
private-well-disclosure-md,LEASE_CLAUSE,MD,"Md. Code Ann., Envir. § 9-4A-04(a)",CITED,VERIFIED,2026-10-08,2026-10-08,,[Full trail in lease-clauses.csv notes and lease-clause-decision-log-MD.md.]
conversion-notice-md,LEASE_CLAUSE,MD,"Md. Code Ann., Real Prop. § 11-102.1(a)(2); Md. Code Ann., Corps. & Ass'ns § 5-6B-05(a)(3)",CITED,VERIFIED,2026-10-08,2026-10-08,,[Full trail in lease-clauses.csv notes and lease-clause-decision-log-MD.md.]
smoke-co-alarm-duties-md,LEASE_CLAUSE,MD,"Md. Code Ann., Pub. Safety § 9-106(d); Md. Code Ann., Pub. Safety § 12-1105",CITED,VERIFIED,2026-10-08,2026-10-08,,[Full trail in lease-clauses.csv notes and lease-clause-decision-log-MD.md.]
automatic-renewal-md,LEASE_CLAUSE,MD,"Md. Code Ann., Real Prop. § 8-208(e)(1); Md. Code Ann., Real Prop. § 8-501; Md. Code Ann., Real Prop. § 8-402(c)(2)(i); Md. Code Ann., Real Prop. § 8-208(d)(5)",CITED,VERIFIED,2026-10-08,2026-10-08,,[Full trail in lease-clauses.csv notes and lease-clause-decision-log-MD.md.]
holdover-rate-md,LEASE_CLAUSE,MD,"Md. Code Ann., Real Prop. § 8-402(a)(1); Md. Code Ann., Real Prop. § 8-208(d)(3); Md. Code Ann., Real Prop. § 8-401(h)",CITED,VERIFIED,2026-10-08,2026-10-08,,[Full trail in lease-clauses.csv notes and lease-clause-decision-log-MD.md.]
filing-surcharge-deposit-md,LEASE_CLAUSE,MD,"Md. Code Ann., Cts. & Jud. Proc. § 7-301(c)(5)(i); Md. Code Ann., Real Prop. § 8-208(d)(13); Md. Code Ann., Real Prop. § 8-203(f)(2); Md. Code Ann., Real Prop. § 7-301(c)(2)(i)",CITED,VERIFIED,2026-10-08,2026-10-08,,[Full trail in lease-clauses.csv notes and lease-clause-decision-log-MD.md.]
electronic-notice-election-md,LEASE_CLAUSE,MD,"Md. Code Ann., Real Prop. § 8-209(b)(2)(i); Md. Code Ann., Real Prop. § 8-208(d)(9); Md. Code Ann., Real Prop. § 8-221(c)(3)(iii); Md. Code Ann., Real Prop. § 8-401(c)(2)(i); Md. Code Ann., Real Prop. § 8-208.4(d)(2)(ii); Md. Code Ann., Real Prop. § 8-407(b)(1)(iii)",CITED,VERIFIED,2026-10-08,2026-10-08,,[Full trail in lease-clauses.csv notes and lease-clause-decision-log-MD.md.]
utility-shutoff-notice-authorization-md,LEASE_CLAUSE,MD,"Md. Code Ann., Pub. Util. § 7-307.3(b)",CITED,VERIFIED,2026-10-08,2026-10-08,,[Full trail in lease-clauses.csv notes and lease-clause-decision-log-MD.md.]
criminal-activity-md,LEASE_CLAUSE,MD,"Md. Code Ann., Real Prop. § 8-402.1(a)(1)(i); Md. Code Ann., Real Prop. § 8-402.1(b)(1); Md. Code Ann., Real Prop. § 8-208.1(a)(2)(iv); Md. Code Ann., Real Prop. § 8-5A-04",CITED,VERIFIED,2026-10-08,2026-10-08,,[Full trail in lease-clauses.csv notes and lease-clause-decision-log-MD.md.]
edu-no-algorithmic-rent-setting-md,LANDLORD_EDUCATION,MD,"Md. Code Ann., Com. Law § 11-204(a)(1); Absence: MD battery A-algo-rent-notenancy-pos (MD log §17)",CONFIRMED_ABSENT,VERIFIED,2026-10-08,2026-10-08,,[Full trail in lease-clauses.csv notes and lease-clause-decision-log-MD.md.]
edu-application-fee-refund-md,LANDLORD_EDUCATION,MD,"Md. Code Ann., Real Prop. § 8-213(b)(1)(i); Md. Code Ann., Real Prop. § 8-213(c)",CITED,VERIFIED,2026-10-08,2026-10-08,,[Full trail in lease-clauses.csv notes and lease-clause-decision-log-MD.md.]
edu-reusable-screening-report-md,LANDLORD_EDUCATION,MD,"Md. Code Ann., Real Prop. § 8-218(c)(1); Md. Code Ann., Real Prop. § 8-218(d); 2026 Md. Laws ch. 752",CITED,VERIFIED,2026-10-08,2026-10-08,,[Full trail in lease-clauses.csv notes and lease-clause-decision-log-MD.md.]
edu-application-of-payments-md,LANDLORD_EDUCATION,MD,"Md. Code Ann., Real Prop. § 8-402(c)(5)(ii); Md. Code Ann., Real Prop. § 8-402.1(d)(2); Md. Code Ann., Real Prop. § 8-402",CITED,VERIFIED,2026-10-08,2026-10-08,,[Full trail in lease-clauses.csv notes and lease-clause-decision-log-MD.md.]
edu-no-collection-fee-md,LANDLORD_EDUCATION,MD,"Md. Code Ann., Com. Law § 14-201(b); Md. Code Ann., Com. Law § 14-202(8); Md. Code Ann., Real Prop. § 8-401(e)(2)(v); Md. Code Ann., Real Prop. § 8-707; Md. Code Ann., Real Prop. § 8-804-8; Md. Code Ann., Com. Law § 14-2002; Absence: MD battery A-collection-fee-notenancy (MD log §17)",CONFIRMED_ABSENT,VERIFIED,2026-10-08,2026-10-08,,[Full trail in lease-clauses.csv notes and lease-clause-decision-log-MD.md.]
edu-due-at-signing-limit-md,LANDLORD_EDUCATION,MD,"Md. Code Ann., Real Prop. § 8-208(d)(11); Md. Code Ann., Real Prop. § 8-203(a)(3)",CITED,VERIFIED,2026-10-08,2026-10-08,,[Full trail in lease-clauses.csv notes and lease-clause-decision-log-MD.md.]
edu-no-fee-transparency-md,LANDLORD_EDUCATION,MD,"Md. Code Ann., Real Prop. § 8-210(c)(2)(ii); Md. Code Ann., Real Prop. § 8-212.4(c)(1)(vii); Md. Code Ann., Real Prop. § 8-121(c)(1); Md. Code Ann., Com. Law § 13-303(1); Md. Code Ann., Real Prop. § 8-121; Absence: MD battery A-feetransp-notenancy2, A-feetransp-first-page-notenancy2, A-feetransp-not-in-lease-pos (MD log §17)",CONFIRMED_ABSENT,VERIFIED,2026-10-08,2026-10-08,,[Full trail in lease-clauses.csv notes and lease-clause-decision-log-MD.md.]
edu-no-fee-unprovided-service-md,LANDLORD_EDUCATION,MD,"Md. Code Ann., Envir. § 9-1115(d)(3); Md. Code Ann., Envir. § 9-1115(d)(4); Md. Code Ann., Real Prop. § 8-212.3(b); Md. Code Ann., Envir. § 9-1115; 2026 Md. Laws ch. 261; Md. Code Ann., Pub. Util. § 7-309(b)(2); Absence: MD battery A-fee-unprovided-notenancy-pos (MD log §17)",CONFIRMED_ABSENT,VERIFIED,2026-10-08,2026-10-08,,[Full trail in lease-clauses.csv notes and lease-clause-decision-log-MD.md.]
edu-fees-as-rent-md,LANDLORD_EDUCATION,MD,"Md. Code Ann., Real Prop. § 8-401(b)(2)(iii); Md. Code Ann., Real Prop. § 8-208.4(h)(2)(ii); Md. Code Ann., Real Prop. § 8-5A-05(e)(2)(i); Md. Code Ann., Envir. § 9-1115",CITED,VERIFIED,2026-10-08,2026-10-08,,[Full trail in lease-clauses.csv notes and lease-clause-decision-log-MD.md.]
edu-government-fees-md,LANDLORD_EDUCATION,MD,"Md. Code Ann., Cts. & Jud. Proc. § 7-301(c)(5)(i); Md. Code Ann., Real Prop. § 8-407(b)(3); Md. Code Ann., Real Prop. § 8-208(d)(13); Md. Code Ann., Cts. & Jud. Proc. § 7-301(c)(3)",CITED,VERIFIED,2026-10-08,2026-10-08,,[Full trail in lease-clauses.csv notes and lease-clause-decision-log-MD.md.]
edu-late-fee-no-grace-md,LANDLORD_EDUCATION,MD,"Md. Code Ann., Real Prop. § 8-208(d)(3)(i); Md. Code Ann., Real Prop. § 8A-404(2); Md. Code Ann., Real Prop. § 8A-404(3); 2025 Md. Laws ch. 580",CITED,VERIFIED,2026-10-08,2026-10-08,,[Full trail in lease-clauses.csv notes and lease-clause-decision-log-MD.md.]
edu-no-lease-type-parity-md,LANDLORD_EDUCATION,MD,"Md. Code Ann., Real Prop. § 8-501; Md. Code Ann., Real Prop. § 8-402(d); Absence: MD battery A-leasetype-parity, A-leasetype-more-favorable-pos (MD log §17)",CONFIRMED_ABSENT,VERIFIED,2026-10-08,2026-10-08,,[Full trail in lease-clauses.csv notes and lease-clause-decision-log-MD.md.]
edu-notice-service-fee-md,LANDLORD_EDUCATION,MD,"Md. Code Ann., Real Prop. § 8-407(b)(3); Md. Code Ann., Com. Law § 14-202(8)",CITED,VERIFIED,2026-10-08,2026-10-08,,[Full trail in lease-clauses.csv notes and lease-clause-decision-log-MD.md.]
edu-no-rent-concession-md,LANDLORD_EDUCATION,MD,"Md. Code Ann., Real Prop. § 8-203(f)(3); Md. Code Ann., Real Prop. § 8-207(a); Absence: MD battery A-concession-tenancy-pos (MD log §17)",CONFIRMED_ABSENT,VERIFIED,2026-10-08,2026-10-08,,[Full trail in lease-clauses.csv notes and lease-clause-decision-log-MD.md.]
edu-rent-control-md,LANDLORD_EDUCATION,MD,"Md. Code Ann., Real Prop. § 8-209.1(b)(1); Md. Code Ann., Real Prop. § 8-406; Md. Code Ann., Real Prop. § 11-137(f)(2); Md. Code Ann., Corps. & Ass'ns § 5-6B-07",CITED,VERIFIED,2026-10-08,2026-10-08,,[Full trail in lease-clauses.csv notes and lease-clause-decision-log-MD.md.]
edu-no-rent-escalation-md,LANDLORD_EDUCATION,MD,"Md. Code Ann., Real Prop. § 8-208.1(a)(1)(ii); Md. Code Ann., Real Prop. § 8-208.1(e); Absence: MD battery A-escalation-pos, A-escalation-notenancy, A-midterm-increase (MD log §17)",CONFIRMED_ABSENT,VERIFIED,2026-10-08,2026-10-08,,[Full trail in lease-clauses.csv notes and lease-clause-decision-log-MD.md.]
edu-rent-increase-notice-md,LANDLORD_EDUCATION,MD,"Md. Code Ann., Real Prop. § 8-209(b)(3)(i); Md. Code Ann., Real Prop. § 8-209(b)(2)(iii); Md. Code Ann., Real Prop. § 8-208(d)(9); Md. Code Ann., Real Prop. § 8-209(c)",CITED,VERIFIED,2026-10-08,2026-10-08,,[Full trail in lease-clauses.csv notes and lease-clause-decision-log-MD.md.]
edu-no-rent-installments-md,LANDLORD_EDUCATION,MD,"Md. Code Ann., Real Prop. § 8-208(d)(3)(ii); Md. Code Ann., Real Prop. § 8-401(b)(3); Absence: MD battery A-rent-installments, A-partial-payment-rent (MD log §17)",CONFIRMED_ABSENT,VERIFIED,2026-10-08,2026-10-08,,[Full trail in lease-clauses.csv notes and lease-clause-decision-log-MD.md.]
edu-rent-receipts-md,LANDLORD_EDUCATION,MD,"Md. Code Ann., Real Prop. § 8-205(b); Md. Code Ann., Real Prop. § 8-205(c); Md. Code Ann., Real Prop. § 8-208.3; Md. Code Ann., Real Prop. § 8-205(a)",CITED,VERIFIED,2026-10-08,2026-10-08,,[Full trail in lease-clauses.csv notes and lease-clause-decision-log-MD.md.]
edu-rent-tax-md,LANDLORD_EDUCATION,MD,"Md. Code Ann., Tax-Gen. § 11-101; COMAR 03.06.01.23; Md. Code Ann., Local Gov't § 20-401(d)(1)(i); Md. Code Ann., Local Gov't § 20-401; 2026 Md. Laws ch. 6",CITED,VERIFIED,2026-10-08,2026-10-08,,[Full trail in lease-clauses.csv notes and lease-clause-decision-log-MD.md.]
edu-no-required-fees-md,LANDLORD_EDUCATION,MD,"Md. Code Ann., Cts. & Jud. Proc. § 7-301(c)(5)(ii); Md. Code Ann., Real Prop. § 8-205.1(c)(1); Absence: MD battery A-required-fees-in-lease2 (MD log §17)",CONFIRMED_ABSENT,VERIFIED,2026-10-08,2026-10-08,,[Full trail in lease-clauses.csv notes and lease-clause-decision-log-MD.md.]
edu-returned-check-fee-md,LANDLORD_EDUCATION,MD,"Md. Code Ann., Com. Law § 15-802(b)(2); Md. Code Ann., Com. Law § 15-804(a)(2); Md. Code Ann., Crim. Law § 8-101(b); Md. Code Ann., Com. Law § 15-802(d)(1)",CITED,VERIFIED,2026-10-08,2026-10-08,,[Full trail in lease-clauses.csv notes and lease-clause-decision-log-MD.md.]
edu-shutdown-stay-md,LANDLORD_EDUCATION,MD,"Md. Code Ann., Real Prop. § 8-401(d)(2)(iii); Md. Code Ann., Real Prop. § 8-401(d)(3)(ii)",CITED,VERIFIED,2026-10-08,2026-10-08,,[Full trail in lease-clauses.csv notes and lease-clause-decision-log-MD.md.]
edu-no-subsidy-late-fee-md,LANDLORD_EDUCATION,MD,"Md. Code Ann., Real Prop. § 8-208(d)(3)(i); Absence: MD battery A-subsidy-late-fee, A-subsidy-portion-rent-pos (MD log §17)",CONFIRMED_ABSENT,VERIFIED,2026-10-08,2026-10-08,,[Full trail in lease-clauses.csv notes and lease-clause-decision-log-MD.md.]
edu-interest-on-unpaid-amounts-md,LANDLORD_EDUCATION,MD,"Md. Const. art. III, § 57; Md. Code Ann., Cts. & Jud. Proc. § 11-107(b)",CITED,VERIFIED,2026-10-08,2026-10-08,,[Full trail in lease-clauses.csv notes and lease-clause-decision-log-MD.md.]
edu-no-veterans-incentive-md,LANDLORD_EDUCATION,MD,"Md. Code Ann., Tax-Prop. § 7-208(a)(3)(i); Absence: MD battery A-veterans-tenancy-pos (MD log §17)",CONFIRMED_ABSENT,VERIFIED,2026-10-08,2026-10-08,,[Full trail in lease-clauses.csv notes and lease-clause-decision-log-MD.md.]
edu-waiver-by-acceptance-md,LANDLORD_EDUCATION,MD,"Md. Code Ann., Real Prop. § 8-402(c)(5)(i); Md. Code Ann., Real Prop. § 8-402.1(d)(1); Md. Code Ann., Real Prop. § 8-401(h)(3)",CITED,VERIFIED,2026-10-08,2026-10-08,,[Full trail in lease-clauses.csv notes and lease-clause-decision-log-MD.md.]
edu-move-in-inspection-md,LANDLORD_EDUCATION,MD,"Md. Code Ann., Real Prop. § 8-203.1(a)(1); Md. Code Ann., Real Prop. § 8-203(c)(2)",CITED,VERIFIED,2026-10-08,2026-10-08,,[Full trail in lease-clauses.csv notes and lease-clause-decision-log-MD.md.]
edu-no-deposit-cost-schedule-md,LANDLORD_EDUCATION,MD,"Md. Code Ann., Real Prop. § 8-203(f)(2); Md. Code Ann., Real Prop. § 8-203(j)(1); Absence: MD battery A-dep-cleaning-schedule-pos (MD log §17)",CONFIRMED_ABSENT,VERIFIED,2026-10-08,2026-10-08,,[Full trail in lease-clauses.csv notes and lease-clause-decision-log-MD.md.]
edu-unclaimed-deposit-md,LANDLORD_EDUCATION,MD,"Md. Code Ann., Com. Law § 17-308(b); Md. Code Ann., Com. Law § 17-323(b); Md. Code Ann., Real Prop. § 8-203(f)(2)",CITED,VERIFIED,2026-10-08,2026-10-08,,[Full trail in lease-clauses.csv notes and lease-clause-decision-log-MD.md.]
edu-no-deposit-installments-md,LANDLORD_EDUCATION,MD,"Md. Code Ann., Real Prop. § 8-203(i)(1)(ii); Absence: MD battery A-dep-installments (MD log §17)",CONFIRMED_ABSENT,VERIFIED,2026-10-08,2026-10-08,,[Full trail in lease-clauses.csv notes and lease-clause-decision-log-MD.md.]
edu-last-month-rent-deposit-md,LANDLORD_EDUCATION,MD,"Md. Code Ann., Real Prop. § 8-203(a)(3)",CITED,VERIFIED,2026-10-08,2026-10-08,,[Full trail in lease-clauses.csv notes and lease-clause-decision-log-MD.md.]
edu-move-out-inspection-md,LANDLORD_EDUCATION,MD,"Md. Code Ann., Real Prop. § 8-203(f)(1)(ii); Md. Code Ann., Real Prop. § 8-203(f)(1)(v)",CITED,VERIFIED,2026-10-08,2026-10-08,,[Full trail in lease-clauses.csv notes and lease-clause-decision-log-MD.md.]
edu-no-dv-deposit-timing-md,LANDLORD_EDUCATION,MD,"Md. Code Ann., Real Prop. § 8-5A-05(e)(2)(ii); Md. Code Ann., Real Prop. § 8-5A-02(c)(2)(ii); Absence: MD battery A-dep-abuse, A-dep-early-termination-refund (MD log §17)",CONFIRMED_ABSENT,VERIFIED,2026-10-08,2026-10-08,,[Full trail in lease-clauses.csv notes and lease-clause-decision-log-MD.md.]
edu-no-expedited-deposit-disposition-md,LANDLORD_EDUCATION,MD,"Md. Code Ann., Real Prop. § 8-203(h)(2)(i); Md. Code Ann., Real Prop. § 8-203(h)(3)(i); Absence: MD battery A-dep-expedited-notenancy-pos (MD log §17)",CONFIRMED_ABSENT,VERIFIED,2026-10-08,2026-10-08,,[Full trail in lease-clauses.csv notes and lease-clause-decision-log-MD.md.]
edu-surety-bond-md,LANDLORD_EDUCATION,MD,"Md. Code Ann., Real Prop. § 8-203(i)(1)(i); Md. Code Ann., Real Prop. § 8-203(i)(3)(i); Md. Code Ann., Real Prop. § 8-203(i)(9)(ii)",CITED,VERIFIED,2026-10-08,2026-10-08,,[Full trail in lease-clauses.csv notes and lease-clause-decision-log-MD.md.]
edu-holding-deposit-md,LANDLORD_EDUCATION,MD,"Md. Code Ann., Real Prop. § 8-203(a)(4); Md. Code Ann., Real Prop. § 8-213(b)(2)",CITED,VERIFIED,2026-10-08,2026-10-08,,[Full trail in lease-clauses.csv notes and lease-clause-decision-log-MD.md.]
edu-inspection-rights-notice-md,LANDLORD_EDUCATION,MD,"Md. Code Ann., Real Prop. § 8-203(f)(1)(vi); Md. Code Ann., Real Prop. § 8-203(f)(1)(vii); Md. Code Ann., Real Prop. § 8-203.1(c)",CITED,VERIFIED,2026-10-08,2026-10-08,,[Full trail in lease-clauses.csv notes and lease-clause-decision-log-MD.md.]
edu-no-nonrefundable-deposit-notice-md,LANDLORD_EDUCATION,MD,"Md. Code Ann., Real Prop. § 8-203(l); Md. Code Ann., Real Prop. § 8-210(c)(2)(ii); Absence: MD battery A-dep-nonrefundable (MD log §17)",CONFIRMED_ABSENT,VERIFIED,2026-10-08,2026-10-08,,[Full trail in lease-clauses.csv notes and lease-clause-decision-log-MD.md.]
edu-security-deposit-cap-md,LANDLORD_EDUCATION,MD,"Md. Code Ann., Real Prop. § 8-203(b)(1); Md. Code Ann., Real Prop. § 8-203(b)(3); Md. Code Ann., Real Prop. § 8-210(c)(2)(ii); Md. Code Ann., Real Prop. § 8A-1001",CITED,VERIFIED,2026-10-08,2026-10-08,,[Full trail in lease-clauses.csv notes and lease-clause-decision-log-MD.md.]
edu-deposit-escrow-md,LANDLORD_EDUCATION,MD,"Md. Code Ann., Real Prop. § 8-203(d)(1)(iii); Md. Code Ann., Real Prop. § 8-203(d)(1)(ii); Md. Code Ann., Real Prop. § 8-203(d)(3)(ii)",CITED,VERIFIED,2026-10-08,2026-10-08,,[Full trail in lease-clauses.csv notes and lease-clause-decision-log-MD.md.]
edu-deposit-interest-md,LANDLORD_EDUCATION,MD,"Md. Code Ann., Real Prop. § 8-203(e)(1); Md. Code Ann., Real Prop. § 8-203(e)(3); Md. Code Ann., Real Prop. § 8-203(n)",CITED,VERIFIED,2026-10-08,2026-10-08,,[Full trail in lease-clauses.csv notes and lease-clause-decision-log-MD.md.]
edu-deposit-nonwaiver-md,LANDLORD_EDUCATION,MD,"Md. Code Ann., Real Prop. § 8-203(l); Md. Code Ann., Real Prop. § 8-208(g)(2)",CITED,VERIFIED,2026-10-08,2026-10-08,,[Full trail in lease-clauses.csv notes and lease-clause-decision-log-MD.md.]
edu-deposit-on-sale-md,LANDLORD_EDUCATION,MD,"Md. Code Ann., Real Prop. § 8-203(d)(3)(i); Md. Code Ann., Real Prop. § 8-203(d)(4)",CITED,VERIFIED,2026-10-08,2026-10-08,,[Full trail in lease-clauses.csv notes and lease-clause-decision-log-MD.md.]
edu-deposit-penalties-md,LANDLORD_EDUCATION,MD,"Md. Code Ann., Real Prop. § 8-203(e)(4); Md. Code Ann., Real Prop. § 8-203(g)(2); Md. Code Ann., Real Prop. § 8-203(j)(1)",CITED,VERIFIED,2026-10-08,2026-10-08,,[Full trail in lease-clauses.csv notes and lease-clause-decision-log-MD.md.]
edu-no-security-deposit-standards-md,LANDLORD_EDUCATION,MD,"Md. Code Ann., Real Prop. § 8-203(b)(1); Absence: MD battery A-dep-standards (MD log §17)",CONFIRMED_ABSENT,VERIFIED,2026-10-08,2026-10-08,,[Full trail in lease-clauses.csv notes and lease-clause-decision-log-MD.md.]
edu-utility-deposit-deduction-md,LANDLORD_EDUCATION,MD,"Md. Code Ann., Real Prop. § 8-212.3(b)(2)(ii); Md. Code Ann., Real Prop. § 8-212.3(c); Md. Code Ann., Pub. Util. § 7-309(b)(2); COMAR 20.30.02.05",CITED,VERIFIED,2026-10-08,2026-10-08,,[Full trail in lease-clauses.csv notes and lease-clause-decision-log-MD.md.]
edu-no-bed-bug-cooperation-md,LANDLORD_EDUCATION,MD,"Md. Code Ann., Real Prop. § 8-211(d)(3); Md. Code Ann., Real Prop. § 8-221(a)(1); Md. Code Ann., Real Prop. § 8-221(b)(1)(ii); Absence: MD battery A-bedbug-notenancy-pos (MD log §17)",CONFIRMED_ABSENT,VERIFIED,2026-10-08,2026-10-08,,[Full trail in lease-clauses.csv notes and lease-clause-decision-log-MD.md.]
edu-no-cold-weather-vacate-notice-md,LANDLORD_EDUCATION,MD,"Md. Code Ann., Real Prop. § 8-401(f)(2)(i); Absence: MD battery A-cold-weather-vacate-pos (MD log §17)",CONFIRMED_ABSENT,VERIFIED,2026-10-08,2026-10-08,,[Full trail in lease-clauses.csv notes and lease-clause-decision-log-MD.md.]
edu-construction-liens-md,LANDLORD_EDUCATION,MD,"Md. Code Ann., Real Prop. § 9-101(f); Md. Code Ann., Real Prop. § 9-103(c)(2)",CITED,VERIFIED,2026-10-08,2026-10-08,,[Full trail in lease-clauses.csv notes and lease-clause-decision-log-MD.md.]
edu-no-extended-absence-notice-md,LANDLORD_EDUCATION,MD,"Md. Code Ann., Real Prop. § 8-221(b)(2); Absence: MD battery B-extabs-1-absent-days, B-extabs-2-absent-days-notenancy, B-extabs-4-everyday-v2 (MD log §17)",CONFIRMED_ABSENT,VERIFIED,2026-10-08,2026-10-08,,[Full trail in lease-clauses.csv notes and lease-clause-decision-log-MD.md.]
edu-family-child-care-md,LANDLORD_EDUCATION,MD,"Md. Code Ann., Real Prop. § 11-111.1(c)(1); Md. Code Ann., Real Prop. § 11B-111.1; Md. Code Ann., Corps. & Ass'ns § 5-6B-22.1",CITED,VERIFIED,2026-10-08,2026-10-08,,[Full trail in lease-clauses.csv notes and lease-clause-decision-log-MD.md.]
edu-no-home-business-md,LANDLORD_EDUCATION,MD,"Md. Code Ann., Real Prop. § 11-111.1(a)(5); Absence: MD battery B-homebiz-1-tenancy, B-homebiz-2-notenancy (MD log §17)",CONFIRMED_ABSENT,VERIFIED,2026-10-08,2026-10-08,,[Full trail in lease-clauses.csv notes and lease-clause-decision-log-MD.md.]
edu-no-joint-liability-md,LANDLORD_EDUCATION,MD,"Md. Code Ann., Real Prop. § 8-5A-02(e); Absence: MD battery B-joint-1-jointsev-tenancy (MD log §17)",CONFIRMED_ABSENT,VERIFIED,2026-10-08,2026-10-08,,[Full trail in lease-clauses.csv notes and lease-clause-decision-log-MD.md.]
edu-municipal-utility-lien-md,LANDLORD_EDUCATION,MD,"Md. Code Ann., Envir. § 9-726(b)(2); Md. Code Ann., Envir. § 9-949(b); Md. Code Ann., Pub. Util. § 25-504(e); Md. Code Ann., Envir. § 9-724(c)(4); Md. Code Ann., Local Gov't § 16-113; Md. Code Ann., Envir. § 9-1102; Md. Code Ann., Tax-Prop. § 14-849.1",CITED,VERIFIED,2026-10-08,2026-10-08,,[Full trail in lease-clauses.csv notes and lease-clause-decision-log-MD.md.]
edu-occupancy-limits-md,LANDLORD_EDUCATION,MD,"Md. Code Ann., State Gov't § 20-703(2); Md. Code Ann., Pub. Safety § 12-203(b); COMAR 05.02.03; COMAR 05.05.09.06",CITED,VERIFIED,2026-10-08,2026-10-08,,[Full trail in lease-clauses.csv notes and lease-clause-decision-log-MD.md.]
edu-no-prohibited-acts-renter-md,LANDLORD_EDUCATION,MD,"Md. Code Ann., Pub. Safety § 9-106(d); Md. Code Ann., Pub. Safety § 12-1105; Md. Code Ann., Real Prop. § 14-102(a); Absence: MD battery B-tsd-1b-urlta-tenant-duties, B-tsd-2-tenant-shall-tenancy (MD log §17)",CONFIRMED_ABSENT,VERIFIED,2026-10-08,2026-10-08,,[Full trail in lease-clauses.csv notes and lease-clause-decision-log-MD.md.]
edu-no-purpose-limitation-md,LANDLORD_EDUCATION,MD,"Md. Code Ann., Real Prop. § 8-402.1(a)(1)(i); Md. Code Ann., Real Prop. § 8-402.1(b)(1); Absence: MD battery B-ruo-1b-other-purpose, B-ruo-2-residential-purpose (MD log §17)",CONFIRMED_ABSENT,VERIFIED,2026-10-08,2026-10-08,,[Full trail in lease-clauses.csv notes and lease-clause-decision-log-MD.md.]
edu-no-smoking-policy-md,LANDLORD_EDUCATION,MD,"Md. Code Ann., Health-Gen. § 24-505(1); Md. Const. art. XX, § 1; Md. Code Ann., Health-Gen. § 24-501(l); Absence: MD battery B-smk-3-cannabis-housing, B-smk-5b-smokefree-notenancy, B-smk-4b-smoke-nuisance, B-smk-5c-smokefree-tenancy (MD log §17)",CONFIRMED_ABSENT,VERIFIED,2026-10-08,2026-10-08,,[Full trail in lease-clauses.csv notes and lease-clause-decision-log-MD.md.]
edu-sublet-assign-md,LANDLORD_EDUCATION,MD,"Md. Code Ann., Real Prop. § 8-207(c); Md. Code Ann., Real Prop. § 8-207(d)",CITED,VERIFIED,2026-10-08,2026-10-08,,[Full trail in lease-clauses.csv notes and lease-clause-decision-log-MD.md.]
edu-no-tenant-forward-proceedings-md,LANDLORD_EDUCATION,MD,"Md. Code Ann., Real Prop. § 8-104; Absence: MD battery B-tfp-2b-attorn, B-tfp-3-tenant-forward-process (MD log §17)",CONFIRMED_ABSENT,VERIFIED,2026-10-08,2026-10-08,,[Full trail in lease-clauses.csv notes and lease-clause-decision-log-MD.md.]
edu-tenant-repair-limits-md,LANDLORD_EDUCATION,MD,"Md. Code Ann., Real Prop. § 8-113; Md. Code Ann., Real Prop. § 14-102(a); Md. Code Ann., Real Prop. § 8-203(f)(1)(i)",CITED,VERIFIED,2026-10-08,2026-10-08,,[Full trail in lease-clauses.csv notes and lease-clause-decision-log-MD.md.]
edu-no-tenant-statutory-duties-md,LANDLORD_EDUCATION,MD,"Md. Code Ann., Pub. Safety § 9-106(e)(1); Md. Code Ann., Real Prop. § 8-221(f); Md. Code Ann., Envir. § 6-821(a)(2); Absence: MD battery B-tsd-1b-urlta-tenant-duties, B-tsd-2-tenant-shall-tenancy (MD log §17)",CONFIRMED_ABSENT,VERIFIED,2026-10-08,2026-10-08,,[Full trail in lease-clauses.csv notes and lease-clause-decision-log-MD.md.]
edu-no-utility-transfer-md,LANDLORD_EDUCATION,MD,"Md. Code Ann., Real Prop. § 8-216(a)(3)(ii); Absence: MD battery B-ut-2-transfer-cutoff, B-ut-3b-shutoff (MD log §17)",CONFIRMED_ABSENT,VERIFIED,2026-10-08,2026-10-08,,[Full trail in lease-clauses.csv notes and lease-clause-decision-log-MD.md.]
edu-smoke-co-alarm-landlord-md,LANDLORD_EDUCATION,MD,"Md. Code Ann., Pub. Safety § 9-106(c); Md. Code Ann., Pub. Safety § 9-106(e)(2)(iv); Md. Code Ann., Pub. Safety § 12-1104(c); Md. Code Ann., Pub. Safety § 9-104(d)(1)(iii); Md. Code Ann., Pub. Safety § 9-105(b); Md. Code Ann., Pub. Safety § 9-107; Md. Code Ann., Envir. § 6-801(u); Md. Code Ann., Pub. Safety § 9-102(e)",CITED,VERIFIED,2026-10-08,2026-10-08,,[Full trail in lease-clauses.csv notes and lease-clause-decision-log-MD.md.]
edu-no-alarm-tampering-fee-md,LANDLORD_EDUCATION,MD,"Md. Code Ann., Pub. Safety § 9-105(f); Md. Code Ann., Pub. Safety § 9-109(a); Absence: MD battery B-atf-1b-alarm-tamper-fee, B-atf-2-tenant-pay-alarm (MD log §17)",CONFIRMED_ABSENT,VERIFIED,2026-10-08,2026-10-08,,[Full trail in lease-clauses.csv notes and lease-clause-decision-log-MD.md.]
edu-relocation-costs-md,LANDLORD_EDUCATION,MD,"Md. Code Ann., Envir. § 6-821(a)(3); Md. Code Ann., Real Prop. § 8-215(b)(1)(ii); Md. Code Ann., Real Prop. § 8-212(i)(3); Md. Code Ann., Envir. § 6-817(d); Md. Code Ann., Pub. Safety § 12-203(f)(2)",CITED,VERIFIED,2026-10-08,2026-10-08,,[Full trail in lease-clauses.csv notes and lease-clause-decision-log-MD.md.]
edu-no-appliances-excluded-md,LANDLORD_EDUCATION,MD,"Md. Code Ann., Real Prop. § 8-122(b)(2)(ii); Md. Code Ann., Real Prop. § 8-122(a)(2); Md. Code Ann., Real Prop. § 8-122(b)(2); Absence: MD battery B-app-1-appliances-tenancy, B-app-3-presumed-supplied, B-olf-1b-facilities-supplied (MD log §17)",CONFIRMED_ABSENT,VERIFIED,2026-10-08,2026-10-08,,[Full trail in lease-clauses.csv notes and lease-clause-decision-log-MD.md.]
edu-air-conditioning-duty-md,LANDLORD_EDUCATION,MD,"Md. Code Ann., Real Prop. § 8-122(c)(1)",CITED,VERIFIED,2026-10-08,2026-10-08,,[Full trail in lease-clauses.csv notes and lease-clause-decision-log-MD.md.]
edu-balcony-inspection-md,LANDLORD_EDUCATION,MD,"Md. Code Ann., Pub. Safety § 12-203(f)(3)(ii); Md. Code Ann., Pub. Safety § 12-203(f)(4)",CITED,VERIFIED,2026-10-08,2026-10-08,,[Full trail in lease-clauses.csv notes and lease-clause-decision-log-MD.md.]
edu-no-condemned-premises-rent-bar-md,LANDLORD_EDUCATION,MD,"Md. Code Ann., Real Prop. § 8-112; Absence: MD battery B-cond-1-condemned-rent (MD log §17)",CONFIRMED_ABSENT,VERIFIED,2026-10-08,2026-10-08,,[Full trail in lease-clauses.csv notes and lease-clause-decision-log-MD.md.]
edu-no-confirmed-absences-habitability-md,LANDLORD_EDUCATION,MD,"Md. Code Ann., Real Prop. § 8-212.3(b); COMAR 05.02.03; Absence: MD battery B-cah-1-repair-deduct, B-heat-1-temp-standard (MD log §17)",CONFIRMED_ABSENT,VERIFIED,2026-10-08,2026-10-08,,[Full trail in lease-clauses.csv notes and lease-clause-decision-log-MD.md.]
edu-no-designated-repairer-md,LANDLORD_EDUCATION,MD,"Md. Code Ann., Envir. § 6-821(c); Absence: MD battery B-dr-1b-designated-repairer (MD log §17)",CONFIRMED_ABSENT,VERIFIED,2026-10-08,2026-10-08,,[Full trail in lease-clauses.csv notes and lease-clause-decision-log-MD.md.]
edu-disability-accommodation-md,LANDLORD_EDUCATION,MD,"Md. Code Ann., State Gov't § 20-706(b)(3)(ii); Md. Code Ann., State Gov't § 20-706(d)(1)",CITED,VERIFIED,2026-10-08,2026-10-08,,[Full trail in lease-clauses.csv notes and lease-clause-decision-log-MD.md.]
edu-no-double-letting-md,LANDLORD_EDUCATION,MD,"Md. Code Ann., Real Prop. § 8-204(c); Absence: MD battery B-dl-1-double-letting (MD log §17)",CONFIRMED_ABSENT,VERIFIED,2026-10-08,2026-10-08,,[Full trail in lease-clauses.csv notes and lease-clause-decision-log-MD.md.]
edu-no-emergency-contact-md,LANDLORD_EDUCATION,MD,"Md. Code Ann., Real Prop. § 8-210(a)(1); Absence: MD battery B-ec-1b-emergency-contact (MD log §17)",CONFIRMED_ABSENT,VERIFIED,2026-10-08,2026-10-08,,[Full trail in lease-clauses.csv notes and lease-clause-decision-log-MD.md.]
edu-fire-code-standard-md,LANDLORD_EDUCATION,MD,"COMAR 29.06.01.02; Md. Code Ann., Pub. Safety § 6-316(a); COMAR 29.06.01.03",CITED,VERIFIED,2026-10-08,2026-10-08,,[Full trail in lease-clauses.csv notes and lease-clause-decision-log-MD.md.]
edu-no-furnishings-included-md,LANDLORD_EDUCATION,MD,"Md. Code Ann., Real Prop. § 8-203(a)(3); Absence: MD battery B-app-2-furnish (MD log §17)",CONFIRMED_ABSENT,VERIFIED,2026-10-08,2026-10-08,,[Full trail in lease-clauses.csv notes and lease-clause-decision-log-MD.md.]
edu-habitability-serious-defects-md,LANDLORD_EDUCATION,MD,"Md. Code Ann., Real Prop. § 8-211(e)(1); Md. Code Ann., Real Prop. § 8-212(a)",CITED,VERIFIED,2026-10-08,2026-10-08,,[Full trail in lease-clauses.csv notes and lease-clause-decision-log-MD.md.]
edu-rent-escrow-presumptions-md,LANDLORD_EDUCATION,MD,"Md. Code Ann., Real Prop. § 8-211(g)(3)",CITED,VERIFIED,2026-10-08,2026-10-08,,[Full trail in lease-clauses.csv notes and lease-clause-decision-log-MD.md.]
edu-habitability-waiver-md,LANDLORD_EDUCATION,MD,"Md. Code Ann., Real Prop. § 8-208(d)(2); Md. Code Ann., Real Prop. § 8-212(d)",CITED,VERIFIED,2026-10-08,2026-10-08,,[Full trail in lease-clauses.csv notes and lease-clause-decision-log-MD.md.]
edu-heat-obligations-md,LANDLORD_EDUCATION,MD,"Md. Code Ann., Real Prop. § 8-211(d)(1)",CITED,VERIFIED,2026-10-08,2026-10-08,,[Full trail in lease-clauses.csv notes and lease-clause-decision-log-MD.md.]
edu-tenant-remedies-md,LANDLORD_EDUCATION,MD,"Md. Code Ann., Real Prop. § 8-212(g)(1)(i); Md. Code Ann., Real Prop. § 8-211(h); Md. Code Ann., Real Prop. § 8-211(q)",CITED,VERIFIED,2026-10-08,2026-10-08,,[Full trail in lease-clauses.csv notes and lease-clause-decision-log-MD.md.]
edu-no-landlord-self-cure-md,LANDLORD_EDUCATION,MD,"Md. Code Ann., Real Prop. § 8-5A-05; Absence: MD battery B-lsc-2-additional-rent, B-lsc-1-landlord-cure-bill-tenant (MD log §17)",CONFIRMED_ABSENT,VERIFIED,2026-10-08,2026-10-08,,[Full trail in lease-clauses.csv notes and lease-clause-decision-log-MD.md.]
edu-no-other-landlord-facilities-md,LANDLORD_EDUCATION,MD,"Md. Code Ann., Real Prop. § 8-211(a)(1); Md. Code Ann., Real Prop. § 8-105; Absence: MD battery B-olf-1b-facilities-supplied (MD log §17)",CONFIRMED_ABSENT,VERIFIED,2026-10-08,2026-10-08,,[Full trail in lease-clauses.csv notes and lease-clause-decision-log-MD.md.]
edu-nonwaivable-rights-md,LANDLORD_EDUCATION,MD,"Md. Code Ann., Real Prop. § 8-203(l); Md. Code Ann., Real Prop. § 8-603(a); Md. Code Ann., Real Prop. § 8-208(d)(2)",CITED,VERIFIED,2026-10-08,2026-10-08,,[Full trail in lease-clauses.csv notes and lease-clause-decision-log-MD.md.]
edu-community-pool-rules-md,LANDLORD_EDUCATION,MD,COMAR 10.17.01.02; COMAR 10.17.01.17,CITED,VERIFIED,2026-10-08,2026-10-08,,[Full trail in lease-clauses.csv notes and lease-clause-decision-log-MD.md.]
edu-no-promises-to-repair-md,LANDLORD_EDUCATION,MD,"Md. Code Ann., Real Prop. § 8-208(c)(1); Absence: MD battery B-ptr-1-promise-repair-writing (MD log §17)",CONFIRMED_ABSENT,VERIFIED,2026-10-08,2026-10-08,,[Full trail in lease-clauses.csv notes and lease-clause-decision-log-MD.md.]
edu-quiet-enjoyment-md,LANDLORD_EDUCATION,MD,"Md. Code Ann., Real Prop. § 2-115; Md. Code Ann., Real Prop. § 8-204(b)",CITED,VERIFIED,2026-10-08,2026-10-08,,[Full trail in lease-clauses.csv notes and lease-clause-decision-log-MD.md.]
edu-foreclosure-purchaser-rent-md,LANDLORD_EDUCATION,MD,"Md. Code Ann., Real Prop. § 7-105.12(b)",CITED,VERIFIED,2026-10-08,2026-10-08,,[Full trail in lease-clauses.csv notes and lease-clause-decision-log-MD.md.]
edu-rental-licensing-inspection-md,LANDLORD_EDUCATION,MD,"Md. Code Ann., Real Prop. § 8-406(b)(1); Md. Code Ann., Health-Gen. § 3-307(a)(1); Md. Code Ann., Pub. Safety § 12-203(f)(6)",CITED,VERIFIED,2026-10-08,2026-10-08,,[Full trail in lease-clauses.csv notes and lease-clause-decision-log-MD.md.]
edu-no-repair-cost-termination-md,LANDLORD_EDUCATION,MD,"Md. Code Ann., Real Prop. § 8-112; Absence: MD battery B-rct-1-repair-cost-terminate (MD log §17)",CONFIRMED_ABSENT,VERIFIED,2026-10-08,2026-10-08,,[Full trail in lease-clauses.csv notes and lease-clause-decision-log-MD.md.]
edu-repair-notice-md,LANDLORD_EDUCATION,MD,"Md. Code Ann., Real Prop. § 8-211(f)(2); Md. Code Ann., Real Prop. § 8-212(f)(1)(ii); Md. Code Ann., Real Prop. § 8-208(d)(2)",CITED,VERIFIED,2026-10-08,2026-10-08,,[Full trail in lease-clauses.csv notes and lease-clause-decision-log-MD.md.]
edu-no-security-devices-md,LANDLORD_EDUCATION,MD,"Md. Code Ann., Pub. Safety § 12-203(b); Absence: MD battery C-secdev-deadbolt-v2, C-secdev-lock-dwelling (MD log §17)",CONFIRMED_ABSENT,VERIFIED,2026-10-08,2026-10-08,,[Full trail in lease-clauses.csv notes and lease-clause-decision-log-MD.md.]
edu-no-stove-refrigerator-md,LANDLORD_EDUCATION,MD,"Md. Code Ann., Real Prop. § 8-203(f)(1)(i); Md. Code Ann., Pub. Safety § 12-203(e)(3)(i); Absence: MD battery C-stove-fridge-tenancy (MD log §17)",CONFIRMED_ABSENT,VERIFIED,2026-10-08,2026-10-08,,[Full trail in lease-clauses.csv notes and lease-clause-decision-log-MD.md.]
edu-no-substandard-property-receivership-md,LANDLORD_EDUCATION,MD,"Md. Code Ann., Real Prop. § 8-211(n)(1)(iii); Md. Code Ann., Com. Law § 24-103(c); Md. Code Ann., Real Prop. § 14-123; Absence: MD battery C-receivership-housing-v2, C-receivership-nolimb, C-special-administrator (MD log §17)",CONFIRMED_ABSENT,VERIFIED,2026-10-08,2026-10-08,,[Full trail in lease-clauses.csv notes and lease-clause-decision-log-MD.md.]
edu-no-telecom-access-md,LANDLORD_EDUCATION,MD,"Md. Code Ann., Local Gov't § 1-708(a)(2); Absence: MD battery C-telecom-tenancy-v2, C-telecom-nolimb (MD log §17)",CONFIRMED_ABSENT,VERIFIED,2026-10-08,2026-10-08,,[Full trail in lease-clauses.csv notes and lease-clause-decision-log-MD.md.]
edu-tenant-repair-agreement-md,LANDLORD_EDUCATION,MD,"Md. Code Ann., Real Prop. § 8-208(c)(2); Md. Code Ann., Real Prop. § 8-211(d); Md. Code Ann., Real Prop. § 8-113",CITED,VERIFIED,2026-10-08,2026-10-08,,[Full trail in lease-clauses.csv notes and lease-clause-decision-log-MD.md.]
edu-rent-escrow-md,LANDLORD_EDUCATION,MD,"Md. Code Ann., Real Prop. § 8-211(g)(3); Md. Code Ann., Real Prop. § 8-211(d)(3)",CITED,VERIFIED,2026-10-08,2026-10-08,,[Full trail in lease-clauses.csv notes and lease-clause-decision-log-MD.md.]
edu-habitability-warranty-md,LANDLORD_EDUCATION,MD,"Md. Code Ann., Real Prop. § 8-212(e); Md. Code Ann., Real Prop. § 8-212(d)",CITED,VERIFIED,2026-10-08,2026-10-08,,[Full trail in lease-clauses.csv notes and lease-clause-decision-log-MD.md.]
edu-utilities-paid-by-landlord-md,LANDLORD_EDUCATION,MD,"Md. Code Ann., Pub. Util. § 7-309(c); Md. Code Ann., Real Prop. § 8-212.3(c); Md. Code Ann., Real Prop. § 8-401(b)(2)(iii)",CITED,VERIFIED,2026-10-08,2026-10-08,,[Full trail in lease-clauses.csv notes and lease-clause-decision-log-MD.md.]
edu-utility-allowance-cap-md,LANDLORD_EDUCATION,MD,"Md. Code Ann., Pub. Util. § 7-303(d)(2)(iii); Md. Code Ann., Envir. § 9-1115(d)(3)(i); COMAR 20.26.02.02; Md. Code Ann., Real Prop. § 8-205.3(c); Md. Code Ann., Envir. § 9-1115(e)",CITED,VERIFIED,2026-10-08,2026-10-08,,[Full trail in lease-clauses.csv notes and lease-clause-decision-log-MD.md.]
edu-utility-shutoff-rules-md,LANDLORD_EDUCATION,MD,"COMAR 20.31.02.05; COMAR 20.31.03.03; Md. Code Ann., Pub. Util. § 7-307.1(b); COMAR 20.31.03.01",CITED,VERIFIED,2026-10-08,2026-10-08,,[Full trail in lease-clauses.csv notes and lease-clause-decision-log-MD.md.]
edu-midterm-submeter-savings-md,LANDLORD_EDUCATION,MD,"Md. Code Ann., Pub. Util. § 7-303(d)(3)(ii); COMAR 20.25.01.02",CITED,VERIFIED,2026-10-08,2026-10-08,,[Full trail in lease-clauses.csv notes and lease-clause-decision-log-MD.md.]
edu-no-key-control-policy-md,LANDLORD_EDUCATION,MD,"Md. Code Ann., Real Prop. § 8-2A-03; Absence: MD battery C-keycontrol-v2, C-keycontrol-bgcheck-employees (MD log §17)",CONFIRMED_ABSENT,VERIFIED,2026-10-08,2026-10-08,,[Full trail in lease-clauses.csv notes and lease-clause-decision-log-MD.md.]
edu-entry-remedies-md,LANDLORD_EDUCATION,MD,"Md. Code Ann., Real Prop. § 8-221(d)(2); Md. Code Ann., Real Prop. § 8-221(f); Md. Code Ann., Real Prop. § 8-211(l)",CITED,VERIFIED,2026-10-08,2026-10-08,,[Full trail in lease-clauses.csv notes and lease-clause-decision-log-MD.md.]
edu-scheduled-service-entry-md,LANDLORD_EDUCATION,MD,"Md. Code Ann., Real Prop. § 8-221(c)(5); Md. Code Ann., Real Prop. § 8-221(b)(1)(ii)",CITED,VERIFIED,2026-10-08,2026-10-08,,[Full trail in lease-clauses.csv notes and lease-clause-decision-log-MD.md.]
edu-no-smart-access-md,LANDLORD_EDUCATION,MD,"Md. Code Ann., Real Prop. § 8-221(c)(1); Absence: MD battery C-smart-access-tenancy, C-smart-access-nolimb-pos (MD log §17)",CONFIRMED_ABSENT,VERIFIED,2026-10-08,2026-10-08,,[Full trail in lease-clauses.csv notes and lease-clause-decision-log-MD.md.]
edu-abandoned-property-md,LANDLORD_EDUCATION,MD,"Md. Code Ann., Real Prop. § 8-208(d)(6); Md. Code Ann., Real Prop. § 8-407(b)(2)(ix)",CITED,VERIFIED,2026-10-08,2026-10-08,,[Full trail in lease-clauses.csv notes and lease-clause-decision-log-MD.md.]
edu-mitigation-md,LANDLORD_EDUCATION,MD,"Md. Code Ann., Real Prop. § 8-207(d); Md. Code Ann., Real Prop. § 8-203(f)(3)",CITED,VERIFIED,2026-10-08,2026-10-08,,[Full trail in lease-clauses.csv notes and lease-clause-decision-log-MD.md.]
edu-attorney-fees-rent-court-md,LANDLORD_EDUCATION,MD,"Md. Code Ann., Real Prop. § 8-401(e)(2)(v); Md. Code Ann., Real Prop. § 8-401(e)(2)(iv); Md. Code Ann., Real Prop. § 8A-1501(b)(3)",CITED,VERIFIED,2026-10-08,2026-10-08,,[Full trail in lease-clauses.csv notes and lease-clause-decision-log-MD.md.]
edu-casualty-mitigation-nonwaivable-md,LANDLORD_EDUCATION,MD,"Md. Code Ann., Real Prop. § 8-207(d); Md. Code Ann., Real Prop. § 8-208(d)(2)",CITED,VERIFIED,2026-10-08,2026-10-08,,[Full trail in lease-clauses.csv notes and lease-clause-decision-log-MD.md.]
edu-casualty-termination-md,LANDLORD_EDUCATION,MD,"Md. Code Ann., Real Prop. § 8-112; Md. Code Ann., Real Prop. § 8-113",CITED,VERIFIED,2026-10-08,2026-10-08,,[Full trail in lease-clauses.csv notes and lease-clause-decision-log-MD.md.]
edu-condo-coop-conversion-md,LANDLORD_EDUCATION,MD,"Md. Code Ann., Real Prop. § 11-102.1(e); Md. Code Ann., Real Prop. § 11-102.1(h); Md. Code Ann., Corps. & Ass'ns § 5-6B-05(e); Md. Code Ann., Real Prop. § 11-136(h); Md. Code Ann., Real Prop. § 11-137; Md. Code Ann., Real Prop. § 11-140; Md. Code Ann., Corps. & Ass'ns § 5-6B-10",CITED,VERIFIED,2026-10-08,2026-10-08,,[Full trail in lease-clauses.csv notes and lease-clause-decision-log-MD.md.]
edu-senior-facility-conversion-md,LANDLORD_EDUCATION,MD,"Md. Code Ann., Real Prop. § 8-217(b)(1); Md. Code Ann., Real Prop. § 8-217(c)(2)",CITED,VERIFIED,2026-10-08,2026-10-08,,[Full trail in lease-clauses.csv notes and lease-clause-decision-log-MD.md.]
edu-eviction-notices-md,LANDLORD_EDUCATION,MD,"Md. Code Ann., Real Prop. § 8-401(c)(1); Md. Code Ann., Real Prop. § 8-402.1(b)(1); Md. Code Ann., Real Prop. § 8-402(c)(2)(i); Md. Code Ann., Real Prop. § 8-402(c)(3)(ii)",CITED,VERIFIED,2026-10-08,2026-10-08,,[Full trail in lease-clauses.csv notes and lease-clause-decision-log-MD.md.]
edu-no-drug-free-addendum-md,LANDLORD_EDUCATION,MD,"Md. Code Ann., Real Prop. § 8-208(d)(10)(i); Absence: MD battery C-crimefree-v2 (MD log §17)",CONFIRMED_ABSENT,VERIFIED,2026-10-08,2026-10-08,,[Full trail in lease-clauses.csv notes and lease-clause-decision-log-MD.md.]
edu-abuse-eviction-defense-md,LANDLORD_EDUCATION,MD,"Md. Code Ann., Real Prop. § 8-5A-04(b)(1)",CITED,VERIFIED,2026-10-08,2026-10-08,,[Full trail in lease-clauses.csv notes and lease-clause-decision-log-MD.md.]
edu-abuse-lease-termination-md,LANDLORD_EDUCATION,MD,"Md. Code Ann., Real Prop. § 8-5A-02(a); Md. Code Ann., Real Prop. § 8-5A-02(c)(1); Md. Code Ann., Real Prop. § 8-5A-03(b)(3)(ii)",CITED,VERIFIED,2026-10-08,2026-10-08,,[Full trail in lease-clauses.csv notes and lease-clause-decision-log-MD.md.]
edu-abuse-lock-change-md,LANDLORD_EDUCATION,MD,"Md. Code Ann., Real Prop. § 8-5A-05(c)(1); Md. Code Ann., Real Prop. § 8-5A-05(d)(2)",CITED,VERIFIED,2026-10-08,2026-10-08,,[Full trail in lease-clauses.csv notes and lease-clause-decision-log-MD.md.]
edu-abuse-qualifying-documents-md,LANDLORD_EDUCATION,MD,"Md. Code Ann., Real Prop. § 8-5A-01(h)(2)(vii); Md. Code Ann., Real Prop. § 8-5A-05(b)",CITED,VERIFIED,2026-10-08,2026-10-08,,[Full trail in lease-clauses.csv notes and lease-clause-decision-log-MD.md.]
edu-no-eminent-domain-rent-rule-md,LANDLORD_EDUCATION,MD,"Md. Code Ann., Real Prop. § 12-104(c); Absence: MD battery C-eminent-domain-rent-abate-v2, C-eminent-domain-tenancy-v2 (MD log §17)",CONFIRMED_ABSENT,VERIFIED,2026-10-08,2026-10-08,,[Full trail in lease-clauses.csv notes and lease-clause-decision-log-MD.md.]
edu-eviction-stays-md,LANDLORD_EDUCATION,MD,"Md. Code Ann., Real Prop. § 8-401(e)(4); Md. Code Ann., Real Prop. § 8-401(f)(2)(i)",CITED,VERIFIED,2026-10-08,2026-10-08,,[Full trail in lease-clauses.csv notes and lease-clause-decision-log-MD.md.]
edu-warrant-notice-md,LANDLORD_EDUCATION,MD,"Md. Code Ann., Real Prop. § 8-407(b)(3); Md. Code Ann., Real Prop. § 8-407(b)(1)",CITED,VERIFIED,2026-10-08,2026-10-08,,[Full trail in lease-clauses.csv notes and lease-clause-decision-log-MD.md.]
edu-eviction-record-shielding-md,LANDLORD_EDUCATION,MD,"Md. Code Ann., Real Prop. § 8-503(b)(1); Md. Code Ann., Real Prop. § 8-502(e)(2); Md. Code Ann., Real Prop. § 8-503; 2024 Md. Laws ch. 347",CITED,VERIFIED,2026-10-08,2026-10-08,,[Full trail in lease-clauses.csv notes and lease-clause-decision-log-MD.md.]
edu-eviction-service-md,LANDLORD_EDUCATION,MD,"Md. Code Ann., Real Prop. § 8-401(b)(5)(i); Md. Code Ann., Real Prop. § 8-401(b)(5)(ii)",CITED,VERIFIED,2026-10-08,2026-10-08,,[Full trail in lease-clauses.csv notes and lease-clause-decision-log-MD.md.]
edu-no-just-cause-md,LANDLORD_EDUCATION,MD,"Md. Code Ann., Real Prop. § 8A-1101(a); Md. Code Ann., Real Prop. § 8-402(c)(2)(i); Md. Code Ann., Real Prop. § 8-209.1; Absence: MD battery C-justcause-tenancy-v2 (MD log §17)",CONFIRMED_ABSENT,VERIFIED,2026-10-08,2026-10-08,,[Full trail in lease-clauses.csv notes and lease-clause-decision-log-MD.md.]
edu-foreclosure-tenants-md,LANDLORD_EDUCATION,MD,"Md. Code Ann., Real Prop. § 7-105.8(b)(2)(i); Md. Code Ann., Real Prop. § 7-105.12(b); Md. Code Ann., Real Prop. § 8-402(c)(4)",CITED,VERIFIED,2026-10-08,2026-10-08,,[Full trail in lease-clauses.csv notes and lease-clause-decision-log-MD.md.]
edu-no-guarantor-renewal-md,LANDLORD_EDUCATION,MD,"Md. Code Ann., Real Prop. § 8-203(i)(2)(i); Md. Code Ann., Cts. & Jud. Proc. § 5-901(1); Absence: MD battery C-guarantor-tenancy, C-guarantor-nolimb, S-SCN-guaranty-writing (MD log §17)",CONFIRMED_ABSENT,VERIFIED,2026-10-08,2026-10-08,,[Full trail in lease-clauses.csv notes and lease-clause-decision-log-MD.md.]
edu-no-exemption-waiver-md,LANDLORD_EDUCATION,MD,"Md. Code Ann., Cts. & Jud. Proc. § 11-504(d); Md. Code Ann., Real Prop. § 8-208(d)(1)",CITED,VERIFIED,2026-10-08,2026-10-08,,[Full trail in lease-clauses.csv notes and lease-clause-decision-log-MD.md.]
edu-medical-termination-md,LANDLORD_EDUCATION,MD,"Md. Code Ann., Real Prop. § 8-212.2(c); Md. Code Ann., Real Prop. § 8-212.2(b)(1)",CITED,VERIFIED,2026-10-08,2026-10-08,,[Full trail in lease-clauses.csv notes and lease-clause-decision-log-MD.md.]
edu-no-lease-lien-md,LANDLORD_EDUCATION,MD,"Md. Code Ann., Real Prop. § 8-208(d)(6); Md. Code Ann., Real Prop. § 8-216(b)(1)",CITED,VERIFIED,2026-10-08,2026-10-08,,[Full trail in lease-clauses.csv notes and lease-clause-decision-log-MD.md.]
edu-distress-for-rent-md,LANDLORD_EDUCATION,MD,"Md. Code Ann., Real Prop. § 8-302(c); Md. Code Ann., Real Prop. § 8-309(a)",CITED,VERIFIED,2026-10-08,2026-10-08,,[Full trail in lease-clauses.csv notes and lease-clause-decision-log-MD.md.]
edu-rent-and-damages-judgments-md,LANDLORD_EDUCATION,MD,"Md. Code Ann., Real Prop. § 8-402.1(d)(1); Md. Code Ann., Real Prop. § 8-402(a)(3)(i)",CITED,VERIFIED,2026-10-08,2026-10-08,,[Full trail in lease-clauses.csv notes and lease-clause-decision-log-MD.md.]
edu-deposit-not-liquidated-damages-md,LANDLORD_EDUCATION,MD,"Md. Code Ann., Real Prop. § 8-203(f)(2); Md. Code Ann., Real Prop. § 8-212.2(b)(2); Md. Code Ann., Real Prop. § 8-208(d)(3)",CITED,VERIFIED,2026-10-08,2026-10-08,,[Full trail in lease-clauses.csv notes and lease-clause-decision-log-MD.md.]
edu-no-minor-tenant-filing-md,LANDLORD_EDUCATION,MD,"Md. Code Ann., Real Prop. § 8-401(b)(2)(ii); Absence: MD battery D-minor-tenant-A, D-minor-tenant-B (MD log §17)",CONFIRMED_ABSENT,VERIFIED,2026-10-08,2026-10-08,,[Full trail in lease-clauses.csv notes and lease-clause-decision-log-MD.md.]
edu-nonpayment-notice-md,LANDLORD_EDUCATION,MD,"Md. Code Ann., Real Prop. § 8-401(c)(1); Md. Code Ann., Real Prop. § 8-401(c)(2)(i); Md. Code Ann., Real Prop. § 8-208(d)(2); Md. Code Ann., Real Prop. § 8-407(b)(3); 2025 Md. Laws ch. 563",CITED,VERIFIED,2026-10-08,2026-10-08,,[Full trail in lease-clauses.csv notes and lease-clause-decision-log-MD.md.]
edu-notice-to-quit-waiver-md,LANDLORD_EDUCATION,MD,"Md. Code Ann., Real Prop. § 8-208(d)(5); Md. Code Ann., Real Prop. § 8-501; Md. Code Ann., Real Prop. § 8-208(g)(2)",CITED,VERIFIED,2026-10-08,2026-10-08,,[Full trail in lease-clauses.csv notes and lease-clause-decision-log-MD.md.]
edu-drug-nuisance-actions-md,LANDLORD_EDUCATION,MD,"Md. Code Ann., Real Prop. § 14-120(g)(2)(i); Md. Code Ann., Real Prop. § 14-120(c); Md. Code Ann., Real Prop. § 14-123; Md. Code Ann., Real Prop. § 14-124; Md. Code Ann., Real Prop. § 14-125; Md. Code Ann., Real Prop. § 14-125.1; Md. Code Ann., Real Prop. § 14-125.2",CITED,VERIFIED,2026-10-08,2026-10-08,,[Full trail in lease-clauses.csv notes and lease-clause-decision-log-MD.md.]
edu-no-owner-move-in-reservation-md,LANDLORD_EDUCATION,MD,"Md. Code Ann., Real Prop. § 8-402(b)(1)(iii); Absence: MD battery D-owner-occupy, D-just-cause-2 (MD log §17)",CONFIRMED_ABSENT,VERIFIED,2026-10-08,2026-10-08,,[Full trail in lease-clauses.csv notes and lease-clause-decision-log-MD.md.]
edu-possession-delay-md,LANDLORD_EDUCATION,MD,"Md. Code Ann., Real Prop. § 8-204(c); Md. Code Ann., Real Prop. § 8-204(d); Md. Code Ann., Real Prop. § 8-212(i)(3)",CITED,VERIFIED,2026-10-08,2026-10-08,,[Full trail in lease-clauses.csv notes and lease-clause-decision-log-MD.md.]
edu-eviction-belongings-md,LANDLORD_EDUCATION,MD,"Md. Code Ann., Real Prop. § 8-407(b)(2)(ix); Md. Code Ann., Real Prop. § 8-208(d)(6); Md. Code Ann., Real Prop. § 8-407(e)",CITED,VERIFIED,2026-10-08,2026-10-08,,[Full trail in lease-clauses.csv notes and lease-clause-decision-log-MD.md.]
edu-eviction-pets-md,LANDLORD_EDUCATION,MD,"Md. Code Ann., Real Prop. § 14-806(b); Md. Code Ann., Real Prop. § 14-801(d)",CITED,VERIFIED,2026-10-08,2026-10-08,,[Full trail in lease-clauses.csv notes and lease-clause-decision-log-MD.md.]
edu-trespass-after-eviction-md,LANDLORD_EDUCATION,MD,"Md. Code Ann., Real Prop. § 14-114; Md. Code Ann., Crim. Law § 6-403(b)",CITED,VERIFIED,2026-10-08,2026-10-08,,[Full trail in lease-clauses.csv notes and lease-clause-decision-log-MD.md.]
edu-redemption-md,LANDLORD_EDUCATION,MD,"Md. Code Ann., Real Prop. § 8-401(h)(1); Md. Code Ann., Real Prop. § 8-401(h)(3); Md. Code Ann., Real Prop. § 8-407(b)(2)(vii)",CITED,VERIFIED,2026-10-08,2026-10-08,,[Full trail in lease-clauses.csv notes and lease-clause-decision-log-MD.md.]
edu-rent-into-court-md,LANDLORD_EDUCATION,MD,"Md. Code Ann., Real Prop. § 8-118(a); Md. Code Ann., Real Prop. § 8-211(k)(2); Md. Code Ann., Real Prop. § 8-212(e); Md. Code Ann., Real Prop. § 8-211.1(a); Md. Code Ann., Real Prop. § 8-403(a); Md. Code Ann., Real Prop. § 8-401(e)(1)",CITED,VERIFIED,2026-10-08,2026-10-08,,[Full trail in lease-clauses.csv notes and lease-clause-decision-log-MD.md.]
edu-no-rental-application-accuracy-md,LANDLORD_EDUCATION,MD,"Md. Code Ann., Real Prop. § 8-402.1(a)(1)(i); Md. Code Ann., Real Prop. § 8-402.1(b)(1); Md. Code Ann., Real Prop. § 8-218(f); Md. Code Ann., Real Prop. § 8A-1101(a)(2)(i); Absence: MD battery D-application-falsity, D-fraud-termination-v2 (MD log §17)",CONFIRMED_ABSENT,VERIFIED,2026-10-08,2026-10-08,,[Full trail in lease-clauses.csv notes and lease-clause-decision-log-MD.md.]
edu-retaliation-md,LANDLORD_EDUCATION,MD,"Md. Code Ann., Real Prop. § 8-208.1(c)(1); Md. Code Ann., Real Prop. § 8-208.1(e); Md. Code Ann., Real Prop. § 8-206; Md. Code Ann., Real Prop. § 8-208.1(g); Md. Code Ann., Real Prop. § 8-206(b)",CITED,VERIFIED,2026-10-08,2026-10-08,,[Full trail in lease-clauses.csv notes and lease-clause-decision-log-MD.md.]
edu-self-help-eviction-md,LANDLORD_EDUCATION,MD,"Md. Code Ann., Real Prop. § 8-216(b)(1); Md. Code Ann., Real Prop. § 8-216(c)(1)",CITED,VERIFIED,2026-10-08,2026-10-08,,[Full trail in lease-clauses.csv notes and lease-clause-decision-log-MD.md.]
edu-servicemember-termination-md,LANDLORD_EDUCATION,MD,"Md. Code Ann., Real Prop. § 8-212.1(b)(1); Md. Code Ann., Real Prop. § 8-212.1(a)(3)(ii); 2026 Md. Laws ch. 494; Md. Code Ann., State Gov't § 9-901(d); Md. Code Ann., Gen. Provis. § 1-101.2",CITED,VERIFIED,2026-10-08,2026-10-08,,[Full trail in lease-clauses.csv notes and lease-clause-decision-log-MD.md.]
edu-servicemember-protections-md,LANDLORD_EDUCATION,MD,"Md. Code Ann., State Gov't § 20-705(a)(1); Md. Code Ann., Pub. Safety § 13-704(b)(2); Md. Code Ann., Com. Law § 13-301(14)(xxxiv)",CITED,VERIFIED,2026-10-08,2026-10-08,,[Full trail in lease-clauses.csv notes and lease-clause-decision-log-MD.md.]
edu-no-social-security-defense-md,LANDLORD_EDUCATION,MD,"Md. Code Ann., Real Prop. § 8-401(d)(2)(iii); Md. Code Ann., Real Prop. § 8-401(h)(2); Absence: MD battery D-social-security-E (MD log §17)",CONFIRMED_ABSENT,VERIFIED,2026-10-08,2026-10-08,,[Full trail in lease-clauses.csv notes and lease-clause-decision-log-MD.md.]
edu-no-landlord-fraud-termination-md,LANDLORD_EDUCATION,MD,"Md. Code Ann., Real Prop. § 8-203(f)(1)(vii); Md. Code Ann., Real Prop. § 8-208(e)(2); Md. Code Ann., Real Prop. § 8-205(a)(2); Absence: MD battery D-fraud-termination-v2, D-omitted-statement-forfeit (MD log §17)",CONFIRMED_ABSENT,VERIFIED,2026-10-08,2026-10-08,,[Full trail in lease-clauses.csv notes and lease-clause-decision-log-MD.md.]
edu-no-subsidized-inspection-refusal-md,LANDLORD_EDUCATION,MD,"Md. Code Ann., Hous. & Cmty. Dev. § 4-2911(a)(2); Md. Code Ann., State Gov't § 20-704(a)(2)(ii); Md. Code Ann., State Gov't § 20-704(d)(1); Md. Code Ann., State Gov't § 20-705.1(b); Md. Code Ann., State Gov't § 20-704(a)(1); Absence: MD battery D-subsidy-inspection (MD log §17)",CONFIRMED_ABSENT,VERIFIED,2026-10-08,2026-10-08,,[Full trail in lease-clauses.csv notes and lease-clause-decision-log-MD.md.]
edu-end-of-term-notice-md,LANDLORD_EDUCATION,MD,"Md. Code Ann., Real Prop. § 8-402(c)(1); Md. Code Ann., Real Prop. § 8-402(d)",CITED,VERIFIED,2026-10-08,2026-10-08,,[Full trail in lease-clauses.csv notes and lease-clause-decision-log-MD.md.]
edu-tenancy-at-will-md,LANDLORD_EDUCATION,MD,"Md. Code Ann., Real Prop. § 5-101; Md. Code Ann., Real Prop. § 5-102; Md. Code Ann., Real Prop. § 8-402(b)(1)(i)",CITED,VERIFIED,2026-10-08,2026-10-08,,[Full trail in lease-clauses.csv notes and lease-clause-decision-log-MD.md.]
edu-tenant-caused-damage-md,LANDLORD_EDUCATION,MD,"Md. Code Ann., Real Prop. § 8-203(f)(1)(i); Md. Code Ann., Real Prop. § 8-211(l); Md. Code Ann., Real Prop. § 8-105",CITED,VERIFIED,2026-10-08,2026-10-08,,[Full trail in lease-clauses.csv notes and lease-clause-decision-log-MD.md.]
edu-no-tenant-death-md,LANDLORD_EDUCATION,MD,"Md. Code Ann., Real Prop. § 8-405(a); Md. Code Ann., Real Prop. § 8-405(c); Absence: MD battery D-tenant-death, D-contact-person-2 (MD log §17)",CONFIRMED_ABSENT,VERIFIED,2026-10-08,2026-10-08,,[Full trail in lease-clauses.csv notes and lease-clause-decision-log-MD.md.]
edu-termination-notice-periods-md,LANDLORD_EDUCATION,MD,"Md. Code Ann., Real Prop. § 8-402(c)(2)(i); Md. Code Ann., Real Prop. § 8-402(c)(2)(iv); Md. Code Ann., Real Prop. § 8-402(c)(4)(i)",CITED,VERIFIED,2026-10-08,2026-10-08,,[Full trail in lease-clauses.csv notes and lease-clause-decision-log-MD.md.]
edu-wrongful-detainer-md,LANDLORD_EDUCATION,MD,"Md. Code Ann., Real Prop. § 14-132(d)(2)(ii); Md. Code Ann., Real Prop. § 14-132(e); Md. Code Ann., Real Prop. § 14-132(b)(2); 2025 Md. Laws ch. 188; Md. Code Ann., Real Prop. § 14-132",CITED,VERIFIED,2026-10-08,2026-10-08,,[Full trail in lease-clauses.csv notes and lease-clause-decision-log-MD.md.]
edu-accessory-dwelling-unit-md,LANDLORD_EDUCATION,MD,"Md. Code Ann., Real Prop. § 2-126(b)(1)",CITED,VERIFIED,2026-10-08,2026-10-08,,[Full trail in lease-clauses.csv notes and lease-clause-decision-log-MD.md.]
edu-no-addendum-precedence-md,LANDLORD_EDUCATION,MD,"Md. Code Ann., Real Prop. § 8-208(c)(4); Md. Code Ann., Real Prop. § 8-208(d)(2); Absence: MD battery D-conflict-prevail-T-v2 (MD log §17)",CONFIRMED_ABSENT,VERIFIED,2026-10-08,2026-10-08,,[Full trail in lease-clauses.csv notes and lease-clause-decision-log-MD.md.]
edu-no-adverse-proceeding-notice-md,LANDLORD_EDUCATION,MD,"Md. Code Ann., Real Prop. § 7-105.12(b); Md. Code Ann., Real Prop. § 7-105.11(b)(1); Absence: MD battery D-adverse-proceeding (MD log §17)",CONFIRMED_ABSENT,VERIFIED,2026-10-08,2026-10-08,,[Full trail in lease-clauses.csv notes and lease-clause-decision-log-MD.md.]
edu-rental-license-in-eviction-md,LANDLORD_EDUCATION,MD,"Md. Code Ann., Real Prop. § 8-406(a)(1); Md. Code Ann., Real Prop. § 8-406(c)(3)",CITED,VERIFIED,2026-10-08,2026-10-08,,[Full trail in lease-clauses.csv notes and lease-clause-decision-log-MD.md.]
edu-no-disaster-displaced-guests-md,LANDLORD_EDUCATION,MD,"Md. Code Ann., State Gov't § 20-705(a)(6); Absence: MD battery D-disaster-guests-B-v2 (MD log §17)",CONFIRMED_ABSENT,VERIFIED,2026-10-08,2026-10-08,,[Full trail in lease-clauses.csv notes and lease-clause-decision-log-MD.md.]
edu-abuse-confidentiality-md,LANDLORD_EDUCATION,MD,"Md. Code Ann., Real Prop. § 8-5A-06; Md. Code Ann., Real Prop. § 8-5A-06(1)",CITED,VERIFIED,2026-10-08,2026-10-08,,[Full trail in lease-clauses.csv notes and lease-clause-decision-log-MD.md.]
edu-emergency-assistance-right-md,LANDLORD_EDUCATION,MD,"Md. Code Ann., Real Prop. § 8-208(d)(10)(i); Md. Code Ann., Real Prop. § 8-208.1(a)(2)(iv); Md. Code Ann., Real Prop. § 14-126(c)(1)(i)",CITED,VERIFIED,2026-10-08,2026-10-08,,[Full trail in lease-clauses.csv notes and lease-clause-decision-log-MD.md.]
edu-no-entire-agreement-md,LANDLORD_EDUCATION,MD,"Md. Code Ann., Real Prop. § 8-208.4(d)(2)(i); Absence: MD battery D-amend-by-notice-B-v2 (MD log §17)",CONFIRMED_ABSENT,VERIFIED,2026-10-08,2026-10-08,,[Full trail in lease-clauses.csv notes and lease-clause-decision-log-MD.md.]
edu-no-governing-law-md,LANDLORD_EDUCATION,MD,"Md. Code Ann., Real Prop. § 8-401(b)(2); Md. Code Ann., Real Prop. § 8-208(g)(1); Absence: MD battery D-governing-law (MD log §17)",CONFIRMED_ABSENT,VERIFIED,2026-10-08,2026-10-08,,[Full trail in lease-clauses.csv notes and lease-clause-decision-log-MD.md.]
edu-no-informal-dispute-resolution-md,LANDLORD_EDUCATION,MD,"Md. Code Ann., Real Prop. § 8-208(d)(2); Md. Code Ann., Real Prop. § 8-208(g)(2); Absence: MD battery D-informal-dispute-v2 (MD log §17)",CONFIRMED_ABSENT,VERIFIED,2026-10-08,2026-10-08,,[Full trail in lease-clauses.csv notes and lease-clause-decision-log-MD.md.]
edu-no-landlord-liability-insurance-md,LANDLORD_EDUCATION,MD,"Md. Code Ann., Envir. § 6-811(b)(4); Absence: MD battery D-landlord-liability-insurance (MD log §17)",CONFIRMED_ABSENT,VERIFIED,2026-10-08,2026-10-08,,[Full trail in lease-clauses.csv notes and lease-clause-decision-log-MD.md.]
edu-no-law-enforcement-cooperation-md,LANDLORD_EDUCATION,MD,"Md. Code Ann., Real Prop. § 8-402.1(a)(1)(i); Md. Code Ann., Real Prop. § 8-208(d)(10)(i); Absence: MD battery D-crime-free-B-v2 (MD log §17)",CONFIRMED_ABSENT,VERIFIED,2026-10-08,2026-10-08,,[Full trail in lease-clauses.csv notes and lease-clause-decision-log-MD.md.]
edu-proposed-lease-copy-md,LANDLORD_EDUCATION,MD,"Md. Code Ann., Real Prop. § 8-208(b)",CITED,VERIFIED,2026-10-08,2026-10-08,,[Full trail in lease-clauses.csv notes and lease-clause-decision-log-MD.md.]
edu-no-lease-copy-md,LANDLORD_EDUCATION,MD,"Md. Code Ann., Real Prop. § 8-203(c)(2); Md. Code Ann., Real Prop. § 8-208(c)(4); Absence: MD battery D-lease-copy (MD log §17)",CONFIRMED_ABSENT,VERIFIED,2026-10-08,2026-10-08,,[Full trail in lease-clauses.csv notes and lease-clause-decision-log-MD.md.]
edu-no-nonresident-owner-agent-md,LANDLORD_EDUCATION,MD,"Md. Code Ann., Real Prop. § 8-210(a)(2)(iii); Md. Code Ann., Envir. § 6-811(b)(5); Absence: MD battery D-nonresident-agent (MD log §17)",CONFIRMED_ABSENT,VERIFIED,2026-10-08,2026-10-08,,[Full trail in lease-clauses.csv notes and lease-clause-decision-log-MD.md.]
edu-notice-delivery-methods-md,LANDLORD_EDUCATION,MD,"Md. Code Ann., Real Prop. § 8-209(b)(2)(iii); Md. Code Ann., Real Prop. § 8-208(d)(9); Md. Code Ann., Real Prop. § 8-407(b)(1)(ii)",CITED,VERIFIED,2026-10-08,2026-10-08,,[Full trail in lease-clauses.csv notes and lease-clause-decision-log-MD.md.]
edu-ueta-eviction-notice-exclusion-md,LANDLORD_EDUCATION,MD,"Md. Code Ann., Com. Law § 21-102(b)(4)(ii); Md. Code Ann., Com. Law § 21-104(b)(3); Md. Code Ann., Com. Law § 21-104(c)(2)",CITED,VERIFIED,2026-10-08,2026-10-08,,[Full trail in lease-clauses.csv notes and lease-clause-decision-log-MD.md.]
edu-no-notice-to-vacate-additional-terms-md,LANDLORD_EDUCATION,MD,"Md. Code Ann., Real Prop. § 8-402(c)(2); Md. Code Ann., Real Prop. § 7-105.8(b)(4)(v); Absence: MD battery D-notice-to-vacate-contents-v2 (MD log §17)",CONFIRMED_ABSENT,VERIFIED,2026-10-08,2026-10-08,,[Full trail in lease-clauses.csv notes and lease-clause-decision-log-MD.md.]
edu-no-plain-language-consumer-statement-md,LANDLORD_EDUCATION,MD,"Md. Code Ann., Real Prop. § 8-208(e)(1); Absence: MD battery D-plain-language-v2, D-plain-language-B (MD log §17)",CONFIRMED_ABSENT,VERIFIED,2026-10-08,2026-10-08,,[Full trail in lease-clauses.csv notes and lease-clause-decision-log-MD.md.]
edu-portfolio-thresholds-md,LANDLORD_EDUCATION,MD,"Md. Code Ann., Real Prop. § 8-2A-02(a); Md. Code Ann., Real Prop. § 8-208.4(b); Md. Code Ann., Real Prop. § 8-205.1(b)(1); Md. Code Ann., Real Prop. § 8-213(c); Md. Code Ann., Real Prop. § 8-122(a)(1); Md. Code Ann., Real Prop. § 8-212.4(a)(3)(i); Md. Code Ann., Real Prop. § 8-402(c)(4); Md. Code Ann., Real Prop. § 8-214(a)",CITED,VERIFIED,2026-10-08,2026-10-08,,[Full trail in lease-clauses.csv notes and lease-clause-decision-log-MD.md.]
edu-no-rent-receipt-anti-waiver-md,LANDLORD_EDUCATION,MD,"Md. Code Ann., Real Prop. § 8-212(c); Md. Code Ann., Real Prop. § 8-101; Absence: MD battery D-rent-receipt-duty-split-v2 (MD log §17)",CONFIRMED_ABSENT,VERIFIED,2026-10-08,2026-10-08,,[Full trail in lease-clauses.csv notes and lease-clause-decision-log-MD.md.]
edu-no-renters-insurance-rules-md,LANDLORD_EDUCATION,MD,"Md. Code Ann., Real Prop. § 8-210(c)(2)(v); Md. Code Ann., Real Prop. § 8-208(d)(11); Absence: MD battery D-renters-insurance (MD log §17)",CONFIRMED_ABSENT,VERIFIED,2026-10-08,2026-10-08,,[Full trail in lease-clauses.csv notes and lease-clause-decision-log-MD.md.]
edu-foreclosure-receivership-tenancies-md,LANDLORD_EDUCATION,MD,"Md. Code Ann., Real Prop. § 7-105.8(b)(2)(i); Md. Code Ann., Com. Law § 24-305(i)(1); Md. Code Ann., Com. Law § 24-304(c)(3)(ii)",CITED,VERIFIED,2026-10-08,2026-10-08,,[Full trail in lease-clauses.csv notes and lease-clause-decision-log-MD.md.]
edu-scope-md,LANDLORD_EDUCATION,MD,"Md. Code Ann., Real Prop. § 8-201(a); Md. Code Ann., Real Prop. § 8-201(b); Md. Code Ann., Real Prop. § 8-211(c)(2); Md. Code Ann., Real Prop. § 8-208(f); Md. Code Ann., Real Prop. § 8-206; Md. Code Ann., Real Prop. § 8-210(b); Md. Code Ann., Real Prop. § 8-214; Md. Code Ann., Real Prop. § 8-121; Md. Code Ann., Real Prop. § 8-205(a); Md. Code Ann., Real Prop. § 8-1002",CITED,VERIFIED,2026-10-08,2026-10-08,,[Full trail in lease-clauses.csv notes and lease-clause-decision-log-MD.md.]
edu-no-severability-md,LANDLORD_EDUCATION,MD,"Md. Code Ann., Real Prop. § 8-208(g)(1); Md. Code Ann., Real Prop. § 8-208(g)(2); Absence: MD battery D-severability (MD log §17)",CONFIRMED_ABSENT,VERIFIED,2026-10-08,2026-10-08,,[Full trail in lease-clauses.csv notes and lease-clause-decision-log-MD.md.]
edu-lease-writing-thresholds-md,LANDLORD_EDUCATION,MD,"Md. Code Ann., Real Prop. § 5-101; Md. Code Ann., Real Prop. § 5-102; Md. Code Ann., Real Prop. § 3-101(a); Md. Code Ann., Real Prop. § 3-101(c); Md. Code Ann., Real Prop. § 3-101(e); Md. Code Ann., Real Prop. § 8-208(a)(1)",CITED,VERIFIED,2026-10-08,2026-10-08,,[Full trail in lease-clauses.csv notes and lease-clause-decision-log-MD.md.]
edu-lease-option-statements-md,LANDLORD_EDUCATION,MD,"Md. Code Ann., Real Prop. § 8-202(a); Md. Code Ann., Real Prop. § 8-202(b)(1)(i); Md. Code Ann., Real Prop. § 8-202(b)(1)(ii); Md. Code Ann., Real Prop. § 8-202(b)(2); Md. Code Ann., Real Prop. § 8-202(c)",CITED,VERIFIED,2026-10-08,2026-10-08,,[Full trail in lease-clauses.csv notes and lease-clause-decision-log-MD.md.]
edu-no-tenant-insurance-claims-md,LANDLORD_EDUCATION,MD,"Md. Code Ann., Real Prop. § 8-105; Absence: MD battery E-renters-insurance2, E-renters-insurance-notenancy2 (MD log §17)",CONFIRMED_ABSENT,VERIFIED,2026-10-08,2026-10-08,,[Full trail in lease-clauses.csv notes and lease-clause-decision-log-MD.md.]
edu-tenant-portal-md,LANDLORD_EDUCATION,MD,"Md. Code Ann., Com. Law § 21-104(b)(3); Md. Code Ann., Com. Law § 21-104(b)(4); Md. Code Ann., Com. Law § 21-104(c)(1); Md. Code Ann., Real Prop. § 8-209(b)(2)(iii); Md. Code Ann., Real Prop. § 8-208(d)(9); Md. Code Ann., Real Prop. § 8-221(c)(3)(iii)",CITED,VERIFIED,2026-10-08,2026-10-08,,[Full trail in lease-clauses.csv notes and lease-clause-decision-log-MD.md.]
edu-no-tenants-property-insurance-md,LANDLORD_EDUCATION,MD,"Md. Code Ann., Real Prop. § 8-105; Md. Code Ann., Real Prop. § 8-208(d)(2); Md. Code Ann., Real Prop. § 8-211(d); Absence: MD battery E-renters-insurance2, E-renters-insurance-notenancy2 (MD log §17)",CONFIRMED_ABSENT,VERIFIED,2026-10-08,2026-10-08,,[Full trail in lease-clauses.csv notes and lease-clause-decision-log-MD.md.]
edu-no-tpa-sunset-md,LANDLORD_EDUCATION,MD,"Md. Code Ann., Real Prop. § 8-907; 2024 Md. Laws ch. 312; Absence: MD battery E-sunset-markers (MD log §17)",CONFIRMED_ABSENT,VERIFIED,2026-10-08,2026-10-08,,[Full trail in lease-clauses.csv notes and lease-clause-decision-log-MD.md.]
edu-no-translation-duty-md,LANDLORD_EDUCATION,MD,"Md. Code Ann., Real Prop. § 8-202(b)(1)(i); Absence: MD battery E-translation-notenancy, E-type-size-lease (MD log §17)",CONFIRMED_ABSENT,VERIFIED,2026-10-08,2026-10-08,,[Full trail in lease-clauses.csv notes and lease-clause-decision-log-MD.md.]
edu-service-animal-housing-md,LANDLORD_EDUCATION,MD,"Md. Code Ann., Hum. Servs. § 7-701(g); Md. Code Ann., Hum. Servs. § 7-704(c)(3); Md. Code Ann., Hum. Servs. § 7-704(c)(4); Md. Code Ann., Hum. Servs. § 7-704(c)(1)",CITED,VERIFIED,2026-10-08,2026-10-08,,[Full trail in lease-clauses.csv notes and lease-clause-decision-log-MD.md.]
edu-service-dog-fair-housing-md,LANDLORD_EDUCATION,MD,"Md. Code Ann., State Gov't § 20-706(d)(1); Md. Code Ann., State Gov't § 20-706(d)(2); Md. Code Ann., State Gov't § 20-706(a)(3)(ii); Md. Code Ann., State Gov't § 20-706(b)(4); Md. Code Ann., State Gov't § 20-706(b); Md. Code Ann., State Gov't § 20-703; Md. Code Ann., State Gov't § 20-704",CITED,VERIFIED,2026-10-08,2026-10-08,,[Full trail in lease-clauses.csv notes and lease-clause-decision-log-MD.md.]
edu-pet-deposit-cap-md,LANDLORD_EDUCATION,MD,"Md. Code Ann., Real Prop. § 8-203(a)(3); Md. Code Ann., Real Prop. § 8-203(b)(1); Md. Code Ann., Real Prop. § 8-203(b)(3); Md. Code Ann., Real Prop. § 8-210(c)(2)(ii)",CITED,VERIFIED,2026-10-08,2026-10-08,,[Full trail in lease-clauses.csv notes and lease-clause-decision-log-MD.md.]
edu-upfront-pet-fees-md,LANDLORD_EDUCATION,MD,"Md. Code Ann., Real Prop. § 8-210(c)(2)(ii); Md. Code Ann., Real Prop. § 8-208(d)(11); Md. Code Ann., State Gov't § 20-706(d)(2)",CITED,VERIFIED,2026-10-08,2026-10-08,,[Full trail in lease-clauses.csv notes and lease-clause-decision-log-MD.md.]
edu-pet-liability-insurance-md,LANDLORD_EDUCATION,MD,"Md. Code Ann., Real Prop. § 8-210(c)(2)(v); Md. Code Ann., Ins. § 19-206.1(b)(2); Md. Code Ann., Hum. Servs. § 7-704(c)(4)",CITED,VERIFIED,2026-10-08,2026-10-08,,[Full trail in lease-clauses.csv notes and lease-clause-decision-log-MD.md.]
edu-pet-policy-disclosure-md,LANDLORD_EDUCATION,MD,"Md. Code Ann., Real Prop. § 8-210(c)(1)(i); Md. Code Ann., Real Prop. § 8-210(c)(1)(ii); Md. Code Ann., Real Prop. § 8-210(c)(2)(vi)",CITED,VERIFIED,2026-10-08,2026-10-08,,[Full trail in lease-clauses.csv notes and lease-clause-decision-log-MD.md.]
edu-montgomery-elderly-pets-md,LANDLORD_EDUCATION,MD,"Md. Code Ann., Real Prop. § 8-214(b); Md. Code Ann., Real Prop. § 8-214(a)(3); Md. Code Ann., Real Prop. § 8-214(c)",CITED,VERIFIED,2026-10-08,2026-10-08,,[Full trail in lease-clauses.csv notes and lease-clause-decision-log-MD.md.]
edu-pet-self-help-md,LANDLORD_EDUCATION,MD,"Md. Code Ann., Real Prop. § 8-208(d)(6); Md. Code Ann., Real Prop. § 8-216(b)(2); Md. Code Ann., Real Prop. § 14-806(a)(1)(i); Md. Code Ann., Real Prop. § 14-801(d)",CITED,VERIFIED,2026-10-08,2026-10-08,,[Full trail in lease-clauses.csv notes and lease-clause-decision-log-MD.md.]
edu-service-animal-denial-penalty-md,LANDLORD_EDUCATION,MD,"Md. Code Ann., Hum. Servs. § 7-707(a)(1); Md. Code Ann., Hum. Servs. § 7-707(a)(2); Md. Code Ann., Hum. Servs. § 7-705(a)(3); Md. Code Ann., Crim. Law § 10-626(c)(2)",CITED,VERIFIED,2026-10-08,2026-10-08,,[Full trail in lease-clauses.csv notes and lease-clause-decision-log-MD.md.]
edu-no-service-animal-misrepresentation-md,LANDLORD_EDUCATION,MD,"Md. Code Ann., State Gov't § 20-706(a)(3)(i); Absence: MD battery E-service-animal-misrep, E-esa-terms (MD log §17)",CONFIRMED_ABSENT,VERIFIED,2026-10-08,2026-10-08,,[Full trail in lease-clauses.csv notes and lease-clause-decision-log-MD.md.]
edu-no-assigned-parking-space-md,LANDLORD_EDUCATION,MD,"Md. Code Ann., Transp. § 21-10A-01(b)(1); Absence: MD battery E-parking-tenancy (MD log §17)",CONFIRMED_ABSENT,VERIFIED,2026-10-08,2026-10-08,,[Full trail in lease-clauses.csv notes and lease-clause-decision-log-MD.md.]
edu-no-ev-charging-md,LANDLORD_EDUCATION,MD,"Md. Code Ann., Real Prop. § 11-111.4(b)(2); Md. Code Ann., Pub. Safety § 12-205(a)(6)(ii); Md. Code Ann., Pub. Safety § 12-205(b)(2); Md. Code Ann., Pub. Safety § 12-205(c); Absence: MD battery E-ev-tenancy, E-ev-notenancy (MD log §17)",CONFIRMED_ABSENT,VERIFIED,2026-10-08,2026-10-08,,[Full trail in lease-clauses.csv notes and lease-clause-decision-log-MD.md.]
edu-no-ev-charging-end-of-tenancy-md,LANDLORD_EDUCATION,MD,"Md. Code Ann., Real Prop. § 11-111.4(d)(2)(iv); Absence: MD battery E-ev-tenancy, E-ev-notenancy (MD log §17)",CONFIRMED_ABSENT,VERIFIED,2026-10-08,2026-10-08,,[Full trail in lease-clauses.csv notes and lease-clause-decision-log-MD.md.]
edu-no-ev-charging-requirements-md,LANDLORD_EDUCATION,MD,"Md. Code Ann., Real Prop. § 11-111.4(d)(1)(ii); Md. Code Ann., Real Prop. § 11-111.4(g)(1)(i); Absence: MD battery E-ev-tenancy, E-ev-notenancy (MD log §17)",CONFIRMED_ABSENT,VERIFIED,2026-10-08,2026-10-08,,[Full trail in lease-clauses.csv notes and lease-clause-decision-log-MD.md.]
edu-no-ev-charging-shared-area-md,LANDLORD_EDUCATION,MD,"Md. Code Ann., Real Prop. § 11-111.6(b); Absence: MD battery E-ev-tenancy, E-ev-notenancy (MD log §17)",CONFIRMED_ABSENT,VERIFIED,2026-10-08,2026-10-08,,[Full trail in lease-clauses.csv notes and lease-clause-decision-log-MD.md.]
edu-no-parking-statute-md,LANDLORD_EDUCATION,MD,"Md. Code Ann., Transp. § 21-10A-01(a); Md. Code Ann., Transp. § 25-201(b)(3); Md. Code Ann., Transp. § 25-203(a); Absence: MD battery E-parking-tenancy (MD log §17)",CONFIRMED_ABSENT,VERIFIED,2026-10-08,2026-10-08,,[Full trail in lease-clauses.csv notes and lease-clause-decision-log-MD.md.]
edu-no-parking-rules-notice-md,LANDLORD_EDUCATION,MD,"Md. Code Ann., Transp. § 21-10A-02(b); Absence: MD battery E-parking-tenancy (MD log §17)",CONFIRMED_ABSENT,VERIFIED,2026-10-08,2026-10-08,,[Full trail in lease-clauses.csv notes and lease-clause-decision-log-MD.md.]
edu-towing-residents-vehicles-md,LANDLORD_EDUCATION,MD,"Md. Code Ann., Transp. § 21-10A-01(a); Md. Code Ann., Transp. § 21-10A-04(a)(5)(iii); Md. Code Ann., Transp. § 21-10A-04(a)(9); Md. Code Ann., Transp. § 21-10A-01(b)(2)",CITED,VERIFIED,2026-10-08,2026-10-08,,[Full trail in lease-clauses.csv notes and lease-clause-decision-log-MD.md.]
edu-storage-space-md,LANDLORD_EDUCATION,MD,"Md. Code Ann., Com. Law § 18-501(i); Md. Code Ann., Real Prop. § 8-208(d)(6); Md. Code Ann., Real Prop. § 8-216(b)(1); Md. Code Ann., Com. Law § 18-501; Md. Code Ann., Com. Law § 18-502",CITED,VERIFIED,2026-10-08,2026-10-08,,[Full trail in lease-clauses.csv notes and lease-clause-decision-log-MD.md.]
edu-parking-lot-towing-md,LANDLORD_EDUCATION,MD,"Md. Code Ann., Transp. § 21-10A-02(b)(1); Md. Code Ann., Transp. § 21-10A-02(c)(1); Md. Code Ann., Transp. § 21-10A-04(a)(1)(iii); Md. Code Ann., Transp. § 21-10A-03(a)(1); Md. Code Ann., Transp. § 21-10A-04(a)(8); Md. Code Ann., Transp. § 21-10A-01(b)(2); Md. Code Ann., Local Gov't § 11-502; Md. Code Ann., Local Gov't § 11-503",CITED,VERIFIED,2026-10-08,2026-10-08,,[Full trail in lease-clauses.csv notes and lease-clause-decision-log-MD.md.]
edu-abandoned-vehicles-md,LANDLORD_EDUCATION,MD,"Md. Code Ann., Transp. § 25-201(b)(3); Md. Code Ann., Transp. § 25-203(a); Md. Code Ann., Transp. § 25-207(a)",CITED,VERIFIED,2026-10-08,2026-10-08,,[Full trail in lease-clauses.csv notes and lease-clause-decision-log-MD.md.]
edu-no-unbundled-parking-md,LANDLORD_EDUCATION,MD,"Md. Code Ann., Transp. § 21-10A-01(b)(1); Absence: MD battery E-parking-tenancy (MD log §17)",CONFIRMED_ABSENT,VERIFIED,2026-10-08,2026-10-08,,[Full trail in lease-clauses.csv notes and lease-clause-decision-log-MD.md.]
edu-cannabis-home-grow-md,LANDLORD_EDUCATION,MD,"Md. Code Ann., Crim. Law § 5-601.2(d); Md. Code Ann., Crim. Law § 5-601.2(f)(2); Md. Code Ann., Alc. Bev. & Cannabis § 36-302(b)(2)",CITED,VERIFIED,2026-10-08,2026-10-08,,[Full trail in lease-clauses.csv notes and lease-clause-decision-log-MD.md.]
edu-grill-ban-charles-wicomico-md,LANDLORD_EDUCATION,MD,"Md. Code Ann., Pub. Safety § 9-1001(b); Md. Code Ann., Pub. Safety § 9-1001(a)(3)(iii); COMAR 29.06.01.02",CITED,VERIFIED,2026-10-08,2026-10-08,,[Full trail in lease-clauses.csv notes and lease-clause-decision-log-MD.md.]
edu-no-firearms-lease-rule-md,LANDLORD_EDUCATION,MD,"Md. Code Ann., Pub. Safety § 11-105(d)(2); Md. Code Ann., Crim. Law § 6-411(c); Md. Code Ann., Crim. Law § 6-411(a)(2)(ii); Md. Code Ann., Crim. Law § 6-411; Md. Code Ann., Pub. Safety § 11-105; Absence: MD battery E-firearm-lease (MD log §17)",CONFIRMED_ABSENT,VERIFIED,2026-10-08,2026-10-08,,[Full trail in lease-clauses.csv notes and lease-clause-decision-log-MD.md.]
edu-guest-police-calls-md,LANDLORD_EDUCATION,MD,"Md. Code Ann., Real Prop. § 8-208(d)(10)(ii); Md. Code Ann., Real Prop. § 8-203(f)(1)(i); Md. Code Ann., Real Prop. § 8-211(l)",CITED,VERIFIED,2026-10-08,2026-10-08,,[Full trail in lease-clauses.csv notes and lease-clause-decision-log-MD.md.]
edu-no-guest-day-limit-md,LANDLORD_EDUCATION,MD,"Md. Code Ann., State Gov't § 20-703(2); Absence: MD battery E-guest-limit (MD log §17)",CONFIRMED_ABSENT,VERIFIED,2026-10-08,2026-10-08,,[Full trail in lease-clauses.csv notes and lease-clause-decision-log-MD.md.]
edu-no-guest-rights-md,LANDLORD_EDUCATION,MD,"Md. Code Ann., Real Prop. § 8-219(b)(1); Md. Code Ann., Elec. Law § 1-303(b)(1); Md. Code Ann., Elec. Law § 1-303; Absence: MD battery E-guest-limit (MD log §17)",CONFIRMED_ABSENT,VERIFIED,2026-10-08,2026-10-08,,[Full trail in lease-clauses.csv notes and lease-clause-decision-log-MD.md.]
edu-no-landscaping-separate-writing-md,LANDLORD_EDUCATION,MD,"Md. Code Ann., Real Prop. § 8-208(c)(2); Md. Code Ann., Real Prop. § 8-208(d)(2); Absence: MD battery E-separate-writing-maintenance (MD log §17)",CONFIRMED_ABSENT,VERIFIED,2026-10-08,2026-10-08,,[Full trail in lease-clauses.csv notes and lease-clause-decision-log-MD.md.]
edu-voter-information-area-md,LANDLORD_EDUCATION,MD,"Md. Code Ann., Elec. Law § 1-303(b)(2); Md. Code Ann., Elec. Law § 1-303(c)(1); Md. Code Ann., Elec. Law § 1-303(c)(3)",CITED,VERIFIED,2026-10-08,2026-10-08,,[Full trail in lease-clauses.csv notes and lease-clause-decision-log-MD.md.]
edu-no-portable-cooling-right-md,LANDLORD_EDUCATION,MD,"Md. Code Ann., Real Prop. § 8-122(a)(1); Md. Code Ann., Real Prop. § 8-122(c)(1); Absence: MD battery E-portable-cooling (MD log §17)",CONFIRMED_ABSENT,VERIFIED,2026-10-08,2026-10-08,,[Full trail in lease-clauses.csv notes and lease-clause-decision-log-MD.md.]
edu-no-portable-solar-md,LANDLORD_EDUCATION,MD,"Md. Code Ann., Pub. Util. § 7-320(a); Absence: MD battery E-portable-solar (MD log §17)",CONFIRMED_ABSENT,VERIFIED,2026-10-08,2026-10-08,,[Full trail in lease-clauses.csv notes and lease-clause-decision-log-MD.md.]
edu-no-religious-display-md,LANDLORD_EDUCATION,MD,"Md. Code Ann., State Gov't § 20-705(a)(2); Absence: MD battery E-religious-display (MD log §17)",CONFIRMED_ABSENT,VERIFIED,2026-10-08,2026-10-08,,[Full trail in lease-clauses.csv notes and lease-clause-decision-log-MD.md.]
edu-no-house-rules-statute-md,LANDLORD_EDUCATION,MD,"Md. Code Ann., Real Prop. § 8-214(e); Md. Code Ann., Real Prop. § 8-214; Absence: MD battery E-landlord-rules (MD log §17)",CONFIRMED_ABSENT,VERIFIED,2026-10-08,2026-10-08,,[Full trail in lease-clauses.csv notes and lease-clause-decision-log-MD.md.]
edu-flag-clothesline-rule-meeting-md,LANDLORD_EDUCATION,MD,"Md. Code Ann., Real Prop. § 14-128(d)(2)(i); Md. Code Ann., Real Prop. § 14-130(f)(1)",CITED,VERIFIED,2026-10-08,2026-10-08,,[Full trail in lease-clauses.csv notes and lease-clause-decision-log-MD.md.]
edu-clothesline-right-md,LANDLORD_EDUCATION,MD,"Md. Code Ann., Real Prop. § 14-130(c); Md. Code Ann., Real Prop. § 14-130(a)(2)(ii); Md. Code Ann., Real Prop. § 14-130(e)(1)",CITED,VERIFIED,2026-10-08,2026-10-08,,[Full trail in lease-clauses.csv notes and lease-clause-decision-log-MD.md.]
edu-no-smoke-drift-waiver-md,LANDLORD_EDUCATION,MD,"Md. Code Ann., Pub. Safety § 9-102(c)(1); Absence: MD battery E-smoking-tenancy (MD log §17)",CONFIRMED_ABSENT,VERIFIED,2026-10-08,2026-10-08,,[Full trail in lease-clauses.csv notes and lease-clause-decision-log-MD.md.]
edu-no-snow-removal-md,LANDLORD_EDUCATION,MD,"Md. Code Ann., Local Gov't § 5-217; Absence: MD battery E-snow-notenancy (MD log §17)",CONFIRMED_ABSENT,VERIFIED,2026-10-08,2026-10-08,,[Full trail in lease-clauses.csv notes and lease-clause-decision-log-MD.md.]
edu-us-flag-display-md,LANDLORD_EDUCATION,MD,"Md. Code Ann., Real Prop. § 14-128(c); Md. Code Ann., Real Prop. § 14-128(b); Md. Code Ann., Real Prop. § 14-128(d)(1)",CITED,VERIFIED,2026-10-08,2026-10-08,,[Full trail in lease-clauses.csv notes and lease-clause-decision-log-MD.md.]
edu-association-candidate-signs-md,LANDLORD_EDUCATION,MD,"Md. Code Ann., Real Prop. § 11-111.2(b); Md. Code Ann., Real Prop. § 11B-111.2(c)(3)(ii); Md. Code Ann., Real Prop. § 11-111.2; Md. Code Ann., Real Prop. § 11B-111.2",CITED,VERIFIED,2026-10-08,2026-10-08,,[Full trail in lease-clauses.csv notes and lease-clause-decision-log-MD.md.]
edu-no-security-camera-rule-md,LANDLORD_EDUCATION,MD,"Md. Code Ann., Cts. & Jud. Proc. § 10-402(a)(1); Md. Code Ann., Cts. & Jud. Proc. § 10-402(c)(3); Absence: MD battery E-camera-tenancy (MD log §17)",CONFIRMED_ABSENT,VERIFIED,2026-10-08,2026-10-08,,[Full trail in lease-clauses.csv notes and lease-clause-decision-log-MD.md.]
edu-no-waterbed-md,LANDLORD_EDUCATION,MD,Absence: MD battery E-waterbed (MD log §17),CONFIRMED_ABSENT,VERIFIED,2026-10-08,2026-10-08,,[Full trail in lease-clauses.csv notes and lease-clause-decision-log-MD.md.]
edu-no-bed-bug-disclosure-md,LANDLORD_EDUCATION,MD,"Md. Code Ann., Real Prop. § 8-211(d)(3); Md. Code Ann., Real Prop. § 8-211(d)(5); Md. Code Ann., Real Prop. § 8-211(g)(3); Absence: MD battery E-bedbug, E-pest-tenancy (MD log §17)",CONFIRMED_ABSENT,VERIFIED,2026-10-08,2026-10-08,,[Full trail in lease-clauses.csv notes and lease-clause-decision-log-MD.md.]
edu-no-certificate-of-occupancy-disclosure-md,LANDLORD_EDUCATION,MD,"Md. Code Ann., Real Prop. § 8-406(a)(1); Md. Code Ann., Real Prop. § 8-406(b)(1); Absence: MD battery E-cert-occupancy (MD log §17)",CONFIRMED_ABSENT,VERIFIED,2026-10-08,2026-10-08,,[Full trail in lease-clauses.csv notes and lease-clause-decision-log-MD.md.]
edu-no-defective-drywall-disclosure-md,LANDLORD_EDUCATION,MD,"Md. Code Ann., Real Prop. § 8-211(d)(5); Absence: MD battery E-drywall (MD log §17)",CONFIRMED_ABSENT,VERIFIED,2026-10-08,2026-10-08,,[Full trail in lease-clauses.csv notes and lease-clause-decision-log-MD.md.]
edu-submetering-charge-limits-md,LANDLORD_EDUCATION,MD,"Md. Code Ann., Pub. Util. § 7-303(d)(2)(iii); COMAR 20.25.01.05; COMAR 20.25.01.02; Md. Code Ann., Pub. Util. § 7-303(d)(3)(ii)",CITED,VERIFIED,2026-10-08,2026-10-08,,[Full trail in lease-clauses.csv notes and lease-clause-decision-log-MD.md.]
edu-energy-allocation-approval-md,LANDLORD_EDUCATION,MD,"Md. Code Ann., Pub. Util. § 7-304(b)(2); COMAR 20.26.02.02",CITED,VERIFIED,2026-10-08,2026-10-08,,[Full trail in lease-clauses.csv notes and lease-clause-decision-log-MD.md.]
edu-fair-housing-classes-md,LANDLORD_EDUCATION,MD,"Md. Code Ann., State Gov't § 20-705(a)(1); Md. Code Ann., State Gov't § 20-701(j)(1); Md. Code Ann., State Gov't § 20-705(b)(3); Md. Code Ann., State Gov't § 20-1026(a); Md. Code Ann., State Gov't § 20-701; Md. Code Ann., State Gov't § 20-702; Md. Code Ann., State Gov't § 20-705",CITED,VERIFIED,2026-10-08,2026-10-08,,[Full trail in lease-clauses.csv notes and lease-clause-decision-log-MD.md.]
edu-fair-housing-exemptions-md,LANDLORD_EDUCATION,MD,"Md. Code Ann., State Gov't § 20-704(a)(1); Md. Code Ann., State Gov't § 20-704(a)(2)(ii); Md. Code Ann., State Gov't § 20-704(d)(1); 42 U.S.C. § 3603; 42 U.S.C. § 1982",CITED,VERIFIED,2026-10-08,2026-10-08,,[Full trail in lease-clauses.csv notes and lease-clause-decision-log-MD.md.]
edu-no-flood-disclosure-md,LANDLORD_EDUCATION,MD,Absence: MD battery E-flood-tenancy (MD log §17),CONFIRMED_ABSENT,VERIFIED,2026-10-08,2026-10-08,,[Full trail in lease-clauses.csv notes and lease-clause-decision-log-MD.md.]
edu-no-foreclosure-disclosure-md,LANDLORD_EDUCATION,MD,"Md. Code Ann., Real Prop. § 7-105.8(b)(2)(i); Md. Code Ann., Real Prop. § 7-105.12(b); Md. Code Ann., Real Prop. § 8-402(c)(4)(ii); Md. Code Ann., Real Prop. § 8-402(c)(4); Absence: MD battery E-landlord-foreclosure-disclosure (MD log §17)",CONFIRMED_ABSENT,VERIFIED,2026-10-08,2026-10-08,,[Full trail in lease-clauses.csv notes and lease-clause-decision-log-MD.md.]
edu-no-good-cause-md,LANDLORD_EDUCATION,MD,"Md. Code Ann., Real Prop. § 8-402(c)(2)(i); Md. Code Ann., Real Prop. § 8-402(c)(2)(ii); Absence: MD battery E-good-cause-eviction (MD log §17)",CONFIRMED_ABSENT,VERIFIED,2026-10-08,2026-10-08,,[Full trail in lease-clauses.csv notes and lease-clause-decision-log-MD.md.]
edu-association-child-care-md,LANDLORD_EDUCATION,MD,"Md. Code Ann., Real Prop. § 11-111.1(c)(1)(i); Md. Code Ann., Real Prop. § 11B-111.1(e)(2)",CITED,VERIFIED,2026-10-08,2026-10-08,,[Full trail in lease-clauses.csv notes and lease-clause-decision-log-MD.md.]
edu-association-sensitive-info-md,LANDLORD_EDUCATION,MD,"Md. Code Ann., Real Prop. § 11B-111.12(b); Md. Code Ann., Real Prop. § 11-108.2(a)(2)",CITED,VERIFIED,2026-10-08,2026-10-08,,[Full trail in lease-clauses.csv notes and lease-clause-decision-log-MD.md.]
edu-no-association-lease-approval-rules-md,LANDLORD_EDUCATION,MD,"Md. Code Ann., Real Prop. § 11B-106(b)(5)(i); Absence: MD battery E-assoc-tenant (MD log §17)",CONFIRMED_ABSENT,VERIFIED,2026-10-08,2026-10-08,,[Full trail in lease-clauses.csv notes and lease-clause-decision-log-MD.md.]
edu-condo-rule-exception-md,LANDLORD_EDUCATION,MD,"Md. Code Ann., Real Prop. § 11-111(c)(1); Md. Code Ann., Real Prop. § 11-111(c)(2)(iii)",CITED,VERIFIED,2026-10-08,2026-10-08,,[Full trail in lease-clauses.csv notes and lease-clause-decision-log-MD.md.]
edu-no-antenna-rule-md,LANDLORD_EDUCATION,MD,Absence: MD battery E-satellite (MD log §17),CONFIRMED_ABSENT,VERIFIED,2026-10-08,2026-10-08,,[Full trail in lease-clauses.csv notes and lease-clause-decision-log-MD.md.]
edu-no-inspection-condemnation-disclosure-md,LANDLORD_EDUCATION,MD,"Md. Code Ann., Real Prop. § 8-211(f)(2)(iii); Md. Code Ann., Real Prop. § 8-211(g)(3); Md. Code Ann., Real Prop. § 8-212(f)(1)(ii); Md. Code Ann., Real Prop. § 14-117(l)(2); Md. Code Ann., Real Prop. § 14-117(l); Absence: MD battery F-condemn-tenancy, F-violation-disclose-sale (MD log §17)",CONFIRMED_ABSENT,VERIFIED,2026-10-08,2026-10-08,,[Full trail in lease-clauses.csv notes and lease-clause-decision-log-MD.md.]
edu-lead-risk-reduction-turnover-md,LANDLORD_EDUCATION,MD,"Md. Code Ann., Envir. § 6-801(b)(1)(ii); Md. Code Ann., Envir. § 6-801(o)(2)(ii); Md. Code Ann., Envir. § 6-812(a)(1); Md. Code Ann., Envir. § 6-815(b); Md. Code Ann., Envir. § 6-818(a)(2); Md. Code Ann., Envir. § 6-820(c); Md. Code Ann., Envir. § 6-823(c); Md. Code Ann., Envir. § 6-815(d)(1); Md. Code Ann., Envir. § 6-815(d)(3); Md. Code Ann., Envir. § 6-803(b)(3)",CITED,VERIFIED,2026-10-08,2026-10-08,,[Full trail in lease-clauses.csv notes and lease-clause-decision-log-MD.md.]
edu-lead-tenant-remedies-md,LANDLORD_EDUCATION,MD,"Md. Code Ann., Envir. § 6-819(c)(1)(ii); Md. Code Ann., Envir. § 6-801(p); Md. Code Ann., Real Prop. § 8-215(b)(1)(ii); Md. Code Ann., Real Prop. § 8-215(b)(3); Md. Code Ann., Real Prop. § 8-208.2(a); Md. Code Ann., Real Prop. § 8-211.1(a)",CITED,VERIFIED,2026-10-08,2026-10-08,,[Full trail in lease-clauses.csv notes and lease-clause-decision-log-MD.md.]
edu-no-meter-conservation-charge-md,LANDLORD_EDUCATION,MD,"Absence: MD battery F-meter-conservation2, F-meter-conservation-nolimb2 (MD log §17)",CONFIRMED_ABSENT,VERIFIED,2026-10-08,2026-10-08,,[Full trail in lease-clauses.csv notes and lease-clause-decision-log-MD.md.]
edu-no-meth-disclosure-md,LANDLORD_EDUCATION,MD,"Md. Code Ann., Real Prop. § 8-2A-05(a)(2)(i); Absence: MD battery F-meth-any, F-meth-lab (MD log §17)",CONFIRMED_ABSENT,VERIFIED,2026-10-08,2026-10-08,,[Full trail in lease-clauses.csv notes and lease-clause-decision-log-MD.md.]
edu-no-military-air-zone-disclosure-md,LANDLORD_EDUCATION,MD,"Md. Code Ann., Real Prop. § 14-117(k)(2); Md. Code Ann., Real Prop. § 14-117(k)(1); Md. Code Ann., Real Prop. § 14-117(k)(3); Absence: MD battery F-military-zone2 (MD log §17)",CONFIRMED_ABSENT,VERIFIED,2026-10-08,2026-10-08,,[Full trail in lease-clauses.csv notes and lease-clause-decision-log-MD.md.]
edu-mold-assessment-remediation-md,LANDLORD_EDUCATION,MD,"Md. Code Ann., Real Prop. § 8-220(c)(1); Md. Code Ann., Real Prop. § 8-220(c)(2)(i); Md. Code Ann., Real Prop. § 8-220(d)(3)",CITED,VERIFIED,2026-10-08,2026-10-08,,[Full trail in lease-clauses.csv notes and lease-clause-decision-log-MD.md.]
edu-no-ordnance-demolition-meter-disclosures-md,LANDLORD_EDUCATION,MD,"Md. Code Ann., Real Prop. § 14-117(k)(2); Absence: MD battery F-ordnance2 (MD log §17)",CONFIRMED_ABSENT,VERIFIED,2026-10-08,2026-10-08,,[Full trail in lease-clauses.csv notes and lease-clause-decision-log-MD.md.]
edu-no-pest-control-notice-md,LANDLORD_EDUCATION,MD,"Md. Code Ann., Agric. § 5-208(b); Md. Code Ann., Agric. § 5-208(c)(2); Md. Code Ann., Real Prop. § 8-211(d)(3); Absence: MD battery F-pest-notice2, F-pest-notify-nolimb2 (MD log §17)",CONFIRMED_ABSENT,VERIFIED,2026-10-08,2026-10-08,,[Full trail in lease-clauses.csv notes and lease-clause-decision-log-MD.md.]
edu-private-well-testing-md,LANDLORD_EDUCATION,MD,"Md. Code Ann., Envir. § 9-4A-04(a)(1); Md. Code Ann., Envir. § 9-4A-01(d)(1)(ii); Md. Code Ann., Envir. § 9-4A-04(b)(2)(iii); Md. Code Ann., Envir. § 9-4A-04(c)(1)",CITED,VERIFIED,2026-10-08,2026-10-08,,[Full trail in lease-clauses.csv notes and lease-clause-decision-log-MD.md.]
edu-no-property-tax-rent-disclosure-md,LANDLORD_EDUCATION,MD,"Absence: MD battery F-ptax-rent2, F-ptax-rent (MD log §17)",CONFIRMED_ABSENT,VERIFIED,2026-10-08,2026-10-08,,[Full trail in lease-clauses.csv notes and lease-clause-decision-log-MD.md.]
edu-no-radon-disclosure-md,LANDLORD_EDUCATION,MD,"Md. Code Ann., Envir. § 9-4A-02(b); Md. Code Ann., Real Prop. § 10-702(e)(2)(vii); Absence: MD battery F-radon (MD log §17)",CONFIRMED_ABSENT,VERIFIED,2026-10-08,2026-10-08,,[Full trail in lease-clauses.csv notes and lease-clause-decision-log-MD.md.]
edu-no-recycling-notice-md,LANDLORD_EDUCATION,MD,Absence: MD battery F-recycling2 (MD log §17),CONFIRMED_ABSENT,VERIFIED,2026-10-08,2026-10-08,,[Full trail in lease-clauses.csv notes and lease-clause-decision-log-MD.md.]
edu-apartment-recycling-md,LANDLORD_EDUCATION,MD,"Md. Code Ann., Envir. § 9-1711(a)(1)(i); Md. Code Ann., Envir. § 9-1711(d); Md. Code Ann., Envir. § 9-1711(a)(4); Md. Code Ann., Envir. § 9-1703(12)",CITED,VERIFIED,2026-10-08,2026-10-08,,[Full trail in lease-clauses.csv notes and lease-clause-decision-log-MD.md.]
edu-no-sex-offender-disclosure-md,LANDLORD_EDUCATION,MD,Absence: MD battery F-sexoff (MD log §17),CONFIRMED_ABSENT,VERIFIED,2026-10-08,2026-10-08,,[Full trail in lease-clauses.csv notes and lease-clause-decision-log-MD.md.]
edu-no-sex-offender-occupancy-md,LANDLORD_EDUCATION,MD,"Md. Code Ann., Real Prop. § 8-2A-05(a)(2)(iii); Md. Code Ann., Hous. & Cmty. Dev. § 4-2913(a)(2); Absence: MD battery F-sexoff (MD log §17)",CONFIRMED_ABSENT,VERIFIED,2026-10-08,2026-10-08,,[Full trail in lease-clauses.csv notes and lease-clause-decision-log-MD.md.]
edu-no-sfr-occupancy-disclosure-md,LANDLORD_EDUCATION,MD,"Md. Code Ann., Real Prop. § 8-208(e)(1); Md. Code Ann., Pub. Safety § 9-403(d)(2); Absence: MD battery F-type-size (MD log §17)",CONFIRMED_ABSENT,VERIFIED,2026-10-08,2026-10-08,,[Full trail in lease-clauses.csv notes and lease-clause-decision-log-MD.md.]
edu-source-of-income-md,LANDLORD_EDUCATION,MD,"Md. Code Ann., State Gov't § 20-701(j)(2)(ii); Md. Code Ann., State Gov't § 20-705.1(e); Md. Code Ann., State Gov't § 20-704(a)(2)(ii); Md. Code Ann., State Gov't § 20-705",CITED,VERIFIED,2026-10-08,2026-10-08,,[Full trail in lease-clauses.csv notes and lease-clause-decision-log-MD.md.]
edu-high-rise-sprinkler-sign-md,LANDLORD_EDUCATION,MD,"Md. Code Ann., Pub. Safety § 9-401(b)(1); Md. Code Ann., Pub. Safety § 9-403(c)(2)(i); Md. Code Ann., Pub. Safety § 9-403(c)(2)(ii); COMAR 29.06.01.08; Md. Code Ann., Pub. Safety § 9-403(b)(1)",CITED,VERIFIED,2026-10-08,2026-10-08,,[Full trail in lease-clauses.csv notes and lease-clause-decision-log-MD.md.]
edu-no-steam-radiator-covers-md,LANDLORD_EDUCATION,MD,Absence: MD battery F-radiator2 (MD log §17),CONFIRMED_ABSENT,VERIFIED,2026-10-08,2026-10-08,,[Full trail in lease-clauses.csv notes and lease-clause-decision-log-MD.md.]
edu-stigmatized-property-md,LANDLORD_EDUCATION,MD,"Md. Code Ann., Real Prop. § 2-120(a); Md. Code Ann., Real Prop. § 2-120(b); Md. Code Ann., Bus. Occ. & Prof. § 17-322.1(b)(2)",CITED,VERIFIED,2026-10-08,2026-10-08,,[Full trail in lease-clauses.csv notes and lease-clause-decision-log-MD.md.]
edu-no-tpa-exemption-notice-md,LANDLORD_EDUCATION,MD,"Md. Code Ann., Real Prop. § 8-119(b)(13); Absence: MD battery F-tpa (MD log §17)",CONFIRMED_ABSENT,VERIFIED,2026-10-08,2026-10-08,,[Full trail in lease-clauses.csv notes and lease-clause-decision-log-MD.md.]
edu-tenant-right-to-purchase-md,LANDLORD_EDUCATION,MD,"Md. Code Ann., Real Prop. § 8-119(a)(7); Md. Code Ann., Real Prop. § 8-119(c)(4)(i); Md. Code Ann., Real Prop. § 8-119(i); Md. Code Ann., Real Prop. § 8-208(d)(12); Md. Code Ann., Real Prop. § 8-119(g)",CITED,VERIFIED,2026-10-08,2026-10-08,,[Full trail in lease-clauses.csv notes and lease-clause-decision-log-MD.md.]
edu-no-children-occupancy-md,LANDLORD_EDUCATION,MD,"Md. Code Ann., State Gov't § 20-701(e)(1); Md. Code Ann., State Gov't § 20-704(c)(2); Absence: MD battery F-children-occ (MD log §17)",CONFIRMED_ABSENT,VERIFIED,2026-10-08,2026-10-08,,[Full trail in lease-clauses.csv notes and lease-clause-decision-log-MD.md.]
edu-confession-of-judgment-md,LANDLORD_EDUCATION,MD,"Md. Code Ann., Real Prop. § 8-208(d)(1); Md. Code Ann., Com. Law § 13-301(12)",CITED,VERIFIED,2026-10-08,2026-10-08,,[Full trail in lease-clauses.csv notes and lease-clause-decision-log-MD.md.]
edu-consumer-protection-act-md,LANDLORD_EDUCATION,MD,"Md. Code Ann., Com. Law § 13-303(1); Md. Code Ann., Com. Law § 13-101(c)(1); Md. Code Ann., Com. Law § 13-301(14)(iii)",CITED,VERIFIED,2026-10-08,2026-10-08,,[Full trail in lease-clauses.csv notes and lease-clause-decision-log-MD.md.]
edu-no-employee-screening-md,LANDLORD_EDUCATION,MD,"Absence: MD battery F-emp-screen2, F-emp-screen-nolimb2 (MD log §17)",CONFIRMED_ABSENT,VERIFIED,2026-10-08,2026-10-08,,[Full trail in lease-clauses.csv notes and lease-clause-decision-log-MD.md.]
edu-eviction-cost-shifting-md,LANDLORD_EDUCATION,MD,"Md. Code Ann., Cts. & Jud. Proc. § 7-301(c)(5)(i); Md. Code Ann., Real Prop. § 8-208(d)(13); Md. Code Ann., Real Prop. § 8-401(e)(2)(iv)",CITED,VERIFIED,2026-10-08,2026-10-08,,[Full trail in lease-clauses.csv notes and lease-clause-decision-log-MD.md.]
edu-exculpatory-clauses-md,LANDLORD_EDUCATION,MD,"Md. Code Ann., Real Prop. § 8-105; Md. Code Ann., Real Prop. § 8-208(g)(2)",CITED,VERIFIED,2026-10-08,2026-10-08,,[Full trail in lease-clauses.csv notes and lease-clause-decision-log-MD.md.]
edu-fire-sprinkler-duty-md,LANDLORD_EDUCATION,MD,"Md. Code Ann., Pub. Safety § 9-204(b)(1)(i); Md. Code Ann., Pub. Safety § 9-403(a); Md. Code Ann., Pub. Safety § 9-102(c)(3)(ii); Md. Code Ann., Pub. Safety § 9-102; Md. Code Ann., Pub. Safety § 9-102(a); COMAR 29.06.01.08",CITED,VERIFIED,2026-10-08,2026-10-08,,[Full trail in lease-clauses.csv notes and lease-clause-decision-log-MD.md.]
edu-high-rise-fire-safety-info-md,LANDLORD_EDUCATION,MD,"Md. Code Ann., Pub. Safety § 9-405(a)(2); Md. Code Ann., Pub. Safety § 9-405(b); Md. Code Ann., Pub. Safety § 9-406; Md. Code Ann., Pub. Safety § 9-405",CITED,VERIFIED,2026-10-08,2026-10-08,,[Full trail in lease-clauses.csv notes and lease-clause-decision-log-MD.md.]
edu-no-foreign-ownership-md,LANDLORD_EDUCATION,MD,"Md. Code Ann., Real Prop. § 14-101; Absence: MD battery F-foreign-own (MD log §17)",CONFIRMED_ABSENT,VERIFIED,2026-10-08,2026-10-08,,[Full trail in lease-clauses.csv notes and lease-clause-decision-log-MD.md.]
edu-no-governmental-fines-md,LANDLORD_EDUCATION,MD,"Md. Code Ann., Real Prop. § 8-208(d)(2); Md. Code Ann., Real Prop. § 14-126(c)(1)(ii); Absence: MD battery F-gov-fines2 (MD log §17)",CONFIRMED_ABSENT,VERIFIED,2026-10-08,2026-10-08,,[Full trail in lease-clauses.csv notes and lease-clause-decision-log-MD.md.]
edu-no-immigration-status-md,LANDLORD_EDUCATION,MD,"Md. Code Ann., Real Prop. § 11-108.2(b); Md. Code Ann., Real Prop. § 11B-111.12(b); Absence: MD battery F-immig2 (MD log §17)",CONFIRMED_ABSENT,VERIFIED,2026-10-08,2026-10-08,,[Full trail in lease-clauses.csv notes and lease-clause-decision-log-MD.md.]
edu-jury-waiver-md,LANDLORD_EDUCATION,MD,"Md. Code Ann., Real Prop. § 8-208(d)(4); Md. Code Ann., Real Prop. § 8-603(a); Md. Code Ann., Real Prop. § 8-118(a)",CITED,VERIFIED,2026-10-08,2026-10-08,,[Full trail in lease-clauses.csv notes and lease-clause-decision-log-MD.md.]
edu-prohibited-terms-liability-md,LANDLORD_EDUCATION,MD,"Md. Code Ann., Real Prop. § 8-208(g)(1); Md. Code Ann., Real Prop. § 8-208(g)(2)",CITED,VERIFIED,2026-10-08,2026-10-08,,[Full trail in lease-clauses.csv notes and lease-clause-decision-log-MD.md.]
edu-written-lease-required-md,LANDLORD_EDUCATION,MD,"Md. Code Ann., Real Prop. § 8-208(a)(1); Md. Code Ann., Real Prop. § 8-208(a)(2)",CITED,VERIFIED,2026-10-08,2026-10-08,,[Full trail in lease-clauses.csv notes and lease-clause-decision-log-MD.md.]
edu-no-lease-type-size-md,LANDLORD_EDUCATION,MD,Absence: MD battery F-type-size (MD log §17),CONFIRMED_ABSENT,VERIFIED,2026-10-08,2026-10-08,,[Full trail in lease-clauses.csv notes and lease-clause-decision-log-MD.md.]
edu-no-plain-language-md,LANDLORD_EDUCATION,MD,Absence: MD battery F-plain-lang2 (MD log §17),CONFIRMED_ABSENT,VERIFIED,2026-10-08,2026-10-08,,[Full trail in lease-clauses.csv notes and lease-clause-decision-log-MD.md.]
edu-prohibited-lease-terms-md,LANDLORD_EDUCATION,MD,"Md. Code Ann., Real Prop. § 8-208(d)(2); Md. Code Ann., Real Prop. § 8-208(d)(9); Md. Code Ann., Real Prop. § 8-501; Md. Code Ann., Real Prop. § 8-212.4(c)(2); Md. Code Ann., Real Prop. § 8-203(l)",CITED,VERIFIED,2026-10-08,2026-10-08,,[Full trail in lease-clauses.csv notes and lease-clause-decision-log-MD.md.]
edu-no-protected-class-inquiry-ban-md,LANDLORD_EDUCATION,MD,"Md. Code Ann., State Gov't § 20-705(a)(3); Md. Code Ann., Real Prop. § 8-2A-04(a)(1); Absence: MD battery F-pc-inquiry2 (MD log §17)",CONFIRMED_ABSENT,VERIFIED,2026-10-08,2026-10-08,,[Full trail in lease-clauses.csv notes and lease-clause-decision-log-MD.md.]
edu-no-single-family-zone-lease-limit-md,LANDLORD_EDUCATION,MD,"Md. Code Ann., Real Prop. § 2-126(b)(2)(ii); Absence: MD battery F-sfz2, F-owner-occ-rent (MD log §17)",CONFIRMED_ABSENT,VERIFIED,2026-10-08,2026-10-08,,[Full trail in lease-clauses.csv notes and lease-clause-decision-log-MD.md.]
edu-criminal-records-confidentiality-md,LANDLORD_EDUCATION,MD,"Md. Code Ann., Real Prop. § 8-2A-07(c)(1); Md. Code Ann., Real Prop. § 8-2A-10",CITED,VERIFIED,2026-10-08,2026-10-08,,[Full trail in lease-clauses.csv notes and lease-clause-decision-log-MD.md.]
edu-tenant-organization-rights-md,LANDLORD_EDUCATION,MD,"Md. Code Ann., Real Prop. § 8-219(c)(1); Md. Code Ann., Real Prop. § 8-208.1(a)(2)(iii); Md. Code Ann., Real Prop. § 8-208.1(c)(1); Md. Code Ann., Real Prop. § 8-208(d)(8)",CITED,VERIFIED,2026-10-08,2026-10-08,,[Full trail in lease-clauses.csv notes and lease-clause-decision-log-MD.md.]
edu-criminal-screening-notice-md,LANDLORD_EDUCATION,MD,"Md. Code Ann., Real Prop. § 8-2A-04(b); Md. Code Ann., Real Prop. § 8-2A-04(c); Md. Code Ann., Real Prop. § 8-2A-09(a); 2026 Md. Laws ch. 752",CITED,VERIFIED,2026-10-08,2026-10-08,,[Full trail in lease-clauses.csv notes and lease-clause-decision-log-MD.md.]
edu-criminal-history-screening-md,LANDLORD_EDUCATION,MD,"Md. Code Ann., Real Prop. § 8-2A-03; Md. Code Ann., Real Prop. § 8-2A-06(a)(1); Md. Code Ann., Real Prop. § 8-2A-06(b); Md. Code Ann., Real Prop. § 8-2A-08; Md. Code Ann., Real Prop. § 8-2A-11; Md. Code Ann., Real Prop. § 8-2A-07(a)",CITED,VERIFIED,2026-10-08,2026-10-08,,[Full trail in lease-clauses.csv notes and lease-clause-decision-log-MD.md.]
edu-no-unconscionability-md,LANDLORD_EDUCATION,MD,"Md. Code Ann., Com. Law § 2A-108(1); Md. Code Ann., Real Prop. § 8A-1502(a); Absence: MD battery F-unconscion (MD log §17)",CONFIRMED_ABSENT,VERIFIED,2026-10-08,2026-10-08,,[Full trail in lease-clauses.csv notes and lease-clause-decision-log-MD.md.]
edu-no-water-heater-temperature-md,LANDLORD_EDUCATION,MD,"Md. Code Ann., Real Prop. § 8-211(d)(1); Absence: MD battery F-water-heater3, F-water-heater-nolimb (MD log §17)",CONFIRMED_ABSENT,VERIFIED,2026-10-08,2026-10-08,,[Full trail in lease-clauses.csv notes and lease-clause-decision-log-MD.md.]
edu-no-window-guards-md,LANDLORD_EDUCATION,MD,"Md. Code Ann., Envir. § 6-819(a)(2)(v); Absence: MD battery F-window-any2, F-window-guard (MD log §17)",CONFIRMED_ABSENT,VERIFIED,2026-10-08,2026-10-08,,[Full trail in lease-clauses.csv notes and lease-clause-decision-log-MD.md.]
edu-rent-reporting-existing-leases-md,LANDLORD_EDUCATION,MD,"Md. Code Ann., Real Prop. § 8-208.4(b)",CITED,VERIFIED,2026-10-08,2026-10-08,,[Full trail in lease-clauses.csv notes and lease-clause-decision-log-MD.md.]
edu-applicant-data-security-md,LANDLORD_EDUCATION,MD,"Md. Code Ann., Com. Law § 14-3503(a); Md. Code Ann., Com. Law § 14-3502(b); Md. Code Ann., Com. Law § 14-3503(b)(1); Md. Code Ann., Com. Law § 14-3504(b)(1); Md. Code Ann., Com. Law § 14-3402(a)(1); Md. Code Ann., Com. Law § 14-3501; Md. Code Ann., Com. Law § 14-3502(a)",CITED,VERIFIED,2026-10-08,2026-10-08,,[Full trail in lease-clauses.csv notes and lease-clause-decision-log-MD.md.]
edu-landlord-cameras-md,LANDLORD_EDUCATION,MD,"Md. Code Ann., Crim. Law § 3-903(c); Md. Code Ann., Cts. & Jud. Proc. § 10-402(a)(1)",CITED,VERIFIED,2026-10-08,2026-10-08,,[Full trail in lease-clauses.csv notes and lease-clause-decision-log-MD.md.]
edu-dog-bite-liability-md,LANDLORD_EDUCATION,MD,"Md. Code Ann., Cts. & Jud. Proc. § 3-1901(a)(1); Md. Code Ann., Real Prop. § 8-210(c)(2)(i)",CITED,VERIFIED,2026-10-08,2026-10-08,,[Full trail in lease-clauses.csv notes and lease-clause-decision-log-MD.md.]
edu-collection-deadline-md,LANDLORD_EDUCATION,MD,"Md. Code Ann., Cts. & Jud. Proc. § 5-101; Md. Code Ann., Cts. & Jud. Proc. § 5-102(a)(5); Md. Code Ann., Cts. & Jud. Proc. § 5-1201; Md. Code Ann., Real Prop. § 8-401; Md. Code Ann., Real Prop. § 5-1201(f)(2); Md. Code Ann., Real Prop. § 5-1202(b)(1)",CITED,VERIFIED,2026-10-08,2026-10-08,,[Full trail in lease-clauses.csv notes and lease-clause-decision-log-MD.md.]
edu-counting-statutory-days-md,LANDLORD_EDUCATION,MD,"Md. Code Ann., Gen. Provis. § 1-302(a)",CITED,VERIFIED,2026-10-08,2026-10-08,,[Full trail in lease-clauses.csv notes and lease-clause-decision-log-MD.md.]
edu-property-manager-licensing-md,LANDLORD_EDUCATION,MD,"Md. Code Ann., Bus. Occ. & Prof. § 17-301(b)(4); Md. Code Ann., Bus. Occ. & Prof. § 7-301(a); Md. Code Ann., Bus. Occ. & Prof. § 7-102(b)(5)",CITED,VERIFIED,2026-10-08,2026-10-08,,[Full trail in lease-clauses.csv notes and lease-clause-decision-log-MD.md.]
