id,group,title,states,is_active,supersedes,bodyText,rule_type,content_type,verification_status,notes,effective_from,last_checked
rent-payment,Rent & Payment,Rent Payment,CO;WY;KS;NE;MN;ND;SD,TRUE,,"Tenant shall pay Landlord monthly rent of {{monthly_rent}} (Monthly Rent) in advance on the due date specified in this Lease, without demand, deduction, or setoff. If the due date falls on a weekend or legal holiday, rent is due on the next business day.",RECOMMENDED,LEASE_CLAUSE,VERIFIED,"CO added - verified this session (statute walk + full-library audit; content itself unchanged WY added 2026-08-21 (full-library cross-check pass): generic mechanics, no CO-specific statutory language or number, confirmed no conflict with WY findings from this project. | NE extended (session 2, whole-library generic-clause audit): generic mechanics, no NE-specific statutory language or number, confirmed no conflict with NE findings from this project. | MN extended (Minnesota session, whole-library audit): generic mechanics, already vetted against KS/NE's prohibited-lease-provisions statutes (the strictest bar found in this project to date) since this clause was already tagged KS;NE; no MN-specific statutory language or number identified in this session's statute walk that conflicts. No exculpatory/liability-waiver language present. | ND ADDED 2026-09-06 (ND re-audit, exhaustive generic-clause audit prompted by the checklist-to-CSV reconciliation screen). ND's ORIGINAL whole-library audit was written up in its log but largely never executed against the CSV -- ND was shipped 'complete' with 18 displayable LEASE_CLAUSE rows against 61-75 for CO/WY/KS/NE/MN. This row is generic boilerplate carrying no ND-specific statutory interaction; ND's ch. 47-16 was read in full from primary text this session and no conflict was identified. LIABILITY-LANGUAGE CHECK: North Dakota has NO enumerated prohibited-lease-provisions statute (confirmed this session -- § 47-16-02 is a maximum-term cap, and § 47-16-13.3 supplies only case-by-case unconscionability). The exculpation exposure that forced fixes to this clause family in KS and NE therefore does not arise for ND, same reasoning as the WY addendum. 5a.1 JUDGMENT: UNIFORM -- states field changed, clause TEXT unchanged, no re-review owed on existing tags. TENANCY-TYPE CAVEAT (Addendum K.2, ND finding): this clause says 'monthly rent'. ND §§ 47-16-19/20 contemplate lodgings let at a weekly rate (presumed one-week tenancy) and set three different default rent-payment regimes -- agricultural yearly, lodgings monthly, other rents quarterly. The clause is correct for a monthly tenancy and should NOT be used unmodified for a weekly or non-monthly ND tenancy. See edu-tenancy-type-notice-nd. | SD ADDED 2026-09-07 (SD re-audit, Tier A of the L.2 exhaustive generic-clause audit). SD displayed only 13 LEASE_CLAUSE rows against 60-75 for every other state; 46 generics had no SD tag and no SD override. Triaged per L.2, not bulk-extended. Tier A = boilerplate with no SD statutory interaction, or self-limiting text that defers to applicable law. S5a.1 JUDGMENT: adding a state tag changes `states` only - no bodyText, rule_type or content_type change - so no other tagged state's rendering is affected and NO propagation to other state logs is owed. State-driven, not uniform.",2026-08-21,2026-09-07
late-fee,Rent & Payment,Late Fee,CO;WY;MN;ND;SD,TRUE,,"If Tenant fails to pay Monthly Rent in full within {{late_fee_grace_days}} days after it is due, a late fee of {{late_fee_amount}} will be assessed. Acceptance of a late payment does not waive Landlord's right to require full payment of Rent on the date it is due or to pursue any other remedy available under this Lease.",CONSTRAINED,LEASE_CLAUSE,VERIFIED,"CO added - verified this session (statute walk + full-library audit; content itself EDITED this session WY added 2026-08-21 (full-library cross-check pass): generic mechanics, no CO-specific statutory language or number, confirmed no conflict with WY findings from this project. | NE extended (session 6): the non-waiver sentence isn't prohibited in Nebraska the way the exculpation clauses were in Kansas — it's just insufficient on its own to satisfy §76-1433's after-the-breach requirement. No override needed; see edu-late-rent-reservation-fix-ne for the landlord-facing explanation of why lease text alone doesn't solve this and what actually does. | MN extended (Minnesota session, whole-library audit): generic non-waiver mechanics compatible with Minn. Stat. § 504B.177(a) — statute requires the written agreement to specify when the fee is imposed, which the {{late_fee_grace_days}} mechanic satisfies. Paired with late-fee-limit-mn for the 8% cap. | NE REMOVED 2026-08-31 (NE re-audit) — superseded by late-fee-ne. §76-1433 read verbatim from nebraskalegislature.gov. This clause's phrase 'or to pursue any other remedy available under this Lease' is UNQUALIFIED and therefore purports to preserve termination for the very breach §76-1433 says is waived. §5a.1 JUDGMENT — STATE-DRIVEN, not uniform: the fix was deliberately NOT propagated to CO, WY, or MN. A non-waiver clause preserving termination after accepting late rent is genuinely valuable where contract can preserve it, and none of those three has been shown to carry Nebraska's express statutory timing rule. Narrowing all four states would surrender real protection in three of them to solve a problem only one has. Structurally consistent with Kansas, which also took its own late-fee-ks override. | ND ADDED 2026-09-06 (ND re-audit, exhaustive generic-clause audit prompted by the checklist-to-CSV reconciliation screen). ND's ORIGINAL whole-library audit was written up in its log but largely never executed against the CSV -- ND was shipped 'complete' with 18 displayable LEASE_CLAUSE rows against 61-75 for CO/WY/KS/NE/MN. This row is generic boilerplate carrying no ND-specific statutory interaction; ND's ch. 47-16 was read in full from primary text this session and no conflict was identified. LIABILITY-LANGUAGE CHECK: North Dakota has NO enumerated prohibited-lease-provisions statute (confirmed this session -- § 47-16-02 is a maximum-term cap, and § 47-16-13.3 supplies only case-by-case unconscionability). The exculpation exposure that forced fixes to this clause family in KS and NE therefore does not arise for ND, same reasoning as the WY addendum. 5a.1 JUDGMENT: UNIFORM -- states field changed, clause TEXT unchanged, no re-review owed on existing tags. ND has NO statutory late-fee cap (confirmed: full read of ch. 47-16 contains no late-fee provision), so no figure conflict arises. Same non-outcome as WY. | SD ADDED 2026-09-07 (SD re-audit, Tier A of the L.2 exhaustive generic-clause audit). SD displayed only 13 LEASE_CLAUSE rows against 60-75 for every other state; 46 generics had no SD tag and no SD override. Triaged per L.2, not bulk-extended. Tier A = boilerplate with no SD statutory interaction, or self-limiting text that defers to applicable law. S5a.1 JUDGMENT: adding a state tag changes `states` only - no bodyText, rule_type or content_type change - so no other tagged state's rendering is affected and NO propagation to other state logs is owed. State-driven, not uniform. SD sets no statutory late-fee cap and no mandatory grace period, so the landlord-set fields create no conflict. The non-waiver sentence is also safe: SD has no waiver-by-acceptance rule of the NE S76-1433 / KS type. MATERIAL GAP CLOSED: SD previously had NO late-fee clause of any kind, and because SD law leaves late fees entirely to the lease, an SD lease generated without this clause could not charge a late fee at all.",2026-08-21,2026-09-07
returned-payments,Rent & Payment,Returned Checks / Dishonored Payments,CO;WY;KS;NE;MN;ND;SD,TRUE,,"If any payment of Rent is returned for insufficient funds or otherwise fails, Landlord may require that the payment be replaced by a cashier's check, certified check, or money order, and may charge Tenant a fee associated with the failed payment, not to exceed the maximum amount permitted by applicable law. If more than two of Tenant's payments during the Term are returned for insufficient funds, Landlord may require all future payments of Rent be made by cashier's check, certified check, or money order.",RECOMMENDED,LEASE_CLAUSE,VERIFIED,"CO added - verified this session (statute walk + full-library audit; content itself unchanged WY added 2026-08-21 (full-library cross-check pass): generic mechanics, no CO-specific statutory language or number, confirmed no conflict with WY findings from this project. | NE extended (session 2, whole-library generic-clause audit): generic mechanics, no NE-specific statutory language or number, confirmed no conflict with NE findings from this project. | MN extended (Minnesota session, whole-library audit): generic mechanics, already vetted against KS/NE's prohibited-lease-provisions statutes (the strictest bar found in this project to date) since this clause was already tagged KS;NE; no MN-specific statutory language or number identified in this session's statute walk that conflicts. No exculpatory/liability-waiver language present. | ND extended (North Dakota session 1): confirmed via enacted text of N.D.C.C. § 47-16-20.1 (provided directly by Taylor) that ND's 2025 payment-fee statute governs a different topic (fee for accepting cash/check/money order as a payment method) than returned/NSF payment fees. No conflict with this clause's generic mechanics; the actual NSF cap lives in Title 6 general banking law (§6-08-16), not landlord-tenant law, and isn't restated here. | KS CHECKED 2026-08-30 (v59 canvass): K.S.A. 60-2610(g) caps the service charge on a dishonored check at $30. This clause's unqualified 'any fee associated with the failed payment' was flagged as a possible conflict, since unlike landlords-access and holdover it carries NO self-limiting 'to the extent permitted by applicable law' language. TAYLOR'S DECISION: leave as is, no KS override. Reasoning: 60-2610(g) caps the charge the drawee/vendor imposes, and under this clause the landlord recovers that charge as a pass-through loss rather than setting its own fee, so the effective ceiling is $30 either way. See edu-nsf-fee-cap-ks. | Also confirmed for KS: no payment-method fee ban (no analog to N.D.C.C. 47-16-20.1); Kansas does not restrict charging for particular payment methods. | MN re-audit 2026-09-03: MN's returned-check fee cap identified (Minn. Stat. §604.113, $30 service charge) — see edu-returned-check-fee-cap-mn. NO CLAUSE EDIT MADE and no MN override created: this clause does not hardcode a dollar figure, so it does not conflict with the cap, matching the disposition WY reached for the same situation. §5a.1 JUDGMENT: the finding is STATE-DRIVEN (each state's bad-check statute differs — WY $30, MN $30, KS/NE/ND/SD各 their own), but requires no shared-clause change because the clause is figure-agnostic. Flagged instead: the clause's phrase 'may charge Tenant any fee associated with the failed payment' is unbounded on its face and could read as authorizing more than the statutory cap in every tagged state. NOT edited here — it is tagged CO;WY;KS;NE;MN;ND and a rewording triggers §5a.1 across six states. Recommend a scoped shared-clause pass. | SHARED-CLAUSE PASS 2026-09-03 (§5a.1). EDIT: 'may charge Tenant any fee associated with the failed payment' → 'a fee ... not to exceed the maximum amount permitted by applicable law.' §5a.1 JUDGMENT: **UNIFORM** — the self-limiting formulation is correct in every tagged state regardless of each state's specific figure; safe to inherit, no per-state override needed. TRIGGER: every one of the six tagged states has a cap and a row recording it (CO nsf-fee-limit-co; WY edu-returned-check-fee-cap-wy; KS edu-nsf-fee-cap-ks; NE edu-bad-check-restitution-vs-nsf-fee-ne; ND edu-returned-check-fee-cap-nd; MN edu-returned-check-fee-cap-mn, $30 under §604.113). The unbounded word 'any' was therefore wrong in all six simultaneously — a clause that promised landlords something no tagged state allows. | SD ADDED 2026-09-07 (SD re-audit, Tier A of the L.2 exhaustive generic-clause audit). SD displayed only 13 LEASE_CLAUSE rows against 60-75 for every other state; 46 generics had no SD tag and no SD override. Triaged per L.2, not bulk-extended. Tier A = boilerplate with no SD statutory interaction, or self-limiting text that defers to applicable law. S5a.1 JUDGMENT: adding a state tag changes `states` only - no bodyText, rule_type or content_type change - so no other tagged state's rendering is affected and NO propagation to other state logs is owed. State-driven, not uniform. Self-limiting - 'not to exceed the maximum amount permitted by applicable law' - so it survived the 57A-3-421 amendment from $40 to $60 without carrying a hardcoded figure. The clause that deferred held; the education row that hardcoded broke.",2026-08-21,2026-09-07
due-at-signing,Rent & Payment,Amounts Due Upfront,CO;WY;KS;NE;MN;ND;SD,TRUE,,"Tenant will pay Landlord the following amounts, at the time specified for each: [specify what is due and when here, e.g. first month's Monthly Rent ({{monthly_rent}}) due at signing; Security Deposit ({{security_deposit}}) due at signing; Pet Deposit ({{pet_deposit}}) due at signing; last month's Monthly Rent due on the Start Date]. These amounts are due in addition to, and are not credited against, Rent due for any other month of the Term.",RECOMMENDED,LEASE_CLAUSE,VERIFIED,"CO added - verified this session (statute walk + full-library audit; content itself unchanged WY added 2026-08-21 (full-library cross-check pass): generic mechanics, no CO-specific statutory language or number, confirmed no conflict with WY findings from this project. | NE extended (session 2, whole-library generic-clause audit): generic mechanics, no NE-specific statutory language or number, confirmed no conflict with NE findings from this project. | MN extended (Minnesota session, whole-library audit): generic mechanics, already vetted against KS/NE's prohibited-lease-provisions statutes (the strictest bar found in this project to date) since this clause was already tagged KS;NE; no MN-specific statutory language or number identified in this session's statute walk that conflicts. No exculpatory/liability-waiver language present. | ND ADDED 2026-09-06 (ND re-audit, exhaustive generic-clause audit prompted by the checklist-to-CSV reconciliation screen). ND's ORIGINAL whole-library audit was written up in its log but largely never executed against the CSV -- ND was shipped 'complete' with 18 displayable LEASE_CLAUSE rows against 61-75 for CO/WY/KS/NE/MN. This row is generic boilerplate carrying no ND-specific statutory interaction; ND's ch. 47-16 was read in full from primary text this session and no conflict was identified. LIABILITY-LANGUAGE CHECK: North Dakota has NO enumerated prohibited-lease-provisions statute (confirmed this session -- § 47-16-02 is a maximum-term cap, and § 47-16-13.3 supplies only case-by-case unconscionability). The exculpation exposure that forced fixes to this clause family in KS and NE therefore does not arise for ND, same reasoning as the WY addendum. 5a.1 JUDGMENT: UNIFORM -- states field changed, clause TEXT unchanged, no re-review owed on existing tags. | SD ADDED 2026-09-07 (SD re-audit, Tier A of the L.2 exhaustive generic-clause audit). SD displayed only 13 LEASE_CLAUSE rows against 60-75 for every other state; 46 generics had no SD tag and no SD override. Triaged per L.2, not bulk-extended. Tier A = boilerplate with no SD statutory interaction, or self-limiting text that defers to applicable law. S5a.1 JUDGMENT: adding a state tag changes `states` only - no bodyText, rule_type or content_type change - so no other tagged state's rendering is affected and NO propagation to other state logs is owed. State-driven, not uniform.",2026-08-21,2026-09-07
application-of-payments,Rent & Payment,Application of Payments,CO;WY;KS;NE;MN;ND;SD,TRUE,,"All payments received shall be applied first to outstanding fees, charges, costs, utilities, or other amounts due under this Lease, and then to base rent, unless otherwise required by applicable law. Nothing in this provision limits Tenant's statutory right to cure nonpayment of base rent.",CONSTRAINED,LEASE_CLAUSE,VERIFIED,"CO added - verified this session (statute walk + full-library audit; content itself unchanged WY added 2026-08-21 (full-library cross-check pass): generic mechanics, no CO-specific statutory language or number, confirmed no conflict with WY findings from this project. | NE extended (session 2, whole-library generic-clause audit): generic mechanics, no NE-specific statutory language or number, confirmed no conflict with NE findings from this project. | MN extended (Minnesota session, whole-library audit): generic mechanics, already vetted against KS/NE's prohibited-lease-provisions statutes (the strictest bar found in this project to date) since this clause was already tagged KS;NE; no MN-specific statutory language or number identified in this session's statute walk that conflicts. No exculpatory/liability-waiver language present. | ND ADDED 2026-09-06 (ND re-audit, exhaustive generic-clause audit prompted by the checklist-to-CSV reconciliation screen). ND's ORIGINAL whole-library audit was written up in its log but largely never executed against the CSV -- ND was shipped 'complete' with 18 displayable LEASE_CLAUSE rows against 61-75 for CO/WY/KS/NE/MN. This row is generic boilerplate carrying no ND-specific statutory interaction; ND's ch. 47-16 was read in full from primary text this session and no conflict was identified. LIABILITY-LANGUAGE CHECK: North Dakota has NO enumerated prohibited-lease-provisions statute (confirmed this session -- § 47-16-02 is a maximum-term cap, and § 47-16-13.3 supplies only case-by-case unconscionability). The exculpation exposure that forced fixes to this clause family in KS and NE therefore does not arise for ND, same reasoning as the WY addendum. 5a.1 JUDGMENT: UNIFORM -- states field changed, clause TEXT unchanged, no re-review owed on existing tags. | SD ADDED 2026-09-07 (SD re-audit, Tier A of the L.2 exhaustive generic-clause audit). SD displayed only 13 LEASE_CLAUSE rows against 60-75 for every other state; 46 generics had no SD tag and no SD override. Triaged per L.2, not bulk-extended. Tier A = boilerplate with no SD statutory interaction, or self-limiting text that defers to applicable law. S5a.1 JUDGMENT: adding a state tag changes `states` only - no bodyText, rule_type or content_type change - so no other tagged state's rendering is affected and NO propagation to other state logs is owed. State-driven, not uniform. NOTE: the closing savings sentence references 'Tenant's statutory right to cure nonpayment of base rent', a right SD does not have since the 2024 repeal of SDCL 21-16-2. INERT in SD, not false - it saves a right that does not exist rather than asserting one does. Flagged as an override candidate if a reader could be misled.",2026-08-21,2026-09-07
late-fee-limit-co,Rent & Payment,Late Fee Limit,CO,TRUE,,"Any late fee assessed under this Lease will not exceed the greater of $50.00 or 5% of the amount of Rent past due, and no late fee will be assessed until at least 7 days after Rent is due, as required by Colorado law.",CONSTRAINED,LEASE_CLAUSE,VERIFIED,"UNCHANGED - pre-existing tag from before this project, not touched this session | Re-verified 2026-08-20: figures confirmed current and accurate, no change needed.",2026-08-20,2026-08-20
nsf-fee-limit-co,Rent & Payment,NSF Fee Limit,CO,TRUE,,"If any payment under this Lease is dishonored or returned unpaid, Tenant will be responsible for a reasonable returned-payment charge, consistent with Colorado's dishonored-instrument statute (C.R.S. 13-21-109), plus any actual bank charges Landlord incurs. This charge is not Rent, is not subject to any late fee applicable to Rent, and will not be characterized as Rent for purposes of any remedy available for nonpayment of Rent.",CONSTRAINED,LEASE_CLAUSE,VERIFIED,"UNCHANGED - pre-existing tag from before this project, not touched this session | Re-verified 2026-08-20: figures confirmed current and accurate, no change needed. | AUDIT 2026-08-27 (Opus/high/research re-audit): MATERIAL CORRECTION - prior clause asserted a $20 per-occurrence cap 'as required by Colorado law' citing C.R.S. 13-40-107(4). That citation is wrong (13-40-107 is the notice-to-quit statute) and no Colorado statute sets a flat $20 landlord NSF cap; $20 is a repeated industry figure. Correct authority is the dishonored-instrument statute, C.R.S. 13-21-109. Reframed as a reasonable charge and expressly marked non-Rent to stay clear of 38-12-801(3)(a)(V).",2026-08-20,2026-08-27
late-fee-limit-ny,Rent & Payment,Late Fee Limit,NY,FALSE,,"Any late fee assessed under this Lease will not exceed the lesser of $50.00 or 5% of Monthly Rent, and no late fee will be assessed until at least 5 days after Rent is due, as required by New York law.",CONSTRAINED,LEASE_CLAUSE,UNVERIFIED,"UNCHANGED - pre-existing tag from before this project, not touched this session",,2026-09-03
late-fee-limit-md,Rent & Payment,Late Fee Limit,MD,FALSE,,"Any late fee assessed under this Lease will not exceed 5% of the amount of Rent past due, as required by Maryland law.",CONSTRAINED,LEASE_CLAUSE,UNVERIFIED,"UNCHANGED - pre-existing tag from before this project, not touched this session",,2026-09-03
late-fee-limit-mn,Rent & Payment,Late Fee Limit,MN,FALSE,,"Any late fee assessed under this Lease will not exceed 8% of the overdue payment, and must be agreed to in writing by both parties, as required by Minnesota law.",CONSTRAINED,LEASE_CLAUSE,VERIFIED,"MN verified (Minnesota session, statute walk): confirmed against Minn. Stat. § 504B.177(a) directly from revisor.mn.gov. Cap is 8% of the overdue rent payment; written agreement required specifying when the fee applies. Text as originally tagged was already accurate.",2026-08-23,2026-08-23
late-fee-limit-hi,Rent & Payment,Late Fee Limit,HI,FALSE,,"Any late fee assessed under this Lease will not exceed 8% of the Rent due, as required by Hawaii law.",CONSTRAINED,LEASE_CLAUSE,UNVERIFIED,"UNCHANGED - pre-existing tag from before this project, not touched this session",,2026-09-03
late-fee-limit-tn,Rent & Payment,Late Fee Limit,TN,FALSE,,"In a county to which Tennessee's Uniform Residential Landlord and Tenant Act applies (generally a county with a population over 75,000), any late fee assessed under this Lease will not exceed 10% of the Rent past due, and no late fee will be assessed until at least 5 days after Rent is due, as required by Tennessee law.",CONSTRAINED,LEASE_CLAUSE,UNVERIFIED,"UNCHANGED - pre-existing tag from before this project, not touched this session",,2026-09-03
late-fee-limit-va,Rent & Payment,Late Fee Limit,VA,FALSE,,"Any late fee assessed under this Lease will not exceed the lesser of 10% of the periodic Rent or 10% of the remaining balance due under this Lease, as required by Virginia law.",CONSTRAINED,LEASE_CLAUSE,UNVERIFIED,"UNCHANGED - pre-existing tag from before this project, not touched this session",,2026-09-03
late-fee-limit-nc,Rent & Payment,Late Fee Limit,NC,FALSE,,"Any late fee assessed under this Lease will not exceed the greater of $15.00 or 5% of Monthly Rent, and no late fee will be assessed until at least 5 days after Rent is due, as required by North Carolina law.",CONSTRAINED,LEASE_CLAUSE,UNVERIFIED,"UNCHANGED - pre-existing tag from before this project, not touched this session",,2026-09-03
late-fee-limit-me,Rent & Payment,Late Fee Limit,ME,FALSE,,"Any late fee assessed under this Lease will not exceed 4% of one month's Rent, and no late fee will be assessed until at least 15 days after Rent is due. Landlord will provide Tenant written notice of this late fee policy at signing, as required by Maine law.",CONSTRAINED,LEASE_CLAUSE,UNVERIFIED,"UNCHANGED - pre-existing tag from before this project, not touched this session",,2026-09-03
late-fee-safe-harbor-tx,Rent & Payment,Late Fee Safe Harbor,TX,FALSE,,"Any late fee assessed under this Lease is intended to be a reasonable estimate of Landlord's damages from a late payment of Rent, consistent with Texas law, and will not exceed 12% of one rental period's Rent for a property with 4 or fewer units, or 10% of one rental period's Rent for a property with more than 4 units. No late fee will be assessed until at least 2 days after Rent is due.",CONSTRAINED,LEASE_CLAUSE,UNVERIFIED,"UNCHANGED - pre-existing tag from before this project, not touched this session",,2026-09-03
late-fee-limit-de,Rent & Payment,Late Fee Limit,DE,FALSE,,"Any late fee assessed under this Lease will not exceed 5% of Monthly Rent, and no late fee will be assessed until at least 5 days after Rent is due (8 days if Landlord has no office in the county where the property is located), as required by Delaware law.",CONSTRAINED,LEASE_CLAUSE,UNVERIFIED,"UNCHANGED - pre-existing tag from before this project, not touched this session",,2026-09-03
late-fee-limit-or,Rent & Payment,Late Fee Limit,OR,FALSE,,"Any late fee assessed under this Lease will follow one of the fee structures permitted under Oregon law: a single reasonable flat fee, a daily fee not exceeding 6% of a reasonable flat fee, or 5% of Rent assessed no more than once per 5-day period Rent remains unpaid. No late fee will be assessed until at least 4 days after Rent is due.",CONSTRAINED,LEASE_CLAUSE,UNVERIFIED,"UNCHANGED - pre-existing tag from before this project, not touched this session",,2026-09-03
late-fee-safe-harbor-ca,Rent & Payment,Late Fee Guidance,CA,FALSE,,"California does not set a statutory cap on late fees, but any late fee under this Lease is intended to be a reasonable estimate of Landlord's actual damages from a late payment — a fee significantly higher than Landlord's actual costs risks being unenforceable as a penalty under California law.",CONSTRAINED,LEASE_CLAUSE,UNVERIFIED,"UNCHANGED - pre-existing tag from before this project, not touched this session",,2026-09-03
nsf-fee-limit-ca,Rent & Payment,NSF Fee Limit,CA,FALSE,,"Any fee charged for a dishonored or returned payment under this Lease will not exceed $25.00 for a first occurrence or $35.00 for each subsequent occurrence, as required by California law.",CONSTRAINED,LEASE_CLAUSE,UNVERIFIED,"UNCHANGED - pre-existing tag from before this project, not touched this session",,2026-09-03
nsf-fee-limit-fl,Rent & Payment,NSF Fee Limit,FL,FALSE,,"Any fee charged for a dishonored or returned payment under this Lease will not exceed $25.00 for a check of $50.00 or less, $30.00 for a check between $50.01 and $300.00, or the greater of $40.00 or 5% of the check amount for a check over $300.00, as required by Florida law.",CONSTRAINED,LEASE_CLAUSE,UNVERIFIED,"UNCHANGED - pre-existing tag from before this project, not touched this session",,2026-09-03
nsf-fee-limit-or,Rent & Payment,NSF Fee Limit,OR,FALSE,,"Any fee charged for a dishonored or returned payment under this Lease will not exceed $35.00, plus any actual bank charges Landlord incurs as a result, as required by Oregon law.",CONSTRAINED,LEASE_CLAUSE,UNVERIFIED,"UNCHANGED - pre-existing tag from before this project, not touched this session",,2026-09-03
nsf-fee-limit-pa,Rent & Payment,NSF Fee Limit,PA,FALSE,,"Any fee charged for a dishonored or returned payment under this Lease will not exceed $50.00, or the actual fee Landlord's bank charges if higher, as required by Pennsylvania law.",CONSTRAINED,LEASE_CLAUSE,UNVERIFIED,"UNCHANGED - pre-existing tag from before this project, not touched this session",,2026-09-03
nsf-fee-limit-tx,Rent & Payment,NSF Fee Limit,TX,FALSE,,"Any processing fee charged for a dishonored or returned payment under this Lease will not exceed $30.00, in addition to any fee the bank itself assesses, as required by Texas law.",CONSTRAINED,LEASE_CLAUSE,UNVERIFIED,"UNCHANGED - pre-existing tag from before this project, not touched this session",,2026-09-03
nsf-fee-limit-hi,Rent & Payment,NSF Fee Limit,HI,FALSE,,"Any fee charged for a dishonored or returned payment under this Lease will not exceed $30.00, as required by Hawaii law.",CONSTRAINED,LEASE_CLAUSE,UNVERIFIED,"UNCHANGED - pre-existing tag from before this project, not touched this session",,2026-09-03
security-deposit-use,Security Deposit,Use of Security Deposit,CO;NE;MN;ND;SD;WY,TRUE,,"Tenant shall pay Landlord a security deposit of {{security_deposit}} (Security Deposit) prior to occupancy. Landlord may apply the Security Deposit to remedy a Tenant default under this Lease, including past due Rent, and to repair damage to the property caused by Tenant or Tenant's guests beyond ordinary wear and tear. Landlord will not apply the Security Deposit to normal wear and tear or to any damage or defective condition that preexisted the tenancy. Landlord may apply the Security Deposit to cleaning costs only if the property is substantially less clean at the end of the Term than it was at the start of the Term. The Security Deposit will not relieve Tenant of any obligation to pay Rent due under this Lease prior to its termination.",REQUIRED/PROHIBITED,LEASE_CLAUSE,VERIFIED,"CO added - verified this session (statute walk + full-library audit; content itself EDITED this session | NE extended (session 6, closing the last open NE item): Neb. Rev. Stat. §76-1416(2) permits applying the deposit 'to the payment of rent and the amount of damages which the landlord has suffered by reason of the tenant's noncompliance with the rental agreement or section 76-1421' — substantively the same rent-plus-damages-beyond-wear-and-tear framing this clause already uses. No last-month's-rent restriction like Kansas's, so no override needed. Not extended to WY in this pass — WY currently has no clause of this type at all (security-deposit-use-wy doesn't exist), a separate, pre-existing gap noticed while resolving this, not fixed here since it's outside this session's Nebraska-specific scope. | MN extended (Minnesota session, whole-library audit): matches Minn. Stat. § 504B.178, subd. 3(b) — landlord may withhold only for rent defaults and to restore the property, ordinary wear and tear excepted. No conflict. | ND extended (North Dakota session 1, statute walk): N.D.C.C. § 47-16-07.1(3) permits application to pet/negligence damage, unpaid rent, and cleaning/repair costs necessary to restore the property, reasonable wear and tear excepted — compatible with this clause's existing self-limiting language. No ND-specific override needed. | SD extended (South Dakota session 1, whole-library generic-clause audit): SDCL 43-32-6.1's deposit-application concept (deposit secures performance of the rental agreement) is compatible with the generic's existing self-limiting language (default/damage beyond wear-and-tear, not preexisting conditions); no SD-specific override needed for the use/application language itself. Return mechanics are SD-specific and handled separately by security-deposit-return-sd. | WY ADDED 2026-08-28 (deposit split, Taylor's decision): WY previously folded application language into security-deposit-return-wy. Split to the CO pattern. Compatible with Wyo. Stat. 1-21-1208(a). TWO DELIBERATE GIVEAWAYS accepted: (1) cleaning deductions only if 'substantially less clean', vs 1208(a)'s 'clean to the condition at start'; (2) 1208(a)'s catch-all 'any other costs this Lease provides for' not carried over. Both more tenant-favorable than WY requires.",2026-08-18,2026-08-28
security-deposit-return,Security Deposit,Return of Security Deposit,,TRUE,,"The Security Deposit, less any lawful deductions, will be returned to Tenant within the time period required by applicable law after Tenant vacates the property upon expiration or earlier termination of this Lease. Any deductions will be described in an itemized statement provided with the returned portion of the deposit. Tenant will provide Landlord a forwarding address to which the Security Deposit and itemized statement should be sent.",REQUIRED,LEASE_CLAUSE,VERIFIED,"CO added - verified this session (statute walk + full-library audit; content itself unchanged | Display-collision bug fixed (session 7, full-library supersedes audit): CO removed — already covered by a state-specific override that supersedes this row; both versions were displaying simultaneously before this fix.",,
security-deposit-cap-ga,Security Deposit,Security Deposit Cap,GA,FALSE,,"The Security Deposit under this Lease, including any pet deposit or other refundable deposit, will not exceed two months' Monthly Rent, as required by Georgia law. The Security Deposit will be returned to Tenant within 30 days after Tenant vacates the property.",CONSTRAINED,LEASE_CLAUSE,UNVERIFIED,"UNCHANGED - pre-existing tag from before this project, not touched this session",,2026-09-03
security-deposit-cap-md,Security Deposit,Security Deposit Cap,MD,FALSE,,"The Security Deposit under this Lease will not exceed one month's Monthly Rent, as required by Maryland law.",CONSTRAINED,LEASE_CLAUSE,UNVERIFIED,"UNCHANGED - pre-existing tag from before this project, not touched this session",,2026-09-03
security-deposit-cap-ct,Security Deposit,Security Deposit Cap,CT,FALSE,,"The Security Deposit under this Lease will not exceed two months' Monthly Rent, or one month's Monthly Rent if Tenant is 62 years of age or older at the time the Security Deposit is paid, as required by Connecticut law.",CONSTRAINED,LEASE_CLAUSE,UNVERIFIED,"UNCHANGED - pre-existing tag from before this project, not touched this session",,2026-09-03
security-deposit-return-ny-hi,Security Deposit,Security Deposit Return Deadline,NY;HI,FALSE,security-deposit-return,"The Security Deposit, less any lawful deductions, will be returned to Tenant within 14 days after Tenant vacates the property, as required by law in these states. Any deductions will be described in an itemized statement provided with the returned portion of the deposit. Tenant will provide Landlord a forwarding address to which the Security Deposit and itemized statement should be sent.",CONSTRAINED,LEASE_CLAUSE,UNVERIFIED,"UNCHANGED - pre-existing tag from before this project, not touched this session",,2026-09-03
security-deposit-return-wv,Security Deposit,Security Deposit Return Deadline,WV,FALSE,security-deposit-return,"The Security Deposit, less any lawful deductions, will be returned to Tenant within 60 days after Tenant vacates the property, or within 45 days if a new tenant takes possession of the property sooner, as required by West Virginia law. Any deductions will be described in an itemized statement provided with the returned portion of the deposit. Tenant will provide Landlord a forwarding address to which the Security Deposit and itemized statement should be sent.",CONSTRAINED,LEASE_CLAUSE,UNVERIFIED,"UNCHANGED - pre-existing tag from before this project, not touched this session",,2026-09-03
security-deposit-interest-ct,Security Deposit,Security Deposit Interest,CT,FALSE,,"Landlord will hold the Security Deposit in an escrow account and will pay Tenant interest on the Security Deposit, less an administrative fee of up to 1%, as required by Connecticut law.",REQUIRED,LEASE_CLAUSE,UNVERIFIED,"UNCHANGED - pre-existing tag from before this project, not touched this session",,2026-09-03
security-deposit-interest-md,Security Deposit,Security Deposit Interest,MD,FALSE,,Landlord will pay Tenant interest on the Security Deposit at the rate required by Maryland law.,REQUIRED,LEASE_CLAUSE,UNVERIFIED,"UNCHANGED - pre-existing tag from before this project, not touched this session",,2026-09-03
security-deposit-interest-ma,Security Deposit,Security Deposit Interest,MA,FALSE,,"Landlord will hold the Security Deposit in a separate interest-bearing account and will pay Tenant interest on the Security Deposit, as required by Massachusetts law.",REQUIRED,LEASE_CLAUSE,UNVERIFIED,"UNCHANGED - pre-existing tag from before this project, not touched this session",,2026-09-03
security-deposit-interest-nj,Security Deposit,Security Deposit Interest,NJ,FALSE,,"Landlord will hold the Security Deposit in an insured interest-bearing account and will pay Tenant interest on the Security Deposit annually, as required by New Jersey law.",REQUIRED,LEASE_CLAUSE,UNVERIFIED,"UNCHANGED - pre-existing tag from before this project, not touched this session",,2026-09-03
security-deposit-interest-oh,Security Deposit,Security Deposit Interest,OH,FALSE,,"If the Term of this Lease exceeds 6 months, Landlord will pay Tenant interest on the Security Deposit at the rate required by Ohio law.",REQUIRED,LEASE_CLAUSE,UNVERIFIED,"UNCHANGED - pre-existing tag from before this project, not touched this session",,2026-09-03
residential-use-only,Tenant Responsibilities,Residential Use Only,CO;WY;KS;NE;MN;ND;SD,TRUE,,"Tenant will use and occupy the property for residential purposes only and will not use or permit the use of the property for any non-residential, illegal, or otherwise inappropriate purpose, including any commercial purpose.",RECOMMENDED,LEASE_CLAUSE,VERIFIED,"CO added - verified this session (statute walk + full-library audit; content itself unchanged WY added 2026-08-21 (full-library cross-check pass): generic mechanics, no CO-specific statutory language or number, confirmed no conflict with WY findings from this project. | NE extended (session 2, whole-library generic-clause audit): generic mechanics, no NE-specific statutory language or number, confirmed no conflict with NE findings from this project. | MN extended (Minnesota session, whole-library audit): generic mechanics, already vetted against KS/NE's prohibited-lease-provisions statutes (the strictest bar found in this project to date) since this clause was already tagged KS;NE; no MN-specific statutory language or number identified in this session's statute walk that conflicts. No exculpatory/liability-waiver language present. | ND ADDED 2026-09-06 (ND re-audit, exhaustive generic-clause audit prompted by the checklist-to-CSV reconciliation screen). ND's ORIGINAL whole-library audit was written up in its log but largely never executed against the CSV -- ND was shipped 'complete' with 18 displayable LEASE_CLAUSE rows against 61-75 for CO/WY/KS/NE/MN. This row is generic boilerplate carrying no ND-specific statutory interaction; ND's ch. 47-16 was read in full from primary text this session and no conflict was identified. LIABILITY-LANGUAGE CHECK: North Dakota has NO enumerated prohibited-lease-provisions statute (confirmed this session -- § 47-16-02 is a maximum-term cap, and § 47-16-13.3 supplies only case-by-case unconscionability). The exculpation exposure that forced fixes to this clause family in KS and NE therefore does not arise for ND, same reasoning as the WY addendum. 5a.1 JUDGMENT: UNIFORM -- states field changed, clause TEXT unchanged, no re-review owed on existing tags. | SD ADDED 2026-09-07 (SD re-audit, Tier A of the L.2 exhaustive generic-clause audit). SD displayed only 13 LEASE_CLAUSE rows against 60-75 for every other state; 46 generics had no SD tag and no SD override. Triaged per L.2, not bulk-extended. Tier A = boilerplate with no SD statutory interaction, or self-limiting text that defers to applicable law. S5a.1 JUDGMENT: adding a state tag changes `states` only - no bodyText, rule_type or content_type change - so no other tagged state's rendering is affected and NO propagation to other state logs is owed. State-driven, not uniform.",2026-08-21,2026-09-07
existing-condition,Tenant Responsibilities,Existing Condition of Property,CO;WY;KS;NE;MN;ND;SD,TRUE,,"Tenant has examined the property and, by signing this Lease, acknowledges that the property is in good order and repair and satisfactory condition (Existing Condition), except as otherwise noted in this Lease. Landlord will deliver possession of the property to Tenant on the Start Date in the same or better condition as the Existing Condition, except for ordinary wear and tear.",RECOMMENDED,LEASE_CLAUSE,VERIFIED,"CO added - verified this session (statute walk + full-library audit; content itself unchanged WY added 2026-08-21 via cross-check pass (gap-discovery source #2, WY decision log §7): bodyText is a generic contractual acknowledgment with no CO-specific statutory reference, and nothing in WY Article 12/13 or elsewhere conflicts with or modifies this kind of representation. Extended to WY rather than marked universal outright, per the standing rule that universal status must be explicitly earned per-state, not assumed from two states agreeing. | NE extended (session 2, whole-library generic-clause audit): generic mechanics, no NE-specific statutory language or number, confirmed no conflict with NE findings from this project. | MN extended (Minnesota session, whole-library audit): generic mechanics, already vetted against KS/NE's prohibited-lease-provisions statutes (the strictest bar found in this project to date) since this clause was already tagged KS;NE; no MN-specific statutory language or number identified in this session's statute walk that conflicts. No exculpatory/liability-waiver language present. | ND ADDED 2026-09-06 (ND re-audit, exhaustive generic-clause audit prompted by the checklist-to-CSV reconciliation screen). ND's ORIGINAL whole-library audit was written up in its log but largely never executed against the CSV -- ND was shipped 'complete' with 18 displayable LEASE_CLAUSE rows against 61-75 for CO/WY/KS/NE/MN. This row is generic boilerplate carrying no ND-specific statutory interaction; ND's ch. 47-16 was read in full from primary text this session and no conflict was identified. LIABILITY-LANGUAGE CHECK: North Dakota has NO enumerated prohibited-lease-provisions statute (confirmed this session -- § 47-16-02 is a maximum-term cap, and § 47-16-13.3 supplies only case-by-case unconscionability). The exculpation exposure that forced fixes to this clause family in KS and NE therefore does not arise for ND, same reasoning as the WY addendum. 5a.1 JUDGMENT: UNIFORM -- states field changed, clause TEXT unchanged, no re-review owed on existing tags. | SD ADDED 2026-09-07 (SD re-audit, Tier A of the L.2 exhaustive generic-clause audit). SD displayed only 13 LEASE_CLAUSE rows against 60-75 for every other state; 46 generics had no SD tag and no SD override. Triaged per L.2, not bulk-extended. Tier A = boilerplate with no SD statutory interaction, or self-limiting text that defers to applicable law. S5a.1 JUDGMENT: adding a state tag changes `states` only - no bodyText, rule_type or content_type change - so no other tagged state's rendering is affected and NO propagation to other state logs is owed. State-driven, not uniform.",2026-08-21,2026-09-07
permitted-occupants,Tenant Responsibilities,Permitted Occupants,CO;WY;KS;NE;MN;ND;SD,TRUE,,"The property will be occupied only by {{tenant_names}}, together with {{occupant_names}}. Tenant will notify Landlord promptly if any additional occupant takes up residence at the property.",RECOMMENDED,LEASE_CLAUSE,VERIFIED,"CO added - verified this session (statute walk + full-library audit; content itself unchanged WY added 2026-08-21 (full-library cross-check pass): generic mechanics, no CO-specific statutory language or number, confirmed no conflict with WY findings from this project. | NE extended (session 2, whole-library generic-clause audit): generic mechanics, no NE-specific statutory language or number, confirmed no conflict with NE findings from this project. | MN extended (Minnesota session, whole-library audit): generic mechanics, already vetted against KS/NE's prohibited-lease-provisions statutes (the strictest bar found in this project to date) since this clause was already tagged KS;NE; no MN-specific statutory language or number identified in this session's statute walk that conflicts. No exculpatory/liability-waiver language present. | ND ADDED 2026-09-06 (ND re-audit, exhaustive generic-clause audit prompted by the checklist-to-CSV reconciliation screen). ND's ORIGINAL whole-library audit was written up in its log but largely never executed against the CSV -- ND was shipped 'complete' with 18 displayable LEASE_CLAUSE rows against 61-75 for CO/WY/KS/NE/MN. This row is generic boilerplate carrying no ND-specific statutory interaction; ND's ch. 47-16 was read in full from primary text this session and no conflict was identified. LIABILITY-LANGUAGE CHECK: North Dakota has NO enumerated prohibited-lease-provisions statute (confirmed this session -- § 47-16-02 is a maximum-term cap, and § 47-16-13.3 supplies only case-by-case unconscionability). The exculpation exposure that forced fixes to this clause family in KS and NE therefore does not arise for ND, same reasoning as the WY addendum. 5a.1 JUDGMENT: UNIFORM -- states field changed, clause TEXT unchanged, no re-review owed on existing tags. | SD ADDED 2026-09-07 (SD re-audit, Tier A of the L.2 exhaustive generic-clause audit). SD displayed only 13 LEASE_CLAUSE rows against 60-75 for every other state; 46 generics had no SD tag and no SD override. Triaged per L.2, not bulk-extended. Tier A = boilerplate with no SD statutory interaction, or self-limiting text that defers to applicable law. S5a.1 JUDGMENT: adding a state tag changes `states` only - no bodyText, rule_type or content_type change - so no other tagged state's rendering is affected and NO propagation to other state logs is owed. State-driven, not uniform.",2026-08-21,2026-09-07
no-disturbance,Tenant Responsibilities,No Disturbance or Nuisance,CO;WY;KS;NE;MN;ND;SD,TRUE,,"Tenant will not, and will not permit any occupant or guest to: make any unreasonably loud or otherwise unreasonable use of the property; allow any condition on the property that poses a threat of injury to persons or property; or otherwise interfere with the rights, comfort, safety, or enjoyment of neighboring properties or other tenants.",RECOMMENDED,LEASE_CLAUSE,VERIFIED,"CO added - verified this session (statute walk + full-library audit; content itself unchanged WY added 2026-08-21 (full-library cross-check pass): generic mechanics, no CO-specific statutory language or number, confirmed no conflict with WY findings from this project. | NE extended (session 2, whole-library generic-clause audit): generic mechanics, no NE-specific statutory language or number, confirmed no conflict with NE findings from this project. | MN extended (Minnesota session, whole-library audit): generic mechanics, already vetted against KS/NE's prohibited-lease-provisions statutes (the strictest bar found in this project to date) since this clause was already tagged KS;NE; no MN-specific statutory language or number identified in this session's statute walk that conflicts. No exculpatory/liability-waiver language present. | ND ADDED 2026-09-06 (ND re-audit, exhaustive generic-clause audit prompted by the checklist-to-CSV reconciliation screen). ND's ORIGINAL whole-library audit was written up in its log but largely never executed against the CSV -- ND was shipped 'complete' with 18 displayable LEASE_CLAUSE rows against 61-75 for CO/WY/KS/NE/MN. This row is generic boilerplate carrying no ND-specific statutory interaction; ND's ch. 47-16 was read in full from primary text this session and no conflict was identified. LIABILITY-LANGUAGE CHECK: North Dakota has NO enumerated prohibited-lease-provisions statute (confirmed this session -- § 47-16-02 is a maximum-term cap, and § 47-16-13.3 supplies only case-by-case unconscionability). The exculpation exposure that forced fixes to this clause family in KS and NE therefore does not arise for ND, same reasoning as the WY addendum. 5a.1 JUDGMENT: UNIFORM -- states field changed, clause TEXT unchanged, no re-review owed on existing tags. | SD ADDED 2026-09-07 (SD re-audit, Tier A of the L.2 exhaustive generic-clause audit). SD displayed only 13 LEASE_CLAUSE rows against 60-75 for every other state; 46 generics had no SD tag and no SD override. Triaged per L.2, not bulk-extended. Tier A = boilerplate with no SD statutory interaction, or self-limiting text that defers to applicable law. S5a.1 JUDGMENT: adding a state tag changes `states` only - no bodyText, rule_type or content_type change - so no other tagged state's rendering is affected and NO propagation to other state logs is owed. State-driven, not uniform.",2026-08-21,2026-09-07
smoking-policy,Tenant Responsibilities,Smoking Policy,CO;WY;KS;NE;MN;ND;SD,TRUE,,"Smoking of any kind, including tobacco, marijuana, and vaping, is not permitted anywhere on the property, including inside the dwelling, on porches, balconies, or in any common area. Tenant will be responsible for any cost Landlord incurs to remediate odor, staining, or damage caused by smoking in violation of this Section, and a violation may be treated as a default under this Lease.",RECOMMENDED,LEASE_CLAUSE,VERIFIED,"CO added - verified this session (statute walk + full-library audit; content itself unchanged WY added 2026-08-21 (full-library cross-check pass): generic mechanics, no CO-specific statutory language or number, confirmed no conflict with WY findings from this project. | NE extended (session 2, whole-library generic-clause audit): generic mechanics, no NE-specific statutory language or number, confirmed no conflict with NE findings from this project. | MN extended (Minnesota session, whole-library audit): generic mechanics, already vetted against KS/NE's prohibited-lease-provisions statutes (the strictest bar found in this project to date) since this clause was already tagged KS;NE; no MN-specific statutory language or number identified in this session's statute walk that conflicts. No exculpatory/liability-waiver language present. | ND ADDED 2026-09-06 (ND re-audit, exhaustive generic-clause audit prompted by the checklist-to-CSV reconciliation screen). ND's ORIGINAL whole-library audit was written up in its log but largely never executed against the CSV -- ND was shipped 'complete' with 18 displayable LEASE_CLAUSE rows against 61-75 for CO/WY/KS/NE/MN. This row is generic boilerplate carrying no ND-specific statutory interaction; ND's ch. 47-16 was read in full from primary text this session and no conflict was identified. LIABILITY-LANGUAGE CHECK: North Dakota has NO enumerated prohibited-lease-provisions statute (confirmed this session -- § 47-16-02 is a maximum-term cap, and § 47-16-13.3 supplies only case-by-case unconscionability). The exculpation exposure that forced fixes to this clause family in KS and NE therefore does not arise for ND, same reasoning as the WY addendum. 5a.1 JUDGMENT: UNIFORM -- states field changed, clause TEXT unchanged, no re-review owed on existing tags. | SD ADDED 2026-09-07 (SD re-audit, Tier A of the L.2 exhaustive generic-clause audit). SD displayed only 13 LEASE_CLAUSE rows against 60-75 for every other state; 46 generics had no SD tag and no SD override. Triaged per L.2, not bulk-extended. Tier A = boilerplate with no SD statutory interaction, or self-limiting text that defers to applicable law. S5a.1 JUDGMENT: adding a state tag changes `states` only - no bodyText, rule_type or content_type change - so no other tagged state's rendering is affected and NO propagation to other state logs is owed. State-driven, not uniform.",2026-08-21,2026-09-07
utilities-responsibility,Tenant Responsibilities,Utilities Paid by Tenant,CO;WY;KS;NE;MN;ND;SD,TRUE,,"Except for any utility Landlord agrees in this Lease to provide, Tenant is responsible for arranging and paying directly to the service provider for all other utilities and services to the property, including electricity, gas, telephone, cable, and internet, as applicable.",RECOMMENDED,LEASE_CLAUSE,VERIFIED,"CO added - verified this session (statute walk + full-library audit; content itself unchanged WY added 2026-08-21 (full-library cross-check pass): generic mechanics, no CO-specific statutory language or number, confirmed no conflict with WY findings from this project. | NE extended (session 2, whole-library generic-clause audit): generic mechanics, no NE-specific statutory language or number, confirmed no conflict with NE findings from this project. | MN extended (Minnesota session, whole-library audit): generic mechanics compatible for directly-metered units. Shared-metered buildings are governed separately by utility-apportionment-mn (Minn. Stat. § 504B.216) — see that clause and its CONDITIONAL trigger. | ND ADDED 2026-09-06 (ND re-audit, exhaustive generic-clause audit prompted by the checklist-to-CSV reconciliation screen). ND's ORIGINAL whole-library audit was written up in its log but largely never executed against the CSV -- ND was shipped 'complete' with 18 displayable LEASE_CLAUSE rows against 61-75 for CO/WY/KS/NE/MN. This row is generic boilerplate carrying no ND-specific statutory interaction; ND's ch. 47-16 was read in full from primary text this session and no conflict was identified. LIABILITY-LANGUAGE CHECK: North Dakota has NO enumerated prohibited-lease-provisions statute (confirmed this session -- § 47-16-02 is a maximum-term cap, and § 47-16-13.3 supplies only case-by-case unconscionability). The exculpation exposure that forced fixes to this clause family in KS and NE therefore does not arise for ND, same reasoning as the WY addendum. 5a.1 JUDGMENT: UNIFORM -- states field changed, clause TEXT unchanged, no re-review owed on existing tags. | SD ADDED 2026-09-07 (SD re-audit, Tier A of the L.2 exhaustive generic-clause audit). SD displayed only 13 LEASE_CLAUSE rows against 60-75 for every other state; 46 generics had no SD tag and no SD override. Triaged per L.2, not bulk-extended. Tier A = boilerplate with no SD statutory interaction, or self-limiting text that defers to applicable law. S5a.1 JUDGMENT: adding a state tag changes `states` only - no bodyText, rule_type or content_type change - so no other tagged state's rendering is affected and NO propagation to other state logs is owed. State-driven, not uniform.",2026-08-21,2026-09-07
utility-service-continuity,Tenant Responsibilities,Utility Service Continuity,CO;WY;KS;NE;MN;ND;SD,TRUE,,"Tenant will not cause water, gas, electricity, sewer, or trash service to the property to be interrupted during the Term. This requirement does not apply to telephone, cable, or internet service.",RECOMMENDED,LEASE_CLAUSE,VERIFIED,"CO added - verified this session (statute walk + full-library audit; content itself unchanged WY added 2026-08-21 (full-library cross-check pass): generic mechanics, no CO-specific statutory language or number, confirmed no conflict with WY findings from this project. | NE extended (session 2, whole-library generic-clause audit): generic mechanics, no NE-specific statutory language or number, confirmed no conflict with NE findings from this project. | MN extended (Minnesota session, whole-library audit): generic mechanics compatible; MN's utility-disconnection prohibition (§ 504B.216, subd. 12, for shared-metered buildings) and unlawful-ouster provisions (§§ 504B.221, 504B.225, 504B.231) reinforce rather than conflict with this clause. | ND ADDED 2026-09-06 (ND re-audit, exhaustive generic-clause audit prompted by the checklist-to-CSV reconciliation screen). ND's ORIGINAL whole-library audit was written up in its log but largely never executed against the CSV -- ND was shipped 'complete' with 18 displayable LEASE_CLAUSE rows against 61-75 for CO/WY/KS/NE/MN. This row is generic boilerplate carrying no ND-specific statutory interaction; ND's ch. 47-16 was read in full from primary text this session and no conflict was identified. LIABILITY-LANGUAGE CHECK: North Dakota has NO enumerated prohibited-lease-provisions statute (confirmed this session -- § 47-16-02 is a maximum-term cap, and § 47-16-13.3 supplies only case-by-case unconscionability). The exculpation exposure that forced fixes to this clause family in KS and NE therefore does not arise for ND, same reasoning as the WY addendum. 5a.1 JUDGMENT: UNIFORM -- states field changed, clause TEXT unchanged, no re-review owed on existing tags. | SD ADDED 2026-09-07 (SD re-audit, Tier A of the L.2 exhaustive generic-clause audit). SD displayed only 13 LEASE_CLAUSE rows against 60-75 for every other state; 46 generics had no SD tag and no SD override. Triaged per L.2, not bulk-extended. Tier A = boilerplate with no SD statutory interaction, or self-limiting text that defers to applicable law. S5a.1 JUDGMENT: adding a state tag changes `states` only - no bodyText, rule_type or content_type change - so no other tagged state's rendering is affected and NO propagation to other state logs is owed. State-driven, not uniform.",2026-08-21,2026-09-07
utility-payment-evidence,Tenant Responsibilities,Evidence of Utility Payment,CO;WY;KS;NE;MN;ND;SD,TRUE,,"Upon Landlord's reasonable request, Tenant will provide Landlord with reasonable evidence that any utility specified as Tenant's responsibility under this Lease has been paid.",RECOMMENDED,LEASE_CLAUSE,VERIFIED,"CO added - verified this session (statute walk + full-library audit; content itself unchanged WY added 2026-08-21 (full-library cross-check pass): generic mechanics, no CO-specific statutory language or number, confirmed no conflict with WY findings from this project. | NE extended (session 2, whole-library generic-clause audit): generic mechanics, no NE-specific statutory language or number, confirmed no conflict with NE findings from this project. | MN extended (Minnesota session, whole-library audit): generic mechanics compatible, no MN-specific statutory language or number. | ND ADDED 2026-09-06 (ND re-audit, exhaustive generic-clause audit prompted by the checklist-to-CSV reconciliation screen). ND's ORIGINAL whole-library audit was written up in its log but largely never executed against the CSV -- ND was shipped 'complete' with 18 displayable LEASE_CLAUSE rows against 61-75 for CO/WY/KS/NE/MN. This row is generic boilerplate carrying no ND-specific statutory interaction; ND's ch. 47-16 was read in full from primary text this session and no conflict was identified. LIABILITY-LANGUAGE CHECK: North Dakota has NO enumerated prohibited-lease-provisions statute (confirmed this session -- § 47-16-02 is a maximum-term cap, and § 47-16-13.3 supplies only case-by-case unconscionability). The exculpation exposure that forced fixes to this clause family in KS and NE therefore does not arise for ND, same reasoning as the WY addendum. 5a.1 JUDGMENT: UNIFORM -- states field changed, clause TEXT unchanged, no re-review owed on existing tags. | SD ADDED 2026-09-07 (SD re-audit, Tier A of the L.2 exhaustive generic-clause audit). SD displayed only 13 LEASE_CLAUSE rows against 60-75 for every other state; 46 generics had no SD tag and no SD override. Triaged per L.2, not bulk-extended. Tier A = boilerplate with no SD statutory interaction, or self-limiting text that defers to applicable law. S5a.1 JUDGMENT: adding a state tag changes `states` only - no bodyText, rule_type or content_type change - so no other tagged state's rendering is affected and NO propagation to other state logs is owed. State-driven, not uniform.",2026-08-21,2026-09-07
acceptable-payment-methods,Tenant Responsibilities,Acceptable Forms of Payment,CO;WY;KS;NE;MN;ND;SD,TRUE,,"Rent and other amounts due under this Lease must be paid by one of the following methods: [list accepted payment methods here, e.g. check or money order, electronic payment service, online payment portal]. Landlord may change the accepted payment methods on reasonable written notice to Tenant.",RECOMMENDED,LEASE_CLAUSE,VERIFIED,"CO added - verified this session (statute walk + full-library audit; content itself unchanged WY added 2026-08-21 (full-library cross-check pass): generic mechanics, no CO-specific statutory language or number, confirmed no conflict with WY findings from this project. | NE extended (session 2, whole-library generic-clause audit): generic mechanics, no NE-specific statutory language or number, confirmed no conflict with NE findings from this project. | MN extended (Minnesota session, whole-library audit): generic mechanics, already vetted against KS/NE's prohibited-lease-provisions statutes (the strictest bar found in this project to date) since this clause was already tagged KS;NE; no MN-specific statutory language or number identified in this session's statute walk that conflicts. No exculpatory/liability-waiver language present. | ND ADDED 2026-09-06 (ND re-audit, exhaustive generic-clause audit prompted by the checklist-to-CSV reconciliation screen). ND's ORIGINAL whole-library audit was written up in its log but largely never executed against the CSV -- ND was shipped 'complete' with 18 displayable LEASE_CLAUSE rows against 61-75 for CO/WY/KS/NE/MN. This row is generic boilerplate carrying no ND-specific statutory interaction; ND's ch. 47-16 was read in full from primary text this session and no conflict was identified. LIABILITY-LANGUAGE CHECK: North Dakota has NO enumerated prohibited-lease-provisions statute (confirmed this session -- § 47-16-02 is a maximum-term cap, and § 47-16-13.3 supplies only case-by-case unconscionability). The exculpation exposure that forced fixes to this clause family in KS and NE therefore does not arise for ND, same reasoning as the WY addendum. 5a.1 JUDGMENT: UNIFORM -- states field changed, clause TEXT unchanged, no re-review owed on existing tags. ND INTERACTION CHECKED: § 47-16-20.1 prohibits charging a tenant a FEE to accept cash, a check, or a money order. This clause permits the landlord to specify and change accepted METHODS but attaches no fee to any method, so it does not conflict on its face. CAUTION recorded for the builder: populating the method list in a way that excludes cash, check and money order outright has not been tested against § 47-16-20.1's evident purpose, and no ND authority on the point was located. See edu-payment-method-fee-ban-nd. | SD ADDED 2026-09-07 (SD re-audit, Tier A of the L.2 exhaustive generic-clause audit). SD displayed only 13 LEASE_CLAUSE rows against 60-75 for every other state; 46 generics had no SD tag and no SD override. Triaged per L.2, not bulk-extended. Tier A = boilerplate with no SD statutory interaction, or self-limiting text that defers to applicable law. S5a.1 JUDGMENT: adding a state tag changes `states` only - no bodyText, rule_type or content_type change - so no other tagged state's rendering is affected and NO propagation to other state logs is owed. State-driven, not uniform. SD has no payment-method fee ban (confirmed absent in the original SD session).",2026-08-21,2026-09-07
tenant-maintenance,Tenant Responsibilities,Tenant Maintenance & Cleanliness,CO;WY;MN;SD,TRUE,,"Tenant will keep and maintain the property in a clean, safe, and sanitary condition, and will regularly dispose of garbage and waste in a clean and safe manner. Tenant will use all appliances, fixtures, and equipment in a safe and reasonable manner consistent with their intended purpose, will not obstruct access to doors and windows, and will maintain the property in the same condition as it was delivered to Tenant, except for ordinary wear and tear.",RECOMMENDED,LEASE_CLAUSE,VERIFIED,"CO added - verified this session (statute walk + full-library audit; content itself unchanged WY added 2026-08-21 (full-library cross-check pass): generic mechanics, no CO-specific statutory language or number, confirmed no conflict with WY findings from this project. | MN extended (Minnesota session, CO;WY-scoping resolution): unlike KS/NE, Minnesota does not appear to have a consolidated tenant-duties statute analogous to K.S.A. 58-2555/Neb. Rev. Stat. §76-1421 — tenant conduct in MN is instead addressed through the unlawful-activities covenant (§504B.171) and the cold-weather-notice-before-vacating duty (§504B.155), both already reflected elsewhere in the library. No MN-specific conflict found with this clause's general cleanliness/safety/condition language. | Cross-state plain-language cleanup (Minnesota session, follow-up to MN's plain-language audit): long compound sentence split into shorter ones, no substantive change. Not a legal requirement for this clause's other tagged states (only MN's Plain Language Contract Act, Minn. Stat. §325G.31, was confirmed to apply this project) — done as a general readability improvement since the pattern was found library-wide, not MN-specific. |  SD ADDED 2026-09-07 (Tier B resolved to Tier A on primary text). SDCL 43-32-10 imposes a matching duty: 'the lessee shall preserve the premises... and repair all deteriorations or damage thereto occasioned by his negligent, willful or malicious conduct'. 43-32-10 carries NO non-waiver clause (unlike 43-32-8), so no conflict. INTERACTION: 43-32-8 puts the repair duty on the LESSOR except for lessee-caused disrepair, and that allocation is NON-WAIVABLE - so this clause's 'same condition as delivered' must read as a surrender covenant, not a shift of the lessor's duty; read the latter way it would be void pro tanto. landlord-maintenance-sd states the lessor side expressly so the pair cannot be read as a shift. [Source-integrity: full ch.43-32 text via consumer.sd.gov/docs/LLTen_Statutes43-32.pdf, CONFIRMED STALE as to 43-32-24 (prints 'two weeks', source line omits SL 2026 ch 179). All other sections used carry source lines ending 1939-2022 and were unamended 2024-2026. See Addendum L.8.]",2026-08-21,2026-09-07
no-sublet-assign,Tenant Responsibilities,No Subletting or Assignment,CO;WY;KS;NE;MN;ND;SD,TRUE,,"Tenant will not sublease or assign all or any portion of the property or this Lease without the prior written consent of Landlord, in Landlord's sole discretion. Tenant will not rent the property, or any portion of the property, through any short-term rental program such as Airbnb, VRBO, or similar service, and doing so will be cause for termination of this Lease by Landlord. Any attempted sublease or assignment without such consent will be void and cause for termination of this Lease. No sublease will release Tenant from any obligation under this Lease.",RECOMMENDED,LEASE_CLAUSE,VERIFIED,"CO added - verified this session (statute walk + full-library audit; content itself unchanged WY added 2026-08-21 (full-library cross-check pass): generic mechanics, no CO-specific statutory language or number, confirmed no conflict with WY findings from this project. | NE extended (session 2, whole-library generic-clause audit): generic mechanics, no NE-specific statutory language or number, confirmed no conflict with NE findings from this project. | MN extended (Minnesota session, whole-library audit): generic mechanics, already vetted against KS/NE's prohibited-lease-provisions statutes (the strictest bar found in this project to date) since this clause was already tagged KS;NE; no MN-specific statutory language or number identified in this session's statute walk that conflicts. No exculpatory/liability-waiver language present. | ND ADDED 2026-09-06 (ND re-audit, exhaustive generic-clause audit prompted by the checklist-to-CSV reconciliation screen). ND's ORIGINAL whole-library audit was written up in its log but largely never executed against the CSV -- ND was shipped 'complete' with 18 displayable LEASE_CLAUSE rows against 61-75 for CO/WY/KS/NE/MN. This row is generic boilerplate carrying no ND-specific statutory interaction; ND's ch. 47-16 was read in full from primary text this session and no conflict was identified. LIABILITY-LANGUAGE CHECK: North Dakota has NO enumerated prohibited-lease-provisions statute (confirmed this session -- § 47-16-02 is a maximum-term cap, and § 47-16-13.3 supplies only case-by-case unconscionability). The exculpation exposure that forced fixes to this clause family in KS and NE therefore does not arise for ND, same reasoning as the WY addendum. 5a.1 JUDGMENT: UNIFORM -- states field changed, clause TEXT unchanged, no re-review owed on existing tags. |  SD ADDED 2026-09-07 (Tier B resolved to Tier A on primary text). SDCL 43-32-20 read in full: it extends the lessor's remedies to the lessee's ASSIGNEES, excepting an assignment made as security for a loan unaccompanied by possession. It governs consequences of assignment; it does NOT restrict a landlord's right to withhold consent and imposes no reasonableness standard. 'Sole discretion' creates no conflict. [Source-integrity: full ch.43-32 text via consumer.sd.gov/docs/LLTen_Statutes43-32.pdf, CONFIRMED STALE as to 43-32-24 (prints 'two weeks', source line omits SL 2026 ch 179). All other sections used carry source lines ending 1939-2022 and were unamended 2024-2026. See Addendum L.8.]",2026-08-21,2026-09-07
no-alterations,Tenant Responsibilities,No Alterations,CO;WY;KS;NE;MN;ND;SD,TRUE,,"Tenant will not perform any alterations or improvements to the property, including adding, changing, or removing appliances, fixtures, shelving, wallpaper, or paint, without the prior written consent of Landlord. If Landlord approves an alteration, Tenant understands it will remain part of the property at the end of the Term unless Landlord requires its removal.",RECOMMENDED,LEASE_CLAUSE,VERIFIED,"CO added - verified this session (statute walk + full-library audit; content itself unchanged WY added 2026-08-21 (full-library cross-check pass): generic mechanics, no CO-specific statutory language or number, confirmed no conflict with WY findings from this project. | NE extended (session 2, whole-library generic-clause audit): generic mechanics, no NE-specific statutory language or number, confirmed no conflict with NE findings from this project. | MN extended (Minnesota session, whole-library audit): generic mechanics, already vetted against KS/NE's prohibited-lease-provisions statutes (the strictest bar found in this project to date) since this clause was already tagged KS;NE; no MN-specific statutory language or number identified in this session's statute walk that conflicts. No exculpatory/liability-waiver language present. | ND ADDED 2026-09-06 (ND re-audit, exhaustive generic-clause audit prompted by the checklist-to-CSV reconciliation screen). ND's ORIGINAL whole-library audit was written up in its log but largely never executed against the CSV -- ND was shipped 'complete' with 18 displayable LEASE_CLAUSE rows against 61-75 for CO/WY/KS/NE/MN. This row is generic boilerplate carrying no ND-specific statutory interaction; ND's ch. 47-16 was read in full from primary text this session and no conflict was identified. LIABILITY-LANGUAGE CHECK: North Dakota has NO enumerated prohibited-lease-provisions statute (confirmed this session -- § 47-16-02 is a maximum-term cap, and § 47-16-13.3 supplies only case-by-case unconscionability). The exculpation exposure that forced fixes to this clause family in KS and NE therefore does not arise for ND, same reasoning as the WY addendum. 5a.1 JUDGMENT: UNIFORM -- states field changed, clause TEXT unchanged, no re-review owed on existing tags. | SD ADDED 2026-09-07 (SD re-audit, Tier A of the L.2 exhaustive generic-clause audit). SD displayed only 13 LEASE_CLAUSE rows against 60-75 for every other state; 46 generics had no SD tag and no SD override. Triaged per L.2, not bulk-extended. Tier A = boilerplate with no SD statutory interaction, or self-limiting text that defers to applicable law. S5a.1 JUDGMENT: adding a state tag changes `states` only - no bodyText, rule_type or content_type change - so no other tagged state's rendering is affected and NO propagation to other state logs is owed. State-driven, not uniform.",2026-08-21,2026-09-07
joint-liability,Tenant Responsibilities,Joint & Several Liability,CO;WY;KS;NE;MN;ND;SD,TRUE,,"If more than one individual signs this Lease as Tenant, all such individuals are jointly and severally liable for the performance of all agreements, covenants, and obligations of Tenant under this Lease. Rent is due in full regardless of how Tenant chooses to divide payment among themselves.",RECOMMENDED,LEASE_CLAUSE,VERIFIED,"CO added - verified this session (statute walk + full-library audit; content itself unchanged WY added 2026-08-21 (full-library cross-check pass): generic mechanics, no CO-specific statutory language or number, confirmed no conflict with WY findings from this project. | NE extended (session 2, whole-library generic-clause audit): generic mechanics, no NE-specific statutory language or number, confirmed no conflict with NE findings from this project. | MN extended (Minnesota session, whole-library audit): generic mechanics, already vetted against KS/NE's prohibited-lease-provisions statutes (the strictest bar found in this project to date) since this clause was already tagged KS;NE; no MN-specific statutory language or number identified in this session's statute walk that conflicts. No exculpatory/liability-waiver language present. | ND ADDED 2026-09-06 (ND re-audit, exhaustive generic-clause audit prompted by the checklist-to-CSV reconciliation screen). ND's ORIGINAL whole-library audit was written up in its log but largely never executed against the CSV -- ND was shipped 'complete' with 18 displayable LEASE_CLAUSE rows against 61-75 for CO/WY/KS/NE/MN. This row is generic boilerplate carrying no ND-specific statutory interaction; ND's ch. 47-16 was read in full from primary text this session and no conflict was identified. LIABILITY-LANGUAGE CHECK: North Dakota has NO enumerated prohibited-lease-provisions statute (confirmed this session -- § 47-16-02 is a maximum-term cap, and § 47-16-13.3 supplies only case-by-case unconscionability). The exculpation exposure that forced fixes to this clause family in KS and NE therefore does not arise for ND, same reasoning as the WY addendum. 5a.1 JUDGMENT: UNIFORM -- states field changed, clause TEXT unchanged, no re-review owed on existing tags. | SD ADDED 2026-09-07 (SD re-audit, Tier A of the L.2 exhaustive generic-clause audit). SD displayed only 13 LEASE_CLAUSE rows against 60-75 for every other state; 46 generics had no SD tag and no SD override. Triaged per L.2, not bulk-extended. Tier A = boilerplate with no SD statutory interaction, or self-limiting text that defers to applicable law. S5a.1 JUDGMENT: adding a state tag changes `states` only - no bodyText, rule_type or content_type change - so no other tagged state's rendering is affected and NO propagation to other state logs is owed. State-driven, not uniform.",2026-08-21,2026-09-07
services-utilities-provided,Landlord Responsibilities,Services & Utilities Provided by Landlord,CO;WY;NE;ND;SD,TRUE,,"Landlord will provide only the services and utilities expressly specified in this Lease, and as otherwise required by applicable law. Landlord is not liable for any interruption or insufficiency of a service or utility resulting from causes beyond Landlord's reasonable control.",RECOMMENDED,LEASE_CLAUSE,VERIFIED,"CO added - verified this session (statute walk + full-library audit; content itself unchanged WY added 2026-08-21 (full-library cross-check pass): generic mechanics, no CO-specific statutory language or number, confirmed no conflict with WY findings from this project. | KS note: 'Tenant waives all liability of Landlord' language is exculpation-flavored, same category of soft spot as tenants-property-insurance. Extended to KS applying the same risk-tolerance precedent Taylor set for that clause (K.S.A. 58-2547(b): unenforceable-only unless knowing use of a known-prohibited term is shown) — not re-flagged as a fresh open item, but documented here in case Taylor wants to revisit the whole category at once. | NE extended (session 2, whole-library generic-clause audit): generic mechanics, no NE-specific statutory language or number, confirmed no conflict with NE findings from this project. | States KS removed (session 5, full liability-audit fix): superseded by state-specific override(s) addressing K.S.A. 58-2547(a)(4)/(a)(1) and/or Neb. Rev. Stat. §76-1415(1)(d) exposure found in this session's full-library liability audit. | MN extended (Minnesota session, whole-library audit): generic mechanics compatible; note MN's habitability covenant (§ 504B.161, subd. 1(5)) requires heat at a minimum of 68°F Oct 1–Apr 30, which this clause's 'as otherwise required by applicable law' language already covers. | CORRECTION (Minnesota session, whole-library audit): MN tag added earlier this session was premature and has been REMOVED. This clause contains an exculpatory liability-waiver sentence ('Tenant waives all liability of Landlord for any interruption...') matching the pattern KS and NE found PROHIBITED under their general prohibited-lease-provisions statutes (§ 58-2547, § 76-1415), and which WY only confirmed safe after directly reading all 11 sections of its own Article 12. Minnesota's statute walk this session did NOT find a single consolidated 'prohibited lease provisions' statute like CO/KS/NE — instead MN has scattered per-section non-waiver rules — but that is not the same as a confirmed absence of a general exculpatory-clause prohibition, which may exist elsewhere in MN law (consumer protection statutes, case law) outside Chapter 504B. Leaving MN untagged until checked directly, consistent with WY's methodology rather than assuming safety from silence. | NE RE-AUDIT 2026-08-31 — REWORDED, and the diagnosis differs from the one flagged going in. §76-1415(1)(d) read from primary source (nebraskalegislature.gov): it bars exculpation or limitation of landlord liability 'arising due to ACTIVE AND ACTIONABLE NEGLIGENCE of the landlord.' This clause is already self-limited to 'causes beyond Landlord's reasonable control,' and a cause beyond the landlord's reasonable control is by definition not the landlord's active and actionable negligence — so the ORIGINAL NE SESSION'S REASONING ON (d) WAS CORRECT and no gross-negligence carve-out is needed here. That is why this clause differs from tenants-property-insurance-ne, parking-ne, and storage-space-ne: those three carried BLANKET disclaimers with no limiting qualifier, so they genuinely needed the carve-out. The apparent 'fixed four of five' asymmetry is not an oversight; the fifth clause needed a different and smaller fix. THE REAL EXPOSURE IS §76-1415(1)(a), NOT (d): the phrase 'TENANT WAIVES all liability of Landlord' is a tenant-side waiver, and (a) bars a rental agreement providing that the tenant 'agrees to waive or to forego rights or remedies under the Uniform Residential Landlord and Tenant Act.' Even where the practical scope is narrow, waiver-framed language invites the (a) argument for free. Recast as an allocation ('Landlord is not liable') rather than a tenant waiver. Substance unchanged; exposure removed. §5a.1 PROPAGATION JUDGMENT — UNIFORM, not state-driven. Applied to all three tagged states (CO;WY;NE). CO: §38-12-801(3) voids waivers of quiet enjoyment and of good faith and fair dealing, so waiver-framed phrasing is mildly worse there too — the reword is beneficial. WY: no prohibited-provisions statute at all (confirmed WY re-audit), so the reword is neutral-to-harmless. No state is disadvantaged, no state needs an override, and a NE-only override was deliberately NOT created because the improvement is not Nebraska-specific. Notes owed in the CO and WY logs. | ND ADDED 2026-09-06 (ND re-audit, exhaustive generic-clause audit prompted by the checklist-to-CSV reconciliation screen). ND's ORIGINAL whole-library audit was written up in its log but largely never executed against the CSV -- ND was shipped 'complete' with 18 displayable LEASE_CLAUSE rows against 61-75 for CO/WY/KS/NE/MN. This row is generic boilerplate carrying no ND-specific statutory interaction; ND's ch. 47-16 was read in full from primary text this session and no conflict was identified. LIABILITY-LANGUAGE CHECK: North Dakota has NO enumerated prohibited-lease-provisions statute (confirmed this session -- § 47-16-02 is a maximum-term cap, and § 47-16-13.3 supplies only case-by-case unconscionability). The exculpation exposure that forced fixes to this clause family in KS and NE therefore does not arise for ND, same reasoning as the WY addendum. 5a.1 JUDGMENT: UNIFORM -- states field changed, clause TEXT unchanged, no re-review owed on existing tags. | SD ADDED 2026-09-07 (SD re-audit, Tier A of the L.2 exhaustive generic-clause audit). SD displayed only 13 LEASE_CLAUSE rows against 60-75 for every other state; 46 generics had no SD tag and no SD override. Triaged per L.2, not bulk-extended. Tier A = boilerplate with no SD statutory interaction, or self-limiting text that defers to applicable law. S5a.1 JUDGMENT: adding a state tag changes `states` only - no bodyText, rule_type or content_type change - so no other tagged state's rendering is affected and NO propagation to other state logs is owed. State-driven, not uniform.",2026-08-21,2026-09-07
utilities-paid-by-landlord,Landlord Responsibilities,Utilities Paid by Landlord,CO;WY;KS;NE;MN;ND;SD,TRUE,,"Landlord will arrange and pay for the following utilities and services to the property, which are included in Monthly Rent unless this Lease states otherwise: [list utilities Landlord provides here, e.g. water, sewer, and trash removal].",RECOMMENDED,LEASE_CLAUSE,VERIFIED,"CO added - verified this session (statute walk + full-library audit; content itself unchanged WY added 2026-08-21 (full-library cross-check pass): generic mechanics, no CO-specific statutory language or number, confirmed no conflict with WY findings from this project. | NE extended (session 2, whole-library generic-clause audit): generic mechanics, no NE-specific statutory language or number, confirmed no conflict with NE findings from this project. | MN extended (Minnesota session, whole-library audit): generic mechanics compatible for utilities the landlord agrees to provide directly. | ND ADDED 2026-09-06 (ND re-audit, exhaustive generic-clause audit prompted by the checklist-to-CSV reconciliation screen). ND's ORIGINAL whole-library audit was written up in its log but largely never executed against the CSV -- ND was shipped 'complete' with 18 displayable LEASE_CLAUSE rows against 61-75 for CO/WY/KS/NE/MN. This row is generic boilerplate carrying no ND-specific statutory interaction; ND's ch. 47-16 was read in full from primary text this session and no conflict was identified. LIABILITY-LANGUAGE CHECK: North Dakota has NO enumerated prohibited-lease-provisions statute (confirmed this session -- § 47-16-02 is a maximum-term cap, and § 47-16-13.3 supplies only case-by-case unconscionability). The exculpation exposure that forced fixes to this clause family in KS and NE therefore does not arise for ND, same reasoning as the WY addendum. 5a.1 JUDGMENT: UNIFORM -- states field changed, clause TEXT unchanged, no re-review owed on existing tags. | SD ADDED 2026-09-07 (SD re-audit, Tier A of the L.2 exhaustive generic-clause audit). SD displayed only 13 LEASE_CLAUSE rows against 60-75 for every other state; 46 generics had no SD tag and no SD override. Triaged per L.2, not bulk-extended. Tier A = boilerplate with no SD statutory interaction, or self-limiting text that defers to applicable law. S5a.1 JUDGMENT: adding a state tag changes `states` only - no bodyText, rule_type or content_type change - so no other tagged state's rendering is affected and NO propagation to other state logs is owed. State-driven, not uniform.",2026-08-21,2026-09-07
appliances-included,Landlord Responsibilities,Appliances & Equipment Included,CO;WY;KS;NE;MN;ND;SD,TRUE,,"The property includes the following appliances and equipment as of the Start Date, which Landlord will maintain as described in this Lease's Maintenance & Repairs Section: {{appliance_list}}.",RECOMMENDED,LEASE_CLAUSE,VERIFIED,"CO added - verified this session (statute walk + full-library audit; content itself unchanged WY added 2026-08-21 (full-library cross-check pass): generic mechanics, no CO-specific statutory language or number, confirmed no conflict with WY findings from this project. | NE extended (session 2, whole-library generic-clause audit): generic mechanics, no NE-specific statutory language or number, confirmed no conflict with NE findings from this project. | MN extended (Minnesota session, whole-library audit): generic mechanics, already vetted against KS/NE's prohibited-lease-provisions statutes (the strictest bar found in this project to date) since this clause was already tagged KS;NE; no MN-specific statutory language or number identified in this session's statute walk that conflicts. No exculpatory/liability-waiver language present. | ND ADDED 2026-09-06 (ND re-audit, exhaustive generic-clause audit prompted by the checklist-to-CSV reconciliation screen). ND's ORIGINAL whole-library audit was written up in its log but largely never executed against the CSV -- ND was shipped 'complete' with 18 displayable LEASE_CLAUSE rows against 61-75 for CO/WY/KS/NE/MN. This row is generic boilerplate carrying no ND-specific statutory interaction; ND's ch. 47-16 was read in full from primary text this session and no conflict was identified. LIABILITY-LANGUAGE CHECK: North Dakota has NO enumerated prohibited-lease-provisions statute (confirmed this session -- § 47-16-02 is a maximum-term cap, and § 47-16-13.3 supplies only case-by-case unconscionability). The exculpation exposure that forced fixes to this clause family in KS and NE therefore does not arise for ND, same reasoning as the WY addendum. 5a.1 JUDGMENT: UNIFORM -- states field changed, clause TEXT unchanged, no re-review owed on existing tags. | SD ADDED 2026-09-07 (SD re-audit, Tier A of the L.2 exhaustive generic-clause audit). SD displayed only 13 LEASE_CLAUSE rows against 60-75 for every other state; 46 generics had no SD tag and no SD override. Triaged per L.2, not bulk-extended. Tier A = boilerplate with no SD statutory interaction, or self-limiting text that defers to applicable law. S5a.1 JUDGMENT: adding a state tag changes `states` only - no bodyText, rule_type or content_type change - so no other tagged state's rendering is affected and NO propagation to other state logs is owed. State-driven, not uniform.",2026-08-21,2026-09-07
landlord-maintenance,Landlord Responsibilities,Maintenance & Repairs,CO,TRUE,,"Subject to Tenant's own maintenance obligations under this Lease, Landlord will maintain the property, including its structural elements, roof, and systems, in good order and repair, and will be responsible for repairing the appliances, fixtures, and equipment located at the property, except where repair is necessary due to improper use by Tenant or a guest of Tenant. Tenant will notify Landlord promptly in writing of any condition requiring repair or maintenance, and Landlord will undertake required repairs within a reasonable time, consistent with applicable law.",RECOMMENDED,LEASE_CLAUSE,VERIFIED,"CO added - verified this session (statute walk + full-library audit; content itself unchanged WY added 2026-08-21 (full-library cross-check pass): generic mechanics, no CO-specific statutory language or number, confirmed no conflict with WY findings from this project. | Display-collision bug fixed (session 7, full-library supersedes audit): WY removed — already covered by a state-specific override that supersedes this row; both versions were displaying simultaneously before this fix.",2026-08-21,2026-08-21
habitability-timeline-co,Landlord Responsibilities,Repair Timeline,CO,TRUE,,"For a condition that materially interferes with Tenant's life, health, or safety, Landlord will commence remedial action within 24 hours of having notice, as required by Colorado law. For a condition rendering the property uninhabitable or otherwise requiring repair, Landlord will commence remedial action within 72 hours. Landlord will contact Tenant within 24 hours of having notice of the condition to describe Landlord's intended remedial action and an estimate of when it will commence and be completed, and will inform Tenant of Landlord's obligation to provide a comparable dwelling unit or hotel room at no cost to Tenant upon Tenant's request. Except where the condition imminently threatens life, health, or safety or poses an active and ongoing threat of substantial damage to the property, Landlord will give Tenant at least 24 hours' written notice before entering to commence or maintain remedial action.",CONSTRAINED,LEASE_CLAUSE,VERIFIED,"UNCHANGED - pre-existing tag from before this project, not touched this session | Re-verified 2026-08-20: figures confirmed current and accurate, no change needed. | PART 5 PRIMARY-TEXT READ 2026-08-27 (Taylor supplied full C.R.S. 38-12-503): MATERIAL CORRECTION. Prior clause ended with 'If a repair will reasonably take longer than 60 consecutive days to complete, Landlord will notify Tenant in writing of the expected timeline' - no such duty exists in 38-12-503. The statute's 60-day figure is the hotel-room cap in (4)(c) and was misattributed. Replaced with the duties that DO exist: 24-hour contact with intentions and estimate (6)(a)(I); duty to inform tenant of the relocation obligation (6)(a)(II); 24-hour advance written entry notice for remedial action (6)(a)(III). Also corrected the 72-hour trigger to track the statute ('uninhabitable as described in 38-12-505 or otherwise') rather than 'any other condition Landlord is responsible to repair under this Lease.' Not stated in the clause but relevant to landlord risk: rebuttable presumptions of failure attach at 7 days (life/health/safety) and 14 days (uninhabitable) under (3)(a)(II).",2026-08-20,2026-08-27
habitability-timeline-fl,Landlord Responsibilities,Repair Timeline,FL,FALSE,,"If a condition Landlord is responsible to repair under this Lease materially affects Tenant's health or safety, Landlord will begin remedial action within 7 days after receiving written notice from Tenant, as required by Florida law.",CONSTRAINED,LEASE_CLAUSE,UNVERIFIED,"UNCHANGED - pre-existing tag from before this project, not touched this session",,2026-09-03
habitability-timeline-az,Landlord Responsibilities,Repair Timeline,AZ,FALSE,,"For a condition that materially affects Tenant's health or safety, Landlord will begin remedial action within 5 days of receiving notice from Tenant. For any other essential-service repair Landlord is responsible for under this Lease, Landlord will begin remedial action within 10 days, as required by Arizona law.",CONSTRAINED,LEASE_CLAUSE,UNVERIFIED,"UNCHANGED - pre-existing tag from before this project, not touched this session",,2026-09-03
habitability-timeline-tx,Landlord Responsibilities,Repair Timeline,TX,FALSE,,"A repair completed within 7 days after Landlord receives notice from Tenant is presumed reasonable under Texas law. Landlord will make a diligent effort to repair conditions it is responsible for under this Lease within that time, recognizing that a longer period may be reasonable depending on the nature of the repair and the availability of parts or labor.",CONSTRAINED,LEASE_CLAUSE,UNVERIFIED,"UNCHANGED - pre-existing tag from before this project, not touched this session",,2026-09-03
habitability-timeline-or,Landlord Responsibilities,Repair Timeline,OR,FALSE,,"For a condition affecting an essential service (such as heat, water, electricity, or plumbing), Landlord will remedy the condition within 7 days of receiving notice from Tenant, or Tenant may terminate this Lease. For any other condition Landlord is responsible to repair under this Lease, Landlord will remedy it within 30 days. If the loss of an essential service poses an imminent and serious threat to Tenant's health or safety, Tenant may terminate this Lease on 48 hours' written notice if Landlord does not remedy it, as required by Oregon law.",CONSTRAINED,LEASE_CLAUSE,UNVERIFIED,"UNCHANGED - pre-existing tag from before this project, not touched this session",,2026-09-03
landlords-access,Access & Entry,Landlord's Right of Entry,WY;KS;NE,TRUE,,"Landlord, its agents, and contractors will have the right of reasonable access to the property during normal business hours to perform maintenance and repair obligations and to show the property to prospective tenants or purchasers. Except in the case of an emergency, Landlord will provide Tenant at least 24 hours' notice, or the notice period required by applicable law if longer, prior to entry.",RECOMMENDED,LEASE_CLAUSE,VERIFIED,"CO added - verified this session (statute walk + full-library audit; content itself unchanged WY added 2026-08-21 (full-library cross-check pass): generic mechanics, no CO-specific statutory language or number, confirmed no conflict with WY findings from this project. | NE added (session 1): Neb. Rev. Stat. §76-1423(3) requires a fixed 24-hour written notice (not a 'reasonable notice' standard like WY/KS) — matches the clause's built-in 24-hour figure directly, extended per Taylor's direction (Flag 3). | Display-collision bug fixed (session 7, full-library supersedes audit): CO removed — already covered by a state-specific override that supersedes this row; both versions were displaying simultaneously before this fix.",2026-08-21,2026-08-21
landlords-access-co,Access & Entry,Landlord's Right of Entry,CO,TRUE,landlords-access,"Landlord, its agents, and contractors will have the right of reasonable access to the property during normal business hours to perform maintenance and repair obligations and to show the property to prospective tenants or purchasers. Except in the case of an emergency, Landlord will provide Tenant at least 24 hours' written notice prior to entry, consistent with Tenant's right to quiet enjoyment of the property, or at least 48 hours' notice prior to an inspection or treatment related to bed bugs, as required by Colorado law.",CONSTRAINED,LEASE_CLAUSE,VERIFIED,"CORRECTED this session - the 24hr general-entry portion was incorrectly framed as ""required by Colorado law""; confirmed via 6 independent sources that CO has no statewide general entry-notice statute (only the 48hr bed bug notice is actually mandated). 24hr kept as landlord policy, reframed accurately. | PART 5 PRIMARY-TEXT READ 2026-08-27 (Taylor supplied full C.R.S. 38-12-503): REFINEMENT (not a correction). The earlier finding that Colorado has no GENERAL statewide entry-notice statute stands. But C.R.S. 38-12-503(6)(a)(III) does impose a 24-hour advance WRITTEN notice requirement for entry to commence or maintain habitability remedial action, except where the condition imminently threatens life/health/safety or poses an active, ongoing threat of substantial property damage. So the 24-hour figure in this clause is statutorily grounded for repair entry, even though it remains landlord policy for showings and general entry. Under (6)(b) the tenant may reasonably deny entry at the proposed time and propose an alternative; presumptive timelines are tolled while that plays out (3)(d).",2026-08-18,2026-08-27
landlords-access-de,Access & Entry,Landlord's Right of Entry,DE,FALSE,landlords-access,"Landlord, its agents, and contractors will have the right of reasonable access to the property during normal business hours to perform maintenance and repair obligations and to show the property to prospective tenants or purchasers. Except in the case of an emergency, Landlord will provide Tenant at least 48 hours' notice, between 8:00 a.m. and 9:00 p.m., prior to entry, as required by Delaware law.",CONSTRAINED,LEASE_CLAUSE,UNVERIFIED,"UNCHANGED - pre-existing tag from before this project, not touched this session",,2026-09-03
landlords-access-hi-ky-ri-dc,Access & Entry,Landlord's Right of Entry,HI;KY;RI;DC,FALSE,landlords-access,"Landlord, its agents, and contractors will have the right of reasonable access to the property during normal business hours to perform maintenance and repair obligations and to show the property to prospective tenants or purchasers. Except in the case of an emergency, Landlord will provide Tenant at least 48 hours' notice prior to entry, as required by law in these states.",CONSTRAINED,LEASE_CLAUSE,UNVERIFIED,"UNCHANGED - pre-existing tag from before this project, not touched this session",,2026-09-03
landlords-access-vt,Access & Entry,Landlord's Right of Entry,VT,FALSE,landlords-access,"Landlord, its agents, and contractors will have the right of reasonable access to the property during normal business hours to perform maintenance and repair obligations and to show the property to prospective tenants or purchasers. Except in the case of an emergency, Landlord will provide Tenant at least 48 hours' notice, between 9:00 a.m. and 9:00 p.m., prior to entry, as required by Vermont law.",CONSTRAINED,LEASE_CLAUSE,UNVERIFIED,"UNCHANGED - pre-existing tag from before this project, not touched this session",,2026-09-03
landlords-access-wa,Access & Entry,Landlord's Right of Entry,WA,FALSE,landlords-access,"Landlord, its agents, and contractors will have the right of reasonable access to the property during normal business hours to perform maintenance and repair obligations. Except in the case of an emergency, Landlord will provide Tenant at least 2 days' notice prior to entry for repairs or inspection, or at least 1 day's notice prior to showing the property to a prospective tenant or purchaser, as required by Washington law.",CONSTRAINED,LEASE_CLAUSE,UNVERIFIED,"UNCHANGED - pre-existing tag from before this project, not touched this session",,2026-09-03
possession-delay,Default & Termination,Possession Delay,CO;WY;MN;ND;SD,TRUE,,"If Landlord is unable to deliver possession of the property to Tenant by the Start Date, through no fault of Landlord, this Lease will remain in full force, but Tenant will not be obligated to pay Monthly Rent for the period Tenant is unable to take possession. If Landlord has not delivered possession within 30 days after the Start Date, Tenant may terminate this Lease by written notice to Landlord, in which case all amounts paid to Landlord by Tenant will be returned and both parties will be released from further obligation under this Lease.",RECOMMENDED,LEASE_CLAUSE,VERIFIED,"CO added - verified this session (statute walk + full-library audit; content itself unchanged WY added 2026-08-21 (full-library cross-check pass): generic mechanics, no CO-specific statutory language or number, confirmed no conflict with WY findings from this project. | MN extended (Minnesota session, CO;WY-scoping resolution): no general MN statute found conflicting with this clause's 30-day/proportional-rent-relief mechanic for ordinary failure-to-deliver-possession situations. NOTE: Minnesota does have its own narrower statute, § 504B.153, but it applies specifically to NEW CONSTRUCTION delays with a different remedy structure — that's a distinct, more specific scenario not covered by this generic clause. FLAG FOR FUTURE SESSION: consider a dedicated `possession-delay-mn` (or a conditional new-construction rider) if Steinoak wants to capture § 504B.153's specific new-construction remedy; not urgent since the generic clause doesn't conflict with it, just doesn't duplicate it. | ND extended (North Dakota session 1, same scoping review): North Dakota has no statute addressing failure to deliver possession at all (confirmed absent this session) -- no conflict, cleaner than Minnesota's case which had a narrow new-construction-specific statute to work around. | SD extended (South Dakota session 1, Title 21-16 review): SDCL 43-32-19(1) gives tenant a termination right for landlord's failure to deliver possession/repair after reasonable written request, but doesn't dictate specific lease mechanics while the tenant awaits delivery; the generic's self-limiting language is compatible. | PASS 2 CLARIFICATION (South Dakota): SDCL 43-32-19(1) gives the tenant a termination right if Landlord fails to deliver possession within a 'reasonable time after written request' - an open standard, not a fixed number of days. This generic clause's 30-day figure is a contract term the parties are free to adopt (more certain than the open statutory standard, not in conflict with it) rather than a restatement of the statute itself - cross-reference edu-tenant-termination-causes-sd for the underlying statutory right. Flagged during pass 2 to avoid confusing the two.",2026-08-21,2026-08-24
default-by-tenant,Default & Termination,Default by Tenant,CO;WY;MN;ND,TRUE,,"Tenant will be in default under this Lease if Tenant fails to pay Rent when due and does not cure the failure within the time period specified by applicable law after receiving written notice from Landlord. Tenant will also be in default if Tenant fails to comply with any other obligation under this Lease and does not cure the failure after receiving written notice. Except as required by applicable law, Tenant's failure to pay an assessed late fee, apart from the underlying Rent itself, will not by itself entitle Landlord to terminate this Lease or pursue eviction. If Tenant is in default, Landlord may exercise all rights and remedies available under applicable law, including terminating this Lease, regaining possession of the property, and recovering unpaid Rent, late fees, and reasonable costs and expenses, less amounts obtained from the Security Deposit. Landlord will use reasonable efforts to mitigate damages resulting from Tenant's default to the extent required by applicable law. To the extent permitted under applicable law, the prevailing party may recover from the other party court costs and reasonable attorneys' fees and expenses incurred in connection with any legal proceedings related to this Lease.",REQUIRED,LEASE_CLAUSE,VERIFIED,"CO added - verified this session (statute walk + full-library audit; content itself EDITED this session | CORRECTED 2026-08-20 (caught by Claude CLI review): added explicit carve-out that an unpaid late fee alone cannot trigger termination/eviction, consistent with CO law that a late fee is distinct from rent and cannot be grounds for eviction on its own. WY added 2026-08-21 (full-library cross-check pass): generic mechanics, no CO-specific statutory language or number, confirmed no conflict with WY findings from this project. | MN extended (Minnesota session, CO;WY-scoping resolution): cure-period language defers to 'applicable law' rather than hardcoding a number, so it doesn't shorten any MN statutory cure right (MN has no general statutory cure period for lease violations, confirmed absent this session). Fee-shifting sentence is already mutual ('prevailing party') — compatible with MN's automatic-mutuality rule (§504B.172), no conflict. | Cross-state plain-language cleanup (Minnesota session, follow-up to MN's plain-language audit): long compound sentence split into shorter ones, no substantive change. Not a legal requirement for this clause's other tagged states (only MN's Plain Language Contract Act, Minn. Stat. §325G.31, was confirmed to apply this project) — done as a general readability improvement since the pattern was found library-wide, not MN-specific. | ND extended (North Dakota session 1, CO;WY-maintenance-scoping review resolved by reading the full CO and MN decision logs directly): defers to 'applicable law' for cure timing, no ND-specific conflict. Fee-shifting language ('prevailing party') matches N.D.C.C. § 47-16-13.6 exactly, which awards attorney's fees 'to the prevailing party' -- mutual, not one-way. This resolves ND's piece of the standing fee-shifting-mutuality question (though the broader cross-state consolidation across CO/WY/KS/NE/MN remains a separate open item). | 5a.1 RETROACTIVE CLASSIFICATION 2026-08-28: the prevailing-party attorney-fee rewrite here was STATE-DRIVEN (forced by C.R.S. 38-12-801(3)(a)(II)), not uniform, and was inherited by WY/MN/ND/SD without classification - the exact failure mode 5a.1 exists to prevent. Checked for WY 2026-08-28: WY has NO reciprocity statute (see edu-no-fee-reciprocity-wy), so a landlord-only clause would be enforceable there and the mutual language is a voluntary giveaway. Taylor's decision 2026-08-28: KEEP mutual language for WY. MN, ND, and SD remain unclassified for this edit. | CROSS-STATE FEE-SHIFTING CONSOLIDATION COMPLETED 2026-09-06 (ND re-audit). The standing open item -- 'is this clause's fee language genuinely mutual, and does it work in every tagged state?' -- is resolved. Operative sentence: 'To the extent permitted under applicable law, the prevailing party may recover from the other party court costs and reasonable attorneys' fees and expenses incurred in connection with any legal proceedings related to this Lease.' FIVE DISTINCT STATE ARCHITECTURES, not one question: (1) CO -- a landlord-only fee clause is VOID and the lease must be drafted mutual; 'prevailing party' SATISFIES this. (2) MN -- fee clauses are made mutual BY OPERATION OF LAW regardless of lease text; consistent, no conflict. (3) KS (K.S.A. 58-2547) and NE (§ 76-1415(1)(c)) -- attorney-fee clauses are BANNED OUTRIGHT in either direction; this clause is correctly NOT tagged to either, and a library-wide check confirmed ZERO LEASE_CLAUSE rows tagged KS or NE contain attorney-fee language. (4) ND -- § 47-16-13.6 awards fees to 'the prevailing party' by statute; clause language matches exactly. (5) WY -- American Rule, no reciprocity statute, contract governs. OPEN FLAG FOR WYOMING, surfaced not resolved: per edu-no-fee-reciprocity-wy the Wyoming Supreme Court requires a contract to 'unequivocally provide' for fee recovery before fees may be awarded. This clause hedges twice -- 'TO THE EXTENT PERMITTED UNDER APPLICABLE LAW' makes the entitlement conditional on an external referent, and 'MAY recover' is permissive rather than mandatory. Under a strict unequivocal-provision standard that phrasing may not suffice, which would leave a WY landlord with NO fee recovery in a state whose default is that each side bears its own. No Wyoming case applying the standard to comparable hedged language was located, and no edit is made on that basis -- flagged for Taylor. Note the hedge exists for a reason: it is what makes the clause safe to share with CO and MN. Any WY fix should be a WY-specific override, NOT an edit to the shared text. | WYOMING FLAG RETRACTED 2026-09-06 after reading the actual case law rather than this library's characterisation of it. NO WY-SPECIFIC OVERRIDE IS NEEDED. The Wyoming standard is EXPRESS CONTRACTUAL AUTHORISATION, not a heightened magic-words test: Cowardin v. Finnerty (Wyo. 1999) -- 'absent statutory or contract language expressly authorizing recovery of attorney fees, parties are responsible for payment of their own attorney fees'; Emken, 2006 WY 112, ¶ 8 -- 'a prevailing party may be reimbursed for its attorney fees when express statutory or contractual authorization exists'; Thorkildsen v. Belden, 2012 WY 8; Circle Resources v. Hassler, 2023 WY 22, ¶ 8 -- 'A prevailing party may, however, be reimbursed for attorneys' fees when provided for by contract or statute.' The Wyoming failure cases are ones where the contract said NOTHING about fees. Cowardin is explicit: 'Given the absence of any reference to attorney fees in the purchase agreement, Sellers were not entitled to recover attorney fees.' THIS CLAUSE EXPRESSLY REFERS TO ATTORNEY FEES, NAMES THE PREVAILING PARTY, AND USES THE COURT'S OWN FORMULATION. The supposed defect -- 'may recover' being permissive -- is the verb the Wyoming Supreme Court itself uses in stating the rule. 'To the extent permitted under applicable law' is a savings clause; no Wyoming authority was located suggesting a savings clause defeats otherwise-express authorisation, and the circularity concern raised earlier in this session was speculative. PROCESS NOTE: the flag originated from this library's own edu-no-fee-reciprocity-wy row, which characterises the standard as requiring a contract to 'unequivocally provide' for fees. The cases say 'expressly authorizing' / 'express... authorization'. Raising a structural change to a four-state shared clause on a secondary characterisation, without reading the cases, was the Addendum L.5 failure committed in the same session that wrote L.5.",2026-08-20,2026-09-06
surrender-end-of-term,Default & Termination,Surrender at End of Term,CO;WY;SD,TRUE,,"Upon the expiration or earlier termination of this Lease, Tenant will surrender possession of the property and return all keys to Landlord immediately. The property will be left in the same condition as at the start of the Term, except for ordinary wear and tear, and free of all personal property of Tenant and any occupants. Personal property left at the property after Tenant vacates may, to the extent permitted by applicable law, be treated as abandoned and disposed of at Tenant's cost.",RECOMMENDED,LEASE_CLAUSE,VERIFIED,"CO added - verified this session (statute walk + full-library audit; content itself unchanged WY added 2026-08-21 (full-library cross-check pass): generic mechanics, no CO-specific statutory language or number, confirmed no conflict with WY findings from this project. | SD extended (South Dakota session 1, Title 21-16 review): no SD-specific surrender/move-out statute found beyond the security-deposit-return mechanics (handled separately by security-deposit-return-sd); generic mechanics compatible as-is.",2026-08-21,2026-08-24
early-termination,Default & Termination,Early Termination,CO;WY;MN;ND;SD,TRUE,,"Tenant may terminate this Lease before the end of the Term by providing Landlord at least 30 days' written notice. Tenant will pay an early termination fee equal to one month's Rent ({{monthly_rent}}) or 30% of the remaining Rent due under the Term, whichever is greater, and remains responsible for Rent and other obligations up to the termination date. Landlord may terminate this Lease early by providing Tenant at least 30 days' written notice if Tenant breaches a material term of this Lease and fails to cure the breach within 10 days of receiving written notice, or if Tenant vacates or abandons the property without notifying Landlord. Nothing in this Section limits any right either party has under applicable law. This includes a Tenant's right to terminate without penalty due to active military service under the Servicemembers Civil Relief Act, due to the property becoming uninhabitable through no fault of Tenant, or — except as prohibited by law in the case of a Tenant's death — any other termination right or limitation provided by applicable law.",RECOMMENDED,LEASE_CLAUSE,VERIFIED,"CO added - verified this session (statute walk + full-library audit; content itself EDITED this session WY added 2026-08-21 (full-library cross-check pass): generic mechanics, no CO-specific statutory language or number, confirmed no conflict with WY findings from this project. | MN extended (Minnesota session, CO;WY-scoping resolution): the clause's '10 days to cure' for landlord-initiated termination is more generous than Minnesota law requires (MN has no general statutory cure period for material lease violations, confirmed absent this session) — unlike KS/NE, where a real statutory cure period (14 days) made this clause's shorter figure a rights-shortening conflict. No conflict for MN. | Cross-state plain-language cleanup (Minnesota session, follow-up to MN's plain-language audit): long compound sentence split into shorter ones, no substantive change. Not a legal requirement for this clause's other tagged states (only MN's Plain Language Contract Act, Minn. Stat. §325G.31, was confirmed to apply this project) — done as a general readability improvement since the pattern was found library-wide, not MN-specific. | ND extended (North Dakota session 1, same scoping review): no numeric conflict with N.D.C.C. §§ 47-16-16/17's landlord/tenant termination rights, neither of which specifies a notice period or cure timeline that would contradict this clause's 30-day/10-day figures. | SD extended (South Dakota session 1, Title 21-16 review): generic mechanics (30-day notice + 1 month's rent fee) are not statutorily mandated for SD but not prohibited either; no conflicting SD statute found (SDCL 43-32-19's tenant-termination causes are different grounds, not a fee framework).",2026-08-21,2026-08-24
holdover,Default & Termination,Holdover Tenancy,CO;WY;KS;NE;MN,TRUE,,"If Tenant does not vacate the property by the end of the Term, Landlord may pursue any remedy allowed by applicable law to recover possession. Landlord will also be entitled to recover from Tenant holdover damages in the maximum amount permitted by applicable law for each day Tenant remains in possession after the end of the Term. Alternatively, Landlord may accept Tenant's continued payment of Rent, in which case this Lease will be deemed to continue on a month-to-month basis on the same terms and conditions, terminable by either party upon written notice as required by applicable law.",RECOMMENDED,LEASE_CLAUSE,VERIFIED,"CO added - verified this session (statute walk + full-library audit; content itself unchanged WY added 2026-08-21 (full-library cross-check pass): generic mechanics, no CO-specific statutory language or number, confirmed no conflict with WY findings from this project. | NE added (session 1): Neb. Rev. Stat. §76-1437(3) allows up to 3x periodic rent or 3x actual damages for willful bad-faith holdover — higher than this clause's double-rent figure, so the clause still holds up in NE without an override (per Taylor's read, Flag 6). See edu-holdover-ne for the full NE figure and a note to revisit the double-rent baseline once more states are surveyed. | MN extended (Minnesota session, whole-library audit): generic mechanics, already vetted against KS/NE's prohibited-lease-provisions statutes (the strictest bar found in this project to date) since this clause was already tagged KS;NE; no MN-specific statutory language or number identified in this session's statute walk that conflicts. No exculpatory/liability-waiver language present. | Cross-state plain-language cleanup (Minnesota session, follow-up to MN's plain-language audit): long compound sentence split into shorter ones, no substantive change. Not a legal requirement for this clause's other tagged states (only MN's Plain Language Contract Act, Minn. Stat. §325G.31, was confirmed to apply this project) — done as a general readability improvement since the pattern was found library-wide, not MN-specific. | SHARED-CLAUSE PASS 2026-09-03 (§5a.1). EDIT: removed the hardcoded 'double the Monthly Rent ... or the maximum amount allowed under applicable law, if less' and replaced it with a pure deferral to the statutory maximum. §5a.1 JUDGMENT: **STATE-DRIVEN** — the holdover figure genuinely differs per state — but the EDIT itself is uniform-safe and no per-state override is required, because each state's figure is already carried by its own education row. WHY THE OLD TEXT WAS WRONG IN BOTH DIRECTIONS, which is why leaving it was not an option: (1) OVER-PROMISED in MN — Minnesota has NO holdover multiplier at all (§504B.141 and the eviction chapter, confirmed at MN re-audit), so 'double the Monthly Rent' described a remedy that does not exist; the self-limiting tail made it lawful but misleading. (2) UNDER-CLAIMED in NE — Nebraska allows three months' periodic rent or threefold actual damages, whichever is greater, PLUS statutory attorney fees (§76-1437(3)), all of which EXCEED double monthly rent. The old 'or the maximum allowed ... if less' language could only ever cap DOWNWARD, so a Nebraska landlord relying on the clause would recover materially less than the statute allows. A ceiling-only formulation silently forfeits recovery in any state whose statutory figure is higher than the hardcoded one. KS is unaffected either way (1.5x cap under K.S.A. 58-2570(c), already below double, per edu-holdover-ks). GAP SURFACED, NOT CLOSED: CO and WY have NO holdover-damages education row and their statutory figures have never been verified in this project. The 'double' figure appears to have originated as Colorado's, but that has not been confirmed against C.R.S. Recommend verifying CO and WY holdover figures and adding edu-holdover-co / edu-holdover-wy, matching KS/NE/MN. | FOLLOW-UP 2026-09-03: the gap flagged in the shared-clause pass is now closed, and the answer is worse than expected. THE 'DOUBLE THE MONTHLY RENT' FIGURE HAD NO STATUTORY BASIS IN ANY OF THE FIVE TAGGED STATES. CO: no multiplier, damages = reasonable rental value (§13-40-123, Behr v. Burge). WY: no multiplier, actual damages plus 10% interest (§1-21-1211(b), provisional). KS: 1.5x cap, BELOW double (K.S.A. 58-2570(c)). NE: three months' periodic rent or threefold actual plus attorney fees, ABOVE double (§76-1437(3)). MN: no multiplier at all. So the number was wrong in every direction simultaneously — too high in three states, too low in one, and baseless in the two where it was assumed to have originated. The shared-clause pass hypothesized it 'appears to have originated as Colorado's'; that hypothesis is now DISPROVED. It appears to be generic template boilerplate that entered the library before any state research and was never questioned, and it survived four state re-audits. Removing it was correct. Recording the provenance because it is the clearest example in the project of an unsourced number propagating through a shared clause: nothing in the library ever asserted where 'double' came from, and every state's own research quietly contradicted it.",2026-08-21,2026-09-03
month-to-month-notice-ca,Default & Termination,Month-to-Month Termination Notice,CA,FALSE,,"Either Landlord or Tenant may terminate a month-to-month tenancy under this Lease by providing written notice: at least 30 days if Tenant has occupied the property for less than one year, or at least 60 days if Tenant has occupied the property for one year or more, as required by California law.",CONSTRAINED,LEASE_CLAUSE,UNVERIFIED,"UNCHANGED - pre-existing tag from before this project, not touched this session",,2026-09-03
notices,Notices & General,Notices,CO;WY;KS;NE;MN;ND;SD,TRUE,,"Any notice of termination, notice of default, or other notice required to be given in writing under this Lease or applicable law will be delivered to the addresses specified in this Lease, or to any updated address either party provides in writing to the other. Where applicable law requires a particular method, form, timing, or content for a notice, that requirement will control over this Section, and nothing in this Lease designates an alternative method of delivery for any notice governed by law.",RECOMMENDED,LEASE_CLAUSE,VERIFIED,"CO added - verified this session (statute walk + full-library audit; content itself unchanged WY added 2026-08-21 (full-library cross-check pass): generic mechanics, no CO-specific statutory language or number, confirmed no conflict with WY findings from this project. | NE extended (session 2, whole-library generic-clause audit): generic mechanics, no NE-specific statutory language or number, confirmed no conflict with NE findings from this project. | MN extended (Minnesota session, whole-library audit): generic mechanics, already vetted against KS/NE's prohibited-lease-provisions statutes (the strictest bar found in this project to date) since this clause was already tagged KS;NE; no MN-specific statutory language or number identified in this session's statute walk that conflicts. No exculpatory/liability-waiver language present. | SHARED-CLAUSE PASS 2026-09-03 (§5a.1). EDIT: added a saving clause deferring to any statutory method, form, timing, or content requirement, and disclaiming any implied designation of an alternative delivery method. §5a.1 JUDGMENT: **UNIFORM** — every tagged state specifies delivery methods per-statute, so deferring is correct in all of them; safe to inherit, no per-state override needed. TRIGGER: the MN re-audit found Minnesota specifies delivery section-by-section with conflicting requirements (§504B.321 subd. 1a(b) personal or first class mail ONLY, and failure means dismissal + expungement; §504B.271 personal service OR first class AND certified PLUS posting; §504B.365 subd. 3(g) mail PLUS a telephone attempt; §504B.206 subd. 1(c) the only electronic-permissive one). The prior text named only WHERE notices go and was silent on HOW, which risked being read as permitting any delivery to a valid address. Note the original RA-24 concern was partly overstated: this clause never actually designated email or a portal — it was silent, not wrong. The edit closes the silence rather than correcting an assertion. | ND ADDED 2026-09-06 (ND re-audit, exhaustive generic-clause audit prompted by the checklist-to-CSV reconciliation screen). ND's ORIGINAL whole-library audit was written up in its log but largely never executed against the CSV -- ND was shipped 'complete' with 18 displayable LEASE_CLAUSE rows against 61-75 for CO/WY/KS/NE/MN. This row is generic boilerplate carrying no ND-specific statutory interaction; ND's ch. 47-16 was read in full from primary text this session and no conflict was identified. LIABILITY-LANGUAGE CHECK: North Dakota has NO enumerated prohibited-lease-provisions statute (confirmed this session -- § 47-16-02 is a maximum-term cap, and § 47-16-13.3 supplies only case-by-case unconscionability). The exculpation exposure that forced fixes to this clause family in KS and NE therefore does not arise for ND, same reasoning as the WY addendum. 5a.1 JUDGMENT: UNIFORM -- states field changed, clause TEXT unchanged, no re-review owed on existing tags. | SD ADDED 2026-09-07 (SD re-audit, Tier A of the L.2 exhaustive generic-clause audit). SD displayed only 13 LEASE_CLAUSE rows against 60-75 for every other state; 46 generics had no SD tag and no SD override. Triaged per L.2, not bulk-extended. Tier A = boilerplate with no SD statutory interaction, or self-limiting text that defers to applicable law. S5a.1 JUDGMENT: adding a state tag changes `states` only - no bodyText, rule_type or content_type change - so no other tagged state's rendering is affected and NO propagation to other state logs is owed. State-driven, not uniform.",2026-08-21,2026-09-07
governing-law,Notices & General,Governing Law,CO;WY;KS;NE;MN;ND;SD,TRUE,,"This Lease will be governed by the laws of the State of {{state}}, and any additional applicable laws of the city or county in which the property is located.",RECOMMENDED,LEASE_CLAUSE,VERIFIED,"CO added - verified this session (statute walk + full-library audit; content itself unchanged WY added 2026-08-21 (full-library cross-check pass): generic mechanics, no CO-specific statutory language or number, confirmed no conflict with WY findings from this project. | NE extended (session 2, whole-library generic-clause audit): generic mechanics, no NE-specific statutory language or number, confirmed no conflict with NE findings from this project. | MN extended (Minnesota session, whole-library audit): generic mechanics, already vetted against KS/NE's prohibited-lease-provisions statutes (the strictest bar found in this project to date) since this clause was already tagged KS;NE; no MN-specific statutory language or number identified in this session's statute walk that conflicts. No exculpatory/liability-waiver language present. | ND ADDED 2026-09-06 (ND re-audit, exhaustive generic-clause audit prompted by the checklist-to-CSV reconciliation screen). ND's ORIGINAL whole-library audit was written up in its log but largely never executed against the CSV -- ND was shipped 'complete' with 18 displayable LEASE_CLAUSE rows against 61-75 for CO/WY/KS/NE/MN. This row is generic boilerplate carrying no ND-specific statutory interaction; ND's ch. 47-16 was read in full from primary text this session and no conflict was identified. LIABILITY-LANGUAGE CHECK: North Dakota has NO enumerated prohibited-lease-provisions statute (confirmed this session -- § 47-16-02 is a maximum-term cap, and § 47-16-13.3 supplies only case-by-case unconscionability). The exculpation exposure that forced fixes to this clause family in KS and NE therefore does not arise for ND, same reasoning as the WY addendum. 5a.1 JUDGMENT: UNIFORM -- states field changed, clause TEXT unchanged, no re-review owed on existing tags. Generic clause reads to the state of the property; no ND-specific substitution needed in the text. | SD ADDED 2026-09-07 (SD re-audit, Tier A of the L.2 exhaustive generic-clause audit). SD displayed only 13 LEASE_CLAUSE rows against 60-75 for every other state; 46 generics had no SD tag and no SD override. Triaged per L.2, not bulk-extended. Tier A = boilerplate with no SD statutory interaction, or self-limiting text that defers to applicable law. S5a.1 JUDGMENT: adding a state tag changes `states` only - no bodyText, rule_type or content_type change - so no other tagged state's rendering is affected and NO propagation to other state logs is owed. State-driven, not uniform.",2026-08-21,2026-09-07
severability,Notices & General,Severability,CO;WY;KS;NE;MN;ND;SD,TRUE,,"If any provision of this Agreement shall be held or made invalid by a court decision, statute or rule, or shall be otherwise rendered invalid, the remainder of this Agreement shall not be affected thereby.",RECOMMENDED,LEASE_CLAUSE,VERIFIED,"CO added - verified this session (statute walk + full-library audit; content itself unchanged WY added 2026-08-21 (full-library cross-check pass): generic mechanics, no CO-specific statutory language or number, confirmed no conflict with WY findings from this project. | NE extended (session 2, whole-library generic-clause audit): generic mechanics, no NE-specific statutory language or number, confirmed no conflict with NE findings from this project. | MN extended (Minnesota session, whole-library audit): generic mechanics, already vetted against KS/NE's prohibited-lease-provisions statutes (the strictest bar found in this project to date) since this clause was already tagged KS;NE; no MN-specific statutory language or number identified in this session's statute walk that conflicts. No exculpatory/liability-waiver language present. | ND ADDED 2026-09-06 (ND re-audit, exhaustive generic-clause audit prompted by the checklist-to-CSV reconciliation screen). ND's ORIGINAL whole-library audit was written up in its log but largely never executed against the CSV -- ND was shipped 'complete' with 18 displayable LEASE_CLAUSE rows against 61-75 for CO/WY/KS/NE/MN. This row is generic boilerplate carrying no ND-specific statutory interaction; ND's ch. 47-16 was read in full from primary text this session and no conflict was identified. LIABILITY-LANGUAGE CHECK: North Dakota has NO enumerated prohibited-lease-provisions statute (confirmed this session -- § 47-16-02 is a maximum-term cap, and § 47-16-13.3 supplies only case-by-case unconscionability). The exculpation exposure that forced fixes to this clause family in KS and NE therefore does not arise for ND, same reasoning as the WY addendum. 5a.1 JUDGMENT: UNIFORM -- states field changed, clause TEXT unchanged, no re-review owed on existing tags. | SD ADDED 2026-09-07 (SD re-audit, Tier A of the L.2 exhaustive generic-clause audit). SD displayed only 13 LEASE_CLAUSE rows against 60-75 for every other state; 46 generics had no SD tag and no SD override. Triaged per L.2, not bulk-extended. Tier A = boilerplate with no SD statutory interaction, or self-limiting text that defers to applicable law. S5a.1 JUDGMENT: adding a state tag changes `states` only - no bodyText, rule_type or content_type change - so no other tagged state's rendering is affected and NO propagation to other state logs is owed. State-driven, not uniform.",2026-08-21,2026-09-07
tenants-property-insurance,Notices & General,Tenant's Property & Renter's Insurance,CO;WY;ND;SD,TRUE,,"Landlord's insurance does not cover loss or damage to Tenant's personal property, and Landlord is not liable for any such loss or damage. Tenant will obtain and maintain renter's insurance covering Tenant's personal property and liability throughout the Term, with liability coverage of at least {{tenant_insurance_minimum}}, and will provide Landlord with evidence of coverage upon request.",RECOMMENDED,LEASE_CLAUSE,VERIFIED,"CO added - verified this session (statute walk + full-library audit; content itself unchanged WY added 2026-08-21 (full-library cross-check pass): generic mechanics, no CO-specific statutory language or number, confirmed no conflict with WY findings from this project. | Extended to KS per Taylor's decision (session 4). | NE extended (session 2, whole-library generic-clause audit): generic mechanics, no NE-specific statutory language or number, confirmed no conflict with NE findings from this project. | States KS,NE removed (session 5, full liability-audit fix): superseded by state-specific override(s) addressing K.S.A. 58-2547(a)(4)/(a)(1) and/or Neb. Rev. Stat. §76-1415(1)(d) exposure found in this session's full-library liability audit. | ND ADDED 2026-09-06 (ND re-audit, exhaustive generic-clause audit prompted by the checklist-to-CSV reconciliation screen). ND's ORIGINAL whole-library audit was written up in its log but largely never executed against the CSV -- ND was shipped 'complete' with 18 displayable LEASE_CLAUSE rows against 61-75 for CO/WY/KS/NE/MN. This row is generic boilerplate carrying no ND-specific statutory interaction; ND's ch. 47-16 was read in full from primary text this session and no conflict was identified. LIABILITY-LANGUAGE CHECK: North Dakota has NO enumerated prohibited-lease-provisions statute (confirmed this session -- § 47-16-02 is a maximum-term cap, and § 47-16-13.3 supplies only case-by-case unconscionability). The exculpation exposure that forced fixes to this clause family in KS and NE therefore does not arise for ND, same reasoning as the WY addendum. 5a.1 JUDGMENT: UNIFORM -- states field changed, clause TEXT unchanged, no re-review owed on existing tags. This clause is in the family KS/NE had to fix for exculpatory language; see the liability-language check above for why ND does not require the same fix. | SD ADDED 2026-09-07 (SD re-audit, Tier A of the L.2 exhaustive generic-clause audit). SD displayed only 13 LEASE_CLAUSE rows against 60-75 for every other state; 46 generics had no SD tag and no SD override. Triaged per L.2, not bulk-extended. Tier A = boilerplate with no SD statutory interaction, or self-limiting text that defers to applicable law. S5a.1 JUDGMENT: adding a state tag changes `states` only - no bodyText, rule_type or content_type change - so no other tagged state's rendering is affected and NO propagation to other state logs is owed. State-driven, not uniform. Exculpatory family: ground is SD's lack of an enumerated prohibited-provisions statute (verified this session against the full ch.43-32 index), so the ND ground transfers. Ceiling: SDCL 53-9-3. See edu-exculpatory-clause-limit-sd.",2026-08-21,2026-09-07
entire-agreement,Notices & General,Entire Agreement,CO;WY;KS;NE;MN;ND;SD,TRUE,,"This Lease, along with any attached addenda and legal disclosures, contains the entire agreement between Landlord and Tenant and may not be changed except in writing signed by all parties. This Lease is binding on and inures to the benefit of the permitted heirs, legal representatives, and assigns of the parties.",RECOMMENDED,LEASE_CLAUSE,VERIFIED,"CO added - verified this session (statute walk + full-library audit; content itself unchanged WY added 2026-08-21 (full-library cross-check pass): generic mechanics, no CO-specific statutory language or number, confirmed no conflict with WY findings from this project. | NE extended (session 2, whole-library generic-clause audit): generic mechanics, no NE-specific statutory language or number, confirmed no conflict with NE findings from this project. | MN extended (Minnesota session, whole-library audit): generic mechanics, already vetted against KS/NE's prohibited-lease-provisions statutes (the strictest bar found in this project to date) since this clause was already tagged KS;NE; no MN-specific statutory language or number identified in this session's statute walk that conflicts. No exculpatory/liability-waiver language present. | ND ADDED 2026-09-06 (ND re-audit, exhaustive generic-clause audit prompted by the checklist-to-CSV reconciliation screen). ND's ORIGINAL whole-library audit was written up in its log but largely never executed against the CSV -- ND was shipped 'complete' with 18 displayable LEASE_CLAUSE rows against 61-75 for CO/WY/KS/NE/MN. This row is generic boilerplate carrying no ND-specific statutory interaction; ND's ch. 47-16 was read in full from primary text this session and no conflict was identified. LIABILITY-LANGUAGE CHECK: North Dakota has NO enumerated prohibited-lease-provisions statute (confirmed this session -- § 47-16-02 is a maximum-term cap, and § 47-16-13.3 supplies only case-by-case unconscionability). The exculpation exposure that forced fixes to this clause family in KS and NE therefore does not arise for ND, same reasoning as the WY addendum. 5a.1 JUDGMENT: UNIFORM -- states field changed, clause TEXT unchanged, no re-review owed on existing tags. | SD ADDED 2026-09-07 (SD re-audit, Tier A of the L.2 exhaustive generic-clause audit). SD displayed only 13 LEASE_CLAUSE rows against 60-75 for every other state; 46 generics had no SD tag and no SD override. Triaged per L.2, not bulk-extended. Tier A = boilerplate with no SD statutory interaction, or self-limiting text that defers to applicable law. S5a.1 JUDGMENT: adding a state tag changes `states` only - no bodyText, rule_type or content_type change - so no other tagged state's rendering is affected and NO propagation to other state logs is owed. State-driven, not uniform.",2026-08-21,2026-09-07
addendum-precedence,Notices & General,Addendum Precedence,CO;WY;KS;NE;MN;ND;SD,TRUE,,Tenant acknowledges that the legal disclosures and addenda attached to this Lease are part of this legal agreement. The terms of this Lease will control in the event of any conflict between the terms of an Addendum and the terms of this Lease.,RECOMMENDED,LEASE_CLAUSE,VERIFIED,"CO added - verified this session (statute walk + full-library audit; content itself unchanged WY added 2026-08-21 (full-library cross-check pass): generic mechanics, no CO-specific statutory language or number, confirmed no conflict with WY findings from this project. | NE extended (session 2, whole-library generic-clause audit): generic mechanics, no NE-specific statutory language or number, confirmed no conflict with NE findings from this project. | MN extended (Minnesota session, whole-library audit): generic mechanics, already vetted against KS/NE's prohibited-lease-provisions statutes (the strictest bar found in this project to date) since this clause was already tagged KS;NE; no MN-specific statutory language or number identified in this session's statute walk that conflicts. No exculpatory/liability-waiver language present. | ND ADDED 2026-09-06 (ND re-audit, exhaustive generic-clause audit prompted by the checklist-to-CSV reconciliation screen). ND's ORIGINAL whole-library audit was written up in its log but largely never executed against the CSV -- ND was shipped 'complete' with 18 displayable LEASE_CLAUSE rows against 61-75 for CO/WY/KS/NE/MN. This row is generic boilerplate carrying no ND-specific statutory interaction; ND's ch. 47-16 was read in full from primary text this session and no conflict was identified. LIABILITY-LANGUAGE CHECK: North Dakota has NO enumerated prohibited-lease-provisions statute (confirmed this session -- § 47-16-02 is a maximum-term cap, and § 47-16-13.3 supplies only case-by-case unconscionability). The exculpation exposure that forced fixes to this clause family in KS and NE therefore does not arise for ND, same reasoning as the WY addendum. 5a.1 JUDGMENT: UNIFORM -- states field changed, clause TEXT unchanged, no re-review owed on existing tags. | SD ADDED 2026-09-07 (SD re-audit, Tier A of the L.2 exhaustive generic-clause audit). SD displayed only 13 LEASE_CLAUSE rows against 60-75 for every other state; 46 generics had no SD tag and no SD override. Triaged per L.2, not bulk-extended. Tier A = boilerplate with no SD statutory interaction, or self-limiting text that defers to applicable law. S5a.1 JUDGMENT: adding a state tag changes `states` only - no bodyText, rule_type or content_type change - so no other tagged state's rendering is affected and NO propagation to other state logs is owed. State-driven, not uniform.",2026-08-21,2026-09-07
electronic-signatures,Notices & General,Electronic Signatures,CO;WY;KS;NE;MN;ND;SD,TRUE,,All individuals indicated in the Basic Terms as comprising Tenant will sign this Lease and related attached Addenda where indicated. Each of Landlord and Tenant consents to the other party's execution of this Lease by electronic signature. Delivery of this Lease containing the electronic signature of a party or otherwise by facsimile through electronic means or as a digital copy will have the same full force and effect as a manually executed original version.,RECOMMENDED,LEASE_CLAUSE,VERIFIED,"CO added - verified this session (statute walk + full-library audit; content itself unchanged WY added 2026-08-21 (full-library cross-check pass): generic mechanics, no CO-specific statutory language or number, confirmed no conflict with WY findings from this project. | NE extended (session 2, whole-library generic-clause audit): generic mechanics, no NE-specific statutory language or number, confirmed no conflict with NE findings from this project. | MN extended (Minnesota session, whole-library audit): generic mechanics, already vetted against KS/NE's prohibited-lease-provisions statutes (the strictest bar found in this project to date) since this clause was already tagged KS;NE; no MN-specific statutory language or number identified in this session's statute walk that conflicts. No exculpatory/liability-waiver language present. | ND ADDED 2026-09-06 (ND re-audit, exhaustive generic-clause audit prompted by the checklist-to-CSV reconciliation screen). ND's ORIGINAL whole-library audit was written up in its log but largely never executed against the CSV -- ND was shipped 'complete' with 18 displayable LEASE_CLAUSE rows against 61-75 for CO/WY/KS/NE/MN. This row is generic boilerplate carrying no ND-specific statutory interaction; ND's ch. 47-16 was read in full from primary text this session and no conflict was identified. LIABILITY-LANGUAGE CHECK: North Dakota has NO enumerated prohibited-lease-provisions statute (confirmed this session -- § 47-16-02 is a maximum-term cap, and § 47-16-13.3 supplies only case-by-case unconscionability). The exculpation exposure that forced fixes to this clause family in KS and NE therefore does not arise for ND, same reasoning as the WY addendum. 5a.1 JUDGMENT: UNIFORM -- states field changed, clause TEXT unchanged, no re-review owed on existing tags. | SD ADDED 2026-09-07 (SD re-audit, Tier A of the L.2 exhaustive generic-clause audit). SD displayed only 13 LEASE_CLAUSE rows against 60-75 for every other state; 46 generics had no SD tag and no SD override. Triaged per L.2, not bulk-extended. Tier A = boilerplate with no SD statutory interaction, or self-limiting text that defers to applicable law. S5a.1 JUDGMENT: adding a state tag changes `states` only - no bodyText, rule_type or content_type change - so no other tagged state's rendering is affected and NO propagation to other state logs is owed. State-driven, not uniform.",2026-08-21,2026-09-07
pet-policy,Pets,Pets,CO;WY;ND,TRUE,,"Tenant may keep only pets identified in writing to and approved by Landlord. Tenant will pay Landlord a pet deposit, if applicable, and pet rent of {{pet_rent_amount}} per month. Tenant is responsible for all damage, waste removal, odor, and disturbance caused by a pet, and will indemnify Landlord from claims arising from Tenant's pet(s). Landlord may revoke approval of a pet that becomes a nuisance or safety concern, and may enter the property and remove a pet, without liability to Tenant, if the pet becomes vicious or displays symptoms of severe illness, or if Tenant dies, becomes incapacitated, or is otherwise unable to care for the pet and Landlord believes in good faith that the pet is being abused or neglected.",RECOMMENDED,LEASE_CLAUSE,VERIFIED,"CO added - verified this session (statute walk + full-library audit; content itself unchanged WY added 2026-08-21 (full-library cross-check pass): generic mechanics, no CO-specific statutory language or number, confirmed no conflict with WY findings from this project. | NE extended (session 2, whole-library generic-clause audit): generic mechanics, no NE-specific statutory language or number, confirmed no conflict with NE findings from this project. | States KS,NE removed (session 5, full liability-audit fix): superseded by state-specific override(s) addressing K.S.A. 58-2547(a)(4)/(a)(1) and/or Neb. Rev. Stat. §76-1415(1)(d) exposure found in this session's full-library liability audit. | ND ADDED 2026-09-06 (ND re-audit, exhaustive generic-clause audit prompted by the checklist-to-CSV reconciliation screen). ND's ORIGINAL whole-library audit was written up in its log but largely never executed against the CSV -- ND was shipped 'complete' with 18 displayable LEASE_CLAUSE rows against 61-75 for CO/WY/KS/NE/MN. This row is generic boilerplate carrying no ND-specific statutory interaction; ND's ch. 47-16 was read in full from primary text this session and no conflict was identified. LIABILITY-LANGUAGE CHECK: North Dakota has NO enumerated prohibited-lease-provisions statute (confirmed this session -- § 47-16-02 is a maximum-term cap, and § 47-16-13.3 supplies only case-by-case unconscionability). The exculpation exposure that forced fixes to this clause family in KS and NE therefore does not arise for ND, same reasoning as the WY addendum. 5a.1 JUDGMENT: UNIFORM -- states field changed, clause TEXT unchanged, no re-review owed on existing tags.",2026-08-21,2026-09-06
pet-insurance-requirement,Pets,Pet Insurance Requirement,CO;WY;KS;NE;MN;ND;SD,TRUE,,"If Tenant keeps an approved pet at the property, Tenant will maintain renter's insurance that includes coverage for pet-related liability, and will name Landlord as an interested party on the policy upon Landlord's request.",RECOMMENDED,LEASE_CLAUSE,VERIFIED,"CO added - verified this session (statute walk + full-library audit; content itself unchanged WY added 2026-08-21 (full-library cross-check pass): generic mechanics, no CO-specific statutory language or number, confirmed no conflict with WY findings from this project. | NE extended (session 2, whole-library generic-clause audit): generic mechanics, no NE-specific statutory language or number, confirmed no conflict with NE findings from this project. | MN extended (Minnesota session, whole-library audit): generic mechanics, already vetted against KS/NE's prohibited-lease-provisions statutes (the strictest bar found in this project to date) since this clause was already tagged KS;NE; no MN-specific statutory language or number identified in this session's statute walk that conflicts. No exculpatory/liability-waiver language present. | ND ADDED 2026-09-06 (ND re-audit, exhaustive generic-clause audit prompted by the checklist-to-CSV reconciliation screen). ND's ORIGINAL whole-library audit was written up in its log but largely never executed against the CSV -- ND was shipped 'complete' with 18 displayable LEASE_CLAUSE rows against 61-75 for CO/WY/KS/NE/MN. This row is generic boilerplate carrying no ND-specific statutory interaction; ND's ch. 47-16 was read in full from primary text this session and no conflict was identified. LIABILITY-LANGUAGE CHECK: North Dakota has NO enumerated prohibited-lease-provisions statute (confirmed this session -- § 47-16-02 is a maximum-term cap, and § 47-16-13.3 supplies only case-by-case unconscionability). The exculpation exposure that forced fixes to this clause family in KS and NE therefore does not arise for ND, same reasoning as the WY addendum. 5a.1 JUDGMENT: UNIFORM -- states field changed, clause TEXT unchanged, no re-review owed on existing tags. | SD ADDED 2026-09-07 (SD re-audit, Tier A of the L.2 exhaustive generic-clause audit). SD displayed only 13 LEASE_CLAUSE rows against 60-75 for every other state; 46 generics had no SD tag and no SD override. Triaged per L.2, not bulk-extended. Tier A = boilerplate with no SD statutory interaction, or self-limiting text that defers to applicable law. S5a.1 JUDGMENT: adding a state tag changes `states` only - no bodyText, rule_type or content_type change - so no other tagged state's rendering is affected and NO propagation to other state logs is owed. State-driven, not uniform. Extended, but `pet-policy` was WITHHELD as Tier B - its entry-and-remove-without-liability language raises a 53-9-3 third-prong question an insurance requirement does not.",2026-08-21,2026-09-07
parking,Parking & Storage,Parking,CO;WY;ND;SD,TRUE,,"Tenant may park only in the area(s) designated by Landlord, subject to any parking rules or addendum attached to this Lease. Landlord does not provide security for the parking area and is not liable for damage to or theft of a vehicle or its contents.",RECOMMENDED,LEASE_CLAUSE,VERIFIED,"CO added - verified this session (statute walk + full-library audit; content itself unchanged WY added 2026-08-21 (full-library cross-check pass): generic mechanics, no CO-specific statutory language or number, confirmed no conflict with WY findings from this project. | NE extended (session 2, whole-library generic-clause audit): generic mechanics, no NE-specific statutory language or number, confirmed no conflict with NE findings from this project. | States KS,NE removed (session 5, full liability-audit fix): superseded by state-specific override(s) addressing K.S.A. 58-2547(a)(4)/(a)(1) and/or Neb. Rev. Stat. §76-1415(1)(d) exposure found in this session's full-library liability audit. | ND ADDED 2026-09-06 (ND re-audit, exhaustive generic-clause audit prompted by the checklist-to-CSV reconciliation screen). ND's ORIGINAL whole-library audit was written up in its log but largely never executed against the CSV -- ND was shipped 'complete' with 18 displayable LEASE_CLAUSE rows against 61-75 for CO/WY/KS/NE/MN. This row is generic boilerplate carrying no ND-specific statutory interaction; ND's ch. 47-16 was read in full from primary text this session and no conflict was identified. LIABILITY-LANGUAGE CHECK: North Dakota has NO enumerated prohibited-lease-provisions statute (confirmed this session -- § 47-16-02 is a maximum-term cap, and § 47-16-13.3 supplies only case-by-case unconscionability). The exculpation exposure that forced fixes to this clause family in KS and NE therefore does not arise for ND, same reasoning as the WY addendum. 5a.1 JUDGMENT: UNIFORM -- states field changed, clause TEXT unchanged, no re-review owed on existing tags. | SD ADDED 2026-09-07 (SD re-audit, Tier A of the L.2 exhaustive generic-clause audit). SD displayed only 13 LEASE_CLAUSE rows against 60-75 for every other state; 46 generics had no SD tag and no SD override. Triaged per L.2, not bulk-extended. Tier A = boilerplate with no SD statutory interaction, or self-limiting text that defers to applicable law. S5a.1 JUDGMENT: adding a state tag changes `states` only - no bodyText, rule_type or content_type change - so no other tagged state's rendering is affected and NO propagation to other state logs is owed. State-driven, not uniform. Exculpatory family - see edu-exculpatory-clause-limit-sd. Enforceable for ordinary negligence under 53-9-3, void as to willful injury.",2026-08-21,2026-09-07
assigned-parking-space,Parking & Storage,Assigned Parking Space(s),CO;WY;KS;NE;MN;ND;SD,TRUE,,Tenant is assigned the following parking space(s) for Tenant's exclusive use during the Term: [identify assigned space number(s)/location here]. Landlord may reassign a different space of comparable convenience on reasonable notice to Tenant.,RECOMMENDED,LEASE_CLAUSE,VERIFIED,"CO added - verified this session (statute walk + full-library audit; content itself unchanged WY added 2026-08-21 (full-library cross-check pass): generic mechanics, no CO-specific statutory language or number, confirmed no conflict with WY findings from this project. | NE extended (session 2, whole-library generic-clause audit): generic mechanics, no NE-specific statutory language or number, confirmed no conflict with NE findings from this project. | MN extended (Minnesota session, whole-library audit): generic mechanics, already vetted against KS/NE's prohibited-lease-provisions statutes (the strictest bar found in this project to date) since this clause was already tagged KS;NE; no MN-specific statutory language or number identified in this session's statute walk that conflicts. No exculpatory/liability-waiver language present. | ND ADDED 2026-09-06 (ND re-audit, exhaustive generic-clause audit prompted by the checklist-to-CSV reconciliation screen). ND's ORIGINAL whole-library audit was written up in its log but largely never executed against the CSV -- ND was shipped 'complete' with 18 displayable LEASE_CLAUSE rows against 61-75 for CO/WY/KS/NE/MN. This row is generic boilerplate carrying no ND-specific statutory interaction; ND's ch. 47-16 was read in full from primary text this session and no conflict was identified. LIABILITY-LANGUAGE CHECK: North Dakota has NO enumerated prohibited-lease-provisions statute (confirmed this session -- § 47-16-02 is a maximum-term cap, and § 47-16-13.3 supplies only case-by-case unconscionability). The exculpation exposure that forced fixes to this clause family in KS and NE therefore does not arise for ND, same reasoning as the WY addendum. 5a.1 JUDGMENT: UNIFORM -- states field changed, clause TEXT unchanged, no re-review owed on existing tags. | SD ADDED 2026-09-07 (SD re-audit, Tier A of the L.2 exhaustive generic-clause audit). SD displayed only 13 LEASE_CLAUSE rows against 60-75 for every other state; 46 generics had no SD tag and no SD override. Triaged per L.2, not bulk-extended. Tier A = boilerplate with no SD statutory interaction, or self-limiting text that defers to applicable law. S5a.1 JUDGMENT: adding a state tag changes `states` only - no bodyText, rule_type or content_type change - so no other tagged state's rendering is affected and NO propagation to other state logs is owed. State-driven, not uniform.",2026-08-21,2026-09-07
parking-vehicle-rules,Parking & Storage,Parking & Vehicle Requirements,CO;WY;KS;NE;MN;ND;SD,TRUE,,"Only operable, currently registered passenger vehicles may be parked at the property; commercial vehicles, recreational vehicles, trailers, and oversized vehicles are not permitted without Landlord's prior written consent. Landlord may require Tenant to provide vehicle registration information and may issue parking tags, decals, or access cards, the cost of which may be charged to Tenant. Landlord may have a vehicle towed, at the vehicle owner's expense, if it is illegally parked, abandoned, inoperable, or has expired registration. Vehicle repairs are not permitted at the property except minor emergency repairs necessary to move the vehicle, and vehicles may be washed only in areas Landlord designates, if any.",RECOMMENDED,LEASE_CLAUSE,VERIFIED,"CO added - verified this session (statute walk + full-library audit; content itself unchanged WY added 2026-08-21 (full-library cross-check pass): generic mechanics, no CO-specific statutory language or number, confirmed no conflict with WY findings from this project. | NE extended (session 2, whole-library generic-clause audit): generic mechanics, no NE-specific statutory language or number, confirmed no conflict with NE findings from this project. | MN extended (Minnesota session, whole-library audit): generic mechanics, already vetted against KS/NE's prohibited-lease-provisions statutes (the strictest bar found in this project to date) since this clause was already tagged KS;NE; no MN-specific statutory language or number identified in this session's statute walk that conflicts. No exculpatory/liability-waiver language present. | ND ADDED 2026-09-06 (ND re-audit, exhaustive generic-clause audit prompted by the checklist-to-CSV reconciliation screen). ND's ORIGINAL whole-library audit was written up in its log but largely never executed against the CSV -- ND was shipped 'complete' with 18 displayable LEASE_CLAUSE rows against 61-75 for CO/WY/KS/NE/MN. This row is generic boilerplate carrying no ND-specific statutory interaction; ND's ch. 47-16 was read in full from primary text this session and no conflict was identified. LIABILITY-LANGUAGE CHECK: North Dakota has NO enumerated prohibited-lease-provisions statute (confirmed this session -- § 47-16-02 is a maximum-term cap, and § 47-16-13.3 supplies only case-by-case unconscionability). The exculpation exposure that forced fixes to this clause family in KS and NE therefore does not arise for ND, same reasoning as the WY addendum. 5a.1 JUDGMENT: UNIFORM -- states field changed, clause TEXT unchanged, no re-review owed on existing tags. | SD ADDED 2026-09-07 (SD re-audit, Tier A of the L.2 exhaustive generic-clause audit). SD displayed only 13 LEASE_CLAUSE rows against 60-75 for every other state; 46 generics had no SD tag and no SD override. Triaged per L.2, not bulk-extended. Tier A = boilerplate with no SD statutory interaction, or self-limiting text that defers to applicable law. S5a.1 JUDGMENT: adding a state tag changes `states` only - no bodyText, rule_type or content_type change - so no other tagged state's rendering is affected and NO propagation to other state logs is owed. State-driven, not uniform.",2026-08-21,2026-09-07
storage-space,Parking & Storage,Storage Space,CO;WY;ND;SD,TRUE,,"Tenant is assigned the following storage space for Tenant's exclusive use during the Term: [identify storage space/location here]. Tenant will not store any hazardous, flammable, or perishable materials in the storage space, and Landlord is not liable for damage to or theft of items stored there.",RECOMMENDED,LEASE_CLAUSE,VERIFIED,"CO added - verified this session (statute walk + full-library audit; content itself unchanged WY added 2026-08-21 (full-library cross-check pass): generic mechanics, no CO-specific statutory language or number, confirmed no conflict with WY findings from this project. | NE extended (session 2, whole-library generic-clause audit): generic mechanics, no NE-specific statutory language or number, confirmed no conflict with NE findings from this project. | States KS,NE removed (session 5, full liability-audit fix): superseded by state-specific override(s) addressing K.S.A. 58-2547(a)(4)/(a)(1) and/or Neb. Rev. Stat. §76-1415(1)(d) exposure found in this session's full-library liability audit. | ND ADDED 2026-09-06 (ND re-audit, exhaustive generic-clause audit prompted by the checklist-to-CSV reconciliation screen). ND's ORIGINAL whole-library audit was written up in its log but largely never executed against the CSV -- ND was shipped 'complete' with 18 displayable LEASE_CLAUSE rows against 61-75 for CO/WY/KS/NE/MN. This row is generic boilerplate carrying no ND-specific statutory interaction; ND's ch. 47-16 was read in full from primary text this session and no conflict was identified. LIABILITY-LANGUAGE CHECK: North Dakota has NO enumerated prohibited-lease-provisions statute (confirmed this session -- § 47-16-02 is a maximum-term cap, and § 47-16-13.3 supplies only case-by-case unconscionability). The exculpation exposure that forced fixes to this clause family in KS and NE therefore does not arise for ND, same reasoning as the WY addendum. 5a.1 JUDGMENT: UNIFORM -- states field changed, clause TEXT unchanged, no re-review owed on existing tags. | SD ADDED 2026-09-07 (SD re-audit, Tier A of the L.2 exhaustive generic-clause audit). SD displayed only 13 LEASE_CLAUSE rows against 60-75 for every other state; 46 generics had no SD tag and no SD override. Triaged per L.2, not bulk-extended. Tier A = boilerplate with no SD statutory interaction, or self-limiting text that defers to applicable law. S5a.1 JUDGMENT: adding a state tag changes `states` only - no bodyText, rule_type or content_type change - so no other tagged state's rendering is affected and NO propagation to other state logs is owed. State-driven, not uniform. Exculpatory family - same 53-9-3 ceiling as `parking`.",2026-08-21,2026-09-07
keys,Rules & Regulations,Keys,CO;WY;KS;NE;MN;ND;SD,TRUE,,"At the start of the Term, Tenant will receive the keys specified by Landlord and will sign a receipt acknowledging the number and type of keys provided. Tenant will return all keys to Landlord at the end of the Term. If Tenant fails to return all keys or requires a replacement, Landlord may re-key the applicable locks and charge the cost to Tenant. Tenant may not duplicate keys without Landlord's consent.",RECOMMENDED,LEASE_CLAUSE,VERIFIED,"CO added - verified this session (statute walk + full-library audit; content itself unchanged WY added 2026-08-21 (full-library cross-check pass): generic mechanics, no CO-specific statutory language or number, confirmed no conflict with WY findings from this project. | NE extended (session 2, whole-library generic-clause audit): generic mechanics, no NE-specific statutory language or number, confirmed no conflict with NE findings from this project. | MN extended (Minnesota session, whole-library audit): generic mechanics, already vetted against KS/NE's prohibited-lease-provisions statutes (the strictest bar found in this project to date) since this clause was already tagged KS;NE; no MN-specific statutory language or number identified in this session's statute walk that conflicts. No exculpatory/liability-waiver language present. | ND ADDED 2026-09-06 (ND re-audit, exhaustive generic-clause audit prompted by the checklist-to-CSV reconciliation screen). ND's ORIGINAL whole-library audit was written up in its log but largely never executed against the CSV -- ND was shipped 'complete' with 18 displayable LEASE_CLAUSE rows against 61-75 for CO/WY/KS/NE/MN. This row is generic boilerplate carrying no ND-specific statutory interaction; ND's ch. 47-16 was read in full from primary text this session and no conflict was identified. LIABILITY-LANGUAGE CHECK: North Dakota has NO enumerated prohibited-lease-provisions statute (confirmed this session -- § 47-16-02 is a maximum-term cap, and § 47-16-13.3 supplies only case-by-case unconscionability). The exculpation exposure that forced fixes to this clause family in KS and NE therefore does not arise for ND, same reasoning as the WY addendum. 5a.1 JUDGMENT: UNIFORM -- states field changed, clause TEXT unchanged, no re-review owed on existing tags. | SD ADDED 2026-09-07 (SD re-audit, Tier A of the L.2 exhaustive generic-clause audit). SD displayed only 13 LEASE_CLAUSE rows against 60-75 for every other state; 46 generics had no SD tag and no SD override. Triaged per L.2, not bulk-extended. Tier A = boilerplate with no SD statutory interaction, or self-limiting text that defers to applicable law. S5a.1 JUDGMENT: adding a state tag changes `states` only - no bodyText, rule_type or content_type change - so no other tagged state's rendering is affected and NO propagation to other state logs is owed. State-driven, not uniform.",2026-08-21,2026-09-07
guest-policy,Rules & Regulations,Guest Policy,CO;WY;KS;NE;MN;ND;SD,TRUE,,"Guests are welcome for reasonable, non-continuous stays. A guest who stays beyond the period specified by Landlord within a given time frame will be considered an unauthorized occupant and subject to Landlord's prior written consent under this Lease's occupancy terms.",RECOMMENDED,LEASE_CLAUSE,VERIFIED,"CO added - verified this session (statute walk + full-library audit; content itself unchanged WY added 2026-08-21 (full-library cross-check pass): generic mechanics, no CO-specific statutory language or number, confirmed no conflict with WY findings from this project. | NE extended (session 2, whole-library generic-clause audit): generic mechanics, no NE-specific statutory language or number, confirmed no conflict with NE findings from this project. | MN extended (Minnesota session, whole-library audit): generic mechanics, already vetted against KS/NE's prohibited-lease-provisions statutes (the strictest bar found in this project to date) since this clause was already tagged KS;NE; no MN-specific statutory language or number identified in this session's statute walk that conflicts. No exculpatory/liability-waiver language present. | ND ADDED 2026-09-06 (ND re-audit, exhaustive generic-clause audit prompted by the checklist-to-CSV reconciliation screen). ND's ORIGINAL whole-library audit was written up in its log but largely never executed against the CSV -- ND was shipped 'complete' with 18 displayable LEASE_CLAUSE rows against 61-75 for CO/WY/KS/NE/MN. This row is generic boilerplate carrying no ND-specific statutory interaction; ND's ch. 47-16 was read in full from primary text this session and no conflict was identified. LIABILITY-LANGUAGE CHECK: North Dakota has NO enumerated prohibited-lease-provisions statute (confirmed this session -- § 47-16-02 is a maximum-term cap, and § 47-16-13.3 supplies only case-by-case unconscionability). The exculpation exposure that forced fixes to this clause family in KS and NE therefore does not arise for ND, same reasoning as the WY addendum. 5a.1 JUDGMENT: UNIFORM -- states field changed, clause TEXT unchanged, no re-review owed on existing tags. | SD ADDED 2026-09-07 (SD re-audit, Tier A of the L.2 exhaustive generic-clause audit). SD displayed only 13 LEASE_CLAUSE rows against 60-75 for every other state; 46 generics had no SD tag and no SD override. Triaged per L.2, not bulk-extended. Tier A = boilerplate with no SD statutory interaction, or self-limiting text that defers to applicable law. S5a.1 JUDGMENT: adding a state tag changes `states` only - no bodyText, rule_type or content_type change - so no other tagged state's rendering is affected and NO propagation to other state logs is owed. State-driven, not uniform.",2026-08-21,2026-09-07
guest-policy-day-limit,Rules & Regulations,Guest Policy (14-Day Limit),CO;WY;KS;NE;MN;ND;SD,TRUE,,"Tenant will not permit a guest to stay at the property for more than 14 consecutive days, or more than 14 total days within any rolling 6-month period, without Landlord's prior written consent to add that person to this Lease as an occupant or Tenant.",RECOMMENDED,LEASE_CLAUSE,VERIFIED,"CO added - verified this session (statute walk + full-library audit; content itself unchanged WY added 2026-08-21 (full-library cross-check pass): generic mechanics, no CO-specific statutory language or number, confirmed no conflict with WY findings from this project. | NE extended (session 2, whole-library generic-clause audit): generic mechanics, no NE-specific statutory language or number, confirmed no conflict with NE findings from this project. | MN extended (Minnesota session, whole-library audit): generic mechanics, already vetted against KS/NE's prohibited-lease-provisions statutes (the strictest bar found in this project to date) since this clause was already tagged KS;NE; no MN-specific statutory language or number identified in this session's statute walk that conflicts. No exculpatory/liability-waiver language present. | ND ADDED 2026-09-06 (ND re-audit, exhaustive generic-clause audit prompted by the checklist-to-CSV reconciliation screen). ND's ORIGINAL whole-library audit was written up in its log but largely never executed against the CSV -- ND was shipped 'complete' with 18 displayable LEASE_CLAUSE rows against 61-75 for CO/WY/KS/NE/MN. This row is generic boilerplate carrying no ND-specific statutory interaction; ND's ch. 47-16 was read in full from primary text this session and no conflict was identified. LIABILITY-LANGUAGE CHECK: North Dakota has NO enumerated prohibited-lease-provisions statute (confirmed this session -- § 47-16-02 is a maximum-term cap, and § 47-16-13.3 supplies only case-by-case unconscionability). The exculpation exposure that forced fixes to this clause family in KS and NE therefore does not arise for ND, same reasoning as the WY addendum. 5a.1 JUDGMENT: UNIFORM -- states field changed, clause TEXT unchanged, no re-review owed on existing tags. | SD ADDED 2026-09-07 (SD re-audit, Tier A of the L.2 exhaustive generic-clause audit). SD displayed only 13 LEASE_CLAUSE rows against 60-75 for every other state; 46 generics had no SD tag and no SD override. Triaged per L.2, not bulk-extended. Tier A = boilerplate with no SD statutory interaction, or self-limiting text that defers to applicable law. S5a.1 JUDGMENT: adding a state tag changes `states` only - no bodyText, rule_type or content_type change - so no other tagged state's rendering is affected and NO propagation to other state logs is owed. State-driven, not uniform.",2026-08-21,2026-09-07
common-area-use,Rules & Regulations,Use of Property & Common Areas,CO;WY;KS;NE;MN;ND;SD,TRUE,,"Tenant will not, without Landlord's written consent, drill holes, use nails, hooks, or screws on the property, or fasten anything to its fixtures, appliances, or interior or exterior surfaces. Tenant will comply with any weight restrictions on balconies or porches and will not use them to store personal belongings without Landlord's consent. Tenant will not keep a waterbed or other water-filled furniture at the property, or any item (such as a piano or safe) whose weight Landlord has not agreed is reasonable for the floor, without Landlord's prior written consent. Tenant will not burn wax candles at the property. Tenant will not post or display any sign, banner, or advertisement visible from outside the property without Landlord's consent.",RECOMMENDED,LEASE_CLAUSE,VERIFIED,"CO added - verified this session (statute walk + full-library audit; content itself unchanged WY added 2026-08-21 (full-library cross-check pass): generic mechanics, no CO-specific statutory language or number, confirmed no conflict with WY findings from this project. | NE extended (session 2, whole-library generic-clause audit): generic mechanics, no NE-specific statutory language or number, confirmed no conflict with NE findings from this project. | MN extended (Minnesota session, whole-library audit): generic mechanics, already vetted against KS/NE's prohibited-lease-provisions statutes (the strictest bar found in this project to date) since this clause was already tagged KS;NE; no MN-specific statutory language or number identified in this session's statute walk that conflicts. No exculpatory/liability-waiver language present. | ND ADDED 2026-09-06 (ND re-audit, exhaustive generic-clause audit prompted by the checklist-to-CSV reconciliation screen). ND's ORIGINAL whole-library audit was written up in its log but largely never executed against the CSV -- ND was shipped 'complete' with 18 displayable LEASE_CLAUSE rows against 61-75 for CO/WY/KS/NE/MN. This row is generic boilerplate carrying no ND-specific statutory interaction; ND's ch. 47-16 was read in full from primary text this session and no conflict was identified. LIABILITY-LANGUAGE CHECK: North Dakota has NO enumerated prohibited-lease-provisions statute (confirmed this session -- § 47-16-02 is a maximum-term cap, and § 47-16-13.3 supplies only case-by-case unconscionability). The exculpation exposure that forced fixes to this clause family in KS and NE therefore does not arise for ND, same reasoning as the WY addendum. 5a.1 JUDGMENT: UNIFORM -- states field changed, clause TEXT unchanged, no re-review owed on existing tags. | SD ADDED 2026-09-07 (SD re-audit, Tier A of the L.2 exhaustive generic-clause audit). SD displayed only 13 LEASE_CLAUSE rows against 60-75 for every other state; 46 generics had no SD tag and no SD override. Triaged per L.2, not bulk-extended. Tier A = boilerplate with no SD statutory interaction, or self-limiting text that defers to applicable law. S5a.1 JUDGMENT: adding a state tag changes `states` only - no bodyText, rule_type or content_type change - so no other tagged state's rendering is affected and NO propagation to other state logs is owed. State-driven, not uniform.",2026-08-21,2026-09-07
fire-safety-grilling,Rules & Regulations,Fire Safety & Grilling,CO;WY;KS;NE;MN;ND;SD,TRUE,,"Tenant will not cook or use a barbecue, grill, or other open-flame device on a porch, balcony, or within 15 feet of any building, and will not keep or use any flammable chemical or other material at the property that increases the risk of fire, except in quantities and manner consistent with normal household use.",RECOMMENDED,LEASE_CLAUSE,VERIFIED,"CO added - verified this session (statute walk + full-library audit; content itself unchanged WY added 2026-08-21 (full-library cross-check pass): generic mechanics, no CO-specific statutory language or number, confirmed no conflict with WY findings from this project. | NE extended (session 2, whole-library generic-clause audit): generic mechanics, no NE-specific statutory language or number, confirmed no conflict with NE findings from this project. | MN extended (Minnesota session, whole-library audit): generic mechanics, already vetted against KS/NE's prohibited-lease-provisions statutes (the strictest bar found in this project to date) since this clause was already tagged KS;NE; no MN-specific statutory language or number identified in this session's statute walk that conflicts. No exculpatory/liability-waiver language present. | ND ADDED 2026-09-06 (ND re-audit, exhaustive generic-clause audit prompted by the checklist-to-CSV reconciliation screen). ND's ORIGINAL whole-library audit was written up in its log but largely never executed against the CSV -- ND was shipped 'complete' with 18 displayable LEASE_CLAUSE rows against 61-75 for CO/WY/KS/NE/MN. This row is generic boilerplate carrying no ND-specific statutory interaction; ND's ch. 47-16 was read in full from primary text this session and no conflict was identified. LIABILITY-LANGUAGE CHECK: North Dakota has NO enumerated prohibited-lease-provisions statute (confirmed this session -- § 47-16-02 is a maximum-term cap, and § 47-16-13.3 supplies only case-by-case unconscionability). The exculpation exposure that forced fixes to this clause family in KS and NE therefore does not arise for ND, same reasoning as the WY addendum. 5a.1 JUDGMENT: UNIFORM -- states field changed, clause TEXT unchanged, no re-review owed on existing tags. | SD ADDED 2026-09-07 (SD re-audit, Tier A of the L.2 exhaustive generic-clause audit). SD displayed only 13 LEASE_CLAUSE rows against 60-75 for every other state; 46 generics had no SD tag and no SD override. Triaged per L.2, not bulk-extended. Tier A = boilerplate with no SD statutory interaction, or self-limiting text that defers to applicable law. S5a.1 JUDGMENT: adding a state tag changes `states` only - no bodyText, rule_type or content_type change - so no other tagged state's rendering is affected and NO propagation to other state logs is owed. State-driven, not uniform.",2026-08-21,2026-09-07
landscaping-irrigation,Rules & Regulations,Landscaping & Irrigation,CO;WY;KS;NE;MN;ND;SD,TRUE,,"Unless Landlord provides landscaping service, Tenant is responsible for reasonable upkeep of the property's landscaping, including lawn mowing and leaf raking. If Landlord has set an irrigation schedule, Tenant will not modify it, and will promptly inform Landlord of any irrigation or landscaping issue, such as a leak or watering deficiency.",RECOMMENDED,LEASE_CLAUSE,VERIFIED,"CO added - verified this session (statute walk + full-library audit; content itself unchanged WY added 2026-08-21 (full-library cross-check pass): generic mechanics, no CO-specific statutory language or number, confirmed no conflict with WY findings from this project. | NE extended (session 2, whole-library generic-clause audit): generic mechanics, no NE-specific statutory language or number, confirmed no conflict with NE findings from this project. | MN extended (Minnesota session, whole-library audit): generic mechanics, already vetted against KS/NE's prohibited-lease-provisions statutes (the strictest bar found in this project to date) since this clause was already tagged KS;NE; no MN-specific statutory language or number identified in this session's statute walk that conflicts. No exculpatory/liability-waiver language present. | ND ADDED 2026-09-06 (ND re-audit, exhaustive generic-clause audit prompted by the checklist-to-CSV reconciliation screen). ND's ORIGINAL whole-library audit was written up in its log but largely never executed against the CSV -- ND was shipped 'complete' with 18 displayable LEASE_CLAUSE rows against 61-75 for CO/WY/KS/NE/MN. This row is generic boilerplate carrying no ND-specific statutory interaction; ND's ch. 47-16 was read in full from primary text this session and no conflict was identified. LIABILITY-LANGUAGE CHECK: North Dakota has NO enumerated prohibited-lease-provisions statute (confirmed this session -- § 47-16-02 is a maximum-term cap, and § 47-16-13.3 supplies only case-by-case unconscionability). The exculpation exposure that forced fixes to this clause family in KS and NE therefore does not arise for ND, same reasoning as the WY addendum. 5a.1 JUDGMENT: UNIFORM -- states field changed, clause TEXT unchanged, no re-review owed on existing tags. | SD ADDED 2026-09-07 (SD re-audit, Tier A of the L.2 exhaustive generic-clause audit). SD displayed only 13 LEASE_CLAUSE rows against 60-75 for every other state; 46 generics had no SD tag and no SD override. Triaged per L.2, not bulk-extended. Tier A = boilerplate with no SD statutory interaction, or self-limiting text that defers to applicable law. S5a.1 JUDGMENT: adding a state tag changes `states` only - no bodyText, rule_type or content_type change - so no other tagged state's rendering is affected and NO propagation to other state logs is owed. State-driven, not uniform.",2026-08-21,2026-09-07
snow-removal,Rules & Regulations,Snow Removal,CO;WY;KS;NE;MN;ND;SD,TRUE,,"Unless Landlord provides snow removal service, Tenant is responsible for prompt, reasonable removal of snow and ice from any walkway, driveway, porch, or entrance at the property that Tenant uses, to help keep those areas safe and passable.",RECOMMENDED,LEASE_CLAUSE,VERIFIED,"CO added - verified this session (statute walk + full-library audit; content itself unchanged WY added 2026-08-21 (full-library cross-check pass): generic mechanics, no CO-specific statutory language or number, confirmed no conflict with WY findings from this project. | KS note: this assumes tenant-exclusive-use areas, not shared common areas. Kansas's landlord habitability duty (K.S.A. 58-2553(a)(2)) requires 'reasonable care' of common areas and isn't delegable except under the narrow conditions in edu-habitability-duty-delegation-ks. Don't apply this clause to a shared common-area walkway without following that procedure. | NE extended (session 2, whole-library generic-clause audit): generic mechanics, no NE-specific statutory language or number, confirmed no conflict with NE findings from this project. | MN extended (Minnesota session, whole-library audit): generic mechanics, already vetted against KS/NE's prohibited-lease-provisions statutes (the strictest bar found in this project to date) since this clause was already tagged KS;NE; no MN-specific statutory language or number identified in this session's statute walk that conflicts. No exculpatory/liability-waiver language present. | ND ADDED 2026-09-06 (ND re-audit, exhaustive generic-clause audit prompted by the checklist-to-CSV reconciliation screen). ND's ORIGINAL whole-library audit was written up in its log but largely never executed against the CSV -- ND was shipped 'complete' with 18 displayable LEASE_CLAUSE rows against 61-75 for CO/WY/KS/NE/MN. This row is generic boilerplate carrying no ND-specific statutory interaction; ND's ch. 47-16 was read in full from primary text this session and no conflict was identified. LIABILITY-LANGUAGE CHECK: North Dakota has NO enumerated prohibited-lease-provisions statute (confirmed this session -- § 47-16-02 is a maximum-term cap, and § 47-16-13.3 supplies only case-by-case unconscionability). The exculpation exposure that forced fixes to this clause family in KS and NE therefore does not arise for ND, same reasoning as the WY addendum. 5a.1 JUDGMENT: UNIFORM -- states field changed, clause TEXT unchanged, no re-review owed on existing tags. | SD ADDED 2026-09-07 (SD re-audit, Tier A of the L.2 exhaustive generic-clause audit). SD displayed only 13 LEASE_CLAUSE rows against 60-75 for every other state; 46 generics had no SD tag and no SD override. Triaged per L.2, not bulk-extended. Tier A = boilerplate with no SD statutory interaction, or self-limiting text that defers to applicable law. S5a.1 JUDGMENT: adding a state tag changes `states` only - no bodyText, rule_type or content_type change - so no other tagged state's rendering is affected and NO propagation to other state logs is owed. State-driven, not uniform.",2026-08-21,2026-09-07
inspection-rights,Rules & Regulations,Inspection Rights,CO;WY;KS;NE;MN;ND;SD,TRUE,,"Tenant will allow Landlord to perform periodic inspections of the property during the Term, and at move-out, upon reasonable notice consistent with this Lease's Access & Entry terms.",RECOMMENDED,LEASE_CLAUSE,VERIFIED,"CO added - verified this session (statute walk + full-library audit; content itself unchanged WY added 2026-08-21 (full-library cross-check pass): generic mechanics, no CO-specific statutory language or number, confirmed no conflict with WY findings from this project. | NE extended (session 2, whole-library generic-clause audit): generic mechanics, no NE-specific statutory language or number, confirmed no conflict with NE findings from this project. | MN extended (Minnesota session, whole-library audit): generic mechanics, already vetted against KS/NE's prohibited-lease-provisions statutes (the strictest bar found in this project to date) since this clause was already tagged KS;NE; no MN-specific statutory language or number identified in this session's statute walk that conflicts. No exculpatory/liability-waiver language present. | ND ADDED 2026-09-06 (ND re-audit, exhaustive generic-clause audit prompted by the checklist-to-CSV reconciliation screen). ND's ORIGINAL whole-library audit was written up in its log but largely never executed against the CSV -- ND was shipped 'complete' with 18 displayable LEASE_CLAUSE rows against 61-75 for CO/WY/KS/NE/MN. This row is generic boilerplate carrying no ND-specific statutory interaction; ND's ch. 47-16 was read in full from primary text this session and no conflict was identified. LIABILITY-LANGUAGE CHECK: North Dakota has NO enumerated prohibited-lease-provisions statute (confirmed this session -- § 47-16-02 is a maximum-term cap, and § 47-16-13.3 supplies only case-by-case unconscionability). The exculpation exposure that forced fixes to this clause family in KS and NE therefore does not arise for ND, same reasoning as the WY addendum. 5a.1 JUDGMENT: UNIFORM -- states field changed, clause TEXT unchanged, no re-review owed on existing tags. DEPENDENT CLAUSE: this row defers to 'this Lease's Access & Entry terms'. For ND those terms are landlords-access-nd (NOT the generic landlords-access, which ND is deliberately not tagged on) -- ND's § 47-16-07.3 uses a consent-and-time-certain mechanism rather than a fixed notice-hours count. | SD ADDED 2026-09-07 (SD re-audit, Tier A of the L.2 exhaustive generic-clause audit). SD displayed only 13 LEASE_CLAUSE rows against 60-75 for every other state; 46 generics had no SD tag and no SD override. Triaged per L.2, not bulk-extended. Tier A = boilerplate with no SD statutory interaction, or self-limiting text that defers to applicable law. S5a.1 JUDGMENT: adding a state tag changes `states` only - no bodyText, rule_type or content_type change - so no other tagged state's rendering is affected and NO propagation to other state logs is owed. State-driven, not uniform. DEPENDENCY: defers to 'this Lease's Access & Entry terms', which SD lacked until landlords-access-sd was written in the same pass.",2026-08-21,2026-09-07
lead-based-paint,Disclosures,Lead-Based Paint Disclosure,CO;WY;KS;NE;MN;ND;SD,TRUE,,"LEAD WARNING STATEMENT. Housing built before 1978 may contain lead-based paint. Lead from paint, paint chips, and dust can pose health hazards if not managed properly. Lead exposure is especially harmful to young children and pregnant women. Before renting pre-1978 housing, lessors must disclose the presence of known lead-based paint and/or lead-based paint hazards in the dwelling. Lessees must also receive a federally approved pamphlet on lead poisoning prevention. Landlord's disclosure: [state either that Landlord has no knowledge of lead-based paint or lead-based paint hazards in the dwelling, or describe all known lead-based paint and lead-based paint hazards]. Records and reports: [state either that Landlord has no reports or records pertaining to lead-based paint or lead-based paint hazards in the dwelling, or list all available records and reports and confirm they have been provided to Tenant]. Tenant acknowledges receipt of the information above and of the federally approved pamphlet Protect Your Family from Lead in Your Home. Landlord and Tenant each certify, to the best of their knowledge, that the information they have provided is true and accurate.",REQUIRED,LEASE_CLAUSE,VERIFIED,"CO added - verified this session (statute walk + full-library audit; content itself unchanged WY added 2026-08-21 (full-library cross-check pass): generic mechanics, no CO-specific statutory language or number, confirmed no conflict with WY findings from this project. | NE extended (session 2, whole-library generic-clause audit): generic mechanics, no NE-specific statutory language or number, confirmed no conflict with NE findings from this project. | MN extended (Minnesota session, whole-library audit): generic mechanics, already vetted against KS/NE's prohibited-lease-provisions statutes (the strictest bar found in this project to date) since this clause was already tagged KS;NE; no MN-specific statutory language or number identified in this session's statute walk that conflicts. No exculpatory/liability-waiver language present. | PART 5 PRIMARY-TEXT READ 2026-08-27 (Taylor supplied full C.R.S. 38-12-503): MATERIAL CORRECTION (federal spot-check). 40 CFR 745.113(b)(1) requires the Lead Warning Statement to appear VERBATIM in the lease; the prior clause paraphrased it, which does not satisfy the regulation. Replaced with the exact regulatory text (federal regulatory text is a government edict, not copyrighted). Also added the other elements 745.113(b) requires: landlord's affirmative disclosure or statement of no knowledge (b)(2), the records/reports list or statement of none (b)(3), tenant's acknowledgment of receipt (b)(4), and the accuracy certification (b)(6). Exposure for noncompliance is meaningful: 42 U.S.C. 4852d(b)(5) statutory penalty inflation-adjusted to $22,263 per violation (24 CFR 30.65(b)), plus treble damages and fees. NOTE: the 10-day inspection opportunity is a SALE requirement and correctly absent here. NOTE ALSO: this clause is shared across CO;WY;KS;NE;MN - the fix is federal and uniform, so it benefits all five, but the other four states' logs should record that this clause changed. Retention: keep records 3 years (40 CFR 745.113(c)). | 5a.1 PROPAGATION NOTE -> KS (recorded 2026-08-29, KS re-audit). The Lead Warning Statement was corrected to verbatim per 40 CFR 745.113(b)(1) during a prior state's session. This is a UNIFORM FEDERAL requirement with no Kansas-specific variation, so Kansas inherits the corrected text safely and no KS-specific review of the change is owed. Kansas has no state lead disclosure statute layering additional requirements on top of the federal rule. last_checked reset per 5a.1. | ND AND SD ADDED 2026-09-06 (ND re-audit, checklist-to-CSV reconciliation screen). HOW THIS WAS MISSED AND WHY IT MATTERS: this row is REQUIRED / LEASE_CLAUSE, and the states field is the display source of truth, so a Steinoak-generated ND or SD lease for pre-1978 target housing was omitting the federally mandated Lead Warning Statement ENTIRELY. Exposure per this row's own record: 42 U.S.C. 4852d(b)(5) statutory penalty inflation-adjusted to $22,263 per violation (24 CFR 30.65(b)), plus treble damages and fees. The consolidated checklist asserted 'Present (federal)' for ND. That assertion was true about the LAW and false about the LIBRARY -- federal law applying to ND is not the same as the clause being tagged ND. Both ND's original session and this re-audit's checklist fold-in recorded 'Present (federal)' without anyone verifying a tagged row existed. SD carried the identical defect. ROOT CAUSE: ND's original whole-library generic-clause audit worked through Rent & Payment, Security Deposit, maintenance, Pets, Access & Entry and Default & Termination, but never walked the Disclosures group systematically. A generic-clause audit that is not exhaustive over GROUPS will silently skip whole categories. 5a.1 JUDGMENT: UNIFORM, safe to inherit. The requirement is federal (40 CFR 745.113(b); 42 U.S.C. 4852d) with no state-specific variation, exactly as recorded for the KS propagation. Neither ND nor SD layers a state lead-disclosure statute on top -- ND's ch. 47-16 was read in full this session and contains none, and ND's disclosure position is that the move-in condition statement is its only state-required disclosure. SD's absence of a state layer is ASSUMED from the parallel posture and must be confirmed in the SD session, which is next. 5a.1 PROPAGATION NOTES OWED to CO, WY, KS, NE, MN logs: the states field changed, clause TEXT did not. No re-review is owed on the existing five tags.",2026-08-21,2026-09-06
hoa-compliance,Disclosures,Homeowner / Condominium Association Compliance,CO;WY;KS;NE;MN;ND;SD,TRUE,,"If the property is located within a homeowner or condominium association, Tenant will comply with the association's rules and regulations applicable to the property. Any fines incurred due to Tenant's violation of association rules will be Tenant's responsibility.",RECOMMENDED,LEASE_CLAUSE,VERIFIED,"CO added - verified this session (statute walk + full-library audit; content itself unchanged WY added 2026-08-21 (full-library cross-check pass): generic mechanics, no CO-specific statutory language or number, confirmed no conflict with WY findings from this project. | NE extended (session 2, whole-library generic-clause audit): generic mechanics, no NE-specific statutory language or number, confirmed no conflict with NE findings from this project. | MN extended (Minnesota session, whole-library audit): generic mechanics, already vetted against KS/NE's prohibited-lease-provisions statutes (the strictest bar found in this project to date) since this clause was already tagged KS;NE; no MN-specific statutory language or number identified in this session's statute walk that conflicts. No exculpatory/liability-waiver language present. | ND ADDED 2026-09-06 (ND re-audit, exhaustive generic-clause audit prompted by the checklist-to-CSV reconciliation screen). ND's ORIGINAL whole-library audit was written up in its log but largely never executed against the CSV -- ND was shipped 'complete' with 18 displayable LEASE_CLAUSE rows against 61-75 for CO/WY/KS/NE/MN. This row is generic boilerplate carrying no ND-specific statutory interaction; ND's ch. 47-16 was read in full from primary text this session and no conflict was identified. LIABILITY-LANGUAGE CHECK: North Dakota has NO enumerated prohibited-lease-provisions statute (confirmed this session -- § 47-16-02 is a maximum-term cap, and § 47-16-13.3 supplies only case-by-case unconscionability). The exculpation exposure that forced fixes to this clause family in KS and NE therefore does not arise for ND, same reasoning as the WY addendum. 5a.1 JUDGMENT: UNIFORM -- states field changed, clause TEXT unchanged, no re-review owed on existing tags. | SD ADDED 2026-09-07 (SD re-audit, Tier A of the L.2 exhaustive generic-clause audit). SD displayed only 13 LEASE_CLAUSE rows against 60-75 for every other state; 46 generics had no SD tag and no SD override. Triaged per L.2, not bulk-extended. Tier A = boilerplate with no SD statutory interaction, or self-limiting text that defers to applicable law. S5a.1 JUDGMENT: adding a state tag changes `states` only - no bodyText, rule_type or content_type change - so no other tagged state's rendering is affected and NO propagation to other state logs is owed. State-driven, not uniform.",2026-08-21,2026-09-07
bed-bug-disclosure-co,Disclosures,Bed Bug Disclosure,CO,TRUE,,"As required by Colorado law, Landlord discloses the property's bed bug history within the past 8 months, if any: [describe any known infestation and treatment, or state 'none known']. Tenant acknowledges receipt of this disclosure.",REQUIRED,LEASE_CLAUSE,VERIFIED,"UNCHANGED - pre-existing tag from before this project, not touched this session | Re-verified 2026-08-20: figures confirmed current and accurate, no change needed.",2026-08-20,2026-08-20
utility-submetering-disclosure-co,Disclosures,Utility Allocation Disclosure,CO,TRUE,,"If utilities at the property are not individually metered and Tenant's utility charges are calculated using a ratio or formula rather than a dedicated meter, Landlord will clearly disclose the calculation method in this Lease, as required by Colorado law: [describe the utility allocation method used]. Landlord may charge an administrative fee for this billing method, not to exceed either 2% of the utility charge or a flat $10.00 per month — Landlord may use only one of these two methods, not both. Landlord will not add any markup to the utility cost itself.",CONDITIONAL,LEASE_CLAUSE,VERIFIED,"CORRECTED this session (2% or $10 flat, not both, not greater-of) - was incorrectly marked UNVERIFIED due to a script bug, fixed",2026-08-18,2026-08-20
bed-bug-disclosure-ca,Disclosures,Bed Bug Disclosure,CA,FALSE,,"As required by California law, Landlord provides Tenant the following information about bed bugs: information on their identification, behavior, biology, and prevention; the importance of prompt reporting; Landlord's process for investigating a suspected infestation; and the danger of self-treating with pesticides. Tenant acknowledges receipt of this disclosure.",REQUIRED,LEASE_CLAUSE,UNVERIFIED,"UNCHANGED - pre-existing tag from before this project, not touched this session",,2026-09-03
bed-bug-disclosure-me,Disclosures,Bed Bug Disclosure,ME,FALSE,,"As required by Maine law, Landlord discloses whether, to Landlord's knowledge, a unit adjacent to the property is currently infested with bed bugs or is being treated for a bed bug infestation: [describe, or state 'none known']. Tenant may request the date of the property's most recent bed bug inspection.",REQUIRED,LEASE_CLAUSE,UNVERIFIED,"UNCHANGED - pre-existing tag from before this project, not touched this session",,2026-09-03
meth-disclosure-va,Disclosures,Methamphetamine Contamination Disclosure,VA,FALSE,,"If Landlord has actual knowledge that the property was used to manufacture methamphetamine and has not been cleaned up in accordance with applicable state standards, Landlord must disclose that fact to Tenant, as required by Virginia law. Landlord discloses: [describe any known contamination and remediation, or state 'none known']. If this disclosure is not made when required, Tenant may have the right to terminate this Lease within 60 days.",CONDITIONAL,LEASE_CLAUSE,UNVERIFIED,"UNCHANGED - pre-existing tag from before this project, not touched this session",,2026-09-03
meth-disclosure-ca,Disclosures,Methamphetamine Contamination Disclosure,CA,FALSE,,"If the property is subject to an order prohibiting occupancy due to methamphetamine contamination that has not been satisfied, Landlord must disclose that fact to Tenant, as required by California law. Landlord discloses: [describe any known contamination order, or state 'none known'].",CONDITIONAL,LEASE_CLAUSE,UNVERIFIED,"UNCHANGED - pre-existing tag from before this project, not touched this session",,2026-09-03
mold-disclosure-ca,Disclosures,Mold Disclosure,CA,FALSE,,"If Landlord knows, or has reasonable cause to believe, that mold is present at the property in an amount that may exceed exposure limits recommended by a health authority, Landlord must disclose that condition to Tenant in writing, as required by California law. Landlord discloses: [describe any known mold condition, or state 'none known'].",CONDITIONAL,LEASE_CLAUSE,UNVERIFIED,"UNCHANGED - pre-existing tag from before this project, not touched this session",,2026-09-03
mold-disclosure-wa,Disclosures,Mold Disclosure,WA,FALSE,,"As required by Washington law, Landlord provides Tenant the Washington State Department of Health's mold information notice, addressing the health effects of indoor mold exposure and the respective responsibilities of Landlord and Tenant for preventing and addressing mold growth. Tenant acknowledges receipt of this disclosure.",REQUIRED,LEASE_CLAUSE,UNVERIFIED,"UNCHANGED - pre-existing tag from before this project, not touched this session",,2026-09-03
mold-disclosure-va,Disclosures,Mold Disclosure,VA,FALSE,,"As part of the move-in inspection report for this Lease, Landlord discloses any visible evidence of mold observed at the property, as required by Virginia law: [describe any visible mold observed, or state 'none observed'].",CONDITIONAL,LEASE_CLAUSE,UNVERIFIED,"UNCHANGED - pre-existing tag from before this project, not touched this session",,2026-09-03
flood-disclosure-ca,Disclosures,Flood Disclosure,CA,FALSE,,"If the property is located within a special flood hazard area as designated by the Federal Emergency Management Agency, Landlord must disclose that fact to Tenant and recommend that Tenant consider obtaining renter's insurance covering flood damage, as required by California law.",REQUIRED,LEASE_CLAUSE,UNVERIFIED,"UNCHANGED - pre-existing tag from before this project, not touched this session",,2026-09-03
flood-disclosure-tx,Disclosures,Flood Disclosure,TX,FALSE,,"Landlord discloses the property's flood history and flood risk, as required by Texas law: [describe whether the property is located in a 100-year floodplain and any known prior flooding, or state 'Landlord is not aware the property is located in a floodplain or has previously flooded'].",REQUIRED,LEASE_CLAUSE,UNVERIFIED,"UNCHANGED - pre-existing tag from before this project, not touched this session",,2026-09-03
flood-disclosure-fl,Disclosures,Flood Disclosure,FL,FALSE,,"As a separate written disclosure required by Florida law, Landlord discloses the property's flood zone designation and, if known, its flood history: [describe, or state 'Landlord is not aware the property is located in a flood zone or has previously flooded']. If Landlord fails to provide this disclosure and the property floods, Tenant may have the right to terminate this Lease.",REQUIRED,LEASE_CLAUSE,UNVERIFIED,"UNCHANGED - pre-existing tag from before this project, not touched this session",,2026-09-03
utility-submetering-disclosure-tx,Disclosures,Utility Allocation Disclosure,TX,FALSE,,"If utilities at the property are billed using a ratio or formula rather than a dedicated meter, Landlord will disclose that fact and the calculation method used in this Lease, as required by Texas law: [describe the utility allocation method used].",CONDITIONAL,LEASE_CLAUSE,UNVERIFIED,"UNCHANGED - pre-existing tag from before this project, not touched this session",,2026-09-03
foreclosure-disclosure-nv,Disclosures,Foreclosure Disclosure,NV,FALSE,,"If the property is subject to a pending foreclosure proceeding, Landlord must disclose that fact to Tenant in writing, as required by Nevada law. Landlord discloses: [describe any known foreclosure proceeding, or state 'none known'].",CONDITIONAL,LEASE_CLAUSE,UNVERIFIED,"UNCHANGED - pre-existing tag from before this project, not touched this session",,2026-09-03
foreclosure-disclosure-ca,Disclosures,Foreclosure Disclosure,CA,FALSE,,"If a notice of default has been recorded against the property, Landlord must post or deliver notice of that fact, as required by California law. Landlord discloses: [describe any known foreclosure proceeding, or state 'none known'].",CONDITIONAL,LEASE_CLAUSE,UNVERIFIED,"UNCHANGED - pre-existing tag from before this project, not touched this session",,2026-09-03
sex-offender-registry-notice-ca,Disclosures,Sex Offender Registry Notice,CA,FALSE,,"As required by California law, Landlord provides Tenant the following notice: information about specified registered sex offenders is made available to the public via an internet website maintained by the Department of Justice. Depending on an offender's criminal history, this information will include either the offender's address or the community of residence and ZIP Code.",REQUIRED,LEASE_CLAUSE,UNVERIFIED,"UNCHANGED - pre-existing tag from before this project, not touched this session",,2026-09-03
security-deposit-return-co,Security Deposit,Security Deposit Return Timeline,CO,TRUE,security-deposit-return,"The Security Deposit will be returned to Tenant, together with a written statement listing the exact reasons for retaining any portion, within 30 days after the later of the termination of this Lease or Tenant's surrender of the property, or within 60 days after that date if this Lease so provides. Landlord will not retain any portion of the Security Deposit for normal wear and tear or for any damage or defective condition that existed before the start of the Term.",CONSTRAINED,LEASE_CLAUSE,VERIFIED,"NEW - replaces the timeline portion of the old security-deposit-cap-co (the cap-amount portion became LANDLORD_EDUCATION, not lease text - flagging this split as a judgment call, not something explicitly re-confirmed with Taylor in this exact form) | CORRECTION 2026-09-07 (cross-state core-obligations canvass, run during the SD re-audit). TWO defects, both from C.R.S. 38-12-103(1) as amended by HB 25-1249 (ch. 401), effective 2026-01-01. (1) WRONG TRIGGER: the clause ran the 30/60-day clock from when 'Tenant vacates the property'. The statute runs it from **the termination of the lease OR surrender of the premises, WHICHEVER OCCURS LAST**. Those diverge whenever a tenant surrenders early - a tenant who moves out two months before the term ends starts the clock on the clause's reading but not on the statute's, understating the landlord's time and inviting a premature wrongful-retention claim against a landlord who relied on the lease text. (2) OMITTED the written statement of exact reasons, and omitted the bar on retaining for normal wear and tear or preexisting conditions - both express in 38-12-103(1) and both material given that 38-12-103(2.5) now DEEMS a withholding wrongful where the statement is missing or fails to list exact reasons, and 38-12-103(2) forfeits the right to withhold ANY portion for non-compliance. CONTEXT: CO's own re-audit (2026-08-20) did capture HB 25-1249 - edu-bad-faith-deposit-co carries the 125% presumption, edu-walkthrough-co the inspection right, edu-carpet-damage-co the ten-year carpet rule, edu-deposit-nonwaiver-co and edu-part5-nonwaivable-co the 38-12-103(7) non-waiver. The gap was confined to the LEASE_CLAUSE that actually ships, while the LANDLORD_EDUCATION rows around it were correct - the inverse of SD's pattern, where the education row hardcoded a stale figure and the self-limiting lease clause survived. S5a.1: CO-only row, no propagation owed.",2026-08-18,2026-09-07
month-to-month-notice-co-exempt,Default & Termination,Termination Notice (Property Exempt from For-Cause Requirements),CO,TRUE,,"Either Landlord or Tenant may terminate a periodic tenancy under this Lease at the end of a tenancy period, or elect not to renew a fixed-term tenancy at the end of the term, by serving written notice that expires at the end of that period or term. The required notice depends on how long the tenancy has run: at least 91 days for a tenancy of one year or longer; at least 28 days for a tenancy of six months or longer but less than a year; at least 21 days for a tenancy of one month or longer but less than six months; at least 3 days for a tenancy of one week or longer but less than one month, or a tenancy at will; and at least 1 day for a tenancy of less than one week. The notice must describe the property and the particular date the tenancy will terminate, and must be signed by the party giving it or their agent or attorney. Because [describe the applicable exemption here - see C.R.S. section 38-12-1302(1)(a), (1)(b), (1)(d), (1)(e), or (1)(f)], this tenancy is not subject to Colorado's for-cause eviction requirements under C.R.S. section 38-12-1301 et seq.",CONSTRAINED,LEASE_CLAUSE,VERIFIED,"Replaces month-to-month-notice-co, Variant A. Primary text of C.R.S. § 13-40-107 as amended by HB24-1098 (ch. 113, § 5, effective 2024-04-19), read 2026-09-06. CORRECTED ERROR: the row stated a FLAT 21 days. § 13-40-107(2) is a five-tier scheme keyed to the length of the tenancy -- (a) one year or longer, at least 91 days; (b) six months or longer but less than a year, at least 28 days; (c) one month or longer but less than six months, at least 21 days; (d) one week or longer but less than one month, or a tenancy at will, at least 3 days; (e) less than one week, at least 1 day. The duration reading is settled by the statute's own words: § 13-40-107(1) requires notice 'based on the length of the applicable tenancy described in subsection (2)'. 21 days is the THIRD tier only. A month-to-month tenant of two years is owed 91 days; the prior clause understated it by seventy. Note HB24-1098 also inserted 'at least' before each figure -- the tiers are floors, not fixed periods. EDITED FROM THE ND RE-AUDIT SESSION at Taylor's express direction (there is no planned future CO session). Per Addendum E this is a targeted correction of the notice-period holding only; no other CO holding in this row or elsewhere was reviewed or re-verified, and this edit does not constitute a CO re-audit. Retitled from 'Month-to-Month' because § 13-40-107 governs any periodic tenancy and fixed-term non-renewal, not month-to-month alone -- the old title was itself the tenancy-type assumption this screen was looking for. Exemption placeholder now points to the specific subsections § 13-40-107(1) incorporates -- 38-12-1302(1)(a), (b), (d), (e), (f). NOTE that § 13-40-107(1) does NOT incorporate 38-12-1302(1)(c); a landlord exempt under (1)(c) is outside this section's landlord-side grant. § 38-12-1302 itself was NOT READ this session; the placeholder deliberately cites the subsections rather than describing their contents. § 13-40-107(3) notice-content requirements added to the clause; they were absent. See also edu-fixed-term-nonrenewal-notice-co for a separate HB24-1098 change this correction surfaced.",2026-08-18,2026-09-06
month-to-month-notice-co-covered,Default & Termination,Termination Notice (Subject to For-Cause Requirements),CO,TRUE,,"Tenant may terminate a periodic tenancy under this Lease at the end of a tenancy period, or elect not to renew a fixed-term tenancy at the end of the term, by serving written notice that expires at the end of that period or term. The required notice depends on how long the tenancy has run: at least 91 days for a tenancy of one year or longer; at least 28 days for a tenancy of six months or longer but less than a year; at least 21 days for a tenancy of one month or longer but less than six months; at least 3 days for a tenancy of one week or longer but less than one month, or a tenancy at will; and at least 1 day for a tenancy of less than one week. Landlord's ability to end this tenancy is separately restricted: once Tenant has occupied the property for 12 months or more, Landlord may terminate or decline to renew only for cause, or for a qualifying no-fault reason, as defined under C.R.S. section 38-12-1301 et seq., and will provide the notice and the statement of legal and factual basis that law requires.",CONSTRAINED,LEASE_CLAUSE,VERIFIED,"Replaces month-to-month-notice-co, Variant B. Which variant applies depends on a property-level exemption flag not yet built (see decision log SS13/Part 13 UX section). Primary text of C.R.S. § 13-40-107 as amended by HB24-1098 (ch. 113, § 5, effective 2024-04-19), read 2026-09-06. CORRECTED ERROR: the row stated a FLAT 21 days. § 13-40-107(2) is a five-tier scheme keyed to the length of the tenancy -- (a) one year or longer, at least 91 days; (b) six months or longer but less than a year, at least 28 days; (c) one month or longer but less than six months, at least 21 days; (d) one week or longer but less than one month, or a tenancy at will, at least 3 days; (e) less than one week, at least 1 day. The duration reading is settled by the statute's own words: § 13-40-107(1) requires notice 'based on the length of the applicable tenancy described in subsection (2)'. 21 days is the THIRD tier only. A month-to-month tenant of two years is owed 91 days; the prior clause understated it by seventy. Note HB24-1098 also inserted 'at least' before each figure -- the tiers are floors, not fixed periods. EDITED FROM THE ND RE-AUDIT SESSION at Taylor's express direction (there is no planned future CO session). Per Addendum E this is a targeted correction of the notice-period holding only; no other CO holding in this row or elsewhere was reviewed or re-verified, and this edit does not constitute a CO re-audit. SECOND CORRECTION, structural: the prior body said 'either Landlord or Tenant may terminate... by providing at least 21 days' notice' for the first 12 months. As amended, § 13-40-107(1) grants the termination right to 'A landlord of nonresidential real property or a residential premises described in section 38-12-1302(1)(a), (1)(b), (1)(d), (1)(e), or (1)(f) OR A TENANT OF ANY PROPERTY OR PREMISES'. A COVERED residential landlord is not in that list; a tenant of any property is. So this section supplies a tenant-side route on a covered property and does not supply a landlord-side one. Clause rewritten to state the tenant's right and to route the landlord through § 38-12-1301 et seq. THIRD DEFECT, and the prior text was doubly wrong on its own terms: even inside its stated 'first 12 months' window, months six through twelve require at least 28 days, not 21. UNRESOLVED AND DELIBERATELY NOT ASSERTED: by what route, if any, a COVERED residential landlord may terminate without cause during months 0-12. § 38-12-1303's just-cause requirement attaches at 12 months, but § 13-40-107(1) as amended does not name covered residential landlords at all, so the section a covered landlord would use in months 0-12 is not established on the text read. § 38-12-1301 et seq. was NOT READ this session. FLAGGED FOR TAYLOR -- the clause no longer asserts a landlord no-cause right in months 0-12, which is the safe direction, but the question is open.",2026-08-18,2026-09-06
dv-stalking-termination-co,Default & Termination,"Early Termination - Victim of Unlawful Sexual Behavior, Stalking, or Domestic Violence",CO,TRUE,,"A Tenant who is a victim of unlawful sexual behavior, stalking, domestic violence, or domestic abuse may terminate this Lease and vacate the property without further obligation, upon providing Landlord written notice and the documentation required under Colorado law (a police report written within the preceding 60 days, a valid protective or restraining order, or a qualifying advocate's written statement). Notwithstanding this Lease's Early Termination Section, Landlord's compensation for actual damages resulting from a termination under this Section is limited to no more than one month's Rent ({{monthly_rent}}), and Landlord must provide Tenant a written statement of those damages within 30 days of the termination date.",CONDITIONAL,LEASE_CLAUSE,VERIFIED,"NEW | AUDIT 2026-08-27 (Opus/high/research re-audit): MATERIAL CORRECTION - police-report window was 120 days, corrected to 60. C.R.S. 38-12-402(2)(a.5) requires a police report 'written within the prior sixty days'. The 120-day figure traced to a victim-advocacy summary, not the statute.",2026-08-18,2026-08-27
ev-charging-rights-co,Parking & Storage,Electric Vehicle Charging Systems,CO,TRUE,,"Notwithstanding any other provision of this Lease, Tenant may install a Level 1 or Level 2 electric vehicle charging system at the property, at Tenant's own expense, for Tenant's own use, subject to the registration and safety requirements below. Landlord will not charge Tenant a fee for the placement or use of the charging system, other than reimbursement for the actual cost of electricity used or a reasonable access fee in place of metering, except as provided below for shared-area installations. Landlord will not restrict Tenant's parking based on Tenant's vehicle being a plug-in hybrid or electric vehicle, as required by Colorado law.",REQUIRED/PROHIBITED,LEASE_CLAUSE,VERIFIED,NEW,2026-08-18,2026-08-20
ev-charging-requirements-co,Parking & Storage,Electric Vehicle Charging System Requirements,CO,TRUE,,"Tenant will register any electric vehicle charging system with Landlord within 30 days after installation, and will comply with Landlord's bona fide safety requirements consistent with applicable building codes, and with Landlord's reasonable requirements governing the dimensions, placement, and external appearance of the system: [describe any specific safety or aesthetic requirements here]. Tenant will maintain, for as long as the charging system remains installed, an insurance policy covering Tenant's obligations under this Section, naming Landlord as an additional insured. If Landlord places or causes the charging system to be installed at Tenant's request, Landlord may require Tenant to reimburse the cost of installation, including any necessary wiring upgrades.",CONSTRAINED,LEASE_CLAUSE,VERIFIED,NEW,2026-08-18,2026-08-20
ev-charging-shared-area-co,Parking & Storage,Electric Vehicle Charging System in a Shared Area,CO,TRUE,,"If Tenant wishes to install a charging system in a parking area accessible to other tenants, Landlord may charge Tenant a reasonable fee to reserve the specific parking spot where the system is installed. Unless otherwise agreed in writing, Tenant, and any tenant who later has exclusive rights to that space, is responsible for any damage to the charging system or other property resulting from its installation, maintenance, repair, removal, or replacement.",CONSTRAINED,LEASE_CLAUSE,VERIFIED,NEW,2026-08-18,2026-08-20
ev-charging-end-of-tenancy-co,Parking & Storage,Electric Vehicle Charging System - End of Tenancy,CO,TRUE,,"A charging system installed at Tenant's expense remains Tenant's property. Upon termination of this Lease, if the charging system is removable, Tenant may remove it, or sell it to Landlord or another tenant at an agreed price - Landlord is under no obligation to purchase it. Tenant is responsible for any damage to the property or the charging system resulting from its removal, consistent with this Lease's Surrender at End of Term Section.",REQUIRED,LEASE_CLAUSE,VERIFIED,NEW,2026-08-18,2026-08-20
subsidy-late-fee-co,Rent & Payment,Late Fee - Tenant Receiving a Housing Subsidy,CO,TRUE,,"If Tenant's Rent is paid in whole or in part by a housing subsidy program, any late fee assessed under this Lease against Tenant will not exceed $20.00, regardless of the late fee amount otherwise stated in this Lease, as required by Colorado law.",CONSTRAINED,LEASE_CLAUSE,VERIFIED,"NEW - conditional add-on clause, only attaches for subsidy tenancies",2026-08-18,2026-08-20
subsidy-habitability-proration-co,Landlord Responsibilities,Habitability Proration - Tenant Receiving a Housing Subsidy,CO,TRUE,,"If Tenant's Rent is paid in whole or in part by a housing subsidy program and the property becomes partially uninhabitable, Rent will be proportionally reduced based on the portion of the property affected, calculated on the total Rent for the property including both the tenant-paid and subsidy-paid portions. If Rent has already been paid for the affected period, Tenant will receive a prorated refund, as required by Colorado law.",REQUIRED,LEASE_CLAUSE,VERIFIED,"NEW - conditional add-on clause, only attaches for subsidy tenancies",2026-08-18,2026-08-20
radon-disclosure-co,Disclosures,Radon Disclosure,CO,TRUE,,"Residential real property may present exposure to dangerous levels of indoor radon gas, which may place occupants at risk of developing radon-induced lung cancer. The Colorado Department of Public Health and Environment strongly recommends that all tenants have an indoor radon test performed before leasing residential real property, and recommends having radon levels mitigated if elevated concentrations are found. Elevated radon concentrations can be reduced by a radon mitigation professional. Landlord discloses the following regarding radon testing, concentrations, or mitigation systems at the property, if known: [describe any known radon testing results, concentrations, or mitigation systems, or state 'none known']. Tenant acknowledges receipt of this disclosure and the Colorado Department of Public Health and Environment's radon brochure, attached to this Lease, as required by Colorado law.",REQUIRED,LEASE_CLAUSE,VERIFIED,"NEW - the actual CDPHE brochure PDF still needs to be sourced and attached as a product TODO, separate from this clause text",2026-08-18,2026-08-20
assistance-animal-accommodation,Pets,Service and Assistance Animals,KS,TRUE,,"A service animal or other assistance animal that Tenant or an Occupant needs as a reasonable accommodation for a disability is not considered a pet under this Lease, regardless of any pet policy, breed, weight, or size restriction stated elsewhere in this Lease. Landlord will not charge a pet deposit, pet rent, or other pet-related fee for an assistance animal. If the disability and the disability-related need for the animal are not readily apparent, Landlord may request reliable documentation confirming the need for the accommodation, to the extent permitted by applicable law; if the disability and need are readily apparent, Landlord will not require such documentation. Tenant remains responsible for any damage to the property caused by an assistance animal. Landlord may deny or withdraw this accommodation if the specific animal poses a direct threat to the health or safety of others, or would cause substantial physical damage to the property, that cannot be reduced or eliminated by another reasonable accommodation.",REQUIRED,LEASE_CLAUSE,VERIFIED,"NEW - universal/federal baseline (Fair Housing Act), CO tag added since the CO-specific override below was verified against it this session WY added 2026-08-21 (full-library cross-check pass): generic mechanics, no CO-specific statutory language or number, confirmed no conflict with WY findings from this project. | NE extended (session 2, whole-library generic-clause audit): generic mechanics, no NE-specific statutory language or number, confirmed no conflict with NE findings from this project. | Display-collision bug fixed (session 7, full-library supersedes audit): CO,WY removed — already covered by a state-specific override that supersedes this row; both versions were displaying simultaneously before this fix. | AUDIT 2026-08-27 (Opus/high/research re-audit): FEDERAL CURRENCY FLAG - HUD withdrew FHEO-2020-01 (the assistance-animal guidance) effective 2025-09-17 (Fed. Reg. Docket FR-6571-N-01); HUD states it 'should not be relied upon.' The clause text does not cite FHEO-2020-01 and rests on the Fair Housing Act itself (42 U.S.C. 3601 et seq.; 24 CFR 100.204), which is unchanged - so the operative language still stands. Flagged NEEDS_REVIEW rather than corrected because the federal posture is in flux (including post-Loper Bright litigation over the ESA no-fee rule) and any HUD replacement guidance should be picked up. CO-specific layer (documentation limits, misrepresentation warning) is unaffected. | ESA/FEDERAL-DIVERGENCE RESOLUTION 2026-08-27: REMAINS NEEDS_REVIEW - deliberately, and now for a sharper reason. This is the generic/universal version resting on the federal FHA baseline alone, with no state overlay. On May 22 2026 HUD's FHEO rescinded the 2020 assistance-animal notice and adopted a new enforcement posture: it will find reasonable cause only for animals individually trained to provide disability-related assistance (the ADA service-animal standard), and will no longer expect housing providers to categorically grant accommodations or fee waivers for untrained assistance animals (ESAs). HUD has stated it intends notice-and-comment rulemaking. Clause text UNCHANGED and should stay unchanged: this is an enforcement posture, not a change to 42 U.S.C. 3601 et seq. or 24 CFR 100.204, it does not bind courts, private FHA plaintiffs, or DOJ, and narrowing the clause would create asymmetric risk (an uncollected pet fee vs. a discrimination claim). Holding NEEDS_REVIEW because any state adopting this clause without its own ESA protection inherits a genuinely unsettled federal picture - each new state must confirm its own basis the way CO just did. | 5a.1 PROPAGATION NOTE -> KS (recorded 2026-08-29, KS re-audit), covering the earlier move to NEEDS_REVIEW following HUD's guidance withdrawal. RULE GAP FLAGGED, NOT AMENDED: 5a.1 triggers on edits to bodyText, rule_type or content_type. A verification_status change is NOT on that list, so this propagation note is owed by instruction and practice, not by the rule as written. Same species as the row-vs-text gap flagged at WY log 3. | KS DETERMINATION COMPLETE, ROW DOES NOT MOVE. Kansas splits by animal type: trained service animals have a strong independent state basis (K.S.A. 39-1102/1107/1108, statutory no-fee rule, criminal backing at 39-1103, class C misdemeanor); ESAs are expressly excluded from that statute by 39-1113(f), leaving only the generic KAAD duty at 44-1016(h)(3)(B), which is textually independent of federal law but judicially untested in housing. See edu-kaad-accommodation-duty-ks and edu-service-animal-denial-penalty-ks. | TWO INDEPENDENT REASONS THE ROW STAYS NEEDS_REVIEW: (1) the row is tagged KS;NE and NEBRASKA HAS NOT BEEN CHECKED - a KS-only answer cannot resolve a shared row; (2) even for KS alone the answer is split, with an untested generic basis running against an adverse express exclusion in a neighboring statute. | DRAFTING ISSUE FOR A FUTURE PASS, not resolved here: the row's documentation sentence says Landlord may request reliable documentation ""to the extent permitted by applicable law."" Kansas's statutory verification procedure (K.S.A. 39-1111) does NOT reach housing, so for KS that phrase resolves against federal law alone. | UNRESOLVED DATE CONFLICT: project records treat 2025-09-17 (guidance withdrawal) and 2026-05-22 (narrowed enforcement) as two sequential events; secondary sources located during the KS re-audit treat them as conflicting accounts of one event. This row's NEEDS_REVIEW rationale cites both. Must be reconciled against HUD primary documents before this row is resolved for any state. | NE RE-AUDIT 2026-08-31: NE removed — Nebraska has its own express service-animal HOUSING statute (Neb. Rev. Stat. §§20-131.01 to 20-131.04, read from primary source) with a no-additional-deposit rule this generic does not state, so NE now takes assistance-animal-accommodation-ne. Both blockers on this row's NEEDS_REVIEW are now resolved: (1) the NE state-law basis is determined; (2) the HUD question is resolved as TWO SEQUENTIAL EVENTS, not conflicting accounts of one — 2025-09-17 withdrawal of FHEO-2020-01 and FHEO 2013-01 (later formalized at Fed. Reg. Docket FR-6571-N-01), then a separate 2026-05-22 FHEO enforcement memo narrowing enforcement to individually-trained animals. Neither touched the FHA statute itself. Row flipped to VERIFIED for Kansas. §5a.1: states-field change only, bodyText untouched — no propagation note owed on clause text, but a note IS owed in the KS log recording the status flip.",2026-08-21,2026-08-31
assistance-animal-accommodation-co,Pets,Service and Assistance Animals,CO,TRUE,assistance-animal-accommodation,"A service animal or other assistance animal that Tenant or an Occupant needs as a reasonable accommodation for a disability is not considered a pet under this Lease, regardless of any pet policy, breed, weight, or size restriction stated elsewhere in this Lease. Landlord will not charge a pet deposit, pet rent, or other pet-related fee for an assistance animal. If the disability and the disability-related need for the animal are not readily apparent, Landlord may request reliable documentation confirming the need for the accommodation, but will not require details about the nature or severity of Tenant's disability beyond what is necessary to verify the need for the accommodation, as required by Colorado law. If the disability and need are readily apparent, Landlord will not require such documentation. Tenant remains responsible for any damage to the property caused by an assistance animal. Landlord may deny or withdraw this accommodation if the specific animal poses a direct threat to the health or safety of others, or would cause substantial physical damage to the property, that cannot be reduced or eliminated by another reasonable accommodation. Tenant is hereby warned, as required for enforcement under Colorado law, that intentionally misrepresenting an animal as a service animal or assistance animal to obtain a right or privilege under this Section is unlawful under C.R.S. sections 18-13-107.3 and 18-13-107.7, punishable by escalating fines.",REQUIRED,LEASE_CLAUSE,VERIFIED,"NEW | AUDIT 2026-08-27 (Opus/high/research re-audit): FEDERAL CURRENCY FLAG - HUD withdrew FHEO-2020-01 (the assistance-animal guidance) effective 2025-09-17 (Fed. Reg. Docket FR-6571-N-01); HUD states it 'should not be relied upon.' The clause text does not cite FHEO-2020-01 and rests on the Fair Housing Act itself (42 U.S.C. 3601 et seq.; 24 CFR 100.204), which is unchanged - so the operative language still stands. Flagged NEEDS_REVIEW rather than corrected because the federal posture is in flux (including post-Loper Bright litigation over the ESA no-fee rule) and any HUD replacement guidance should be picked up. CO-specific layer (documentation limits, misrepresentation warning) is unaffected. | ESA/FEDERAL-DIVERGENCE RESOLUTION 2026-08-27: RESOLVED to VERIFIED. Ran down whether the CO clause was leaning on federal law for the ESA piece - it is not. C.R.S. 24-34-502 (CADA) independently makes it a discriminatory housing practice to refuse a reasonable accommodation necessary for a person with a disability to use and enjoy a dwelling, and that covers assistance animals including ESAs; HB 21-1271 layers the documentation limits and misrepresentation penalties already captured in this clause. None of that depends on HUD guidance, so HUD's 2025 withdrawal and its May 22 2026 enforcement memo do not disturb the Colorado basis. Clause text UNCHANGED. Source caveat: much of the available commentary is ESA-certification-industry material with a commercial interest in broad ESA protection and was discounted; reliance is on the CADA statutory structure plus Colorado practitioner commentary. One source cited C.R.S. 24-34-803 as a housing-specific assistance-animal provision - NOT confirmed, not relied on, flagged for the next CO review. | MATERIAL CORRECTION 2026-08-28 (citation-existence screen, Tier 1): bodyText said misrepresentation 'is a criminal offense'. INACCURATE for 18-13-107.3, the HOUSING-relevant section, which CO reclassified as a CIVIL INFRACTION (2024/2025 CRS text: 'commits a civil infraction'). Only 18-13-107.7 (service animals, public accommodations) remains a petty offense. Changed to 'is unlawful under', accurate for both. Both citations CONFIRMED TO EXIST (added by HB 16-1426, eff. 2017-01-01). 'Escalating fines' VERIFIED: $25 / $50-200 / $100-500. RETAINED as correct: 'as required for enforcement under Colorado law' - prior warning is an ELEMENT of both offenses (107.3(1)(b), 107.7(1)(b)).",2026-08-18,2026-08-28
habitability-notice-co,Landlord Responsibilities,Notice of Habitability Rights,CO,TRUE,,"Every tenant is entitled to safe and habitable housing under Colorado's warranty of habitability, as described in this Lease's Maintenance & Repairs Section. Colorado law prohibits Landlord from retaliating against Tenant in any manner for reporting an unsafe or uninhabitable condition, exercising any right under this Lease, or participating in a tenant organization. To report a condition that may affect the habitability of the property, Tenant should provide written notice to Landlord at: [insert landlord's designated WRITTEN habitability-notice address, e.g. email address or mailing address - do not designate a phone number or any verbal method].",RECOMMENDED,LEASE_CLAUSE,VERIFIED,"NEW - OPTIONAL clause, not legally required, landlord chooses whether to attach | PART 5 PRIMARY-TEXT READ 2026-08-27 (Taylor supplied full C.R.S. 38-12-503): MATERIAL CORRECTION - drafting trap found in a clause already shipped. C.R.S. 38-12-503(3)(f)(II): a rental agreement or property rule stating that a tenant MAY or MUST give notice of an uninhabitable condition verbally WAIVES the landlord's right to receive written notice under (3)(e). The prior bracket prompt read 'e.g. phone, email, or mailing address' - designating a phone number would have waived that right. This matters because written notice is a strict element: Anderson v. Shorter Arms Inv'rs, LLC, 2023 COA 71, 537 P.3d 831 holds substantial compliance does not apply and oral notice is insufficient as a matter of law. Bracket rewritten to written-only with an explicit warning.",2026-08-18,2026-08-27
utility-allowance-cap-co,Landlord Responsibilities,Utility Allowance with Tenant-Paid Overage,CO,TRUE,,"Landlord's obligation to pay for [specify utility, e.g. water and sewer] under this Lease's Utilities Paid by Landlord Section is limited to [insert monthly utility allowance amount] per month. If the actual utility cost for a given month exceeds this amount, Tenant will reimburse Landlord for the excess within [insert number of days, e.g. 15] days of receiving a copy of the utility provider's bill showing the actual charges for that month. This reimbursement is a separate obligation from Rent: it is not subject to any late fee applicable to Rent under this Lease, will not be characterized as Rent for purposes of any remedy available for nonpayment of Rent, and Landlord's remedies for Tenant's failure to pay it are limited to those otherwise available under this Lease for breach of an obligation other than Rent.",CONSTRAINED,LEASE_CLAUSE,VERIFIED,"NEW - optional add-on, attaches alongside utilities-paid-by-landlord, sourced from Taylor's own observation not the statute walk",2026-08-18,2026-08-20
security-deposit-installments-co,Security Deposit,Security Deposit Paid in Installments,CO,TRUE,,"In lieu of paying the Security Deposit in full prior to occupancy, Tenant has elected to pay the Security Deposit in installments of [specify installment amount] due [specify schedule, e.g. on the 1st of each month], over a period of at least six months, as permitted by Colorado law. If Tenant fails to pay an installment when due, Landlord may pursue a civil action to recover the unpaid amount, but Landlord may not terminate this Lease or pursue eviction based solely on a missed installment payment.",REQUIRED/CONSTRAINED,LEASE_CLAUSE,VERIFIED,"NEW - optional, used only when a tenant elects installments; due-at-signing left completely unchanged",2026-08-18,2026-08-20
edu-security-deposit-cap-co,Security Deposit,Security Deposit Maximum (Landlord Reference),CO,TRUE,,"Colorado law caps the security deposit you can charge at two months' rent (C.R.S. section 38-12-102.5). This is a ceiling on what you're allowed to collect - it's not something your lease needs to tell the tenant, since stating the legal maximum only gives them a number to hold you to. The actual deposit amount you're charging this specific tenant is already captured in your lease through the Security Deposit clause. Use this as a guardrail when entering the deposit amount for a Colorado lease: if you type in more than two months' rent, that number is not enforceable.",CONSTRAINED,LANDLORD_EDUCATION,VERIFIED,"NEW - LANDLORD_EDUCATION item, added 2026-08-20 per Taylor's direction to track these with the same schema as lease clauses",2026-08-20,2026-08-20
edu-retaliation-co,Landlord Responsibilities,Retaliation Is Prohibited,CO,TRUE,,"Colorado law prohibits taking action against a tenant - raising rent, cutting services, declining to renew, or starting an eviction - because they reported an unsafe condition, exercised a right under the lease, or joined a tenant organization (C.R.S. section 38-12-509). This applies whether or not your lease mentions it, so there's no need to include it in tenant-facing text. What matters practically: if you have an independent, legitimate reason to raise rent or not renew (the lease naturally ending, a real violation, etc.), document that reason - having a clear paper trail is what protects you if a tenant later claims a decision was retaliatory.",PROHIBITED,LANDLORD_EDUCATION,VERIFIED,"NEW - LANDLORD_EDUCATION item, added 2026-08-20 per Taylor's direction to track these with the same schema as lease clauses",2026-08-20,2026-08-20
edu-rent-increase-frequency-co,Rent & Payment,Rent Can't Be Raised More Than Once a Year,CO,TRUE,,"No matter what your lease says, you cannot raise a tenant's rent more than once every 12 months in Colorado (C.R.S. section 38-12-702). This applies to month-to-month tenancies as much as fixed terms. Keep this in mind if you ever build a rent-escalation or annual-increase clause - the 12-month floor overrides anything the lease tries to specify.",CONSTRAINED,LANDLORD_EDUCATION,VERIFIED,"NEW - LANDLORD_EDUCATION item, added 2026-08-20 per Taylor's direction to track these with the same schema as lease clauses",2026-08-20,2026-08-20
edu-for-cause-eviction-co,Default & Termination,For-Cause Eviction Rules (After 12 Months),CO,TRUE,,"Once a tenant has lived in a property for 12 months or more, Colorado generally requires you to have a specific legal reason - 'cause' (like nonpayment or a lease violation) or a defined 'no-fault' reason (such as selling the property or doing major renovations, with 90 days' notice) - before you can end the tenancy or decline to renew (C.R.S. section 38-12-1301 et seq.). This does NOT apply if the property is your own primary residence or directly adjacent to it, a short-term rental, a mobile home lot, or employer-provided housing. Check which of your properties fall into an exempt category - this determines which version of the month-to-month termination clause applies.",CONDITIONAL,LANDLORD_EDUCATION,VERIFIED,"NEW - LANDLORD_EDUCATION item, added 2026-08-20 per Taylor's direction to track these with the same schema as lease clauses",2026-08-20,2026-08-20
edu-police-call-waiver-co,Notices & General,Never Waive a Tenant's Right to Call Police,CO,TRUE,,"Colorado law makes it void for any lease to contain language that waives, discourages, or penalizes a tenant for calling police or emergency services (C.R.S. section 38-12-402). This mainly matters if you're ever tempted to add a 'crime-free housing' or repeated-nuisance-call type clause - that pattern is exactly what this law targets, and any such clause would be unenforceable.",PROHIBITED,LANDLORD_EDUCATION,VERIFIED,"NEW - LANDLORD_EDUCATION item, added 2026-08-20 per Taylor's direction to track these with the same schema as lease clauses",2026-08-20,2026-08-20
edu-dv-confidentiality-co,Notices & General,Confidentiality Duty for a Tenant Who Is a DV/Stalking Victim,CO,TRUE,,"If a tenant qualifies for early termination as a victim of domestic violence, stalking, or sexual assault, you have a legal duty not to disclose their status or new address to anyone without their consent, except where the law specifically requires it (C.R.S. section 38-12-401/402). This obligation exists regardless of whether the lease mentions it.",PROHIBITED,LANDLORD_EDUCATION,VERIFIED,"NEW - LANDLORD_EDUCATION item, added 2026-08-20 per Taylor's direction to track these with the same schema as lease clauses",2026-08-20,2026-08-20
edu-immigration-status-co,Notices & General,Never Ask About Immigration or Citizenship Status,CO,TRUE,,"Colorado's Immigrant Tenant Protection Act prohibits asking a tenant about their immigration or citizenship status, disclosing or threatening to disclose it, or using it to harass, intimidate, or deny housing (C.R.S. section 38-12-1201 et seq.). Violations carry real penalties - up to $2,000 per violation plus attorney's fees. Any lease provision attempting to waive these protections is void, even if the tenant agrees to it in writing.",PROHIBITED,LANDLORD_EDUCATION,VERIFIED,"NEW - LANDLORD_EDUCATION item, added 2026-08-20 per Taylor's direction to track these with the same schema as lease clauses",2026-08-20,2026-08-20
edu-fee-shifting-co,Default & Termination,Attorney Fee Clauses Must Work Both Ways,CO,TRUE,,"A lease clause that only lets the landlord recover attorney's fees and court costs - but not the tenant, if the tenant wins - is void under Colorado law (C.R.S. section 38-12-801(3)(a)(II)). Any attorney-fee provision needs to say the prevailing party recovers fees, not just the landlord. This was actually found and fixed in the Default by Tenant clause during this review - worth double-checking any custom clause you write yourself for the same issue.",PROHIBITED,LANDLORD_EDUCATION,VERIFIED,"NEW - LANDLORD_EDUCATION item, added 2026-08-20 per Taylor's direction to track these with the same schema as lease clauses",2026-08-20,2026-08-20
edu-death-of-tenant-co,Default & Termination,If a Tenant Dies During the Lease,CO,TRUE,,"Colorado's 'Letty's Act' (C.R.S. section 38-12-801(3.5)) prohibits charging liquidated damages, accelerating rent beyond the end of the month (or 10 business days after the unit is vacated, whichever is later), clawing back move-in concessions, or any other early-termination penalty when a lease ends because a tenant died. You can retain enough of the security deposit to cover any damage related to the death, and you can take possession without filing an eviction once the estate's representative surrenders the unit, or automatically 30 days after death if rent is unpaid or the unit has been cleared out.",PROHIBITED,LANDLORD_EDUCATION,VERIFIED,"NEW - LANDLORD_EDUCATION item, added 2026-08-20 per Taylor's direction to track these with the same schema as lease clauses",2026-08-20,2026-08-20
edu-identity-change-notice-co,Notices & General,Notify Tenants If Your Identity or Agent Changes,CO,TRUE,,"If you (or your authorized agent) change - for example, a property changes management companies, or ownership transfers - Colorado law requires the new landlord or agent to notify each tenant within 1 business day, either in writing/electronically or by posting the new information conspicuously at the property (C.R.S. section 38-12-801(2)). This is an ongoing operational duty, not something that needs to be in the lease itself.",REQUIRED,LANDLORD_EDUCATION,VERIFIED,"NEW - LANDLORD_EDUCATION item, added 2026-08-20 per Taylor's direction to track these with the same schema as lease clauses",2026-08-20,2026-08-20
edu-fee-unprovided-service-co,Rent & Payment,Don't Charge for a Service You Don't Actually Provide,CO,TRUE,,Colorado's Honest Pricing law prohibits charging a fee for any service you don't actually provide (C.R.S. section 6-1-737). This is a good general check for any fee-based clause you write yourself: make sure the fee corresponds to something real.,PROHIBITED,LANDLORD_EDUCATION,VERIFIED,"NEW - LANDLORD_EDUCATION item, added 2026-08-20 per Taylor's direction to track these with the same schema as lease clauses",2026-08-20,2026-08-20
edu-fee-free-payment-method-co,Rent & Payment,Offer at Least One Fee-Free Way to Pay Rent,CO,TRUE,,"You can't charge a rent payment processing fee unless you also offer at least one payment method with no fee attached (C.R.S. section 6-1-737). When you list your accepted payment methods in the lease, make sure at least one of them is genuinely free to the tenant.",CONSTRAINED,LANDLORD_EDUCATION,VERIFIED,"NEW - LANDLORD_EDUCATION item, added 2026-08-20 per Taylor's direction to track these with the same schema as lease clauses",2026-08-20,2026-08-20
edu-total-price-disclosure-co,Disclosures,Advertised Rent Must Show the Full Price,CO,TRUE,,"When you advertise or list a property, Colorado's Honest Pricing law requires showing a single all-in price including mandatory fees, displayed more prominently than any broken-out fee amounts - not itemized separately (C.R.S. section 6-1-737). This applies to marketing and listings, not lease text, and becomes relevant if Steinoak ever adds a listing/marketing feature.",REQUIRED,LANDLORD_EDUCATION,VERIFIED,"NEW - LANDLORD_EDUCATION item, added 2026-08-20 per Taylor's direction to track these with the same schema as lease clauses",2026-08-20,2026-08-20
edu-rubs-uncertainty-co,Disclosures,Utility Billing Rules Are Still Being Clarified,CO,TRUE,,"If you use a shared or master utility meter and allocate costs among tenants by formula (RUBS), Colorado now has a statutory safe harbor (C.R.S. 6-1-737(4.5), added by HB26-1013). You may allocate utility costs this way if: the total you bill across all tenants does not exceed what the utility provider charged for the whole premises; you add no markup, surcharge, or administrative fee beyond what C.R.S. 38-12-801(3)(a)(VI) allows (either 2% of the billed amount or a flat $10 per month, not both); common-area and shared-facility costs are excluded from the allocation; and the allocation method is clearly disclosed in the lease or an addendum. This replaces the interim Attorney General enforcement guidance issued in late 2025.",CONSTRAINED,LANDLORD_EDUCATION,VERIFIED,"NEW - LANDLORD_EDUCATION item, added 2026-08-20 per Taylor's direction to track these with the same schema as lease clauses | AUDIT 2026-08-27 (Opus/high/research re-audit): UPDATED - prior entry described this as unsettled and pending a 2026 legislative fix. That fix passed (HB26-1013), codifying the safe harbor. Status moved NEEDS_REVIEW -> VERIFIED. Confirm the exact effective date of HB26-1013 before relying on it for a lease dated near enactment.",2026-08-20,2026-08-27
edu-radon-lease-length-co,Disclosures,Radon Disclosure Risk Changes With Lease Length,CO,TRUE,,"The radon disclosure itself is required on every lease regardless of term length. But if you don't make a reasonable effort to fix elevated radon within 180 days of being notified, the consequence is different depending on the lease term: a tenant can void the lease over it if the term is longer than one year, but that specific remedy doesn't apply to a lease of one year or less (effective for leases signed on or after January 1, 2026). If you're offering a tenant a renewal longer than a year, this is a real new exposure to be aware of.",CONDITIONAL,LANDLORD_EDUCATION,VERIFIED,"NEW - LANDLORD_EDUCATION item, added 2026-08-20 per Taylor's direction to track these with the same schema as lease clauses",2026-08-20,2026-08-20
edu-voucher-acceptance-co,Disclosures,You Must Accept Housing Vouchers,CO,TRUE,,"Colorado law requires every residential landlord to accept applicants using a housing voucher - there is no exemption for small landlords anymore (HB25-1240 removed it). Refusing an applicant solely because they use a voucher is source-of-income discrimination and can carry penalties of $5,000 to $50,000 per violation. You can still decline a voucher applicant for legitimate, consistently-applied reasons - credit, income, rental history - just never because of the voucher itself. You also can't refuse to cooperate with the approval process (inspection, paperwork) as a way of avoiding this duty.",REQUIRED,LANDLORD_EDUCATION,VERIFIED,"NEW - LANDLORD_EDUCATION item, added 2026-08-20 per Taylor's direction to track these with the same schema as lease clauses",2026-08-20,2026-08-20
edu-voucher-process-mechanics-co,Disclosures,How the Voucher Approval Process Actually Works,CO,TRUE,,"A voucher applicant doesn't move in until the unit is inspected and the Housing Assistance Payment contract is signed - you're not required to let someone occupy the unit before that happens. If a tenant does move in early anyway, standard guidance puts them on the hook for full, unsubsidized rent until the contract is finalized - you're not left holding the shortfall. The multi-year wait some landlords worry about is the tenant's wait to be issued a voucher in the first place; once a voucher holder actually applies to your specific unit, the approval process itself typically takes days to a few weeks, not years.",RECOMMENDED,LANDLORD_EDUCATION,VERIFIED,"NEW - LANDLORD_EDUCATION item, added 2026-08-20 per Taylor's direction to track these with the same schema as lease clauses",2026-08-20,2026-08-20
edu-deposit-nonwaiver-co,Security Deposit,Security Deposit Rights Can Never Be Waived,CO,TRUE,,"A tenant cannot waive their rights regarding return of the security deposit, whether orally or in writing - any lease provision attempting this is unenforceable (C.R.S. section 38-12-103(7)). Keep this in mind for any custom security deposit language you write yourself.",PROHIBITED,LANDLORD_EDUCATION,VERIFIED,"NEW - LANDLORD_EDUCATION item, added 2026-08-20 per Taylor's direction to track these with the same schema as lease clauses",2026-08-20,2026-08-20
edu-alt-housing-co,Landlord Responsibilities,Alternate Housing May Be Required During Major Repairs,CO,TRUE,,"This is triggered by the TENANT'S REQUEST, not automatically. If a condition materially interferes with a tenant's life, health, or safety (or is a condition under C.R.S. 38-12-505(4)(l)), and the tenant requests it, you must provide - within 24 hours of that request, at no cost to the tenant - either a comparable dwelling unit or a hotel room, your choice which. Requirements: at least as many beds as the tenant uses; habitable; accessible if the tenant has a disability; within 5 miles of the unit unless the tenant consents otherwise (you may go 5-10 miles if substantially cheaper, and if nothing is available within 10 miles, the nearest available). If the stay runs past 48 hours, the place must have a refrigerator with a freezer and a range stove or oven - OR you pay each tenant a per diem for meals and incidentals at least equal to the Colorado state employee intrastate travel per diem, paid when you first reasonably expect the stay to exceed 48 hours and every 24 hours after. Beyond the per diem, you pay only reasonable relocation costs such as storage and transportation. Two things that protect you: the tenant still owes rent during the relocation and for the rest of the term; and if you put a tenant in a hotel and the condition cannot be fixed within 60 consecutive days for reasons outside your reasonable control, you can cap the hotel at 60 consecutive days - but only if you give written notice at the earliest opportunity stating that it cannot be fixed in 60 days, the end date for hotel coverage (no earlier than 60 days in), and that the tenant may terminate the lease with no liability or penalty, AND you return the tenant's full security deposit on or before you give that notice.",REQUIRED,LANDLORD_EDUCATION,VERIFIED,"NEW - LANDLORD_EDUCATION item, added 2026-08-20 per Taylor's direction to track these with the same schema as lease clauses | PART 5 PRIMARY-TEXT READ 2026-08-27 (Taylor supplied full C.R.S. 38-12-503): RESOLVED after two passes at NEEDS_REVIEW. MATERIAL CORRECTION: prior text said relocation is owed 'within 24 hours' full stop. C.R.S. 38-12-503(4)(a)(II) makes it request-triggered - 24 hours runs from the TENANT'S REQUEST, not from notice of the condition, and the duty does not arise unless the tenant asks. Prior text also loosely said 'full kitchen access or cover meal costs'; the statute gives an either/or (fridge-with-freezer AND range/oven, OR the state-employee per diem per tenant every 24 hours). Prior text omitted entirely: bed count, 5/10-mile radius, accessibility, the landlord-pays-only list, that the tenant still owes rent, and the entire 60-day hotel cap and its written-notice + full-deposit-return escape hatch. The 'up to 60 days' figure a secondary source flagged during the re-audit is real but attaches ONLY to hotel rooms under 38-12-503(4)(c), not to comparable dwelling units.",2026-08-20,2026-08-27
edu-pet-caps-co,Pets,Pet Deposit and Pet Rent Limits,CO,TRUE,,"Colorado caps what you can charge for a pet: the pet security deposit can't exceed $300 and must be fully refundable - you can no longer charge a non-refundable 'pet fee.' Pet rent can't exceed $35 per month or 1.5% of the monthly rent, whichever is greater (C.R.S. section 38-12-106, HB 23-1068). The actual amounts you charge a specific tenant are entered in your lease's Pets clause - use these numbers as the ceiling when entering them for a Colorado property.",CONSTRAINED,LANDLORD_EDUCATION,VERIFIED,"NEW - LANDLORD_EDUCATION item, added 2026-08-20 per Taylor's direction to track these with the same schema as lease clauses",2026-08-20,2026-08-20
edu-carpet-damage-co,Security Deposit,Carpet Damage Has a Special Rule,CO,TRUE,,"You can't deduct from a security deposit for carpet being ""substantially and irreparably damaged"" unless the carpet has not been replaced with new carpet within the ten years preceding the end of the lease or surrender of the premises (C.R.S. 38-12-103, as amended by HB25-1249, effective January 1, 2026). Even then, you may retain only the minimum amount necessary to replace the carpet - or to repaint - in the specific area that is damaged, not the full room or unit and not the full replacement cost (C.R.S. 38-12-104). Keep this in mind at move-out before assuming worn or stained carpet justifies a deduction.",CONSTRAINED,LANDLORD_EDUCATION,VERIFIED,"NEW - LANDLORD_EDUCATION item, added 2026-08-20 per Taylor's direction to track these with the same schema as lease clauses | AUDIT 2026-08-27 (Opus/high/research re-audit): MATERIAL CORRECTION - lookback was 5 years, corrected to 10. The 5-year figure appeared in the reengrossed/rerevised drafts of HB25-1249 but the ENROLLED text raised it to 10 years; prior research froze on the superseded draft figure. Also added the minimum-necessary / damaged-area-only / repaint rule from 38-12-104.",2026-08-20,2026-08-27
edu-bad-faith-deposit-co,Security Deposit,"What Counts as ""Bad Faith"" When Withholding a Deposit",CO,TRUE,,"If you retain 125% or more of a tenant's actual documented damages from their security deposit, Colorado law presumes you did so in bad faith (HB 25-1249). Bad-faith withholding also includes retaining a deposit without cause, or for an unlawful, retaliatory, or discriminatory reason. Bad-faith withholding exposes you to treble damages - document your actual costs carefully before making a deduction.",CONSTRAINED,LANDLORD_EDUCATION,VERIFIED,"NEW - LANDLORD_EDUCATION item, added 2026-08-20 per Taylor's direction to track these with the same schema as lease clauses",2026-08-20,2026-08-20
edu-walkthrough-co,Security Deposit,Either Party Can Request a Move-Out Walkthrough,CO,TRUE,,"Either you or the tenant can request a walkthrough inspection near the end of the lease (in person or by video) to identify anything beyond normal wear and tear before move-out (HB 25-1249). Doing a walkthrough does not legally lock you out of charging for genuine damage discovered afterward - the law's definition of 'wrongfully withheld' doesn't reference walkthrough completeness at all. That said, missing something during a walkthrough could still work against you if a dispute goes to court, since a tenant could argue you'd have caught it if it were real damage.",RECOMMENDED,LANDLORD_EDUCATION,VERIFIED,"NEW - LANDLORD_EDUCATION item, added 2026-08-20 per Taylor's direction to track these with the same schema as lease clauses",2026-08-20,2026-08-20
edu-wear-tear-void-co,Security Deposit,Never Charge a Tenant for Normal Wear and Tear or Preexisting Issues,CO,TRUE,,"Any lease provision assigning a tenant a fee or charge for repairs, cleaning, or other work due to normal wear and tear, or for damage/defective conditions that existed before their tenancy began, is void under Colorado law (HB 25-1249). This was actually the reason the Use of Security Deposit clause got corrected during this review - worth keeping in mind for any custom deposit-related language you write yourself.",PROHIBITED,LANDLORD_EDUCATION,VERIFIED,"NEW - LANDLORD_EDUCATION item, added 2026-08-20 per Taylor's direction to track these with the same schema as lease clauses",2026-08-20,2026-08-20
dv-safe-homes-wy,Default & Termination,Domestic Abuse / Sexual Violence — Rent Liability After Vacating,WY,TRUE,,"Wyoming's Safe Homes Act provides Tenant a defense against a claim for unpaid rent under certain circumstances. If Tenant or a member of Tenant's household vacates the property because of a credible imminent threat of domestic abuse or sexual violence at the property, or because Tenant or a household member was a victim of domestic abuse or sexual violence occurring at the property within the preceding 60 days, Tenant will not be liable for rent accruing after the date Tenant vacates. If hospitalization, or seeking shelter or counseling related to the abuse or violence, prevented Tenant from giving notice within that 60-day window, Tenant may still give notice as soon as practicable afterward. To use this protection, Tenant must provide Landlord written notice at least 7 days before vacating, stating the reason for vacating and, where applicable, the date of the incident along with supporting medical, court, or police evidence. This Section does not excuse rent owed for any period before Tenant vacated and gave the required notice, and does not limit Landlord's other lawful remedies for nonpayment of rent accruing before that date.",CONDITIONAL,LEASE_CLAUSE,VERIFIED,"WY added 2026-08-21. Citation: W.S. 1-21-1303(a),(b),(d). Statutorily-accurate/defense-framed version — SELECTED variant per Taylor's decision 2026-08-21 (chose over the proactive-grant alternative, see dv-safe-homes-proactive-wy). Source: law.justia.com/codes/wyoming/title-1/chapter-21/article-13/section-1-21-1303/. verified_date: 2026-08-21. verified_by: Taylor + session research. | Cross-state plain-language cleanup (Minnesota session, follow-up to MN's plain-language audit): long compound sentence split into shorter ones, no substantive change. Not a legal requirement for this clause's other tagged states (only MN's Plain Language Contract Act, Minn. Stat. §325G.31, was confirmed to apply this project) — done as a general readability improvement since the pattern was found library-wide, not MN-specific.",2026-08-21,2026-08-23
dv-safe-homes-proactive-wy,Default & Termination,"Domestic Abuse / Sexual Violence — Early Termination Right (alternate posture, not selected)",WY,FALSE,,"If Tenant or a member of Tenant's household experiences a credible imminent threat of domestic abuse or sexual violence at the property, or was a victim of domestic abuse or sexual violence at the property within the preceding 60 days, Tenant may terminate this Lease and vacate the property. If hospitalization, or seeking shelter or counseling related to the abuse or violence, prevented Tenant from acting within that 60-day window, Tenant may still act as soon as practicable afterward. To do so, Tenant must provide Landlord written notice at least 7 days before vacating, stating the reason and, where applicable, the date of the incident along with supporting medical, court, or police evidence. Upon proper notice and vacating, Tenant owes no further rent for any period after the date Tenant vacates.",CONDITIONAL,LEASE_CLAUSE,VERIFIED,"WY added 2026-08-21, is_active FALSE by design — NOT the selected variant. Goes beyond W.S. 1-21-1303's actual mechanic (a court-tested affirmative defense) by proactively granting an unconditional lease-level termination right on notice+evidence alone, without preserving Landlord's ability to contest weak evidence in court first. Kept drafted and logged (not deleted) in case a future 'per-property posture setting' feature makes this selectable. Citation basis same as dv-safe-homes-wy: W.S. 1-21-1303(a),(b). | Cross-state plain-language cleanup (Minnesota session, follow-up to MN's plain-language audit): long compound sentence split into shorter ones, no substantive change. Not a legal requirement for this clause's other tagged states (only MN's Plain Language Contract Act, Minn. Stat. §325G.31, was confirmed to apply this project) — done as a general readability improvement since the pattern was found library-wide, not MN-specific.",2026-08-21,2026-08-23
edu-safe-homes-nondiscrimination-wy,Disclosures,Can't Terminate a Tenancy Solely for Domestic Abuse / Sexual Violence Victim Status,WY,TRUE,,"Wyoming law prohibits terminating a tenancy based solely on a tenant's, applicant's, or household member's status as a victim of domestic abuse or sexual violence (W.S. 1-21-1303(c)). This does not prevent an adverse housing decision based on other lawful factors you're otherwise aware of — it specifically targets using victim status itself as the reason. Also logged as a standing cross-check: any future WY clause or custom termination language should be checked against this rule before use.",PROHIBITED,LANDLORD_EDUCATION,VERIFIED,"WY added 2026-08-21. Citation: W.S. 1-21-1303(c). Dual-logged as both content and a standing validation check, same pattern as CO's Part 4 police-call rule. Source: law.justia.com/codes/wyoming/title-1/chapter-21/article-13/section-1-21-1303/.",2026-08-21,2026-08-21
edu-safe-homes-nonwaiver-wy,Disclosures,Safe Homes Act Rights Can Never Be Waived or Modified,WY,TRUE,,"The protections in Wyoming's Safe Homes Act (W.S. 1-21-1301 through 1304) cannot be waived or modified by a lease or any separate agreement between landlord and tenant (W.S. 1-21-1304). Keep this in mind for any custom termination or waiver language you write yourself — attempting to contract around these protections would be unenforceable. Also logged as a standing cross-check, same pattern as CO's deposit-nonwaiver rule.",PROHIBITED,LANDLORD_EDUCATION,VERIFIED,"WY added 2026-08-21. Citation: W.S. 1-21-1304. Source: law.justia.com/codes/wyoming/title-1/chapter-21/article-13/section-1-21-1304/. Note absence flagged separately: unlike CO's version of this protection, WY's Safe Homes Act (W.S. 1-21-1301–1304, read in full) contains no landlord confidentiality duty regarding victim status/new address — treated as a genuine state difference, not a research gap, pending any future correction.",2026-08-21,2026-08-21
edu-repair-cost-termination-wy,Landlord Responsibilities,You May Refuse an Uneconomical Repair and Terminate Instead,WY,TRUE,,"If a tenant notifies you of a habitability issue and the cost to fix it would be unreasonable relative to the rent charged and the nature of the property, Wyoming law lets you refuse the repair and terminate the rental agreement instead (W.S. 1-21-1203(d)). You must notify the tenant in writing and give them no less than 10 and no more than 20 days to find substitute housing. Rent is prorated to the tenant's move-out date, and any balance plus the deposit gets refunded per the standard deposit-return rules. This is a real option worth knowing about for a low-rent unit facing a major, disproportionate repair cost — not something to state to the tenant in the lease itself, since it only becomes relevant if you choose to invoke it.",CONDITIONAL,LANDLORD_EDUCATION,VERIFIED,WY added 2026-08-21. Citation: W.S. 1-21-1203(d). Classified LANDLORD_EDUCATION per Taylor's 2026-08-21 call (overrode initial LEASE_CLAUSE recommendation). Source: law.justia.com/codes/wyoming/title-1/chapter-21/article-12/section-1-21-1203/.,2026-08-21,2026-08-21
habitability-baseline-wy,Landlord Responsibilities,Habitability Baseline,WY,TRUE,landlord-maintenance,"Landlord will maintain the property in a safe and sanitary condition fit for human habitation, including operational electrical, heating, and plumbing systems, with hot and cold running water, unless otherwise agreed in writing by both parties. Tenant will cooperate in maintaining the property consistent with this Section.",REQUIRED,LEASE_CLAUSE,VERIFIED,"WY added 2026-08-21. Citation: W.S. 1-21-1202(a),(b). Source: law.justia.com/codes/wyoming/title-1/chapter-21/article-12/section-1-21-1202/. Note: (d) of this section allows duties to be reassigned/modified by explicit written agreement — logged separately as edu-habitability-modifiable-wy rather than folded into this clause, since most leases won't modify the baseline. (a) also carries a seasonal-rental-unit carve-out (e.g. summer cabins without utilities) — N/A for typical Steinoak use case, not drafted.",2026-08-21,2026-08-21
renter-duties-wy,Tenant Responsibilities,Tenant's Duties,WY,TRUE,,"Tenant will keep the property clean and safe and not unreasonably burden any common area; dispose of all garbage and waste in a clean and safe manner; keep all plumbing fixtures as sanitary as their condition permits; and use all electrical, plumbing, sanitary, heating, and other facilities and appliances in a reasonable manner. Tenant will also occupy the property only in the manner for which it was designed, not increase the number of occupants above what this Lease specifies without Landlord's prior written permission, remain current on all payments required under this Lease, and comply with all lawful requirements of this Lease. Before vacating, Tenant will remove all property and garbage belonging to Tenant or Tenant's guests and clean the property to the condition it was in at the start of this Lease.",REQUIRED,LEASE_CLAUSE,VERIFIED,"WY added 2026-08-21. Citation: W.S. 1-21-1204(a)(i)-(viii). Source: law.justia.com/codes/wyoming/title-1/chapter-21/article-12/section-1-21-1204/. | Cross-state plain-language cleanup (Minnesota session, follow-up to MN's plain-language audit): long compound sentence split into shorter ones, no substantive change. Not a legal requirement for this clause's other tagged states (only MN's Plain Language Contract Act, Minn. Stat. §325G.31, was confirmed to apply this project) — done as a general readability improvement since the pattern was found library-wide, not MN-specific.",2026-08-21,2026-08-23
prohibited-acts-renter-wy,Tenant Responsibilities,Prohibited Acts by Tenant,WY,TRUE,,"Tenant will not intentionally or negligently destroy, deface, damage, or impair any part of the property, or knowingly permit any other person to do so; interfere with another person's peaceful enjoyment of the property; or unreasonably deny access to, refuse entry to, or withhold consent to enter the property to Landlord or Landlord's agent for the purpose of making repairs, inspecting the property, or showing it for rent or sale.",PROHIBITED,LEASE_CLAUSE,VERIFIED,"WY added 2026-08-21. Citation: W.S. 1-21-1205(a)(i)-(iii). Source: law.justia.com/codes/wyoming/title-1/chapter-21/article-12/section-1-21-1205/. Note absence: WY has no statutory advance-notice-for-entry requirement — this clause only bars the tenant from unreasonably refusing entry, it does not itself establish a landlord notice obligation. Flagged in decision log §2 as an open absence to verify.",2026-08-21,2026-08-21
nonrefundable-deposit-notice-wy,Security Deposit,Nonrefundable Portion of Deposit,WY,TRUE,,"Of Tenant's total security deposit of {{security_deposit}}, {{nonrefundable_deposit_amount}} is nonrefundable and will not be returned to Tenant regardless of the condition of the property at the end of this Lease. (If no portion of the deposit is nonrefundable, this amount is $0.)",REQUIRED,LEASE_CLAUSE,VERIFIED,"WY added 2026-08-21. Citation: W.S. 1-21-1207. Source: law.justia.com/codes/wyoming/title-1/chapter-21/article-12/section-1-21-1207/. Genuine REQUIRED disclosure — satisfies bucket-test criterion #1. Note: statute requires this be stated in the agreement AND separately, in writing, at the time the deposit is collected — this clause satisfies the first prong only; the second is a process step, logged separately as edu-nonrefundable-deposit-separate-notice-wy so it isn't lost.",2026-08-21,2026-08-21
edu-nonrefundable-deposit-separate-notice-wy,Security Deposit,Give Separate Written Notice of Nonrefundable Deposit at Collection Time,WY,TRUE,,"Wyoming law requires you to give the tenant separate written notice that a portion of their deposit is nonrefundable at the time you actually collect the deposit — not just state it in the lease itself (W.S. 1-21-1207). Stating it in the lease satisfies one part of the requirement; you should also hand or send the tenant a standalone written notice when you take the deposit, to be safe.",REQUIRED,LANDLORD_EDUCATION,VERIFIED,WY added 2026-08-21. Citation: W.S. 1-21-1207. Companion item to nonrefundable-deposit-notice-wy — covers the process/timing half of the same statutory requirement.,2026-08-21,2026-08-21
security-deposit-return-wy,Security Deposit,Return of Security Deposit,WY,TRUE,security-deposit-return,"Within 30 days after termination of this Lease, or within 15 days after receiving Tenant's forwarding address, whichever is later, Landlord will deliver or mail to Tenant the balance of Tenant's deposit and any prepaid rent, along with a written itemization of any deductions and the reasons for them. If the property is damaged, this period is extended by an additional 30 days. Tenant will notify Landlord in writing, within 30 days after termination, of the address where payment and notice should be sent.",REQUIRED,LEASE_CLAUSE,VERIFIED,"WY added 2026-08-21. Citation: W.S. 1-21-1208(a). Source: law.justia.com/codes/wyoming/title-1/chapter-21/article-12/section-1-21-1208/. Mechanics differ materially from CO's security-deposit-use clause (different timelines, different extension trigger) — drafted independently rather than adapted from the CO version. | BODYTEXT EDIT 2026-08-28 (deposit split): removed deposit-application sentence, now carried by the generic security-deposit-use clause (WY newly tagged). Return mechanics only; all elements still sourced to Wyo. Stat. 1-21-1208(a).",2026-08-21,2026-08-28
utility-deposit-return-wy,Security Deposit,Return of Separate Utility Deposit,WY,TRUE,,"If Landlord holds a deposit identified separately as a utility deposit, Landlord will refund it within 10 days after Tenant provides a satisfactory showing that all utility charges Tenant incurred have been paid. If Tenant has not made that showing within 45 days after termination of this Lease, Landlord will apply the utility deposit toward Tenant's outstanding utility debt within 15 days after that period ends, and will refund any remaining balance within 7 days after applying it, or within 15 days after receiving Tenant's forwarding address, whichever is later.",CONDITIONAL,LEASE_CLAUSE,VERIFIED,WY added 2026-08-21. Citation: W.S. 1-21-1208(b). Source: same as security-deposit-return-wy. Marked CONDITIONAL — only applicable where Landlord actually collects and separately identifies a utility deposit; not all Steinoak WY leases will use this clause.,2026-08-21,2026-08-21
unpaid-damages-interest-wy,Security Deposit,Interest on Unpaid Damages Beyond the Deposit,WY,TRUE,,"If Tenant damages the property, Landlord may apply the security deposit to those damages as provided in this Lease's security deposit section. Tenant remains liable for any damages beyond what the deposit covers, plus interest at ten percent (10%) per year on any unpaid amount, and Landlord may pursue any other legal action available to recover damages Tenant caused to the property.",CONSTRAINED,LEASE_CLAUSE,VERIFIED,"WY added 2026-08-21. Citation: W.S. 1-21-1211(b). Source: law.justia.com/codes/wyoming/title-1/chapter-21/article-12/section-1-21-1211/ (also cross-checked via FindLaw mirror). CONSTRAINED — 10% rate is statutory, not Landlord's choice. 1211(a) (sheriff removal of possessions after a court eviction order) is OUT_OF_SCOPE — court/eviction-process mechanics, not drafted.",2026-08-21,2026-08-21
abandoned-property-wy,Default & Termination,Property Abandoned After Termination,WY,TRUE,,"Upon regaining lawful possession of the property after termination of this Lease, Landlord may immediately dispose of any trash or property Landlord reasonably believes to be hazardous, perishable, or valueless and abandoned. Any property remaining in the unit after termination is presumed valueless and abandoned. For any other property of apparent value, Landlord will provide Tenant written notice describing the property and stating that it will be disposed of seven (7) days after the notice is served unless Tenant takes possession of the property or notifies Landlord in writing of an intent to do so within that period. If Tenant responds in writing within seven (7) days stating an intent to take possession, Landlord will hold the property for an additional seven (7) days after receiving that response; if Tenant has not taken possession by the end of that additional period, the property is conclusively deemed abandoned. Landlord may charge Tenant the actual or reasonable cost of removing and storing the property, and Tenant must pay these costs before removing the property. Landlord is not responsible for any loss to Tenant resulting from storage.",REQUIRED,LEASE_CLAUSE,VERIFIED,"WY added 2026-08-21. Citation: W.S. 1-21-1210. Source: law.justia.com/codes/wyoming/title-1/chapter-21/article-12/section-1-21-1210/. Distinct enough from a generic surrender/holdover clause to get its own id rather than folding into an existing one. Notice-service methods (certified mail / personal service / newspaper publication) logged separately as edu-abandoned-property-notice-methods-wy, since those are process mechanics for Landlord to follow, not tenant-facing lease text.",2026-08-21,2026-08-21
edu-abandoned-property-notice-methods-wy,Notices & General,Valid Ways to Serve the Abandoned-Property Notice,WY,TRUE,,"Wyoming law recognizes three valid ways to serve the abandoned-property notice: certified mail to an address the tenant gave you in writing for this purpose, personal service under Wyoming Rule of Civil Procedure 4, or publication in a newspaper published in or widely circulated in the county where the property is located (W.S. 1-21-1210(a)(i)). Any of the three starts the 7-day clock — publication is a useful fallback if a tenant vanishes without leaving a forwarding address.",REQUIRED,LANDLORD_EDUCATION,VERIFIED,WY added 2026-08-21. Citation: W.S. 1-21-1210(a)(i)(A)-(C). Companion item to abandoned-property-wy.,2026-08-21,2026-08-21
edu-habitability-materiality-wy,Landlord Responsibilities,Habitability Duties Don't Cover Trivial Issues,WY,TRUE,,"Wyoming's habitability requirements don't apply to breakage, malfunctions, or conditions that don't materially affect the physical health or safety of an ordinary renter (W.S. 1-21-1202(c)). A minor cosmetic issue or trivial malfunction isn't a habitability violation under this statute — useful context if a tenant frames something minor as a habitability problem.",RECOMMENDED,LANDLORD_EDUCATION,VERIFIED,WY added 2026-08-21. Citation: W.S. 1-21-1202(c). Source: law.justia.com/codes/wyoming/title-1/chapter-21/article-12/section-1-21-1202/.,2026-08-21,2026-08-21
edu-habitability-modifiable-wy,Landlord Responsibilities,Habitability Duties Can Be Reassigned by Written Agreement,WY,TRUE,,"Unlike some states, Wyoming lets you reassign or modify the habitability-related duties under this article by explicit written agreement signed by both parties (W.S. 1-21-1202(d)) — for example, shifting responsibility for a specific utility or system to the tenant where that makes practical sense for a given property. This flexibility isn't automatic; it requires an explicit written agreement, not just silence in the lease.",RECOMMENDED,LANDLORD_EDUCATION,VERIFIED,WY added 2026-08-21. Citation: W.S. 1-21-1202(d). Flagged as a genuinely useful and WY-specific flexibility — worth revisiting if Steinoak ever supports per-property custom duty-reassignment clauses.,2026-08-21,2026-08-21
edu-repair-notice-process-wy,Landlord Responsibilities,How to Respond to a Tenant's Habitability Notice,WY,TRUE,,"If a tenant who is current on rent gives you written notice of a suspected habitability problem, you must either start fixing it or notify them in writing that you dispute the claim, within a reasonable time — sent by certified mail or in the manner used for eviction notices (W.S. 1-21-1203(b)). You are not required to fix anything caused by the tenant's own misuse of the property (§1203(c)), and you are never liable under this article for a tenant's claims of mental suffering or anguish (§1203(e)).",REQUIRED,LANDLORD_EDUCATION,VERIFIED,"WY added 2026-08-21. Citation: W.S. 1-21-1203(a)-(c),(e). Source: law.justia.com/codes/wyoming/title-1/chapter-21/article-12/section-1-21-1203/. Companion education item to edu-repair-cost-termination-wy, added prior session (covers §1203(d)).",2026-08-21,2026-08-21
edu-renter-repair-remedy-wy,Landlord Responsibilities,Tenants Have No Self-Help Repair-and-Deduct Remedy,WY,TRUE,,"Wyoming gives tenants no self-help repair-and-deduct remedy. If you don't fix a notified habitability issue, the tenant's only recourse is to send a follow-up 'notice to repair or correct condition' giving you 3 more days to act, then file a civil action in circuit court (W.S. 1-21-1206). If a court finds you unreasonably refused or failed to use due diligence to correct the condition, it can award the tenant costs, damages (including rent improperly retained), and affirmative relief — including terminating the lease and ordering you to refund the rent balance and deposit within 30 days, with the tenant required to vacate 10 to 20 days after that court-ordered termination.",RECOMMENDED,LANDLORD_EDUCATION,VERIFIED,WY added 2026-08-21. Citation: W.S. 1-21-1206. Source: law.justia.com/codes/wyoming/title-1/chapter-21/article-12/section-1-21-1206/.,2026-08-21,2026-08-21
edu-successor-owner-bound-wy,Disclosures,Deposit Duties Carry Over to a New Owner,WY,TRUE,,"If you sell the property or transfer your interest in it, whoever holds the owner's interest at the time a rental agreement terminates is bound by the nonrefundable-deposit-notice and deposit-deduction rules (W.S. 1-21-1207, 1-21-1208) — meaning deposit obligations carry over to a buyer or successor, not just to you as the original landlord. Worth flagging in any sale or transfer paperwork so a new owner knows they're inheriting this duty.",REQUIRED,LANDLORD_EDUCATION,VERIFIED,"WY added 2026-08-21. Citation: W.S. 1-21-1209. Source: law.justia.com/codes/wyoming/title-1/chapter-21/article-12/section-1-21-1209/. Parallel to CO's edu-identity-change-notice-co, though the WY version is narrower — only binds the successor to the deposit-related duties (1207/1208), not a broader notice-to-tenant duty the way CO's identity-change rule works.",2026-08-21,2026-08-21
edu-deposit-noncompliance-penalty-wy,Security Deposit,Penalty for Unreasonably Withholding the Deposit,WY,TRUE,,"If you unreasonably fail to return the deposit balance and itemization within the required time, Wyoming law allows the tenant to recover the full deposit plus court costs (W.S. 1-21-1208(c)) — not just the disputed amount. If you're the prevailing party and a court finds the tenant acted unreasonably in bringing the claim, you may recover your own court costs. Worth a calendar reminder for the 30-day (or 60-day, if there's damage) deadline, since missing it carries real exposure.",PROHIBITED,LANDLORD_EDUCATION,VERIFIED,WY added 2026-08-21. Citation: W.S. 1-21-1208(c). Companion item to security-deposit-return-wy.,2026-08-21,2026-08-21
edu-no-deposit-cap-interest-account-wy,Security Deposit,"No Deposit Cap, No Interest Requirement, No Separate-Account Requirement",WY,TRUE,,"Wyoming law places no cap on the amount you can charge for a security deposit, does not require you to pay the tenant interest on it, and does not require you to hold it in a separate or interest-bearing account (W.S. 1-21-1207–1211, read in full — none of these appear anywhere in the article). You can set the deposit amount at your discretion and hold the funds however you choose.",RECOMMENDED,LANDLORD_EDUCATION,VERIFIED,"WY added 2026-08-21, proof-of-absence pass. Confirmed by direct full-text read of W.S. 1-21-1207 through 1211 (no cap/interest/account language anywhere) plus 8 independent secondary sources in agreement. One source (hemlane.com/resources/wyoming-security-deposit-laws) claimed a 2023 amendment requiring interest-bearing accounts and a 2/3-month deposit cap — this claim contradicts the primary statute text directly, and contradicts a DIFFERENT paragraph on that same page which states the opposite. Treated as a fabricated/unreliable claim, not a real amendment; explicitly rejected rather than adopted.",2026-08-21,2026-08-21
edu-no-entry-notice-statute-wy,Access & Entry,No Statutory Advance-Notice Period for Landlord Entry,WY,TRUE,,"Wyoming law does not set a specific number of hours or days of advance notice you must give before entering the property — the only statutory rule is that Tenant can't unreasonably deny you access for repairs, inspection, or showing the unit (W.S. 1-21-1205(a)(iii)). Many landlords choose to state a specific notice window (commonly 24–48 hours) in the lease itself as a practical courtesy and to set clear expectations, but Wyoming law does not require it.",RECOMMENDED,LANDLORD_EDUCATION,VERIFIED,"WY added 2026-08-21, proof-of-absence pass. Confirmed by direct full-text read of W.S. 1-21-1201–1205 (no numeric notice period anywhere). Secondary sources disagree with each other on what's ""reasonable"" (24 hours, 48 hours, 2 days all cited by different sites) with none citing an actual statute section establishing a number — that disagreement is itself evidence no such statute exists, since a real requirement would produce citation convergence.",2026-08-21,2026-08-21
edu-no-rent-increase-statute-wy,Rent & Payment,"No Statutory Rent-Increase Cap, Frequency Limit, or Notice Period",WY,TRUE,,"Wyoming has no rent control, no cap on how much you can raise rent, no limit on how often you can raise it, and no statute requiring a specific notice period before a rent increase takes effect. Rent can't be increased during a fixed-term lease unless the lease itself allows it; for month-to-month tenancies, most landlords give at least one full rental period's notice (commonly 30 days) as a matter of practice — tied to the same convention used to end a month-to-month tenancy — but this is not a codified requirement.",RECOMMENDED,LANDLORD_EDUCATION,VERIFIED,"WY added 2026-08-21, proof-of-absence pass. Confirmed by multiple higher-quality sources explicitly stating ""no statute"" (Nolo's legal encyclopedia, LegalClarity, apartments.com's state-law reference table, AAOA) rather than merely omitting the topic. Broader finding than originally scoped: the original absence list only named a ""rent-increase-frequency cap""; this pass also confirmed no notice-period statute exists either — flagging the wider finding rather than only answering the narrower original question.",2026-08-21,2026-08-21
edu-no-mobile-home-park-act-wy,Disclosures,No Separate Mobile-Home-Park Landlord-Tenant Act,WY,TRUE,,"Unlike some states, Wyoming does not have a distinct landlord-tenant act specifically for mobile-home-park lot rentals — mobile home lot tenancies fall under the same Residential Rental Property Act (Article 12) as any other rental. Separate rules exist for mobile homes, but they aren't landlord-tenant law: titling and taxation of the home itself falls under Title 31, Chapter 2, and health/sanitation standards for parks fall under Title 35; siting and zoning are handled locally by individual cities and counties.",RECOMMENDED,LANDLORD_EDUCATION,VERIFIED,"WY added 2026-08-21, proof-of-absence pass. Confirmed via direct search for a named/numbered ""Wyoming Mobile Home Parks Act"" — found no such act; found instead Title 31 Ch.2 Art.5 (titling/taxation) and Title 35 Ch.4 Art.2 (health/sanitation, largely eliminated per §35-4-224) plus local zoning ordinances (e.g. Evanston, Dayton, Cody municipal codes). One source (generisonline.com) and one Hemlane page both described a Wyoming ""Mobile Home Parks Act"" with rent-increase protections — this appears to be either fabricated or conflated with Colorado's actual, differently-named Mobile Home Park Act (C.R.S. Title 38, Art. 12, Part 2); treated as unreliable, not adopted.",2026-08-21,2026-08-21
edu-no-anti-retaliation-statute-wy,Disclosures,No Comprehensive Anti-Retaliation Statute,WY,TRUE,,"Wyoming does not have a standalone statute prohibiting retaliatory rent increases, service reductions, or eviction threats in response to a tenant exercising a legal right (such as reporting a habitability issue). This is different from most states. That said, courts generally disfavor retaliatory conduct as a matter of common-law principle, and a tenant facing eviction may still be able to raise retaliation as a defense if they can show the landlord's action was motivated by the tenant exercising a protected right — so the practical exposure isn't zero even without a codified statute.",RECOMMENDED,LANDLORD_EDUCATION,VERIFIED,"WY added 2026-08-21, proof-of-absence pass. Confirmed by two independent higher-quality sources (LegalClarity, LeaseLenses) explicitly stating no comprehensive statute exists, both also noting the common-law retaliation-defense nuance — included in bodyText so this doesn't read as a blanket ""no exposure"" statement, which would be inaccurate.",2026-08-21,2026-08-21
edu-carbon-monoxide-detector-building-code-wy,Landlord Responsibilities,"Carbon Monoxide Detectors Come from Building Code, Not the Rental Statute",WY,TRUE,,"Wyoming does not address smoke or carbon monoxide detectors anywhere in the Residential Rental Property Act (Article 12). The requirement instead comes from Wyoming's adoption of the International Residential Code, which generally applies to new construction with fuel-burning appliances or an attached garage — not automatically to existing rental housing. Enforcement and any additional requirements are set locally by individual cities and counties, not by one uniform state rule. Practically: don't assume a detector requirement doesn't exist just because it's absent from the landlord-tenant statute, and check your specific city/county's building and fire code rather than relying on a single statewide answer.",RECOMMENDED,LANDLORD_EDUCATION,VERIFIED,"WY added 2026-08-21, 4th gap-discovery source pass (law outside Title 1). Confirmed via multiple sources agreeing this is IRC-adoption/building-code, not a Title 1 landlord-tenant statute — genuinely outside the scope a pure Article 12 statute-walk would catch, which is exactly what this gap-discovery source exists to find. Flagged as jurisdiction-variable rather than drafted as a uniform LEASE_CLAUSE, since a single statewide clause would misrepresent how enforcement actually works here — same category of caution as the Denver/Boulder municipal-ordinance gap on the CO side, though smaller in scope.",2026-08-21,2026-09-03
edu-no-radon-disclosure-wy,Disclosures,No Statutory Radon Disclosure Requirement,WY,TRUE,,"Unlike Colorado, which requires a radon disclosure on every lease regardless of term length, Wyoming has no statutory radon disclosure requirement at all — not even the lighter-weight version some states use (a standard disclosure form promoted by the state real estate association rather than by statute). Wyoming is one of only a handful of states with no radon disclosure obligation of any kind. This doesn't mean radon isn't a real risk in Wyoming housing — it just means there's no legal requirement to test for it or disclose it before renting the property.",RECOMMENDED,LANDLORD_EDUCATION,VERIFIED,"WY added 2026-08-21, backlog item #1 from session 5's full-library audit (§11). Confirmed via 6 independent sources: a dedicated radon-industry resource (radonresources.com) explicitly lists WY among 7 states with zero radon disclosure requirement, whether statutory or association-form-based; 5 further sources listing WY's actual required disclosures (Innago, Nolo, Azibo, AAOA, lpmccasper.com) each name exactly 2 items — lead paint and nonrefundable-deposit notice — with radon absent from all of them.",2026-08-21,2026-08-21
edu-no-bed-bug-disclosure-wy,Disclosures,No Statutory Bed Bug Disclosure Requirement,WY,TRUE,,"Unlike Colorado, which requires disclosing a property's bed bug history within the past 8 months, Wyoming has no statutory bed bug disclosure requirement. Wyoming's only two state-mandated lease disclosures are the federal lead-based-paint disclosure and the written notice of any nonrefundable portion of the security deposit. If your property is within a city or county that has its own bed bug or pest-notice ordinance, that would be a local requirement layered on top — not something imposed by Wyoming state law.",RECOMMENDED,LANDLORD_EDUCATION,VERIFIED,"WY added 2026-08-21, backlog item #2 from session 5's full-library audit (§11). Confirmed via 6 independent sources consistently naming only 2 WY-mandated disclosures (Innago, Nolo, Azibo, AAOA, lpmccasper.com, LeaseLenses), none including bed bugs. One outlier (iPropertyManagement) listed a 'bed bug disclosure' and 'mold disclosure' as items to include — reads as generic template content reused across the site's other state pages rather than a WY-specific legal citation; not corroborated by any other source and one source (lpmccasper.com) explicitly frames any such requirement as local/municipal, not state law. Treated as unreliable, not adopted, consistent with the pattern of outlier sources already caught this session (Hemlane, generis, LeaseWisely).",2026-08-21,2026-08-21
edu-no-ev-charging-right-wy,Parking & Storage,No Statutory Right for Tenants to Install EV Charging,WY,TRUE,,"Unlike Colorado, Wyoming has no 'right-to-charge' statute giving tenants a legal right to install an electric vehicle charging system at a rental property. You're not obligated to allow, accommodate, or reasonably consider a tenant's request to install one — whether to permit it, and on what terms, is entirely your call. If you do choose to allow it, spelling out the terms (who pays for installation, who owns the equipment, what happens at move-out) in the lease is still a good idea, since nothing in Wyoming law will fill those gaps for you.",RECOMMENDED,LANDLORD_EDUCATION,VERIFIED,"WY added 2026-08-21, backlog item #3 from session 5's full-library audit (§11). Confirmed via a dedicated right-to-charge tracker (getevservice.com) covering all 50 states, explicitly listing Wyoming among states with no such legislation as of June 2026, alongside a clear list of 30+ states that do have it (including CO and OR, consistent with this project's existing knowledge). Related but distinct finding: Wyoming passed EV-related legislation for 2026 (HB 0024) — a per-kWh tax on DC fast charging plus annual EV registration decal fees — but this is consumer/tax law for public charging infrastructure, not a tenant-rights statute, and isn't relevant to this clause library. CO's 4 EV-charging clauses (ev-charging-rights-co, -requirements-co, -shared-area-co, -end-of-tenancy-co) correctly remain CO-only; no WY equivalents drafted since the underlying legal right doesn't exist here.",2026-08-21,2026-08-21
edu-no-voucher-protection-wy,Disclosures,No Source-of-Income Protection — Voucher Applicants May Be Declined,WY,TRUE,,"Unlike Colorado, where accepting Housing Choice Voucher (Section 8) applicants is legally mandatory, Wyoming has no source-of-income protection law. You are free to decline an applicant solely because they use a housing voucher, and doing so is not a form of discrimination under Wyoming or federal fair housing law. If you do choose to accept a voucher tenant voluntarily — which some landlords find attractive for the guaranteed, predictable monthly payment — none of Colorado's specific subsidy-tenant protections apply here: there's no Wyoming equivalent to a capped late fee for subsidized tenants or a mandated habitability-proration formula. Ordinary lease terms and Wyoming's standard Article 12 rules govern the tenancy the same as any other.",RECOMMENDED,LANDLORD_EDUCATION,VERIFIED,"WY added 2026-08-21, backlog item #4 from session 5's full-library audit (§11). Confirmed via a dedicated Wyoming tenant-screening resource (tenantscreeningbackgroundcheck.com) stating directly, in Q&A form: 'Can Wyoming landlords refuse Housing Choice Voucher (Section 8) holders? Yes – No source of income protections.' Corroborated by voucherready.com (Section-8-focused resource) framing WY voucher acceptance as landlord-optional. CO's 4 subsidy/voucher clauses (subsidy-late-fee-co, subsidy-habitability-proration-co, edu-voucher-acceptance-co, edu-voucher-process-mechanics-co) correctly remain CO-only — they regulate a mandatory-acceptance regime that doesn't exist in Wyoming.",2026-08-21,2026-08-21
edu-no-deposit-installments-wy,Security Deposit,No Statutory Right to Pay the Deposit in Installments,WY,TRUE,,"Unlike Colorado, where a tenant has a statutory right to elect to pay the security deposit in installments over at least six months, Wyoming has no such right. You can require the full deposit upfront before occupancy, or choose to offer an installment arrangement voluntarily — but nothing in Wyoming law obligates you to accept installments if a tenant asks.",RECOMMENDED,LANDLORD_EDUCATION,VERIFIED,"WY added 2026-08-21, backlog item #5 from session 5's full-library audit (§11). Confirmed via 6+ independent, detailed sources on WY deposit collection/process (Hemlane, Rentable, iPropertyManagement, Obligo, LeaseRunner, GoWhale, AAOA) — none mention an installment right, despite covering the deposit process in significant detail. Note: Hemlane's page on this topic contained a second fabricated claim this session (a false '75% interest payment' requirement, contradicted by every other source and by Hemlane's own other WY page) — second time this domain has been caught inventing WY deposit-interest content; treated as a systematically unreliable source for this topic going forward, not just a one-off error.",2026-08-21,2026-08-21
assistance-animal-accommodation-wy,Pets,Assistance Animal Accommodation,WY,TRUE,assistance-animal-accommodation,"A service animal or other assistance animal that Tenant or an Occupant needs as a reasonable accommodation for a disability is not considered a pet under this Lease, regardless of any pet policy, breed, weight, or size restriction stated elsewhere in this Lease. Landlord will not charge a pet deposit, pet rent, or other pet-related fee for an assistance animal. If the disability and the disability-related need for the animal are not readily apparent, Landlord may request reliable documentation confirming the need for the accommodation, to the extent permitted by applicable law; if the disability and need are readily apparent, Landlord will not require such documentation. Tenant remains responsible for any damage to the property caused by an assistance animal. Landlord may deny or withdraw this accommodation if the specific animal poses a direct threat to the health or safety of others, or would cause substantial physical damage to the property, that cannot be reduced or eliminated by another reasonable accommodation. Tenant is hereby advised that knowingly and intentionally misrepresenting an animal as a service animal or assistance animal to obtain a right or privilege under this Section is a misdemeanor under Wyoming law, punishable by a fine of up to $750 (Wyo. Stat. § 35-13-203(b)).",REQUIRED,LEASE_CLAUSE,VERIFIED,"WY added 2026-08-21, backlog item #6 from session 5's full-library audit (§11) — this one resolved to a genuine WY-specific finding, not an absence. Wyoming has its own assistance-animal-fraud misdemeanor statute (Wyo. Stat. § 35-13-207, enacted via 2017 House Bill 114, effective July 1 2017), punishable by a fine up to $750. Bill text pulled directly from wyoleg.gov (primary source) to confirm wording, corroborated by 5 independent secondary sources. Lives in Title 35, Chapter 13 — outside Title 1 entirely, so this is also a genuine 4th-gap-discovery-source find that the session-4 outside-Title-1 sweep missed. Structured parallel to assistance-animal-accommodation-co: same base text, WY-specific penalty citation substituted for CO's. Supersedes the generic assistance-animal-accommodation clause for WY. | PRIMARY-TEXT READ 2026-08-28 (Taylor supplied Wyo. Stat. 35-13-201 through 35-13-206 per 5a.2). MATERIAL CITATION CORRECTION: prior text cited '35-13-207', which DOES NOT EXIST (article ends at 35-13-206). Misrepresentation misdemeanor is 35-13-203(b). $750 figure CONFIRMED CORRECT and unchanged. Prior note claiming wyoleg.gov confirmation was wrong. SCOPE CONFIRMED: 35-13-203(b) reaches HOUSING - penalizes misrepresenting a service or assistance animal to obtain rights 'set forth in this article', and 35-13-201(c) is the residential-leasing right (unlike MN 609.833, which likely does not reach housing). ESA/HUD FEDERAL-CURRENCY QUESTION RESOLVED - INDEPENDENT STATE BASIS CONFIRMED: 35-13-201(c) independently bars discrimination in residential leasing 'because the person has an assistance animal'; 35-13-205(a)(iv) expressly includes an animal that 'provides emotional support that alleviates one or more identified symptoms or effects of a person's disability'. Stays VERIFIED, does NOT join KS/NE at NEEDS_REVIEW. QUALIFIER: 35-13-201(c) permits the animal 'in accordance with the federal Fair Housing Act', so mechanics are federally referenced; weaker than CO's CADA; no WY case law construes it. 2025 SF0147's $5,000 penalty is 35-13-206(a) (injuring/killing), a different offense.",2026-08-21,2026-08-28
edu-no-rental-fee-transparency-law-wy,Rent & Payment,No Rental-Fee-Specific Transparency Law — General Consumer Protection Act Only,WY,TRUE,,"Wyoming has no rental-fee-specific transparency law comparable to Colorado's Honest Pricing Act. There's no requirement to display a single all-in advertised price including mandatory fees, no requirement to offer at least one fee-free payment method, and no specific statutory prohibition on charging a fee for a service you don't actually provide. Wyoming does have a general Consumer Protection Act (Wyo. Stat. § 40-12-101 et seq., enacted 1973) that prohibits broadly deceptive trade practices — misrepresenting what you're offering, in general terms — and a tenant or the Attorney General's office could theoretically pursue a complaint under it if a rental fee practice were clearly deceptive. But this is a much weaker, more general protection than Colorado's specific mandates, not a real substitute for them.",RECOMMENDED,LANDLORD_EDUCATION,VERIFIED,"WY added 2026-08-21, backlog item #7 from session 5's full-library audit (§11) — explicitly named as a to-do after session 3 and not followed up on until now. Confirmed via primary-source read of Wyo. Stat. § 40-12-105 (unlawful practices list — misrepresentation of source/origin/sponsorship/approval, general consumer-fraud framing) plus confirmation the Act dates to 1973 and has no rental-specific fee provisions. Corroborated by the Wyoming AG's own Consumer Protection and Antitrust Unit resolved-matters page, which shows general consumer-fraud enforcement (subscription cancellation, unauthorized practice of law) with nothing rental-fee-specific. Maps to CO's edu-fee-unprovided-service-co, edu-fee-free-payment-method-co, edu-total-price-disclosure-co, and edu-rubs-uncertainty-co — none of which have a WY equivalent. Note: edu-fee-shifting-co (one-sided attorney-fee provisions) is a DIFFERENT CO statute (C.R.S. 38-12-801, not the Honest Pricing Act) and remains a separate unresolved backlog item, not addressed by this finding.",2026-08-21,2026-08-21
edu-no-for-cause-eviction-wy,Default & Termination,No Tenure-Based Cause Requirement — Landlords Can End Without Cause at Any Point,WY,TRUE,,"Unlike Colorado, where a tenant who has lived in a property for 12 months or more generally can't be removed without a specific legal cause or defined no-fault reason, Wyoming has no tenure-based cause requirement of any kind. You can end a month-to-month tenancy without cause by giving written notice, and you can decline to renew a fixed-term lease without cause once it expires — regardless of how long the tenant has lived there. No length of tenancy changes this.",RECOMMENDED,LANDLORD_EDUCATION,VERIFIED,"WY added 2026-08-21, backlog item #8 from session 5's full-library audit (§11). Confirmed via multiple independent sources (Nolo, iPropertyManagement, LegalClarity, DoorLoop) consistently describing no-cause termination as available for both month-to-month tenancies and fixed-term non-renewals, with no tenure threshold mentioned anywhere.",2026-08-21,2026-08-21
edu-no-tenant-death-statute-wy,Default & Termination,No Dedicated Tenant-Death Lease-Termination Statute,WY,TRUE,,"Unlike Colorado's 'Letty's Act,' Wyoming has no dedicated statute addressing what happens to a lease when a tenant dies during the term. Article 12 (all 11 sections) never addresses tenant death. In practice, if a tenant dies mid-lease, the estate generally remains liable for the remaining lease term under ordinary contract principles, subject to your general duty to make reasonable efforts to re-rent the unit (a broad contract-law mitigation-of-damages principle, not a landlord-tenant-specific statutory duty). There's no Wyoming equivalent to Colorado's specific protections against liquidated damages, accelerated rent, or clawed-back move-in concessions when a lease ends this way.",RECOMMENDED,LANDLORD_EDUCATION,VERIFIED,"WY added 2026-08-21, backlog item #9 from session 5's full-library audit (§11). Confirmed via full-text read of all 11 Article 12 sections (session 1) plus a targeted search finding no WY-specific tenant-death statute anywhere — unlike Minnesota's 504B.265, which does exist and was checked as a reference point for what such a statute looks like when a state has one.",2026-08-21,2026-08-21
edu-no-alt-housing-requirement-wy,Landlord Responsibilities,No Requirement to Provide Alternate Housing During Major Repairs,WY,TRUE,,"Unlike Colorado, which can require you to provide comparable alternate housing or a hotel room at your own cost when a condition materially interferes with a tenant's health, life, or safety, Wyoming has no such requirement. A Wyoming tenant's only remedy for an uncorrected habitability issue is the judicial path described elsewhere in this library — sue for costs and damages, or seek a court order — not a self-help or automatic alternate-housing obligation on your part.",RECOMMENDED,LANDLORD_EDUCATION,VERIFIED,"WY added 2026-08-21, backlog item #10 from session 5's full-library audit (§11). Confirmed via multiple sources describing WY's full range of tenant remedies for habitability failures (sue for costs, seek court-ordered repair, potentially void the lease) with no mention anywhere of a landlord alternate-housing obligation. Companion item to edu-renter-repair-remedy-wy, added in an earlier session, which covers the judicial remedy path itself.",2026-08-21,2026-08-21
edu-no-deposit-nonwaiver-statute-wy,Security Deposit,No General Deposit-Rights Nonwaivability Statute,WY,TRUE,,"Unlike Colorado, which makes it explicitly unenforceable for a lease to waive a tenant's security deposit rights, Wyoming has no equivalent statute making deposit-related rights nonwaivable. This is separate from the Safe Homes Act's own nonwaiver provision, which only covers domestic-abuse-related protections, not deposit rights generally. That said, a lease provision that conflicts with a mandatory requirement — like the 30-day return deadline — would likely still be unenforceable under ordinary contract-law principles, even without an explicit statutory nonwaiver rule; Wyoming just hasn't codified that protection the way Colorado has.",RECOMMENDED,LANDLORD_EDUCATION,VERIFIED,"WY added 2026-08-21, backlog item #11 from session 5's full-library audit (§11). Confirmed via full-text read of §1207/1208 (session 1) plus this session's search — no source mentions any anti-waiver language for deposit rights. Process note: the Hemlane WY security-deposit page produced a THIRD distinct fabricated claim in this session (fictional new DV-related deposit provisions), on top of the fake interest-bearing-account mandate and fake 75% interest-payment rule already caught earlier — this specific page is now treated as systematically unreliable, not an occasional-error source.",2026-08-21,2026-08-21
edu-no-broad-identity-change-notice-wy,Notices & General,No Broad Notice Requirement When Ownership or Management Changes,WY,TRUE,,"Unlike Colorado, where any change of landlord or property management company triggers a requirement to notify each tenant within 1 business day, Wyoming's only related rule is narrower: a successor owner is bound by the nonrefundable-deposit-notice and deposit-deduction duties under W.S. 1-21-1207 and 1-21-1208 (see this library's edu-successor-owner-bound-wy). There's no broader Wyoming statute requiring you to proactively notify tenants of a change in ownership or management generally. Doing so anyway is still good practice — tenants need to know who to pay and who to contact — but nothing in Wyoming law requires it on a specific timeline the way Colorado's rule does.",RECOMMENDED,LANDLORD_EDUCATION,VERIFIED,"WY added 2026-08-21, backlog item #12 from session 5's full-library audit (§11) — the final item, closing out the full-library-audit backlog. Confirmed via direct full-text read of §1209 (session 1–2) plus this session's broader search, which surfaced nothing beyond the deposit-duty-succession rule already logged. Companion item to edu-successor-owner-bound-wy, clarifying the scope difference from CO's broader rule explicitly so the narrower WY scope isn't assumed to match CO's.",2026-08-21,2026-08-21
edu-prohibited-lease-terms-ks,Notices & General,Lease Provisions That Are Void Under Kansas Law,KS,TRUE,,"Kansas law voids four categories of lease provision outright (K.S.A. 58-2547): a clause where either party waives rights or remedies under the Kansas Residential Landlord and Tenant Act; a confession-of-judgment clause; any provision requiring either party to pay the other's attorney's fees — unlike Colorado, which only requires attorney-fee clauses to be mutual, Kansas does not allow one at all, in either direction; and broad exculpation, liability-limitation, or indemnification language, except that a tenant may agree to limit the landlord's liability for fire, theft, or breakage specifically in common areas. If a landlord knowingly uses a lease containing a prohibited provision, the tenant can recover actual damages. Standing rule: check every clause in this library against this list before tagging it for a Kansas lease — this specifically rules out ever adding a mutual attorney-fee clause, or general liability/indemnification language, to a KS lease.",PROHIBITED,LANDLORD_EDUCATION,VERIFIED,"Dual-logged as standing validation rule + LANDLORD_EDUCATION, same pattern as CO's police-call and rent-frequency rules. Open item, still unresolved as a CSV edit: does tenants-property-insurance's 'Landlord is not liable' language fall under the (a)(4) exculpation prohibition? Practical exposure assessed as low (K.S.A. 58-2547(b): unenforceable-only unless landlord knowingly used a known-prohibited term); Taylor decided to extend tenants-property-insurance to KS as-is.",2026-08-22,2026-08-22
security-deposit-return-ks,Security Deposit,Return of Security Deposit,KS,TRUE,security-deposit-return,"If Landlord proposes to retain any portion of the Security Deposit for damages or other legally allowable charges other than rent, Landlord will return the balance of the Security Deposit to Tenant within 14 days after determining the amount to be retained, but in no event later than 30 days after termination of this Lease, delivery of possession, and Tenant's demand for return of the deposit. If Tenant does not demand return of the deposit within 30 days after termination of this Lease, Landlord will mail the balance due to Tenant's last known address. Any amount retained will be itemized in a written notice delivered to Tenant.",REQUIRED,LEASE_CLAUSE,VERIFIED,K.S.A. 58-2550(b).,2026-08-22,2026-08-22
security-deposit-use-ks,Security Deposit,Use of Security Deposit,KS,TRUE,security-deposit-use,"Landlord may apply the Security Deposit to accrued and unpaid Rent and to damages Landlord suffers due to Tenant's noncompliance with Tenant's duties under this Lease or Kansas law, as itemized in a written notice delivered to Tenant. Except as Landlord may otherwise agree in writing, Tenant will not apply or deduct any portion of the Security Deposit from the last month's Rent, and will not use the Security Deposit in place of paying Rent at any time. If Tenant violates this restriction, the Security Deposit is forfeited, and Landlord may still recover the Rent due as though the Security Deposit had not been applied.",REQUIRED/PROHIBITED,LEASE_CLAUSE,VERIFIED,"K.S.A. 58-2550(a),(d).",2026-08-22,2026-08-22
edu-security-deposit-cap-ks,Security Deposit,Security Deposit Amount Limits,KS,TRUE,,"Kansas caps the security deposit at one month's rent for an unfurnished unit, up to 1.5 months' rent if you're renting it furnished with your own furniture, plus up to an additional half-month's rent if you allow pets (K.S.A. 58-2550(a)) — these stack, so a furnished, pet-friendly unit could allow up to 2 months' rent total. This is a ceiling, not something the lease needs to recite to the tenant; enter your actual amount in the Security Deposit clause. A separate schedule applies to certain subsidized municipal-housing-authority tenancies — not relevant to a typical Steinoak lease.",CONSTRAINED,LANDLORD_EDUCATION,VERIFIED,K.S.A. 58-2550(a).,2026-08-22,2026-08-22
edu-security-deposit-noncompliance-penalty-ks,Security Deposit,Penalty for Mishandling a Security Deposit,KS,TRUE,,"If you don't comply with Kansas's return and itemization requirements (K.S.A. 58-2550(b)), the tenant can recover the wrongfully withheld amount plus damages equal to 1.5 times that amount (K.S.A. 58-2550(c)).",CONSTRAINED,LANDLORD_EDUCATION,VERIFIED,K.S.A. 58-2550(c).,2026-08-22,2026-08-22
edu-security-deposit-successor-owner-ks,Security Deposit,A New Owner Inherits Your Deposit Obligations,KS,TRUE,,"If you sell or transfer the property, whoever holds your interest in it at the time the tenancy ends is bound by Kansas's security deposit rules (K.S.A. 58-2550(f)) — the obligation follows the property, not just the original landlord.",RECOMMENDED,LANDLORD_EDUCATION,VERIFIED,K.S.A. 58-2550(f).,2026-08-22,2026-08-22
landlord-disclosure-ks,Notices & General,Landlord and Manager Disclosure,KS,TRUE,,"Landlord discloses to Tenant the following, as required by Kansas law: the name and address of the person authorized to manage the property is [manager name and address], and the name and address of the owner, or person authorized to act for the owner for service of process and for receiving notices and demands, is [owner/agent name and address]. Landlord will keep this information current throughout the Term.",REQUIRED,LEASE_CLAUSE,VERIFIED,"K.S.A. 58-2551(a),(b). No CO/WY analog exists for this day-one disclosure; edu-identity-change-notice-co only covers later changes.",2026-08-22,2026-08-22
edu-disclosure-noncompliance-ks,Notices & General,What Happens If You Don't Keep Your Disclosure Current,KS,TRUE,,"If you don't disclose (or don't keep current) the manager and owner information Kansas law requires, whoever signed the lease on your behalf becomes your tenant's implied agent for service of legal process and for receiving notices and demands (K.S.A. 58-2551(c)) — not a result most landlords want. Update the Landlord and Manager Disclosure clause promptly whenever this information changes.",RECOMMENDED,LANDLORD_EDUCATION,VERIFIED,K.S.A. 58-2551(c).,2026-08-22,2026-08-22
habitability-baseline-ks,Landlord Responsibilities,Landlord's Habitability Duties,KS,TRUE,landlord-maintenance,"Except when prevented by an act of God, failure of public utility services, or other conditions beyond Landlord's control, Landlord will: comply with applicable building and housing codes materially affecting health and safety; exercise reasonable care in maintaining common areas; and keep all electrical, plumbing, sanitary, heating, ventilating, and air-conditioning systems supplied by Landlord in good and safe working order. Landlord will also provide and maintain appropriate trash and waste receptacles for common use and arrange for their removal, except where a government entity provides this, and will supply running water and reasonable hot water and heat at all times, except where the building isn't required by law to be so equipped or the unit's heat or hot water is generated by a tenant-controlled installation on a direct utility connection. Landlord will not interfere with or refuse Tenant access to a municipally franchised cable or communication service.",REQUIRED,LEASE_CLAUSE,VERIFIED,"K.S.A. 58-2553(a). | Cross-state plain-language cleanup (Minnesota session, follow-up to MN's plain-language audit): long compound sentence split into shorter ones, no substantive change. Not a legal requirement for this clause's other tagged states (only MN's Plain Language Contract Act, Minn. Stat. §325G.31, was confirmed to apply this project) — done as a general readability improvement since the pattern was found library-wide, not MN-specific.",2026-08-22,2026-08-23
edu-habitability-duty-delegation-ks,Landlord Responsibilities,When You Can Shift Maintenance Duties to a Tenant,KS,TRUE,,"Kansas allows a landlord and tenant to agree in writing that the tenant will perform some of the landlord's duties — trash removal and water/heat systems, plus specified repairs, maintenance, or remodeling — but only in a property with 4 or fewer households sharing common areas, and only if the arrangement is genuinely good-faith rather than a way to dodge your obligations (K.S.A. 58-2553(b)). For any other multi-unit property (not a single-family home), tenant-performed repairs are allowed under narrower conditions: a separate written agreement with real consideration, work that isn't needed to fix a building-code violation, and no effect on your duties to other tenants (K.S.A. 58-2553(c)). Either way, you can't make the tenant's cooperation with this separate agreement a condition of the main lease itself (K.S.A. 58-2553(d)). Not currently used in the standard Steinoak lease template — flagging as available if you ever want it for a specific property.",CONDITIONAL,LANDLORD_EDUCATION,VERIFIED,"K.S.A. 58-2553(b),(c),(d).",2026-08-22,2026-08-22
edu-entry-standard-ks,Access & Entry,Kansas's Entry Standard Has No Fixed Notice Period,KS,TRUE,,"Kansas law only requires 'reasonable notice' and 'reasonable hours' for landlord entry (K.S.A. 58-2557(a)) — there's no codified number of hours, despite what some landlord-advice sites claim. Entry without the tenant's consent is allowed only for an extreme hazard involving potential loss of life or severe property damage (58-2557(b)) — narrower than a general emergency exception. You may not abuse the right of access or use it to harass the tenant (58-2557(c)). The lease's 24-hour standard satisfies 'reasonable' under common practice, but there's no statutory floor forcing that specific number.",RECOMMENDED,LANDLORD_EDUCATION,VERIFIED,K.S.A. 58-2557. Decision: rely on the existing self-limiting landlords-access clause ('...or the notice period required by applicable law if longer') rather than a KS-specific override. Implementation step still needed: extend landlords-access states field to include KS.,2026-08-22,2026-08-22
dv-housing-protections-ks,Tenant Responsibilities,"Housing Protections for Domestic Violence, Sexual Assault, Human Trafficking, and Stalking Survivors",KS,TRUE,,"Kansas law protects a tenant or applicant who has been, is, or is in imminent danger of becoming a victim of domestic violence, sexual assault, human trafficking, or stalking within the preceding 12 months. Landlord will not deny tenancy to, evict, or find a lease violation against a tenant or applicant based on that status, provided the person otherwise qualifies for the tenancy. A tenant who requests early lease termination under this protection is not liable for rent after vacating the property, though Landlord may charge a reasonable early-termination fee of up to one month's rent. Landlord may request supporting documentation as allowed by law. If a tenant's lease terminates under this provision, the lease continues for any remaining co-tenants. Neither party may waive a tenant's rights under this provision.",REQUIRED,LEASE_CLAUSE,VERIFIED,"K.S.A. 58-25,137. Confirmed to apply to standard residential tenancies, not just mobile home parks, despite its mobile-home-range section number (codification artifact, enacted 2019 ch. 56 § 2).",2026-08-22,2026-08-22
edu-dv-housing-protections-violation-ks,Tenant Responsibilities,Consequences of Violating the DV/SA Housing Protection,KS,TRUE,,"If you violate the domestic-violence/sexual-assault housing protections (K.S.A. 58-25,137), a court can award the tenant $1,000 in statutory damages plus reasonable attorney fees and costs — this is a court-awarded remedy for violating the statute, not a lease provision, so it doesn't conflict with Kansas's general ban on attorney-fee clauses. Submission of false information by an applicant or tenant claiming this protection can itself be grounds for denying tenancy or pursuing eviction.",CONSTRAINED,LANDLORD_EDUCATION,VERIFIED,"K.S.A. 58-25,137(d),(i).",2026-08-22,2026-08-22
tenant-duties-ks,Tenant Responsibilities,Tenant's Duties,KS,TRUE,tenant-maintenance,"Tenant will: comply with all obligations building and housing codes impose primarily on tenants that materially affect health and safety; keep the portion of the property Tenant occupies and uses as clean and safe as its condition permits; remove ashes, rubbish, garbage, and other waste from the dwelling unit in a clean and safe manner; keep all plumbing fixtures Tenant uses as clean as their condition permits; use all electrical, plumbing, sanitary, heating, ventilating, air-conditioning, and other facilities and appliances in a reasonable manner; and maintain the property in the same condition as it was delivered to Tenant, except for ordinary wear and tear. Tenant is also responsible for any destruction, defacement, damage, impairment, or removal of any part of the property caused by Tenant or by any person, animal, or pet on the property with Tenant's express or implied permission or consent. Tenant will not engage in, or allow any such person, animal, or pet to engage in, conduct that disturbs the quiet and peaceful enjoyment of the property by other tenants.",REQUIRED,LEASE_CLAUSE,VERIFIED,"K.S.A. 58-2555. | Cross-state plain-language cleanup (Minnesota session, follow-up to MN's plain-language audit): long compound sentence split into shorter ones, no substantive change. Not a legal requirement for this clause's other tagged states (only MN's Plain Language Contract Act, Minn. Stat. §325G.31, was confirmed to apply this project) — done as a general readability improvement since the pattern was found library-wide, not MN-specific.",2026-08-22,2026-08-23
edu-tenant-noncompliance-notice-ks,Default & Termination,Notice Periods for Tenant Noncompliance,KS,TRUE,,"For a material lease violation or a health/safety-related violation (K.S.A. 58-2555), give written notice describing the breach and stating the lease will terminate at least 30 days after receipt if not remedied within 14 days. If the tenant cures in good faith within that 14-day window, the lease continues — but if the same or a similar breach recurs after that window, you can terminate on 30 days' notice without offering another chance to cure (K.S.A. 58-2564(a)). For nonpayment of rent, give written notice of the unpaid rent and your intent to terminate if not paid within 3 days; that 3-day period is counted as three consecutive 24-hour periods starting at personal delivery, delivery to a resident over 12, or conspicuous posting — add 2 extra days if you mail the notice instead (K.S.A. 58-2564(b)).",REQUIRED,LANDLORD_EDUCATION,VERIFIED,"K.S.A. 58-2564(a),(b).",2026-08-22,2026-08-22
default-by-tenant-ks-ne,Default & Termination,Tenant Default,KS;NE,TRUE,default-by-tenant,"Tenant will be in default under this Lease if Tenant fails to pay Rent when due and does not cure the failure within the time period specified by applicable law after receiving written notice from Landlord, or fails to comply with any other obligation under this Lease and does not cure the failure after receiving written notice. Except as required by applicable law, Tenant's failure to pay an assessed late fee, apart from the underlying Rent itself, will not by itself entitle Landlord to terminate this Lease or pursue eviction. If Tenant is in default, Landlord may exercise all rights and remedies available under applicable law, including terminating this Lease, regaining possession of the property, and recovering unpaid Rent, late fees, and reasonable costs and expenses, less amounts obtained from the Security Deposit. Landlord will use reasonable efforts to mitigate damages resulting from Tenant's default to the extent required by applicable law.",REQUIRED,LEASE_CLAUSE,VERIFIED,"Same as generic default-by-tenant, minus the attorney-fee/prevailing-party sentence — K.S.A. 58-2547(a)(3) bans attorney-fee-shifting provisions outright. See edu-tenant-noncompliance-notice-ks for the 30-day/14-day-cure and 3-day pay-or-quit mechanics behind 'time period specified by applicable law.' | NE added (session 1): Neb. Rev. Stat. §76-1415(1)(c) bans attorney's-fee-shifting provisions outright, same flat rule as K.S.A. 58-2547(a)(3) — combined into one row per Taylor's direction rather than duplicating a near-identical KS-only row.",2026-08-22,2026-08-23
edu-holdover-ks,Default & Termination,Kansas Holdover Damages Reference,KS,TRUE,,"If Tenant's holdover is willful and not in good faith, Kansas caps recovery at 1.5 times periodic Rent or 1.5 times actual damages, whichever is greater (K.S.A. 58-2570(c)) — lower than the 'double the Monthly Rent' figure in the standard holdover clause. The clause's self-limiting language ('or the maximum amount allowed under applicable law, if less') already caps this correctly for Kansas, so no separate KS override is needed.",RECOMMENDED,LANDLORD_EDUCATION,VERIFIED,K.S.A. 58-2570(c). Decision: rely on existing self-limiting holdover clause rather than a KS-specific override. Implementation step still needed: extend holdover states field to include KS.,2026-08-22,2026-08-22
edu-notice-to-vacate-additional-terms-ks,Notices & General,Additional-Terms Warning on a Notice-to-Vacate Document,KS,TRUE,,"If you give a tenant a document to sign as their written notice of intent to vacate, and it includes any terms not already in the lease, Kansas law requires this exact statement in at least 10-point boldface type: 'YOUR SIGNATURE ON THIS DOCUMENT MAY BIND YOU TO ADDITIONAL TERMS NOT IN YOUR ORIGINAL LEASE AGREEMENT. IF YOUR LEASE REQUIRES YOU TO GIVE WRITTEN NOTICE OF YOUR INTENT TO VACATE, YOU HAVE THE RIGHT TO DECLINE TO SIGN THIS DOCUMENT AND TO PROVIDE WRITTEN NOTICE IN ANOTHER FORM.' (K.S.A. 58-2570(e)). Without that statement, the added terms don't bind the tenant even if they sign.",REQUIRED,LANDLORD_EDUCATION,VERIFIED,K.S.A. 58-2570(e).,2026-08-22,2026-08-22
edu-retaliation-prohibition-ks,Notices & General,Retaliation Against a Tenant Is Prohibited,KS,TRUE,,"Kansas law bars you from raising rent or cutting services because a tenant complained to a government agency about a health/safety code violation, complained to you about a habitability issue, or organized or joined a tenants' union (K.S.A. 58-2572(a)). This doesn't stop a genuine, good-faith rent increase to cover rising costs like utilities, property taxes, or other operating expenses, as long as it doesn't conflict with the current lease (58-2572(c)) — and it doesn't stop you from pursuing possession if the code violation was actually caused by the tenant's own lack of care, the tenant is behind on rent, or fixing the violation would require work that effectively ends the tenant's ability to use the unit (58-2572(d)).",PROHIBITED,LANDLORD_EDUCATION,VERIFIED,K.S.A. 58-2572.,2026-08-22,2026-08-22
edu-rules-regulations-enforceability-ks,Rules & Regulations,When Landlord Rules Are Enforceable,KS,TRUE,,"A rule or regulation you adopt about a tenant's use of the property is only enforceable if it serves a legitimate purpose (tenant convenience/safety/welfare, protecting your property, or fair distribution of shared services), is reasonably related to that purpose, applies equally to all tenants, and is specific enough to fairly tell a tenant what is and isn't allowed (K.S.A. 58-2556). If the tenant had notice of the rule at signing, it's part of the rental agreement. A new rule adopted afterward that substantially modifies the deal the tenant signed up for is only enforceable if the tenant consents in writing — Kansas sets no specific advance-notice period for this in the standard Act (unlike the Mobile Home Park Act's parallel section, which requires 30 days' notice of rule changes).",CONDITIONAL,LANDLORD_EDUCATION,VERIFIED,K.S.A. 58-2556.,2026-08-22,2026-08-22
extended-absence-notice-ks,Tenant Responsibilities,Notice of Extended Absence,KS,TRUE,,"Tenant will occupy the property only as a dwelling unit unless otherwise agreed. If Tenant anticipates being away from the property for more than 7 consecutive days, Tenant will notify Landlord no later than the first day of the absence. If Tenant willfully fails to give this notice, Landlord may recover actual damages resulting from the failure.",CONDITIONAL,LEASE_CLAUSE,VERIFIED,K.S.A. 58-2558.,2026-08-22,2026-08-22
abandoned-property-ks,Default & Termination,Handling of Property Left Behind,KS,TRUE,,"If Tenant is at least 10 days in default on Rent and has removed a substantial portion of Tenant's belongings from the property, Landlord may presume the property has been abandoned, unless Tenant has notified Landlord otherwise. During any Tenant absence exceeding 30 days, Landlord may enter the property at reasonably necessary times. If Tenant leaves personal property behind after Landlord regains possession, Landlord may take possession of it, store it at Tenant's expense, and sell or dispose of it after 30 days, provided Landlord publishes notice of the sale in a newspaper of general circulation in the county at least 15 days beforehand, and mails a copy of that notice to Tenant's last known address within 7 days after publication. Tenant may redeem the property any time before sale by paying Landlord's reasonable expenses of taking, holding, and preparing it for sale, plus any amount owed for Rent or otherwise.",CONDITIONAL,LEASE_CLAUSE,VERIFIED,"K.S.A. 58-2565. Procedurally distinct from Wyoming — WY allows any of three alternative notice methods (certified mail, personal service, or publication); Kansas requires BOTH newspaper publication AND a mailed copy, not alternatives. Don't merge with WY's method list in a future full-pass.",2026-08-22,2026-08-22
edu-landlord-lien-abolished-ks,Notices & General,No Landlord Lien on Tenant Property,KS,TRUE,,"Kansas abolished a landlord's ability to claim a lien or security interest in a tenant's household goods, furnishings, or other personal property (unless perfected before the 1975 Act took effect), and abolished distraint for rent entirely, except as allowed under the abandoned-property procedure at K.S.A. 58-2565 (K.S.A. 58-2567). Don't include a clause purporting to give you a lien on tenant property for unpaid rent or damages — it wouldn't be enforceable.",PROHIBITED,LANDLORD_EDUCATION,VERIFIED,K.S.A. 58-2567.,2026-08-22,2026-08-22
edu-late-rent-acceptance-waiver-ks,Rent & Payment,Accepting Late Rent Can Waive Your Right to Act on It,KS,TRUE,,"Kansas law says accepting late rent, rent with knowledge of a default, or any performance that varies from the lease terms, without reservation, waives your right to terminate the lease for that specific breach — unless you and the tenant agree otherwise after the breach has already occurred (K.S.A. 58-2566). See edu-late-rent-reservation-fix-ks for a drafting approach addressing this.",CONSTRAINED,LANDLORD_EDUCATION,VERIFIED,"K.S.A. 58-2566. Full text confirmed to include 'without reservation' qualifier, initially missed due to a truncated primary-source fetch — corrected in edu-late-rent-reservation-fix-ks.",2026-08-22,2026-08-22
edu-late-rent-reservation-fix-ks,Rent & Payment,Drafting Fix for the Late-Rent Waiver Issue,KS,TRUE,,"K.S.A. 58-2566's actual text says accepting late rent 'without reservation' waives your right to act on that breach — not that acceptance always waives it. Framing the lease's non-waiver language as an express, standing reservation of rights (rather than a flat 'acceptance doesn't waive anything' statement) tracks the statute's own wording and gives you a real textual argument that late-rent acceptance is never 'without reservation' under this lease. Suggested replacement language: 'Any acceptance by Landlord of a late or partial payment, or of performance that varies from this Lease, is accepted with reservation of Landlord's rights and remedies under this Lease and applicable law, and does not waive Landlord's right to require timely and full performance in the future or to pursue any remedy for the breach.' This is a textually grounded fix, not a certainty — a court could still read 'reservation' as requiring something more contemporaneous than standing boilerplate, so this is a reasonable drafting choice rather than a guarantee. Also worth noting: Schutt v. Foster (Kan. Sup. Ct.) involved a $20/day late fee found unconscionable by the Court of Appeals after compounding to $21,240 — the Supreme Court reversed on a procedural technicality without reaching the merits, so uncapped/compounding daily late fees carry real unconscionability risk in Kansas.",RECOMMENDED,LANDLORD_EDUCATION,VERIFIED,K.S.A. 58-2566; Schutt v. Foster (Kan. Sup. Ct.). Open item: whether to actually apply this replacement language to the late-fee clause for KS is still Taylor's call — not yet made.,2026-08-22,2026-08-22
edu-no-security-deposit-interest-ks,Security Deposit,No Interest Required on Security Deposits,KS,TRUE,,"Unlike Connecticut, Maryland, Massachusetts, New Jersey, or Ohio, Kansas doesn't require you to hold a tenant's security deposit in an interest-bearing account or pay the tenant any interest on it — you can keep whatever interest the funds happen to earn.",RECOMMENDED,LANDLORD_EDUCATION,VERIFIED,Confirmed absent from K.S.A. 58-2550 primary text; corroborated by secondary sources.,2026-08-22,2026-08-22
edu-no-radon-disclosure-ks,Disclosures,No Radon Disclosure Requirement,KS,TRUE,,"Unlike Colorado, Kansas has no statewide requirement to disclose radon information to tenants before signing a lease. Kansas does have a radon disclosure statute, K.S.A. 58-3078a, but it applies to SELLERS of residential real property, not to landlords. If you're aware of an elevated radon reading at the property, general habitability principles could still create exposure if you say nothing and a tenant is harmed — but there's no specific statutory disclosure form or notice period to follow here.",RECOMMENDED,LANDLORD_EDUCATION,VERIFIED,"Confirmed absent — cross-checked two independent legal-reference sources listing the small number of states with rental-specific radon disclosure statutes; Kansas not among them. | STRENGTHENED 2026-08-30 (v59): the absence is now AFFIRMATIVE rather than inferred. K.S.A. 58-3078a exists and is sale-only, so Kansas legislated on radon disclosure and chose not to extend it to leases - a stronger finding than 'no statute located.'",2026-08-22,2026-08-30
edu-no-bed-bug-disclosure-ks,Disclosures,No Residential Bed Bug Disclosure Statute,KS,TRUE,,"Unlike Colorado, California, or Maine, Kansas has no bed bug disclosure or fixed inspection/treatment-timeline statute for residential rentals. Kansas's bed bug regulations (K.A.R. 4-27 series - bed bugs are an 'imminent health hazard' under 4-27-2(f); 4-27-5 requires ceasing operations and notifying within 12 hours; 4-27-9 bars renting an infested guest room) apply to hotels and lodging establishments, not standard leases — a residential bed bug infestation is handled under the general habitability duty (K.S.A. 58-2553) instead. Note: online sources describing a specific inspection/treatment timeline for 'Kansas' landlords are often actually describing Kansas City, Missouri's separate municipal ordinance, not Kansas state law — worth double-checking which side of the state line any cited rule applies to.",RECOMMENDED,LANDLORD_EDUCATION,VERIFIED,Confirmed absent for residential rentals. K.A.R. 4-27 series applies to lodging establishments only. | CITATION REFINED 2026-08-30 (v59): operative sections confirmed and now cited specifically instead of the generic 'series' reference. Lodging-only scope re-confirmed against primary text during the citation screen.,2026-08-22,2026-08-30
edu-fair-housing-ks,Disclosures,Fair Housing Protected Classes in Kansas,KS,TRUE,,"The Kansas Act Against Discrimination tracks the federal Fair Housing Act's protected classes: race, color, national origin, religion, sex, familial status, and disability. Kansas hasn't added source of income, sexual orientation, or gender identity as a state-level protected class. If your property happens to be in the Kansas City metro, note that any source-of-income protections you may have heard about are Kansas City, Missouri municipal ordinances — they don't apply on the Kansas side of the state line.",PROHIBITED,LANDLORD_EDUCATION,VERIFIED,Kansas Act Against Discrimination; no added state-level protected classes or source-of-income protection confirmed.,2026-08-22,2026-08-22
late-fee-ks,Rent & Payment,Late Fee,KS,TRUE,late-fee,"If Tenant fails to pay Monthly Rent in full within {{late_fee_grace_days}} days after it is due, a late fee of {{late_fee_amount}} will be assessed. Any acceptance by Landlord of a late or partial payment, or of performance that varies from this Lease, is accepted with reservation of Landlord's rights and remedies under this Lease and applicable law, and does not waive Landlord's right to require timely and full performance in the future or to pursue any remedy for the breach.",REQUIRED,LEASE_CLAUSE,VERIFIED,"K.S.A. 58-2566. Applies the reservation-of-rights fix from edu-late-rent-reservation-fix-ks: the generic clause's flat 'acceptance does not waive' language may not satisfy the statute's 'without reservation' standard, since it's written before any breach occurs. This version frames it as a standing reservation instead, tracking the statute's own wording. Textually grounded, not a certainty. Also see Schutt v. Foster (Kan. Sup. Ct.) re: unconscionability risk of large/compounding daily late fees — worth keeping late_fee_amount reasonable for Kansas leases specifically.",2026-08-22,2026-08-22
move-in-inventory-ks,Landlord Responsibilities,Move-In Inventory,KS,TRUE,,"Within 5 days of the Start Date or delivery of possession, whichever is later, Landlord and Tenant will jointly complete a written inventory documenting the condition of the property and any furnishings or appliances provided. Landlord and Tenant will each sign a copy of the inventory, and Landlord will provide Tenant with a copy.",REQUIRED,LEASE_CLAUSE,VERIFIED,"K.S.A. 58-2548. No CO/WY analog required this as a statutory obligation with a fixed 5-day deadline and mandatory tenant copy — genuine Kansas-specific gap, surfaced during the whole-library audit rather than the original section-by-section KRLTA pass (58-2548 was skipped in that pass).",2026-08-22,2026-08-22
possession-delay-ks,Default & Termination,Delay in Delivering Possession,KS,TRUE,possession-delay,"If Landlord fails to deliver possession of the property to Tenant as required by this Lease, Rent abates until possession is delivered, and Tenant may: (a) upon at least 5 days' written notice to Landlord, terminate this Lease, in which case Landlord will return the full Security Deposit; or (b) demand that Landlord perform this Lease and, if Tenant elects, pursue an action for possession against Landlord or any person wrongfully in possession, and recover damages sustained. If Landlord's failure to deliver possession is willful and not in good faith, Tenant may recover an amount up to 1.5 times the periodic Rent or 1.5 times actual damages, whichever is greater.",REQUIRED,LEASE_CLAUSE,VERIFIED,"K.S.A. 58-2560. Real numeric conflict with the generic possession-delay clause, surfaced during the whole-library audit: the generic gives the tenant a termination right only after a 30-day delay; Kansas gives the tenant a 5-day-notice termination right immediately, plus rent abatement and a 1.5x willful-bad-faith damages remedy neither the generic nor the original section-by-section pass had captured (58-2560 was never individually resolved in that pass).",2026-08-22,2026-08-22
early-termination-ks,Default & Termination,Early Termination,KS,TRUE,early-termination,"Tenant may terminate this Lease before the end of the Term by providing Landlord at least 30 days' written notice. Tenant will pay an early termination fee equal to one month's Rent ({{monthly_rent}}) or 30% of the remaining Rent due under the Term, whichever is greater, and remains responsible for Rent and other obligations up to the termination date. Landlord may terminate this Lease early in accordance with this Lease's Tenant Default and notice provisions, or if Tenant vacates or abandons the property without notifying Landlord. Nothing in this Section limits any right either party has under applicable law, including a Tenant's right to terminate without penalty due to active military service under the Servicemembers Civil Relief Act, due to the property becoming uninhabitable through no fault of Tenant, or, except as prohibited by law in the case of a Tenant's death, any other termination right or limitation provided by applicable law.",REQUIRED,LEASE_CLAUSE,VERIFIED,"K.S.A. 58-2564, 58-2547(a)(1). Real conflict surfaced during the whole-library audit: the generic clause's flat '10 days to cure' for landlord-initiated early termination doesn't match Kansas's actual statutory cure period (14 days for material breach under 58-2564(a)). Beyond just being wrong, a lease clause that contractually shortens a statutory cure period is arguably itself a waiver of Act rights/remedies, prohibited outright under 58-2547(a)(1) — not just an inaccurate number. This version points to default-by-tenant-ks and edu-tenant-noncompliance-notice-ks instead of restating a conflicting number. Tenant's own voluntary early-termination right (30 days + fee) is unchanged — that's a contract right, not a statutory notice period, and doesn't conflict with anything.",2026-08-22,2026-08-22
surrender-end-of-term-ks,Default & Termination,Surrender at End of Term,KS,TRUE,surrender-end-of-term,"Upon the expiration or earlier termination of this Lease, Tenant will surrender possession of the property and return all keys to Landlord immediately. The property will be left in the same condition as at the start of the Term, except for ordinary wear and tear, and free of all personal property of Tenant and any occupants. Personal property left at the property after Tenant vacates will be handled in accordance with this Lease's Handling of Property Left Behind Section.",REQUIRED,LEASE_CLAUSE,VERIFIED,"Flagged during the whole-library audit: the generic clause's vague 'may be treated as abandoned and disposed of at Tenant's cost, to the extent permitted by applicable law' understates Kansas's actual, fairly specific abandoned-property procedure (K.S.A. 58-2565 — newspaper publication + mailed notice + 30-day redemption window), which already lives in abandoned-property-ks. Rather than leave two inconsistent descriptions of the same topic on the same KS lease, this version cross-references the detailed clause instead of restating vague language.",2026-08-22,2026-08-22
edu-service-animal-fraud-ks,Pets,Service Animal Misrepresentation Penalty Does Not Reach Housing,KS,TRUE,,"Kansas's service-animal misrepresentation crime is real but does not reach rental housing. K.S.A. 39-1112 makes misrepresentation a class A nonperson misdemeanor, but by its own terms it applies only to misrepresenting a right to be accompanied by an assistance dog ""in or upon any place listed in K.S.A. 39-1101"" - common carriers, hotels and lodging places, places of public accommodation, and other places to which the general public is invited - or, for a professional therapy dog, places listed in K.S.A. 39-1110. Residential rental housing appears on neither list. The housing rights are granted separately by K.S.A. 39-1102 (guide dog), 39-1107 (hearing assistance dog) and 39-1108 (service dog), each of which adds ""the acquisition and use of rental, residential housing"" on top of the 39-1101 places rather than being part of that list. A tenant who misrepresents a service animal to a landlord therefore does not commit this offense. The same limit applies to the statutory verification procedure at K.S.A. 39-1111, which is also scoped to the 39-1101 and 39-1110 place lists: Kansas extended the substantive rights into housing but extended neither the verification procedure nor the misrepresentation penalty. Kansas also has no emotional-support-animal misrepresentation crime in housing - a bill creating one was introduced four times and never passed.",RECOMMENDED,LANDLORD_EDUCATION,VERIFIED,"K.S.A. 39-1112(a), 39-1101, 39-1110, 39-1111; scope confirmed against full primary text of Ch. 39 Art. 11. | MATERIAL CORRECTION 2026-08-29 (v58), KS re-audit. This row previously shipped VERIFIED asserting 39-1112 as a Kansas landlord-education item and describing it as ""parallel to Wyoming's Wyo. Stat. 35-13-203(b) finding."" The parallel was FALSE in the one respect that determines relevance. Wyoming's 35-13-203(b) scoped its penalty to rights ""set forth in this article"" and the residential-leasing right (35-13-201(c)) sits in that article, so it reaches housing. Kansas scoped by PLACE LIST instead of by act, and the place list excludes housing. Same question, opposite answer, purely structural. | ERROR CLASS: valid citation, false characterization - same class as the CO re-audit's assistance-animal-accommodation-co ""criminal offense"" finding. A citation-existence screen CANNOT catch this; 39-1112 exists and was quoted accurately. Only reading the section's scope language catches it. Third consecutive re-audit to surface an error that shipped VERIFIED. | rule_type changed CONSTRAINED -> RECOMMENDED to match the library's confirmed-absence convention; the operative content is now that a penalty is NOT available in housing. | Failed-bill history (proof of absence at the project's strongest standard - not silence but repeated legislative refusal): HB 2523 (2019); SB 360 (2022, died in committee 2022-05-23); S Sub HB 2057 (2022, died in conference 2022-05-23); SB 170 (2025, no corresponding K.S.A. section). CAUTION: the text of these bills circulates on ESA-letter sites as though enacted. That is a BILL, not law - the same failure mode as the CO carpet-lookback error (superseded draft read as enacted text). | Prior fabricated-citation history on this row retained below for the audit trail. | PRIOR NOTE: one weaker source claimed K.S.A. 58-25,138 gives landlords blanket immunity from assistance-animal injury/damage liability. RESOLVED, confirmed false: 58-25,137 is the LAST section in Article 25. No 58-25,138 exists. | PRIOR NOTE: STALE CROSS-REFERENCE CORRECTED 2026-08-28 (v57): previously cited Wyo. Stat. 35-13-207, which does not exist (article ends at 35-13-206); correct cite is 35-13-203(b). Survived because the screen ran against bodyText, not notes.",2026-08-22,2026-08-29
edu-no-mold-disclosure-ks,Disclosures,No Mold Disclosure Requirement,KS,TRUE,,"Kansas has no statutory mold disclosure requirement or required disclosure form. A mold problem caused by a landlord-controlled moisture source (a roof or plumbing leak, for example) falls under the general habitability duty (K.S.A. 58-2553) instead — no separate disclosure obligation, but still a real repair obligation once you're on notice.",RECOMMENDED,LANDLORD_EDUCATION,VERIFIED,"Confirmed absent via multiple independent, mutually-agreeing sources. Closes the mold-disclosure item flagged as unchecked in the original decision log.",2026-08-22,2026-08-22
edu-no-ev-charging-right-ks,Parking & Storage,No EV Right-to-Charge Statute,KS,TRUE,,"Unlike Colorado and a growing list of other states, Kansas has no right-to-charge statute giving tenants a legal right to install an EV charging station at their rental. Whether to allow one, and on what terms, is entirely up to you.",RECOMMENDED,LANDLORD_EDUCATION,VERIFIED,"Confirmed absent. A multi-state right-to-charge tracker names roughly 14 states with such laws (10 owner/HOA-only, plus CO, CT, IL, OR, WA as the stronger tenant-inclusive group); Kansas doesn't appear in either group.",2026-08-22,2026-08-22
edu-no-voucher-protection-ks,Disclosures,No Housing-Voucher Acceptance Mandate,KS,TRUE,,"Kansas doesn't require landlords to accept Housing Choice Vouchers (Section 8) or any other subsidy source — you can decline an applicant because of how they intend to pay, the same way you can screen on any other lawful criterion. If your property is in the Kansas City metro, note that voucher-acceptance mandates you may have heard about were a Kansas City, Missouri municipal ordinance, since struck down by Missouri state law (HB 595, effective August 2025) — never applicable in Kansas, and no longer in force even on the Missouri side.",RECOMMENDED,LANDLORD_EDUCATION,VERIFIED,"Confirmed absent, distinct topic from the general fair-housing/source-of-income finding already logged (edu-fair-housing-ks) — this closes the specific voucher-acceptance question the way Wyoming's edu-no-voucher-protection-wy did. Naming trap reconfirmed: KC-Missouri ordinances keep surfacing in Kansas-labeled searches.",2026-08-22,2026-08-22
edu-no-deposit-installments-ks,Security Deposit,No Deposit Installment-Payment Right,KS,TRUE,,"Kansas doesn't give tenants a statutory right to pay the security deposit in installments — you can require it up front. One source claimed a general 2-month installment right, but that claim wasn't supported by the actual statute text (K.S.A. 58-2550) or by any other source, and its own wording suggests it was describing a subsidized municipal-housing-authority-specific provision, not a rule for ordinary Kansas tenancies.",RECOMMENDED,LANDLORD_EDUCATION,VERIFIED,"Confirmed absent — verified against the already-pulled primary text of 58-2550, which contains no installment provision. One contradicting source (PayRent) found and rejected as likely conflating a municipal-housing-authority-specific rule with general Kansas law; every other source on Kansas deposit rules is silent on installments. Same pattern as Wyoming's edu-no-deposit-installments-wy.",2026-08-22,2026-08-22
edu-unconscionability-ks,Notices & General,Court Can Void an Unconscionable Lease Provision,KS,TRUE,,"Kansas courts can refuse to enforce an entire rental agreement, a single unconscionable provision, or limit a provision's effect, if they find it was unconscionable when made (K.S.A. 58-2544). This is a real, live doctrine in Kansas landlord-tenant practice — in Schutt v. Foster, a Kansas Court of Appeals panel found a $20/day late fee that compounded to $21,240 over 1,062 days unconscionable and cut it to $1,700; the Kansas Supreme Court later reversed only on a procedural technicality (a briefing-preservation rule), not on the merits, so the underlying unconscionability finding was never actually overturned. Keep late fees, and any other open-ended dollar-amount clause, at a level that could survive this kind of scrutiny.",CONSTRAINED,LANDLORD_EDUCATION,VERIFIED,"K.S.A. 58-2544; Schutt v. Foster (Kan. Sup. Ct., 2025). Closes a section flagged in the very first pass of this project ('Likely LANDLORD_EDUCATION — URLTA-standard unconscionability doctrine') but never actually resolved with primary-source text until this session.",2026-08-22,2026-08-22
edu-consumer-protection-act-ks,Notices & General,Kansas Consumer Protection Act as a Backstop,KS,TRUE,,"Beyond the KRLTA's own unconscionability rule (K.S.A. 58-2544), Kansas has a broader Consumer Protection Act (K.S.A. 50-623 et seq.; the unconscionable-acts provision is K.S.A. 50-627 and the deceptive-acts provision is K.S.A. 50-626) covering 'deceptive and unconscionable' trade practices generally, which can independently apply to landlord-tenant disputes when the KRLTA doesn't already address the issue — Kansas courts have held the more specific KRLTA controls where the two overlap, but the KCPA can still fill gaps. Unlike Colorado's Honest Pricing Act, Kansas has no rental-fee-specific transparency law (no all-in-pricing mandate, no free-payment-method requirement, no unprovided-service-fee ban) — the KCPA's protection here is the general unconscionability standard, not a fee-disclosure regime.",CONSTRAINED,LANDLORD_EDUCATION,VERIFIED,"K.S.A. 50-623 et seq.; Chelsea Plaza Homes, Inc. v. Moore (KRLTA takes precedence over KCPA where they overlap). Closes the 'Kansas analog to CO's Honest Pricing Act' question the way Wyoming's edu-no-rental-fee-transparency-law-wy did — answer here is more nuanced than Wyoming's clean absence: no fee-transparency law, but a real general-purpose unconscionability backstop exists and has real teeth (see edu-unconscionability-ks / Schutt v. Foster). | CITATION REFINED 2026-08-30 (v59), from the scope-59 citation screen: the row cited only 'K.S.A. 50-623 et seq.' - correct as an act citation, but the Kansas Revisor's own annotation to K.S.A. 84-2-302 names K.S.A. 50-627 as the KCPA's unconscionability provision (50-626 covers deceptive acts). Specific sections now stated. Imprecision, not error; found only because verification forced reading what the sections say.",2026-08-22,2026-08-30
edu-no-tenant-death-statute-ks,Default & Termination,No Tenant-Death Lease-Termination Statute,KS,TRUE,,"Kansas has no statute letting a deceased tenant's estate terminate the lease early without liability (unlike some states' 'Letty's Act'-style protections). A tenant's death doesn't end the lease — the estate remains liable for rent through the end of the term under ordinary contract principles, subject to your duty to mitigate damages by making reasonable efforts to re-rent.",RECOMMENDED,LANDLORD_EDUCATION,VERIFIED,"Confirmed absent — no KRLTA section addresses tenant death, and secondary sources agree the estate remains liable under general contract law. Same pattern as Wyoming's edu-no-tenant-death-statute-wy.",2026-08-22,2026-08-22
edu-no-alt-housing-requirement-ks,Landlord Responsibilities,No Alternate-Housing Requirement During Repairs,KS,TRUE,,"Nothing in the KRLTA requires you to house a tenant or pay relocation costs while repairs are underway. A tenant's real options during a habitability failure are the notice-and-cure process (K.S.A. 58-2559) and, if the property is damaged or destroyed by fire or casualty specifically, the immediate-vacate or partial-vacate rights in K.S.A. 58-2562 (see fire-casualty-termination-ks) — not a right to alternate housing at your expense.",RECOMMENDED,LANDLORD_EDUCATION,VERIFIED,Confirmed absent. Same pattern as Wyoming's edu-no-alt-housing-requirement-wy.,2026-08-22,2026-08-22
identity-change-liability-ks,Notices & General,Landlord or Manager Change — Liability Shift,KS,TRUE,,"If Landlord conveys the property in a good-faith sale to a bona fide purchaser, or a manager's management of the property is terminated, Landlord or the outgoing manager is relieved of liability under this Lease and Kansas law for events occurring after Landlord gives Tenant written notice of the conveyance or termination of management — except that Landlord remains liable to Tenant for any portion of the Security Deposit Tenant is entitled to under this Lease.",CONDITIONAL,LEASE_CLAUSE,VERIFIED,"K.S.A. 58-2554. Closes the 'broader landlord-identity-change notice' question Wyoming's log explicitly checked (edu-no-broad-identity-change-notice-wy) but this pass never circled back to for Kansas, despite having already pulled the primary text earlier in the session. Structurally different from Colorado's proactive 1-business-day tenant-notification mandate: Kansas frames this as a liability-shield for the departing landlord/manager once notice is given, not an affirmative notice duty independent of that protection. Worth flagging: this doesn't obligate the new owner/manager to notify the tenant of anything — it only protects the old one, once notice happens.",2026-08-22,2026-08-22
fire-casualty-termination-ks,Default & Termination,Damage or Destruction by Fire or Casualty,KS,TRUE,,"If the property is damaged or destroyed by fire or casualty to an extent that substantially impairs its use and habitability, Tenant may: (a) vacate the property immediately and notify Landlord in writing within 5 days of Tenant's intention to terminate this Lease, in which case this Lease terminates as of the date Tenant vacates; or (b) if continued occupancy is lawful, vacate only the unusable part of the property, in which case Tenant's Rent is reduced in proportion to the resulting reduction in the property's fair rental value. If this Lease terminates under this Section, Landlord will return the portion of the Security Deposit Tenant is entitled to, and rent will be accounted for as of the date Tenant vacates.",REQUIRED,LEASE_CLAUSE,VERIFIED,"K.S.A. 58-2562. Referenced in passing during the original section-by-section pass (flagged as 'Candidate LEASE_CLAUSE') but never actually resolved with a drafted clause until this session — a genuine substantive gap, not just a nice-to-have education item, since it's a real tenant termination right with statutory notice mechanics.",2026-08-22,2026-08-22
edu-no-for-cause-eviction-ks,Default & Termination,No Tenure-Based For-Cause Eviction Protection,KS,TRUE,,"Unlike Colorado, where a tenant who has lived in a property for 12 months or more generally can't be removed without a specific legal cause or defined no-fault reason, Kansas has no tenure-based just-cause requirement at all. A month-to-month tenancy can be ended with plain 30-day written notice regardless of how long the tenant has lived there, no reason required (K.S.A. 58-2570(b)) — subject only to the retaliation prohibition (K.S.A. 58-2572) and fair housing law. Ending a tenancy mid-lease still requires cause, the same as any state, since that's ordinary contract law, not a tenure-based protection.",RECOMMENDED,LANDLORD_EDUCATION,VERIFIED,"Confirmed absent — two independent sources (Nolo, DocDraft) agree, consistent with the already-verified K.S.A. 58-2570(b) text (30-day notice, no cause requirement stated) and with Wyoming's identical finding (edu-no-for-cause-eviction-wy). Closes the last unchecked item from Wyoming's own named-topic checklist, surfaced when Taylor pushed back on completeness claims rather than accepting them at face value.",2026-08-22,2026-08-22
edu-no-immigrant-tenant-protection-ks,Disclosures,No Immigrant Tenant Protection Act,KS,TRUE,,"Unlike Colorado's Immigrant Tenant Protection Act, Kansas has no state law specifically barring a landlord from asking about, collecting, or threatening to disclose a tenant's immigration or citizenship status. General federal Fair Housing protections against national-origin discrimination still apply (see edu-fair-housing-ks), but that's a different, narrower protection than Colorado's dedicated statute.",RECOMMENDED,LANDLORD_EDUCATION,VERIFIED,"Confirmed absent. Only California (2017), Illinois (2020), and Colorado (2020) were found to have dedicated Immigrant Tenant Protection Act-style statutes; Kansas doesn't appear among them across a reasonably thorough search. Closes an item that was a CO standing rule but had never been explicitly re-checked for WY or KS.",2026-08-22,2026-08-22
edu-no-right-to-call-police-statute-ks,Notices & General,No State-Level Right-to-Call-Police Statute,KS,TRUE,,"Unlike Colorado's non-waivable right to call police or emergency services, and unlike states such as Minnesota with a dedicated statute (Minn. Stat. § 504B.205), Kansas has no state-level law specifically barring a landlord from penalizing a tenant for calling police or emergency assistance, or requiring that right to be non-waivable. Kansas's domestic-violence housing protection (K.S.A. 58-25,137, see dv-housing-protections-ks) covers denial of tenancy and eviction based on victim status, but doesn't itself address calling the police as a protected act the way Minnesota's statute does. Local nuisance/crime-free-housing ordinances, which can effectively penalize tenants for police calls, are a municipal-level issue in Kansas, not state law — the same category of city-by-city complexity that's keeping Ohio deliberately deferred in this project, and not audited here.",RECOMMENDED,LANDLORD_EDUCATION,VERIFIED,"Confirmed absent at the state statutory level — no dedicated Kansas statute found across several comprehensive sources including Kansas Legal Services' own landlord handbook. Weaker corroboration than some other absence findings in this project (no multi-state tracker confirming Kansas's absence the way EV charging had); flagged honestly rather than overstated. Closes the second CO standing rule that had never been re-checked for WY or KS. Municipal nuisance-ordinance layer explicitly named as unaudited, not silently assumed clean.",2026-08-22,2026-08-22
security-deposit-return-ne,Security Deposit,Return of Security Deposit,NE,TRUE,security-deposit-return,"If Landlord proposes to retain any portion of the Security Deposit, Landlord will deliver or mail to Tenant, within 14 days after the date of termination of this Lease, the balance of the Security Deposit, if any, along with a written itemization of amounts withheld. If Tenant does not provide Landlord a forwarding address or delivery instructions, Landlord will mail the balance due and the written itemization to Tenant's last known address by first-class mail. If that mailing is returned as undeliverable, or if the returned balance remains unclaimed for one year, Landlord will report and remit it to the State Treasurer as unclaimed property, as required by Nebraska law.",REQUIRED,LEASE_CLAUSE,VERIFIED,"Neb. Rev. Stat. §76-1416(2). Flat 14-day return window, no CO/KS-style two-tier structure; unclaimed balances escheat under the Uniform Disposition of Unclaimed Property Act (§69-1329) after 1 year.",2026-08-23,2026-08-23
landlord-disclosure-ne,Notices & General,Landlord and Manager Disclosure,NE,TRUE,,"Landlord discloses to Tenant the following, as required by Nebraska law: the name and address of the person authorized to manage the property is [manager name and address], and the name and address of the owner, or person authorized to act for the owner for service of process and for receiving notices and demands, is [owner/agent name and address]. Landlord will keep this information current throughout the Term.",REQUIRED,LEASE_CLAUSE,VERIFIED,"Neb. Rev. Stat. §76-1417(1),(2). Mirrors landlord-disclosure-ks (K.S.A. 58-2551) — same day-one disclosure requirement and implied-agency consequence for noncompliance.",2026-08-23,2026-08-23
dv-lease-release-ne,Tenant Responsibilities,Lease Release for Domestic Violence Victims,NE,TRUE,,"A tenant, or a tenant whose household member, is a victim of an act of domestic violence may obtain a release from this Lease by providing Landlord a copy of a qualifying protective order or third-party domestic-violence certification, along with written notice stating the desired release date (at least 14 days, and no more than 30 days, after the notice is given) and identifying any household members to also be released. The releasing tenant remains liable for rent for the month in which the Lease is terminated, but is not liable for rent or damages after the release date, and is not subject to any fee solely because of the release. This release does not extend to any other tenant on the Lease who is not a household member of the releasing tenant.",REQUIRED,LEASE_CLAUSE,VERIFIED,"Neb. Rev. Stat. §76-1431.01. Split from a single DV clause per Taylor's call (session 1, Flag 5) — Nebraska's DV protections are procedurally richer than CO/WY/KS's single-clause pattern. Part 1 of 3.",2026-08-23,2026-08-23
dv-perpetrator-removal-ne,Tenant Responsibilities,Removal of a Domestic Violence Perpetrator Who Is a Co-Tenant,NE,TRUE,,"If a tenant or household member is the victim of an act of domestic violence committed by a cotenant or other occupant of the same dwelling unit, the victim may have the perpetrator removed from this Lease, and excluded from the property, by providing Landlord a copy of a qualifying protective order or third-party domestic-violence certification, along with written notice identifying the perpetrator and the requested notice date. Landlord will then proceed against the perpetrator only under Nebraska's expedited removal procedure. Landlord is not liable for actions taken in good faith under this clause.",REQUIRED,LEASE_CLAUSE,VERIFIED,"Neb. Rev. Stat. §76-1431.02. Split DV clause, part 2 of 3.",2026-08-23,2026-08-23
dv-lockchange-ne,Tenant Responsibilities,Lock Change for Domestic Violence Victims,NE,TRUE,,"If a tenant or household member is the victim of an act of domestic violence committed by someone who is not a cotenant or occupant of the dwelling unit, the tenant may require Landlord to change the locks to the dwelling unit by providing Landlord a copy of a qualifying protective order or third-party domestic-violence certification, along with a written request. Landlord will change the locks within 24 hours after receiving the request. If Landlord fails to do so, Tenant may change the locks in a workmanlike manner with locks of similar or better quality, must promptly notify Landlord of the change, and must provide Landlord a new key or entry code by a mutually agreed method.",REQUIRED,LEASE_CLAUSE,VERIFIED,"Neb. Rev. Stat. §76-1431.03, §76-1431.04. Split DV clause, part 3 of 3.",2026-08-23,2026-08-23
extended-absence-notice-ne,Tenant Responsibilities,Notice of Extended Absence,NE,TRUE,,"Tenant will occupy the property only as a dwelling unit unless otherwise agreed. If Tenant anticipates being away from the property for more than 7 consecutive days, Tenant will notify Landlord no later than the first day of the absence. If Tenant willfully fails to give this notice, Landlord may recover actual damages resulting from the failure. Total absence from the property without notice to Landlord for one full rental period or 30 days, whichever is less, constitutes abandonment.",CONDITIONAL,LEASE_CLAUSE,VERIFIED,"Neb. Rev. Stat. §76-1424, §76-1432. Same 7-day advance-notice trigger as extended-absence-notice-ks, but a different, NE-specific abandonment threshold (one rental period or 30 days, whichever is less) — do not merge with KS's 10-day-rent-default-plus-belongings-removed test.",2026-08-23,2026-08-23
abandoned-property-ne,Default & Termination,Handling of Property Left Behind,NE,TRUE,,"If Tenant leaves personal property on the premises after this Lease terminates or expires and the premises have been vacated, Landlord will give Tenant (and anyone else Landlord reasonably believes may own the property) written notice describing the property, personally delivered or sent by first-class mail to Tenant's last known address. Unless Tenant claims the property and pays Landlord's reasonable storage costs within 7 days after personal delivery of the notice, or 14 days after the notice is mailed, Landlord may dispose of the property as allowed under Nebraska's Disposition of Personal Property Landlord and Tenant Act, including public sale after published notice.",CONDITIONAL,LEASE_CLAUSE,VERIFIED,"Neb. Rev. Stat. §§69-2303, 69-2304, 69-2308. Confirmed via the consolidated named-topic checklist that CO, WY, and KS each handle abandoned/left-behind property as a section inside their own core landlord-tenant act, not as a separate free-standing chapter — Nebraska's Chapter 69 architecture (Disposition of Personal Property Landlord and Tenant Act) is genuinely new to this project (session-1 Flag 7). Cross-referenced by the core URLTA at §76-1414(5) (tenant death) and §76-1441/§76-1446 (post-eviction property), and applies to standard residential tenancies generally, not a mobile-home-only or niche mechanism. Do not merge with abandoned-property-ks's method list (KS requires publication AND mail; WY allows any of three alternatives; NE's core mechanism is a single notice with claim windows tied to delivery method, backed by a separate statutory sale procedure) — three procedurally distinct systems now on file.",2026-08-23,2026-08-23
edu-disclosure-noncompliance-ne,Notices & General,What Happens If You Don't Keep Your Disclosure Current,NE,TRUE,,"If you don't disclose (or don't keep current) the manager and owner information Nebraska law requires, whoever signed the lease on your behalf becomes your tenant's implied agent for service of legal process and for receiving notices and demands, and for performing your obligations under the Lease and Nebraska law (§76-1417(3)) — not a result most landlords want. Update the Landlord and Manager Disclosure clause promptly whenever this information changes.",RECOMMENDED,LANDLORD_EDUCATION,VERIFIED,Neb. Rev. Stat. §76-1417(3). Mirrors edu-disclosure-noncompliance-ks.,2026-08-23,2026-08-23
edu-prohibited-lease-terms-ne,Notices & General,Lease Provisions That Are Void Under Nebraska Law,NE,TRUE,,"Nebraska law voids four categories of lease provision outright (§76-1415): a clause where the tenant waives rights or remedies under the Uniform Residential Landlord and Tenant Act; a confession-of-judgment clause; any provision requiring either party to pay the other's attorney's fees; and a clause exculpating or limiting the landlord's liability for the landlord's own active, actionable negligence (narrower than Kansas's broader exculpation ban — Nebraska's trigger is negligence-specific, not any liability limitation). A prohibited provision is simply unenforceable; the tenant can recover actual damages and attorney fees only if you deliberately used a provision you knew was prohibited. Every future Nebraska clause needs to be checked against this list, the same way every Kansas clause is checked against edu-prohibited-lease-terms-ks.",PROHIBITED,LANDLORD_EDUCATION,VERIFIED,"Neb. Rev. Stat. §76-1415. Dual-logged as standing validation rule + LANDLORD_EDUCATION, same pattern as CO/KS. | NE RE-AUDIT 2026-08-31: §76-1415 re-read verbatim; the four listed prohibitions are CONFIRMED accurate. But this row implied §76-1415 is the complete list of things a Nebraska lease may not do, and it is not — §76-1413(9) (Laws 2025, LB185) separately bars requiring a tenant to accept electronic delivery as a lease term or renewal condition. See edu-electronic-notice-regime-ne. Also confirmed from the annotations: Bedrosky v. Hiner, 230 Neb. 200 (1988) holds the URLTA reaches residential leases only and does NOT prohibit exculpatory clauses in COMMERCIAL leases — relevant if Steinoak ever scopes commercial product.",2026-08-23,2026-08-31
edu-statutory-attorney-fee-actions-ne,Notices & General,Statutory Attorney-Fee Awards Are Different From a Lease Clause,NE,TRUE,,"Nebraska bans any lease clause that promises attorney fees to either party (§76-1415(1)(c)) — don't draft one. Separately, several sections of the Uniform Residential Landlord and Tenant Act award attorney fees directly by statute when a party proves specific violations (for example, a landlord's noncompliance with the security-deposit return requirements at §76-1416, or a tenant's willful noncompliance with the lease). Nebraska courts have held that a prevailing tenant's fee award under §76-1416 is mandatory, not discretionary, once noncompliance is proven — this is a statutory remedy the court applies regardless of what the lease says, not something the lease itself creates, so it doesn't conflict with the attorney-fee-clause ban.",CONSTRAINED,LANDLORD_EDUCATION,VERIFIED,"Neb. Rev. Stat. §76-1416(3); Black v. Brooks, 285 Neb. 440 (2013); Lomack v. Kohl-Watts, 13 Neb. App. 14 (2004). Resolves Flag 2 from the session-1 discussion — distinguishes the lease-clause ban from mandatory statutory fee-shifting in specific causes of action.",2026-08-23,2026-08-23
edu-security-deposit-cap-ne,Security Deposit,Security Deposit Amount Limits,NE,TRUE,,"Nebraska caps the security deposit at one month's rent, plus an optional pet deposit of up to one-quarter month's rent when appropriate (§76-1416(1)) — simpler than Kansas's stacked structure and lower than Colorado's 2-month cap. This cap doesn't apply to properties operated by a housing agency under the Nebraska Housing Agency Act. This is a ceiling, not something the lease needs to recite; enter your actual amount in the Security Deposit clause.",CONSTRAINED,LANDLORD_EDUCATION,VERIFIED,Neb. Rev. Stat. §76-1416(1).,2026-08-23,2026-08-23
edu-security-deposit-noncompliance-penalty-ne,Security Deposit,Penalty for Mishandling a Security Deposit,NE,TRUE,,"If you don't comply with Nebraska's 14-day return and itemization requirement (§76-1416(2)), the tenant can recover the property and money due, court costs, and reasonable attorney fees (§76-1416(3)) — and Nebraska courts treat this fee award as mandatory once noncompliance is shown, not left to the court's discretion. If your noncompliance is willful and not in good faith, the tenant can also recover liquidated damages equal to one month's rent or twice the deposit amount, whichever is less.",CONSTRAINED,LANDLORD_EDUCATION,VERIFIED,"Neb. Rev. Stat. §76-1416(3); Lomack v. Kohl-Watts, 13 Neb. App. 14 (2004).",2026-08-23,2026-08-23
edu-entry-notice-content-ne,Access & Entry,What Nebraska's Entry Notice Must Include,NE,TRUE,,"Nebraska's 24-hour written entry notice requirement (§76-1423(3)) — matched by the self-limiting landlords-access clause — must include the intended purpose for entry and a reasonable window during which you anticipate entering, and must be provided to each individual unit. Repeated lawful-but-harassing entry demands, and entry in an unreasonable manner, are both independently prohibited even when notice is technically given.",CONSTRAINED,LANDLORD_EDUCATION,VERIFIED,Neb. Rev. Stat. §76-1423(3).,2026-08-23,2026-08-23
edu-tenant-noncompliance-notice-ne,Default & Termination,Notice Periods for Tenant Noncompliance,NE,TRUE,,"For a material lease violation or a health/safety-related violation (§76-1421), give written notice describing the breach and stating the lease will terminate at least 30 days after receipt if not remedied within 14 days. If the tenant cures in good faith within that window, the lease continues — but if the same or a similar breach recurs within 6 months, you can terminate on 14 days' notice without offering another chance to cure (§76-1431(1)). For nonpayment of rent, give written notice of the unpaid rent and your intent to terminate; the tenant then has 7 calendar days from that notice to pay before you can terminate (§76-1431(2)) — a longer window than Kansas's 3-day pay-or-quit period.",REQUIRED,LANDLORD_EDUCATION,VERIFIED,"Neb. Rev. Stat. §76-1431(1),(2).",2026-08-23,2026-08-23
edu-violent-crime-eviction-ne,Default & Termination,Fast-Track Eviction for Violent Crime or Drug Sales — No Cure Right,NE,TRUE,,"Nebraska gives you a faster eviction path — 5 days' written notice, with no right for the tenant to cure — if the tenant, a household member, a guest, or anyone under the tenant's control engages in violent criminal activity, illegal drug sales, or other conduct that threatens the health or safety of other tenants, you, or your employees, on the premises (§76-1431(4)). This is a statutory power, not something your lease needs to create. Important carve-out: you can't use this against a tenant who is themselves a domestic-violence victim if they've taken protective steps (a protective order, a police report, or DV certification from a qualified third party) — and if both the victim and the perpetrator are co-tenants, this fast-track path can only be used against the perpetrator (§76-1431(5)).",CONDITIONAL,LANDLORD_EDUCATION,VERIFIED,"Neb. Rev. Stat. §76-1431(4),(5). Landlord-side statutory remedy, no CO/WY/KS analog — logged as education only per session-1 discussion (Flag 4), not a lease clause, since it applies regardless of lease language.",2026-08-23,2026-08-23
edu-no-for-cause-eviction-ne,Default & Termination,No Tenure-Based For-Cause Eviction Protection,NE,TRUE,,"Unlike Colorado, where a tenant who has lived in a property for 12 months or more generally can't be removed without a specific legal cause or defined no-fault reason, Nebraska has no tenure-based just-cause requirement. A month-to-month tenancy can be ended with plain 30 days' written notice regardless of how long the tenant has lived there, no reason required (§76-1437(2)) — subject only to the retaliation prohibition (§76-1439) and fair housing law.",RECOMMENDED,LANDLORD_EDUCATION,VERIFIED,"Neb. Rev. Stat. §76-1437(2). Confirmed absent, consistent with the CO/WY/KS pattern already logged — closes this item from the consolidated checklist.",2026-08-23,2026-08-23
edu-landlord-lien-abolished-ne,Notices & General,No Landlord Lien on Tenant Property,NE,TRUE,,"Nebraska abolished a landlord's ability to claim a lien or security interest in a tenant's household goods, and abolished distraint for rent entirely (§76-1434). Don't include a clause purporting to give you a lien on tenant property for unpaid rent or damages — it wouldn't be enforceable.",PROHIBITED,LANDLORD_EDUCATION,VERIFIED,Neb. Rev. Stat. §76-1434.,2026-08-23,2026-08-23
edu-retaliation-prohibition-ne,Notices & General,Retaliation Against a Tenant Is Prohibited,NE,TRUE,,"Nebraska law bars you from raising rent, cutting services, or bringing (or threatening) an eviction action because a tenant complained to a government agency about a health/safety code violation, or organized or joined a tenants' union (§76-1439(1)). This doesn't stop a genuine rent increase or service change unrelated to the complaint, and it doesn't stop you from pursuing possession if the code violation was actually caused by the tenant's own lack of care, the tenant is behind on rent, or fixing the violation would require work that effectively deprives the tenant of use of the unit (§76-1439(3)).",PROHIBITED,LANDLORD_EDUCATION,VERIFIED,Neb. Rev. Stat. §76-1439.,2026-08-23,2026-08-23
edu-five-year-lease-exclusion-ne,Notices & General,Long-Term Leases (5+ Years) Fall Outside This Act,NE,TRUE,,"A lease of residential land for a term of five years or more is excluded from Nebraska's Uniform Residential Landlord and Tenant Act entirely (§76-1408(8)) — a state-specific carve-out with no CO/WY/KS analog. If you're drafting a lease with an initial term of 5 years or longer, none of the Act's protections or requirements (security deposit rules, notice-and-cure mechanics, habitability duties, etc.) apply by statute — ordinary contract and property law governs instead. Not relevant for Steinoak's typical fixed-term or month-to-month leases, but worth flagging if a long-term lease template is ever built.",RECOMMENDED,LANDLORD_EDUCATION,VERIFIED,"Neb. Rev. Stat. §76-1408(8). Genuinely new finding — no equivalent exclusion identified in CO, WY, or KS.",2026-08-23,2026-08-23
edu-holdover-ne,Default & Termination,Nebraska's Holdover Damages Ceiling Is Higher Than the Standard Clause,NE,TRUE,,"Nebraska allows a landlord to recover up to three months' periodic rent or threefold the actual damages, whichever is greater, from a tenant whose holdover is willful and not in good faith — a higher ceiling than Colorado's double-rent figure and Kansas's 1.5x cap. Nebraska's holdover statute also awards the landlord reasonable attorney's fees on top of that figure (§76-1437(3)) — a genuine statutory fee award tied to this specific remedy, not a lease-clause promise, so it doesn't conflict with the attorney-fee-shifting ban. The standard holdover clause requests double the Monthly Rent with no fee-shifting language, which is comfortably within Nebraska's higher damages ceiling, so no override is needed for the damages figure — you're simply requesting less than the maximum Nebraska law would allow. The attorney-fee award happens automatically by statute regardless of what the lease says.",RECOMMENDED,LANDLORD_EDUCATION,VERIFIED,"Neb. Rev. Stat. §76-1437(3). Per Taylor's call (session 1, Flag 6): the generic holdover clause's fixed 'double rent' figure remains valid in NE since it requests less than NE's 3x ceiling — no supersedes needed, states field extended directly. Revisit the double-rent baseline once more states are surveyed and recalibrate to whatever figure is most common across all 50. | CORRECTED (gap-discovery source #2, real lease-product comparison): the attorney's-fees component of §76-1437(3) was missed in the original session-1 statute read — caught when a real Nebraska commercial lease product (ILRG/PublicLegal, attorney-reviewed) included it and the citation was re-verified directly against primary source, confirming the commercial product was right and this clause's original session-1 version was incomplete. | *** NUMERIC ERROR CORRECTED 2026-08-31 (NE re-audit), full URLTA read verbatim from nebraskalegislature.gov. *** Statute: 'an amount not more than THREE MONTHS' PERIODIC RENT or threefold the actual damages sustained by him, whichever is greater, and reasonable attorney's fees.' The row said '3 times periodic rent.' NOT THE SAME. 'Three months' periodic rent' is TIME-based; '3x periodic rent' is a MULTIPLIER. They coincide only for month-to-month. For a week-to-week roomer under §76-1414(4) — a tenancy Nebraska expressly contemplates — periodic rent is WEEKLY, so three months' periodic rent is ~13 weeks' rent, not 3 weeks'. The prior wording understated landlord recovery ~4x in the tenancy where it matters most. The multiplier form ('threefold') applies ONLY to the actual-damages branch, which is why the two branches read differently and why collapsing both into '3x' loses the distinction. Cite: §76-1437(3). | CORRECTED 2026-09-03: this row described double monthly rent as 'Colorado's double-rent figure.' That attribution is WRONG. Colorado has NO holdover multiplier — C.R.S. §13-40-123 gives the prevailing party damages, costs, and (residential only if the lease so provides) attorney fees, with damages measured as reasonable rental value per Behr v. Burge, 940 P.2d 1084 (Colo. App. 1996). See edu-holdover-co. The comparison drawn in this row's body text should be read as against the old generic clause's figure, not against Colorado law.",2026-08-23,2026-09-03
edu-dv-protections-procedure-ne,Tenant Responsibilities,Domestic Violence Protection Documentation and Landlord Costs,NE,TRUE,,"Qualifying documentation for any of the three DV protections above is either a protective order/restraining order, or certification from a qualified third party (a nonprofit or tribal DV/sexual-assault services organization with a state affiliation agreement) under the federal Violence Against Women Reauthorization Act. You can charge the tenant for the actual, reasonable cost of a lock change. If the perpetrator fails to vacate within the notice period, you may recover court costs and attorney fees from the perpetrator specifically (not from the innocent tenant) once you win the resulting possession suit — this is a statutory fee award tied to the DV removal process, not a general lease attorney-fee clause, so it doesn't conflict with the attorney-fee-shifting ban.",CONSTRAINED,LANDLORD_EDUCATION,VERIFIED,"Neb. Rev. Stat. §76-1410(11) (qualified third party definition), §76-1431.02(4)(c).",2026-08-23,2026-08-23
habitability-baseline-ne,Landlord Responsibilities,Maintenance & Repairs,NE,TRUE,landlord-maintenance,"Except when prevented by an act of God, failure of public utility services, or other conditions beyond Landlord's control, Landlord will: substantially comply, after written or actual notice, with applicable minimum housing codes materially affecting health and safety; make all repairs and do whatever is necessary, after written or actual notice, to keep the property in a fit and habitable condition; keep all common areas clean and safe; and maintain all electrical, plumbing, sanitary, heating, ventilating, and air-conditioning systems and appliances supplied by Landlord in good and safe working order. Landlord will also provide and maintain appropriate waste receptacles and arrange for their removal, and will supply running water and reasonable hot water and heat at all times, except where the building isn't required by law to be so equipped or the unit's heat or hot water is generated by a tenant-controlled installation on a direct utility connection.",RECOMMENDED,LEASE_CLAUSE,VERIFIED,"Neb. Rev. Stat. §76-1419(1). Whole-library audit (session 2): the generic landlord-maintenance clause doesn't distinguish the 'after written or actual notice' trigger Nebraska's habitability duty carries, or the housing-code-materially-affecting-health-safety ceiling on the duty — worth stating precisely rather than leaving the generic's vaguer 'good order and repair' language to stand in for it. No cable/communication non-interference rule like Kansas's — not found in the NE text. See edu-habitability-duty-delegation-ne for the tenant-delegation option Nebraska allows. | Cross-state plain-language cleanup (Minnesota session, follow-up to MN's plain-language audit): long compound sentence split into shorter ones, no substantive change. Not a legal requirement for this clause's other tagged states (only MN's Plain Language Contract Act, Minn. Stat. §325G.31, was confirmed to apply this project) — done as a general readability improvement since the pattern was found library-wide, not MN-specific.",2026-08-23,2026-08-23
edu-habitability-duty-delegation-ne,Landlord Responsibilities,"You Can Delegate Some Maintenance Duties to the Tenant, Under Conditions",NE,TRUE,,"Nebraska lets you and the tenant agree, in writing and for good consideration, that the tenant will perform your waste-removal and water/heat-supply duties for a single-family residence (§76-1419(2)), or specified repairs/maintenance/alterations for any dwelling unit if the agreement is a separate signed writing supported by adequate consideration and doesn't diminish your obligations to other tenants (§76-1419(3)). Either path requires genuine good faith — not a workaround to evade your duties. Not used in the current Steinoak template; logged as available if you want to offer it.",RECOMMENDED,LANDLORD_EDUCATION,VERIFIED,"Neb. Rev. Stat. §76-1419(2),(3). Mirrors edu-habitability-duty-delegation-ks in spirit; Nebraska's version is somewhat more permissive (allows delegating repairs/alterations generally, not just in small buildings like Kansas's ≤4-household carve-out).",2026-08-23,2026-08-23
tenant-duties-ne,Tenant Responsibilities,Tenant Maintenance & Cleanliness,NE,TRUE,tenant-maintenance,"Tenant will: comply with all obligations building and housing codes impose primarily on tenants that materially affect health and safety; keep the portion of the property Tenant occupies and uses as clean and safe as its condition permits, and upon termination of the tenancy leave the property as clean as when the tenancy commenced, except for ordinary wear and tear; dispose of ashes, rubbish, garbage, and other waste in a clean and safe manner; keep all plumbing fixtures Tenant uses as clean as their condition permits; and use all electrical, plumbing, sanitary, heating, ventilating, air-conditioning, and other facilities and appliances in a reasonable manner. Tenant is also responsible for any deliberate or negligent destruction, defacement, damage, or impairment of any part of the property caused by Tenant or by any person Tenant permits on the property. Tenant will not, and will not permit any such person to, disturb the peaceful enjoyment of the property by other tenants.",RECOMMENDED,LEASE_CLAUSE,VERIFIED,"Neb. Rev. Stat. §76-1421. Whole-library audit (session 2): Nebraska's tenant-duty section, like Kansas's, explicitly covers guest-caused damage responsibility and a no-disturbance-of-other-tenants duty that the generic tenant-maintenance clause doesn't state — same override rationale as tenant-duties-ks. | Cross-state plain-language cleanup (Minnesota session, follow-up to MN's plain-language audit): long compound sentence split into shorter ones, no substantive change. Not a legal requirement for this clause's other tagged states (only MN's Plain Language Contract Act, Minn. Stat. §325G.31, was confirmed to apply this project) — done as a general readability improvement since the pattern was found library-wide, not MN-specific.",2026-08-23,2026-08-23
possession-delay-ne,Default & Termination,Failure to Deliver Possession,NE,TRUE,possession-delay,"If Landlord fails to deliver possession of the property to Tenant as required by this Lease, Rent abates until possession is delivered, and Tenant may: (a) upon at least 5 days' written notice to Landlord, terminate this Lease, in which case Landlord will return all prepaid Rent and the full Security Deposit; or (b) demand that Landlord perform this Lease and, if Tenant elects, pursue an action for possession against Landlord or any person wrongfully in possession, and recover damages sustained. If Landlord's failure to deliver possession is willful and not in good faith, Tenant may recover an amount up to three months' periodic Rent or threefold the actual damages, whichever is greater.",RECOMMENDED,LEASE_CLAUSE,VERIFIED,"Neb. Rev. Stat. §76-1426. Whole-library audit (session 2): real numeric conflict with the generic possession-delay clause, same pattern as possession-delay-ks — the generic gives the tenant a termination right only after a 30-day delay; Nebraska gives the tenant a 5-day-notice termination right immediately, plus rent abatement and a 3x willful-bad-faith damages remedy (higher than Kansas's 1.5x). | *** NUMERIC ERROR CORRECTED 2026-08-31 (NE re-audit), full URLTA read verbatim from nebraskalegislature.gov. *** Statute: 'an amount not more than THREE MONTHS' PERIODIC RENT or threefold the actual damages sustained by him, whichever is greater, and reasonable attorney's fees.' The row said '3 times periodic rent.' NOT THE SAME. 'Three months' periodic rent' is TIME-based; '3x periodic rent' is a MULTIPLIER. They coincide only for month-to-month. For a week-to-week roomer under §76-1414(4) — a tenancy Nebraska expressly contemplates — periodic rent is WEEKLY, so three months' periodic rent is ~13 weeks' rent, not 3 weeks'. The prior wording understated landlord recovery ~4x in the tenancy where it matters most. The multiplier form ('threefold') applies ONLY to the actual-damages branch, which is why the two branches read differently and why collapsing both into '3x' loses the distinction. Cite: §76-1426 final paragraph, wording identical to §76-1437(3). SAME ERROR IN BOTH ROWS — it propagated because the original pass paraphrased one section and reused the paraphrase for the other.",2026-08-23,2026-08-31
early-termination-ne,Default & Termination,Early Termination,NE,TRUE,early-termination,"Tenant may terminate this Lease before the end of the Term by providing Landlord at least 30 days' written notice. Tenant will pay an early termination fee equal to one month's Rent ({{monthly_rent}}) or 30% of the remaining Rent due under the Term, whichever is greater, and remains responsible for Rent and other obligations up to the termination date. Landlord may terminate this Lease early in accordance with this Lease's Tenant Default and notice provisions, or if Tenant vacates or abandons the property without notifying Landlord. Nothing in this Section limits any right either party has under applicable law, including a Tenant's right to terminate without penalty due to active military service under the Servicemembers Civil Relief Act, due to the property becoming uninhabitable through no fault of Tenant, or any Nebraska domestic-violence housing protection, or, except as prohibited by law in the case of a Tenant's death, any other termination right or limitation provided by applicable law.",RECOMMENDED,LEASE_CLAUSE,VERIFIED,"Neb. Rev. Stat. §76-1431(1), §76-1415(1)(a). Whole-library audit (session 2): same conflict identified for early-termination-ks — the generic clause's flat '10 days to cure' for landlord-initiated early termination doesn't match Nebraska's actual statutory cure period (14 days for material breach under §76-1431(1)). Beyond being inaccurate, contractually shortening a statutory cure period is arguably itself a waiver of Act rights, prohibited outright under §76-1415(1)(a) — not just a wrong number. This version points to default-by-tenant-ks-ne and edu-tenant-noncompliance-notice-ne instead of restating a conflicting figure, and adds an explicit cross-reference to the NE domestic-violence lease-release rights. Tenant's own voluntary early-termination right (30 days + fee) is unchanged — a contract right, not a statutory notice period, and doesn't conflict with anything.",2026-08-23,2026-08-23
surrender-end-of-term-ne,Default & Termination,Surrender at End of Term,NE,TRUE,surrender-end-of-term,"Upon the expiration or earlier termination of this Lease, Tenant will surrender possession of the property and return all keys to Landlord immediately. The property will be left in the same condition as at the start of the Term, except for ordinary wear and tear, and free of all personal property of Tenant and any occupants. Personal property left at the property after Tenant vacates will be handled in accordance with this Lease's Handling of Property Left Behind Section.",RECOMMENDED,LEASE_CLAUSE,VERIFIED,"Whole-library audit (session 2), same rationale as surrender-end-of-term-ks: the generic clause's vague 'may be treated as abandoned and disposed of at Tenant's cost, to the extent permitted by applicable law' understates Nebraska's actual, fairly specific Disposition of Personal Property Landlord and Tenant Act procedure, which already lives in abandoned-property-ne. Cross-references the detailed clause instead of restating vague language.",2026-08-23,2026-08-23
edu-late-rent-reservation-fix-ne,Rent & Payment,What Accepting a Late Payment Actually Costs You in Nebraska,NE,TRUE,,"If you accept rent knowing the tenant is in default, Nebraska law treats that as waiving one specific thing: your right to TERMINATE the lease for that particular breach (§76-1433). That is narrower than it sounds, and worth being precise about. You do NOT lose the late fee. You do not lose the rent, any damages claim, your right to insist on full and timely payment going forward, your right to charge a late fee next time, or your right to terminate for any different or continuing breach. What you lose is the ability to evict over that one late payment after you have taken the money for it. The statute also gives you a way to keep even that: it applies 'unless otherwise agreed after the breach has occurred.' Note the timing — the agreement has to come AFTER the breach, so no sentence written into the lease at signing can do this work, because the lease predates every breach under it. If you want to accept a late payment and still preserve the right to terminate for it, get the tenant's written agreement to that at the time you accept the payment. A short signed acknowledgment accompanying the receipt or late-fee charge is the practical form. This is a landlord practice question, not something lease drafting can solve — which is why your Nebraska late-fee clause is deliberately drafted to preserve only what survives automatically, and does not claim to preserve termination.",RECOMMENDED,LANDLORD_EDUCATION,VERIFIED,"Neb. Rev. Stat. §76-1433. Open implementation item, mirrors the still-unresolved KS flag from the KS log §4 item 4 — logged here rather than silently extending late-fee to NE. | RESOLVED (session 6): Taylor's call — this is landlord education, not a lease-drafting problem. The generic late-fee clause is extended to NE as-is, no override. A proposed 'process clause' committing the landlord to send a reservation notice with every late payment was considered and rejected as unnecessary — restates the same guidance as a rule rather than as advice, without adding real protection, since a lease-level commitment to send notices is still a pre-breach agreement either way. | CORRECTED 2026-08-31 (NE re-audit) on primary text of §76-1433. Prior version said the waiver cost the landlord the ability 'to act on a late payment' — an overstatement that would make a Nebraska landlord over-worry about a narrow rule. The waiver reaches TERMINATION FOR THAT BREACH only. Prior version also asserted the generic clause 'is not prohibited' — see late-fee-ne notes; that was asserted, not tested, and is at minimum arguable under §76-1415(1)(a). The statute's trigger also requires acceptance 'with knowledge of a default,' and its subject matter is broader than late rent — it reaches acceptance of any performance varying from the agreement or from subsequently adopted rules. NOT COVERED HERE, flagged rather than silently omitted: common-law accord and satisfaction is a separate doctrine that could affect a late fee where a tenant tenders a payment expressly as payment in full. That is outside §76-1433 and was not researched this session.",2026-08-23,2026-08-31
edu-no-radon-tenant-disclosure-ne,Disclosures,"No Tenant-Facing Radon Disclosure Requirement, But Read the Nuance",NE,TRUE,,"Nebraska doesn't require landlords to disclose radon information to tenants — only four states (Colorado, Florida, Illinois, Maine) currently require that. Two adjacent Nebraska rules are easy to confuse with a tenant-disclosure duty and aren't the same thing: a real-estate seller disclosure statute (§76-2,120) that applies to property sales, not leases; and a radon measurement/mitigation professional certification law that imposes civil/criminal penalties on radon *professionals* who misrepresent readings, not on landlords generally.",RECOMMENDED,LANDLORD_EDUCATION,VERIFIED,"Confirmed via National Radon Program Services and Nolo (2025) — only CO/FL/IL/ME require tenant disclosure. Neb. Rev. Stat. §76-2,120 (seller disclosure, real estate transactions only). | NE RE-AUDIT 2026-08-31 — CITATION CONFIRMED, CHARACTERIZATION INCOMPLETE. §76-2,120 read verbatim. It IS a real-estate seller disclosure statute, so the row's core point (no tenant-facing radon disclosure duty) HOLDS. Two corrections. (1) The row said it applies to 'property sales, not leases.' That is not quite right: §76-2,120(1)(d) defines 'seller' to include an owner who sells or attempts to sell 'INCLUDING LEASE WITH OPTION TO PURCHASE,' and (2) states the requirements 'shall also apply ... to any lease with the option to purchase residential real property.' So a lease-option agreement DOES trigger the full seller disclosure statement. Not relevant to Steinoak's current straight-rental product, but it is a live gap the moment a lease-option or rent-to-own template is built — flagged now rather than rediscovered later. (2) Radon is not named anywhere in the disclosure content list at §76-2,120(4)(a)-(k); it would fall under (4)(g), 'hazardous conditions, including substances, materials, and products on the real property which may be an environmental hazard.' So even in a sale, Nebraska has no radon-SPECIFIC disclosure item — which strengthens the row's confirmed-absent conclusion rather than weakening it. Incidental find: §76-2,120(4)(k) requires the seller statement to address carbon monoxide alarm compliance under §§76-604 and 76-605, a cross-reference confirming those sections are the SELLER-facing ones — independent corroboration of the §76-606 finding corrected earlier today.",2026-08-23,2026-08-31
edu-no-bed-bug-disclosure-ne,Disclosures,No Statewide Bed Bug Disclosure Requirement,NE,TRUE,,"Nebraska has no statewide bed bug disclosure statute. A dedicated Bed Bug Detection and Treatment Act has been introduced in the Legislature multiple times (2020, 2021, 2024) and failed to pass each time (indefinitely postponed). Landlords remain responsible for pest issues generally under the ordinary habitability duty (§76-1419), including bed bugs the tenant didn't cause — just no separate disclosure mandate.",RECOMMENDED,LANDLORD_EDUCATION,VERIFIED,"Confirmed via multiple failed Nebraska Legislature bills (LB864 2020, LB553 2021, LB846 2024), all indefinitely postponed per nebraskalegislature.gov bill history.",2026-08-23,2026-08-23
edu-no-mold-disclosure-ne,Disclosures,No Statewide Mold Disclosure Requirement,NE,TRUE,,Nebraska has no specific mold disclosure statute. Mold issues are handled through the ordinary habitability duty (§76-1419) and general misrepresentation/disclosure principles rather than a dedicated mold statute — the practical standard is whether you respond within a reasonable time after written notice and fix the moisture source.,RECOMMENDED,LANDLORD_EDUCATION,VERIFIED,Confirmed absent — no dedicated NE mold disclosure statute identified.,2026-08-23,2026-08-23
edu-no-move-in-inventory-requirement-ne,Disclosures,No Move-In Inventory Requirement (Unlike Kansas),NE,TRUE,,"Unlike Kansas's 5-day written move-in inventory requirement (K.S.A. 58-2548), Nebraska landlords aren't required to document the property's condition at move-in to collect a security deposit. Still strongly recommended as a practical matter — it's your best evidence at move-out — just not a legal prerequisite in Nebraska the way it is in Kansas.",RECOMMENDED,LANDLORD_EDUCATION,VERIFIED,Confirmed absent — explicitly stated by iPropertyManagement's NE landlord-tenant guide: 'Landlords are not required to document the condition of the rental unit at the start of the lease term.',2026-08-23,2026-08-23
edu-fair-housing-classes-ne,Disclosures,"Nebraska's Protected Classes Match Federal Law, With Municipal Exceptions",NE,TRUE,,"The Nebraska Fair Housing Act protects race, color, religion, national origin, disability, familial status, and sex — and, since 2025, MILITARY OR VETERAN STATUS, which has no federal analog. That class was added by Laws 2025, LB150 and now appears throughout the operative prohibition at §20-318(1)-(5) and (8), in the disability provisions' companion sections, and in §20-322(1). A related safe harbor at §20-322(6) lets you offer housing, favorable loan or lease terms, or other benefits LIMITED to veterans, servicemembers, or their family members without that being discrimination. Nebraska still has no statewide protection for marital status, source of income, sexual orientation, or gender identity. Lincoln and Omaha each add sexual orientation and gender identity locally, and Lincoln adds source of income via a 2025 voter-approved measure — municipal complexity not resolved here.",RECOMMENDED,LANDLORD_EDUCATION,VERIFIED,"Neb. Rev. Stat. §§20-301 to 20-344. Municipal source-of-income protection in Lincoln (approved May 2025 ballot measure) is, as of this session, contested — opponents are pursuing a Fourth Amendment legal challenge and a possible state preemption bill. Worth revisiting if that litigation resolves. | *** NE RE-AUDIT 2026-08-31 — PROBABLE ERROR IN A SHIPPED VERIFIED ROW. *** This row asserts Nebraska has 'no statewide addition' beyond the federal protected classes. Primary text of §20-322 (read this session) lists 'race, color, national origin, disability, familial status, sex, or MILITARY OR VETERAN STATUS,' and adds a new subsection (6) safe-harbouring benefits limited to veterans and servicemembers — both added by Laws 2025, LB150, §16. §49-801(13), amended by the same bill at §92, supplies the statewide definition of 'military or veteran status.' That is a state-law protected class with no federal analog, and LB150 (2025) PREDATES the original NE pass (2026-08-23), so this is a research miss, not a currency lapse. Downgraded to NEEDS_REVIEW pending §20-318/§20-319 primary text to confirm the class appears in the operative prohibition sections and not only in the exemption section's proviso. Fourth consecutive re-audited state to find an error inside a row that shipped VERIFIED. | *** ERROR CONFIRMED AND CORRECTED 2026-08-31 (NE re-audit). *** §20-318 primary text read directly: 'military or veteran status' appears in the OPERATIVE prohibition at subsections (1), (2), (3), (4), (5) and (8) — not merely in §20-322's proviso — added by Laws 2025, LB150, §13. §49-801(13) supplies the definition (LB150, §92); §20-322(6) adds the veterans-benefit safe harbor (LB150, §16). The prior row asserted 'no statewide addition' beyond federal classes and shipped VERIFIED. LB150 is a 2025 law and the original NE pass ran 2026-08-23, so this was a RESEARCH MISS, not a currency lapse. The row's list of classes Nebraska does NOT add (marital status, source of income, sexual orientation, gender identity) re-checked against §20-318 and remains correct.",2026-08-23,2026-08-31
edu-no-voucher-mandate-ne,Disclosures,No Statewide Housing-Voucher Acceptance Mandate,NE,TRUE,,"Nebraska has no statewide law requiring landlords to accept housing vouchers (Section 8 or otherwise) — a state-level bill to add source-of-income as a protected class (LB223) has been proposed but not enacted as of this session. Lincoln has a local voter-approved ordinance (May 2025) requiring source-of-income acceptance within city limits specifically, currently facing a legal challenge — a municipal-only requirement, not a statewide one.",RECOMMENDED,LANDLORD_EDUCATION,VERIFIED,"LB223 (proposed, not enacted as of this session) would amend the Nebraska Fair Housing Act. Lincoln voter-approved ordinance, May 2025 special election, ~67% in favor — status contested.",2026-08-23,2026-08-23
edu-no-deposit-installments-ne,Security Deposit,No Deposit Installment-Payment Right,NE,TRUE,,"Nebraska law doesn't give tenants a right to pay the security deposit in installments — the deposit can be required up front, same as the general rule in CO/WY/KS.",RECOMMENDED,LANDLORD_EDUCATION,VERIFIED,Confirmed absent — no installment-payment provision found in §76-1416 or elsewhere in the URLTA.,2026-08-23,2026-08-23
edu-unconscionability-ne,Notices & General,General Unconscionability Doctrine Is Built Into the Base Act,NE,TRUE,,"Nebraska's unconscionability doctrine (§76-1412) is written directly into the Uniform Residential Landlord and Tenant Act itself, not a separate consumer-protection statute the way Kansas's KCPA backstop is. A court that finds a rental agreement or any provision unconscionable when made can refuse to enforce it, sever the unconscionable provision, or limit its application — a real backstop against unfair lease terms even where a specific statute doesn't address the exact provision.",CONSTRAINED,LANDLORD_EDUCATION,VERIFIED,"Neb. Rev. Stat. §76-1412. Structurally different from Kansas's finding (edu-consumer-protection-act-ks, a separate Consumer Protection Act backstop) — Nebraska's version is native to the URLTA itself, a more direct analog to CO's unconscionability principles than KS's external-statute approach.",2026-08-23,2026-08-23
edu-no-immigrant-tenant-protection-ne,Notices & General,No Immigration-Status Inquiry Prohibition,NE,TRUE,,"Nebraska has no statute prohibiting landlords from inquiring about immigration status. Only California, Illinois, and Colorado have been found to have a dedicated statute of this kind.",PROHIBITED,LANDLORD_EDUCATION,VERIFIED,"Confirmed absent — consistent with the WY and KS findings on this same item; only CA (2017), IL (2020), and CO (2020) identified with dedicated statutes.",2026-08-23,2026-08-23
edu-no-right-to-call-police-statute-ne,Notices & General,No State-Level Right-to-Call-Police Statute,NE,TRUE,,"Nebraska has no state-level statute establishing a non-waivable tenant right to call police or emergency services. Any protection here would exist, if at all, at the municipal nuisance-ordinance level — the same category of city-by-city complexity keeping Ohio deliberately deferred in this project. Not audited here.",PROHIBITED,LANDLORD_EDUCATION,VERIFIED,"Confirmed absent at the state level, consistent with the CO/WY/KS pattern — same weaker corroboration standard already flagged for those findings (no multi-state tracker the way EV charging had).",2026-08-23,2026-08-23
edu-no-service-animal-fraud-broad-statute-ne,Pets,No Broad Service-Animal-Misrepresentation Penalty — Don't Trust the Confident Secondary Sources,NE,TRUE,,"Unlike Kansas (K.S.A. 39-1112) and Wyoming, Nebraska does NOT have a broad statute criminalizing misrepresenting a pet as a service or emotional-support animal to a landlord. The only related Nebraska criminal provision, §28-1313, is much narrower: it makes it a Class III misdemeanor for a sighted person to carry or display a white cane or use a guide dog to falsely appear blind — aimed at impersonating a blind person, not at a tenant exaggerating a pet's status. A 2021 bill (LB309) that would have created the broader prohibition Kansas and Wyoming actually have was considered and not enacted. Multiple confident-sounding secondary sources misstate this as a general $1,000-fine, six-month-jail service-animal-fraud law — it isn't; that figure appears to come from conflating several states' laws.",RECOMMENDED,LANDLORD_EDUCATION,VERIFIED,"Neb. Rev. Stat. §28-1313 (verified directly from nebraskalegislature.gov). LB309 (2021), not enacted. Same overconfident-secondary-source pattern already flagged in the WY log (Hemlane) and the KS log (fabricated §58-25,138 citation) — worth remembering this pattern isn't state-specific to either of those states. | NE RE-AUDIT 2026-08-31 — CONFIRMED, and strengthened. Independent research found a SECOND failed bill: LB553 (2019, 106th Leg.), the 'Assistance Animal Integrity in Housing Act,' referred to Judiciary 2019-01-24, heard 2019-02-20, indefinitely postponed 2020-08-13 — companion to the LB309 (2021) already logged. Both by Sen. Robert Clements; LB309 opposed by Disability Rights Nebraska. Two refusals, not one — proof of absence by legislative refusal, same standard applied to Kansas's four rejected ESA bills. This row's warning about the bogus '$1,000 fine / six months jail' figure is independently CONFIRMED: those numbers correspond to a Class I/II misdemeanor and appear to derive from the text of the FAILED LB309, not from enacted law. Bill histories are from secondary sources, not the Legislature's journal.",2026-08-23,2026-08-31
edu-no-ev-charging-right-ne,Parking & Storage,No EV Charging Access Right,NE,TRUE,,Nebraska has no tenant right-to-charge statute for electric vehicles. No EV-charging-access requirement identified in any Nebraska statute or regulation.,RECOMMENDED,LANDLORD_EDUCATION,VERIFIED,"Confirmed absent, consistent with WY/KS findings — CO remains the only state in this project with an EV charging access right.",2026-08-23,2026-08-23
edu-no-tenant-death-statute-ne,Default & Termination,No Tenant-Death Lease-Termination Statute,NE,TRUE,,"Nebraska has no 'Letty's Act'-style statute automatically terminating a lease or excusing the estate from further rent liability upon a tenant's death. §76-1414(5) addresses a narrower, different question — the process for retrieving a deceased tenant's personal property — not lease termination or estate rent liability. The estate remains liable under ordinary contract principles.",RECOMMENDED,LANDLORD_EDUCATION,VERIFIED,"Neb. Rev. Stat. §76-1414(5). Confirmed absent for lease-termination purposes specifically, consistent with CO/WY/KS findings — don't confuse with the tenant-death property-retrieval mechanic, which is a different and unrelated provision.",2026-08-23,2026-08-23
edu-alt-housing-self-help-ne,Landlord Responsibilities,"Nebraska Gives the Tenant a Self-Help Remedy, Not a Landlord Relocation Mandate",NE,TRUE,,"Unlike Colorado, where a serious habitability failure can require you to affirmatively provide alternate housing within 24 hours at your own cost (C.R.S. §38-12-503), Nebraska takes a different approach: if you deliberately or negligently fail to supply heat, water, or essential services, the tenant may procure reasonable substitute housing themselves and is excused from paying rent during that period, and — if your failure was deliberate — may also recover the actual cost of that substitute housing up to one month's rent, plus attorney fees (§76-1427(1)(c)). This is a tenant self-help option triggered by the tenant's own choice, not an affirmative relocation duty that falls on you the moment a serious condition arises.",CONDITIONAL,LANDLORD_EDUCATION,VERIFIED,"Neb. Rev. Stat. §76-1427(1)(c). Genuinely different architecture from CO's landlord-mandate version (edu-alt-housing-co) — not a clean 'confirmed absent,' since Nebraska does have an alternate-housing mechanic, just structured as a tenant remedy rather than a landlord obligation. Flag this nuance for the next state rather than recording a flat absence.",2026-08-23,2026-08-23
edu-no-tenant-screening-fairness-act-ne,Notices & General,No Dedicated Tenant-Screening Fairness Act Identified,NE,TRUE,,"Nebraska has no rental-application or tenant-screening fairness statute. Application fees are uncapped and non-refundable, with no requirement that the fee track the actual cost of a background/credit check. A bill (LB17) that would cap application fees at the actual consumer-report cost, bar charging a fee when no unit is available, and limit late/returned-check fees has been introduced but not enacted as of this session — worth monitoring, since it would meaningfully change this area if passed. Federal Fair Credit Reporting Act obligations still apply regardless of state law.",RECOMMENDED,LANDLORD_EDUCATION,VERIFIED,"Confirmed absent with high confidence — five independent, consistent sources (Landlord Studio, RentPrep, TurboTenant, Nolo, Azibo) all agree no state statute limits application fees. Upgraded from pass-1's lower-confidence note after dedicated pass-2 research; LB17 (pending, not enacted) tracked via Abrahams Kaslow & Cassman LLP legislative summary.",2026-08-23,2026-08-23
smoke-detector-duty-ne,Landlord Responsibilities,Smoke Detectors,NE,TRUE,,"Landlord is responsible for supplying, installing, maintaining, and testing the smoke detectors at the property, and will provide Tenant with written instructions for testing the device. Where Tenant occupies the property for one month or more, Tenant will perform the tests recommended by the manufacturer's instructions and will immediately notify Landlord in writing of any deficiency. A worn battery or other replaceable energy unit is not a deficiency: Tenant is responsible for replacing batteries and replaceable energy units during the Term, and Landlord is responsible for ensuring each is in operating condition at the time Tenant takes possession. Landlord will correct any deficiency Tenant reports. Tenant will not disable, obstruct, or tamper with any smoke detector.",REQUIRED,LEASE_CLAUSE,VERIFIED,"Neb. Rev. Stat. §81-5,144 — pass-2 canvass catch (session 2), missed entirely in pass 1. Sits outside the core landlord-tenant title (Chapter 81, State Fire Marshal statutes), the same pattern that made Kansas's service-animal-fraud statute (Chapter 39) easy to miss on a first pass — worth remembering for future states that a state's core landlord-tenant chapter doesn't capture everything relevant. No CO/WY/KS analog logged in this project to date; add as a new canvass row for future states. | NE RE-AUDIT 2026-08-31 — CITATION CONFIRMED, CLAUSE MATERIALLY INCOMPLETE. §81-5,144 read from nebraskalegislature.gov and Justia; it exists and says what the row claimed, so a citation-existence screen would have passed it. Reading the full text surfaced FOUR omissions in the clause built on it: (1) LANDLORD DUTY OMITTED — 'The owner... shall provide a notice to such occupant containing instructions for the testing of the device.' An affirmative landlord obligation that was simply missing. (2) BATTERY ALLOCATION OMITTED — the statute expressly provides that 'deficiencies shall not include a worn battery or other replaceable energy unit,' that the occupant is responsible for replacement, and that the battery must be operating when the occupant takes possession. This is a useful, specific allocation the clause gave up for no reason. (3) TENANT-DUTY TRIGGER OMITTED — the tenant testing duty attaches only where the unit 'is being occupied for one month or more by the same occupant,' not to every tenancy. (4) LANDLORD CORRECTION DUTY OMITTED — the owner 'shall correct any reported deficiencies.' All four now in the clause. SCOPE CAVEAT, flagged not resolved: the underlying requirement to HAVE detectors lives in the companion section §81-5,142 and is date-triggered — dwellings, apartment houses, lodging-house guest rooms and dormitories 'constructed or remodeled on or after January 1, 1982.' §81-5,144 allocates responsibility for detectors; §81-5,142 creates the mandate. The row previously cited only §81-5,144 and stated an unconditional duty. Whether a pre-1982, never-remodeled building falls outside the mandate entirely is a real question this session did not resolve — §81-5,142's own text has not been read, only NCSL's summary of it. Practically low-stakes (installing detectors is cheap and universally advisable) but the row should not imply a statutory mandate that may not reach every building. See edu-smoke-detector-scope-ne.",2026-08-23,2026-08-31
edu-carbon-monoxide-alarm-requirement-ne,Landlord Responsibilities,Carbon Monoxide Alarms - Nearly Every Nebraska Rental Turnover Triggers This,NE,TRUE,,"If your rental has a fuel-fired heater or appliance, a fireplace, or an attached garage, Nebraska's Carbon Monoxide Safety Act almost certainly applies to you. There is a section written specifically for rental property (§76-606), and it has two independent triggers. The first is any interior alteration, repair, fuel-fired appliance replacement, or addition requiring a permit on or after January 1, 2017. The second is the one that catches nearly everyone: for an EXISTING rental, a CHANGE IN TENANT OCCUPANCY on or after January 1, 2017 (§76-606(2)). Every turnover since that date is a trigger. The age of the building is irrelevant, and no sale or renovation is needed. Once triggered, an operational alarm must be installed on each habitable floor, or wherever an applicable building code specifies. Before each new tenancy you must replace any alarm that was stolen, removed, missing, or non-operational after the last occupancy, and provide the tenant with any batteries needed to make it operational at move-in. During the tenancy the tenant must keep, test and maintain the alarms and notify you of any that go missing or stop working, or of a deficiency they cannot fix - and you must then replace or repair. Helpfully, outside those specific duties the statute says you are NOT responsible for ongoing maintenance, repair, replacement, or battery care (§76-606(3)(b)). Nobody may remove batteries or disable an alarm except to inspect, maintain, repair or replace it.",REQUIRED,LANDLORD_EDUCATION,VERIFIED,"Neb. Rev. Stat. §76-603 to 76-606 (Carbon Monoxide Safety Act, Laws 2015, LB34), full primary text supplied by Taylor and read 2026-08-31. *** ERROR CONFIRMED AND CORRECTED - THE PRIOR ROW WAS BACKWARDS ON ITS CENTRAL POINT. *** It told landlords that 'a landlord renting out an older, unaltered, unsold unit isn't automatically swept in by this specific Act,' and framed the triggers as 2017+ construction (§76-603), sale (§76-604(1)), or permitted alteration (§76-604(2)). Those three sections govern NEW CONSTRUCTION and SELLERS. The original pass never reached §76-606, titled 'Owner of certain rental property; duties' - the section that actually governs landlords - and §76-606(2) makes a CHANGE IN TENANT OCCUPANCY after 2017-01-01 an independent trigger for existing rentals. The row reassured Nebraska landlords they were outside a mandate that in practice reaches essentially all of them. Given that carbon monoxide is lethal and the error ran in the direction of under-warning, this is the most consequential single finding of the re-audit. Root cause: the original pass at default settings read the first sections of a six-section act and stopped before the one addressed to its own audience. Same shape as the §81-5,142 subsection error corrected earlier today - partial reading of a multi-part trigger - which is why the suspicion was flagged rather than acted on, and why primary text was requested under §5a.2 instead of a third search. §76-606(3) and (4) also contain a full landlord/tenant duty allocation the library had no clause for at all; see carbon-monoxide-alarm-duty-ne, created this session.",2026-08-23,2026-09-03
edu-bad-check-restitution-vs-nsf-fee-ne,Rent & Payment,A Criminal Bad-Check Remedy Exists Separately From Your Lease's NSF Fee,NE,TRUE,,"Nebraska's bad-check statute (§28-611) is a CRIMINAL statute, and it gives the payee of a dishonored check — including a landlord — two routes to a small fixed recovery. Under §28-611(5), a person in violation who makes voluntary restitution must also pay ten dollars to the injured party plus any reasonable handling fee the injured party's financial institution charged. Under §28-611(7), a person convicted may be ordered to make restitution and pay the same ten dollars plus that handling fee. Note what the ten dollars is not: it is not a cap on what your lease may charge as a returned-payment fee. Several secondary sources describe it as 'the maximum NSF fee a Nebraska landlord can charge,' which conflates a criminal restitution amount with your civil contractual fee. Nebraska has no general statutory cap on a lease NSF or returned-payment fee; the outer limit is the ordinary rule that such a fee must be a reasonable estimate of your actual harm rather than a penalty. Also note this track requires the criminal elements — knowingly writing a check without sufficient funds — so it is not available for every bounced rent check.",RECOMMENDED,LANDLORD_EDUCATION,VERIFIED,"Neb. Rev. Stat. §28-611(7). Pass-2 canvass catch (session 2) — also resolves confusion with the earlier-rejected §45-918.01 candidate (payday-loan-only, unrelated). Multiple secondary sources (Innago, Landlord Studio) mischaracterize this criminal restitution figure as a civil fee cap; verified directly against a description consistent across three independent sources but the legal characterization corrected here. | NE RE-AUDIT 2026-08-31 — CITATION CONFIRMED, SUBSECTION ATTRIBUTION AND MECHANICS CORRECTED. §28-611 read verbatim. Three fixes. (1) The row cited only subsection (7). There are TWO paths: (5) voluntary restitution and (7) court-ordered restitution on conviction. Both carry the same ten dollars plus handling fee. (2) The row said the payee gets the money 'if the check-writer doesn't make it good within 10 days of notice.' That conflated the restitution provisions with §28-611(6), which is an EVIDENTIARY PRESUMPTION for prosecution (notice within 30 days of issuance, failure to cure within 10 days of notice raises a permissible inference of knowledge) — a different thing entirely, and per the annotation in State v. Hruza, 223 Neb. 837 (1986), only a permissible inference of fact, not a conclusive presumption. (3) The row said 'reasonable service charges'; the statute says 'any reasonable handling fee imposed on the injured party by a FINANCIAL INSTITUTION' — i.e. the landlord's actual bank charge, not a general service fee. The row's central and most important point — that the ten dollars is a criminal-restitution figure and NOT a civil cap on a lease NSF fee — is CONFIRMED correct and is retained.",2026-08-23,2026-08-31
edu-negligence-carveout-flag-ne,Notices & General,A Real NE Lease Narrows Its Liability Disclaimer to 'Ordinary' Negligence — Worth Considering,NE,TRUE,,"A real, attorney-reviewed Nebraska commercial lease product deliberately limits its liability disclaimer to the landlord's *ordinary* negligence, explicitly preserving liability for gross negligence or willful misconduct. That tracks Nebraska's actual exculpation ban precisely (§76-1415(1)(d) voids a liability-limitation clause only for the landlord's own active, actionable negligence — not all negligence). The current `tenants-property-insurance` clause's blanket 'Landlord is not liable for any such loss or damage' sentence doesn't carve out gross negligence or willful misconduct the way this real NE product does — a real commercial precedent that this gap matters enough for a working Nebraska lease to address it explicitly.",CONSTRAINED,LANDLORD_EDUCATION,VERIFIED,"Found via gap-discovery source #2 (real lease-product comparison, ILRG/PublicLegal Nebraska residential lease, attorney-reviewed, current through 2023). Echoes the same open question already flagged in the KS log for this same clause (edu-prohibited-lease-terms-ks's notes: does tenants-property-insurance's blanket language fall under an exculpation prohibition?) — now with a real-world data point suggesting it's a live concern, not a theoretical one. Judgment call for Taylor: draft a NE-specific (and possibly KS-specific) override with an explicit ordinary/gross negligence carve-out, or leave as-is given low practical enforcement risk.",2026-08-23,2026-08-23
tenants-property-insurance-ne,Notices & General,Tenant's Property & Renter's Insurance,NE,TRUE,tenants-property-insurance,"Landlord's insurance does not cover loss or damage to Tenant's personal property. Landlord is not liable for any such loss or damage, except to the extent caused by Landlord's active and actionable negligence, or Landlord's willful misconduct. Tenant will obtain and maintain renter's insurance covering Tenant's personal property and liability throughout the Term, with liability coverage of at least {{tenant_insurance_minimum}}, and will provide Landlord with evidence of coverage upon request.",CONSTRAINED,LEASE_CLAUSE,VERIFIED,"Neb. Rev. Stat. §76-1415(1)(d). Resolves edu-negligence-carveout-flag-ne (session 4): the generic clause's blanket 'Landlord is not liable' sentence is narrowed to exclude only ordinary negligence, explicitly preserving liability for Landlord's gross negligence or willful misconduct — tracks Nebraska's negligence-specific exculpation ban precisely, and mirrors the carve-out a real NE commercial lease product (ILRG/PublicLegal) uses for the same clause. Taylor's decision (per chat): draft the NE-specific override rather than leave the blanket generic in place. The parallel KS question (flagged in the KS log's own notes on this clause, broader exculpation ban) remains separately open — not resolved here, since KS's ban is broader than a negligence-only trigger and may need different treatment. | CORRECTION 2026-09-07 (SD re-audit session, cross-state follow-up): the carve-out read 'except to the extent caused by Landlord's GROSS negligence or willful misconduct'. **Gross negligence is a higher bar than the statute's.** Neb. Rev. Stat. S76-1415(1)(d) voids a provision whereby the tenant agrees to the exculpation or limitation of any liability of the landlord 'arising due to ACTIVE AND ACTIONABLE NEGLIGENCE of the landlord'. Active-but-ordinary negligence - a landlord who leaves a gate open, or ignores a known broken lock - is actively and actionably negligent without being grossly negligent, so the prior wording continued to purport to exculpate precisely the band S76-1415(1)(d) voids, and was void pro tanto in that band. Carve-out now tracks the statute's own phrase. Willful misconduct retained: it sits above the statutory floor and is separately unexculpable. **Deliberately NOT widened to 'any negligence'** - NE voids only ACTIVE and actionable negligence, so a blanket negligence carve-out would surrender passive negligence Nebraska permits. S5a.1: NE-only override; the generic (CO;WY;ND;SD) is untouched and no propagation is owed - and the generic's blanket sentence remains correct for those four, where ordinary-negligence exculpation is enforceable (SD S53-9-3 per Holzer/Domson; ND N.D.C.C. 9-08-02; WY S1-21-1202(d); CO S38-12-801 bans specific waivers only).",2026-08-23,2026-09-07
services-utilities-provided-ks,Landlord Responsibilities,Services & Utilities Provided,KS,TRUE,services-utilities-provided,"Landlord will provide only the services and utilities expressly specified in this Lease, and as otherwise required by applicable law.",REQUIRED,LEASE_CLAUSE,VERIFIED,"K.S.A. 58-2547(a)(1),(a)(4). Full-library liability audit (session 5): the generic's 'Tenant waives all liability of Landlord' sentence is dropped entirely for Kansas — it's exposed on two fronts, the flat waiver-of-rights ban (a)(1) and the exculpation ban (a)(4), with no statutory exception that plausibly covers a services/utilities interruption. No NE-specific override needed: the generic clause's existing 'causes beyond Landlord's reasonable control' qualifier already self-limits to non-negligence causes, which tracks Nebraska's negligence-specific ban without requiring a rewrite.",2026-08-22,2026-08-22
tenants-property-insurance-ks,Notices & General,Tenant's Property & Renter's Insurance,KS,TRUE,tenants-property-insurance,"Landlord's insurance does not cover loss or damage to Tenant's personal property. Tenant will obtain and maintain renter's insurance covering Tenant's personal property and liability throughout the Term, with liability coverage of at least {{tenant_insurance_minimum}}, and will provide Landlord with evidence of coverage upon request.",REQUIRED,LEASE_CLAUSE,VERIFIED,"K.S.A. 58-2547(a)(4). Conservative fix (Taylor's decision, session 5): drops the liability-limiting language entirely rather than rely on K.S.A. 58-2547(a)(4)'s narrow exception (tenant agreeing to limit landlord's liability for fire, theft, or breakage in common areas). That exception might arguably cover some of this clause's content, but whether an assigned/exclusive-use space counts as a 'common area' is an untested interpretive question — not worth guessing on for a live product. Documented here as an alternative worth a real attorney's review if Taylor wants to revisit a narrower fix later.",2026-08-22,2026-08-22
parking-ks,Parking & Storage,Parking,KS,TRUE,parking,"Tenant may park only in the area(s) designated by Landlord, subject to any parking rules or addendum attached to this Lease. Landlord does not provide security for the parking area.",RECOMMENDED,LEASE_CLAUSE,VERIFIED,"K.S.A. 58-2547(a)(4). Conservative fix (Taylor's decision, session 5): drops the liability-limiting language entirely rather than rely on K.S.A. 58-2547(a)(4)'s narrow exception (tenant agreeing to limit landlord's liability for fire, theft, or breakage in common areas). That exception might arguably cover some of this clause's content, but whether an assigned/exclusive-use space counts as a 'common area' is an untested interpretive question — not worth guessing on for a live product. Documented here as an alternative worth a real attorney's review if Taylor wants to revisit a narrower fix later. | REVIEWED 2026-09-07 (cross-state follow-up), NO CHANGE. This override removes the not-liable sentence entirely rather than carving it. That is safe, but possibly more conservative than Kansas requires: K.S.A. S58-2547(a)(4) expressly PERMITS a rental agreement to provide that the tenant limits the landlord's liability for 'fire, theft or breakage with respect to COMMON AREAS'. A designated parking area is plausibly a common area, so a narrowed limitation may be lawful here. Not changed - restoring an exculpatory sentence is a risk decision for Taylor, not a research conclusion, and 'common areas' is undefined in the section. Flagged for KS's next review.",2026-08-22,2026-09-07
parking-ne,Parking & Storage,Parking,NE,TRUE,parking,"Tenant may park only in the area(s) designated by Landlord, subject to any parking rules or addendum attached to this Lease. Landlord does not provide security for the parking area and is not liable for damage to or theft of a vehicle or its contents, except to the extent caused by Landlord's active and actionable negligence, or Landlord's willful misconduct.",RECOMMENDED,LEASE_CLAUSE,VERIFIED,"Neb. Rev. Stat. §76-1415(1)(d). Full-library liability audit (session 5): narrows the blanket disclaimer to exclude only ordinary negligence, same pattern as tenants-property-insurance-ne. | CORRECTION 2026-09-07 (SD re-audit session, cross-state follow-up): the carve-out read 'except to the extent caused by Landlord's GROSS negligence or willful misconduct'. **Gross negligence is a higher bar than the statute's.** Neb. Rev. Stat. S76-1415(1)(d) voids a provision whereby the tenant agrees to the exculpation or limitation of any liability of the landlord 'arising due to ACTIVE AND ACTIONABLE NEGLIGENCE of the landlord'. Active-but-ordinary negligence - a landlord who leaves a gate open, or ignores a known broken lock - is actively and actionably negligent without being grossly negligent, so the prior wording continued to purport to exculpate precisely the band S76-1415(1)(d) voids, and was void pro tanto in that band. Carve-out now tracks the statute's own phrase. Willful misconduct retained: it sits above the statutory floor and is separately unexculpable. **Deliberately NOT widened to 'any negligence'** - NE voids only ACTIVE and actionable negligence, so a blanket negligence carve-out would surrender passive negligence Nebraska permits. S5a.1: NE-only override; the generic (CO;WY;ND;SD) is untouched and no propagation is owed - and the generic's blanket sentence remains correct for those four, where ordinary-negligence exculpation is enforceable (SD S53-9-3 per Holzer/Domson; ND N.D.C.C. 9-08-02; WY S1-21-1202(d); CO S38-12-801 bans specific waivers only).",2026-08-23,2026-09-07
storage-space-ks,Parking & Storage,Storage Space,KS,TRUE,storage-space,"Tenant is assigned the following storage space for Tenant's exclusive use during the Term: [identify storage space/location here]. Tenant will not store any hazardous, flammable, or perishable materials in the storage space.",RECOMMENDED,LEASE_CLAUSE,VERIFIED,"K.S.A. 58-2547(a)(4). Conservative fix (Taylor's decision, session 5): drops the liability-limiting language entirely rather than rely on K.S.A. 58-2547(a)(4)'s narrow exception (tenant agreeing to limit landlord's liability for fire, theft, or breakage in common areas). That exception might arguably cover some of this clause's content, but whether an assigned/exclusive-use space counts as a 'common area' is an untested interpretive question — not worth guessing on for a live product. Documented here as an alternative worth a real attorney's review if Taylor wants to revisit a narrower fix later. Storage space assigned for Tenant's exclusive use is a weaker fit for the 'common area' exception than parking would be, if that argument is ever revisited. | REVIEWED 2026-09-07 (cross-state follow-up), NO CHANGE. Same point as parking-ks: K.S.A. S58-2547(a)(4)'s common-area carve-out may permit a narrowed fire/theft/breakage limitation for an assigned storage space. Whether an assigned, exclusive-use storage space counts as a 'common area' is genuinely doubtful - exclusivity cuts against it - so this one is weaker than the parking case. Not changed; flagged.",2026-08-22,2026-09-07
storage-space-ne,Parking & Storage,Storage Space,NE,TRUE,storage-space,"Tenant is assigned the following storage space for Tenant's exclusive use during the Term: [identify storage space/location here]. Tenant will not store any hazardous, flammable, or perishable materials in the storage space, and Landlord is not liable for damage to or theft of items stored there, except to the extent caused by Landlord's active and actionable negligence, or Landlord's willful misconduct.",RECOMMENDED,LEASE_CLAUSE,VERIFIED,"Neb. Rev. Stat. §76-1415(1)(d). Full-library liability audit (session 5): narrows the blanket disclaimer to exclude only ordinary negligence, same pattern as tenants-property-insurance-ne. | CORRECTION 2026-09-07 (SD re-audit session, cross-state follow-up): the carve-out read 'except to the extent caused by Landlord's GROSS negligence or willful misconduct'. **Gross negligence is a higher bar than the statute's.** Neb. Rev. Stat. S76-1415(1)(d) voids a provision whereby the tenant agrees to the exculpation or limitation of any liability of the landlord 'arising due to ACTIVE AND ACTIONABLE NEGLIGENCE of the landlord'. Active-but-ordinary negligence - a landlord who leaves a gate open, or ignores a known broken lock - is actively and actionably negligent without being grossly negligent, so the prior wording continued to purport to exculpate precisely the band S76-1415(1)(d) voids, and was void pro tanto in that band. Carve-out now tracks the statute's own phrase. Willful misconduct retained: it sits above the statutory floor and is separately unexculpable. **Deliberately NOT widened to 'any negligence'** - NE voids only ACTIVE and actionable negligence, so a blanket negligence carve-out would surrender passive negligence Nebraska permits. S5a.1: NE-only override; the generic (CO;WY;ND;SD) is untouched and no propagation is owed - and the generic's blanket sentence remains correct for those four, where ordinary-negligence exculpation is enforceable (SD S53-9-3 per Holzer/Domson; ND N.D.C.C. 9-08-02; WY S1-21-1202(d); CO S38-12-801 bans specific waivers only).",2026-08-23,2026-09-07
pet-policy-ks,Pets,Pet Policy,KS,TRUE,pet-policy,"Tenant may keep only pets identified in writing to and approved by Landlord. Tenant will pay Landlord a pet deposit, if applicable, and pet rent of {{pet_rent_amount}} per month. Tenant is responsible for all damage, waste removal, odor, and disturbance caused by a pet. Landlord may revoke approval of a pet that becomes a nuisance or safety concern, and may enter the property and remove a pet if the pet becomes vicious or displays symptoms of severe illness, or if Tenant dies, becomes incapacitated, or is otherwise unable to care for the pet and Landlord believes in good faith that the pet is being abused or neglected.",RECOMMENDED,LEASE_CLAUSE,VERIFIED,"K.S.A. 58-2547(a)(4). Full-library liability audit (session 5): drops two separate exposures — the generic's 'will indemnify Landlord from claims arising from Tenant's pet(s)' sentence (K.S.A. 58-2547(a)(4) bars indemnification obligations for either party's liability, not just landlord exculpation, so this direction is exposed too) and the 'without liability to Tenant' pet-removal language. Conservative fix, same rationale as the other KS overrides above — no obvious statutory exception fits either sentence.",2026-08-22,2026-08-22
pet-policy-ne,Pets,Pet Policy,NE,TRUE,pet-policy,"Tenant may keep only pets identified in writing to and approved by Landlord. Tenant will pay Landlord a pet deposit, if applicable, and pet rent of {{pet_rent_amount}} per month. Tenant is responsible for all damage, waste removal, odor, and disturbance caused by a pet, and will indemnify Landlord from claims arising from Tenant's pet(s), except to the extent the claim arises from Landlord's own negligence. Landlord may revoke approval of a pet that becomes a nuisance or safety concern, and may enter the property and remove a pet, without liability to Tenant except to the extent caused by Landlord's gross negligence or willful misconduct, if the pet becomes vicious or displays symptoms of severe illness, or if Tenant dies, becomes incapacitated, or is otherwise unable to care for the pet and Landlord believes in good faith that the pet is being abused or neglected.",RECOMMENDED,LEASE_CLAUSE,VERIFIED,"Neb. Rev. Stat. §76-1415(1)(d). Full-library liability audit (session 5): the tenant-indemnifies-Landlord sentence is left unchanged — it covers the tenant's own pet's actions, not Landlord's negligence, so Nebraska's negligence-specific ban doesn't reach it. Only the pet-removal 'without liability to Tenant' sentence is narrowed to exclude Landlord's own gross negligence or willful misconduct, same pattern as tenants-property-insurance-ne. | NE RE-AUDIT 2026-08-31 — INDEMNITY NARROWED. §76-1415(1)(d) read from primary source. It reaches indemnification, but only indemnification of the landlord 'for THAT liability arising due to active and actionable negligence' — i.e. the landlord's OWN negligence. The original NE session left this sentence untouched on the reasoning that it 'covers the tenant's own pet's actions, not Landlord's negligence.' That was directionally right but INCOMPLETE: 'claims arising from Tenant's pet(s)' was UNQUALIFIED, so a claim in which the landlord was itself actively negligent (e.g. knew a pet was vicious and failed to act) would still 'arise from Tenant's pet' and be swept in — reaching exactly what (d) prohibits. The clause was overbroad at the margin, not prohibited at its core. Fix is a carve-out, not deletion. CONTRAST WITH KANSAS, and this is why the two rows must stay separate: K.S.A. 58-2547(a)(4) bars indemnifying EITHER PARTY, so pet-policy-ks correctly removed the indemnity outright. Nebraska's (d) is landlord-only and negligence-gated, so Nebraska keeps the indemnity with a carve-out. Do not merge.",2026-08-23,2026-08-31
edu-no-prohibited-lease-provisions-statute-wy,Notices & General,No General Prohibited-Lease-Provisions Statute in Wyoming,WY,TRUE,,"Unlike Colorado (C.R.S. §38-12-801), Kansas (K.S.A. 58-2547), and Nebraska (§76-1415), Wyoming has no equivalent statute banning categories of lease provisions outright — no attorney-fee-shifting ban, no confession-of-judgment ban, no exculpation/liability-limitation ban. All 11 sections of Article 12 (W.S. 1-21-1201–1211) were read directly from primary source during Wyoming's original verification pass, and no such section exists. This means the liability-disclaimer exposure found for Kansas and Nebraska in `tenants-property-insurance`, `services-utilities-provided`, `parking`, `storage-space`, and `pet-policy` doesn't apply to Wyoming — those clauses' generic language is safe to keep as-is for WY leases.",RECOMMENDED,LANDLORD_EDUCATION,VERIFIED,"W.S. 1-21-1201–1211 (full text read directly from primary source, WY session 3). Genuine confirmed absence, not merely unchecked — closes the question raised by the cross-state liability audit (sessions 5–6 of the Nebraska work) for Wyoming specifically.",2026-08-24,2026-08-24
edu-no-immigrant-tenant-protection-wy,Notices & General,No Immigration-Status Inquiry Prohibition,WY,TRUE,,"Wyoming has no statute prohibiting landlords from inquiring about immigration status. Only California, Illinois, and Colorado have been found to have a dedicated statute of this kind.",PROHIBITED,LANDLORD_EDUCATION,VERIFIED,"Confirmed absent — consistent with the KS and NE findings on this same item; multiple independent Wyoming landlord-tenant law overviews consistently describe protected classes as federal-only with no state additions, and none mention immigration status. Closes the last open state for this checklist item (CO: present/standing rule, WY/KS/NE: confirmed absent).",2026-08-24,2026-08-24
edu-no-right-to-call-police-statute-wy,Notices & General,No State-Level Right-to-Call-Police Statute,WY,TRUE,,"Wyoming has no state-level statute establishing a non-waivable tenant right to call police or emergency services. Any protection here would exist, if at all, at the municipal level — not audited here, consistent with how this category of question has been treated for other states in this project.",PROHIBITED,LANDLORD_EDUCATION,VERIFIED,"Confirmed absent at the state level — consistent with the KS and NE findings, though this rests on absence-of-mention across multiple general-overview sources rather than an explicit 'no such law' statement, the same weaker-evidence caveat already flagged for the equivalent KS/NE findings. Closes the last open state for this checklist item.",2026-08-24,2026-08-24
edu-no-tenant-screening-fairness-act-wy,Notices & General,No Dedicated Tenant-Screening Fairness Act,WY,TRUE,,"Wyoming has no rental-application or tenant-screening fairness statute — application fees are uncapped, with no requirement that the fee track the actual cost of a background/credit check. Landlords do not need tenant consent to run background and credit checks. Federal Fair Credit Reporting Act obligations still apply regardless of state law.",RECOMMENDED,LANDLORD_EDUCATION,VERIFIED,"Confirmed absent with reasonable confidence — Landlord Studio's WY guide explicitly states 'despite there being no statute' regarding application fees, an affirmative statement rather than mere silence. Closes the last open state for this checklist item (CO: deferred, WY: confirmed absent, KS: not yet checked, NE: confirmed absent).",2026-08-24,2026-08-24
edu-returned-check-fee-cap-wy,Rent & Payment,Returned Check Fee Cap,WY,TRUE,,"Wyoming caps the fee a landlord can collect for a dishonored check at $30, on top of the check's face value, after making written demand for payment (Wyo. Stat. §1-1-115(b)). This is a general bad-check statute, not landlord-tenant-specific, but it applies to a bounced rent check the same as any other dishonored check. The `returned-payments` clause doesn't hardcode a dollar figure, so it isn't in conflict — just be aware the fee you actually set for a Wyoming lease is capped at $30 by this statute, regardless of what the lease might otherwise allow.",CONSTRAINED,LANDLORD_EDUCATION,VERIFIED,"Wyo. Stat. §1-1-115(b). Confirmed via 7+ independent sources all citing the same statute, including one (iPropertyManagement) quoting the operative statutory language directly — a materially stronger evidence base than the misattributed $15 NE returned-check figure rejected during the Nebraska liability audit (that one turned out to govern payday-loan licensees only). This is a real, general Wyoming statute, correctly attributed.",2026-08-24,2026-08-24
landlords-access-mn,Access & Entry,Landlord's Right of Entry,MN,TRUE,landlords-access,"Landlord may enter the property only for a reasonable business purpose, and will make a good faith effort to give Tenant notice of the intent to enter of not less than 24 hours in advance, unless Tenant permits entry with less notice. Any notice will specify a time or window of entry, and Landlord will enter only between 8:00 a.m. and 8:00 p.m., unless Landlord and Tenant agree to a different time. However, Landlord may enter without prior notice if Landlord reasonably believes immediate entry is necessary to prevent injury to persons or property, to determine Tenant's safety, or to comply with local ordinances regarding unlawful activity on the property. If Landlord enters while Tenant is not present and prior notice was not given, Landlord will leave written disclosure of the entry in a conspicuous place on the property.",CONSTRAINED,LEASE_CLAUSE,VERIFIED,"MN added (Minnesota session, statute walk + supersedes generic landlords-access): Minn. Stat. § 504B.211. 24-hour notice IS statutorily required in MN (contrast with CO, where it is not) with additional detail the generic clause doesn't capture: mandatory 8am-8pm entry window (subd. 2), 9 enumerated reasonable-business-purpose categories (subd. 3, paraphrased here rather than listed exhaustively — full list in edu-entry-notice-content-mn), and 3 specific no-notice emergency exceptions (subd. 4). Non-waivable. Penalty: rent reduction up to full lease rescission, deposit recovery, up to $500 civil penalty per violation, attorney fees. Does not apply to manufactured home parks (subd. 7) — flag as a property-type exception to revisit if Steinoak ever supports MHP listings. | MN plain-language pass (Minnesota session): replaced 'Notwithstanding the foregoing' with 'However' — same meaning, everyday wording, per Minn. Stat. § 325G.31's 'common and everyday meanings' requirement.",2026-08-23,2026-08-23
security-deposit-return-mn,Security Deposit,Return of Security Deposit,MN,TRUE,security-deposit-return,"Within three weeks after termination of this Lease, and after receiving Tenant's mailing address or delivery instructions, Landlord will return the Security Deposit, together with simple interest as required by Minnesota law, or will provide Tenant a written statement showing the specific reason for withholding the deposit or any portion of it. Landlord may withhold only amounts reasonably necessary to remedy a Tenant default in the payment of rent or other funds due under this Lease, or to restore the property to its condition at the commencement of the tenancy, ordinary wear and tear excepted.",REQUIRED,LEASE_CLAUSE,VERIFIED,"MN added (Minnesota session, statute walk + supersedes generic security-deposit-return): Minn. Stat. § 504B.178. Return window is 3 weeks (21 days) — shorter than CO's 30/60-day pattern, longer than KS/NE's 14-day pattern. Deposit accrues simple noncompounded interest at 1%/year (subd. 2) — this project has not yet built an interest-tracking mechanism into the product; flagging as a product gap, not just a clause gap, since the clause can promise interest but Steinoak doesn't yet calculate or disclose an amount anywhere. Bad-faith retention carries punitive damages up to $500 (subd. 7) in addition to the doubling-type damages under subd. 4 — not restated in the clause text itself, kept as landlord-facing awareness only, consistent with prior sessions' pattern of not larding lease clauses with penalty language the tenant doesn't need to see. | MN re-audit 2026-09-03, canvass pass 2: §504B.178 read IN FULL. Numbers previously verified all hold (three weeks; 1% simple noncompounded; $500 bad-faith punitive). FOUR ELEMENTS THE CLAUSE DOES NOT CAPTURE, surfaced rather than silently left: (1) subd. 3(c) — 'In any action concerning the deposit, the burden of proving, by a fair preponderance of the evidence, the reason for withholding all or any portion of the deposit shall be on the landlord.' The burden is on the LANDLORD, which is landlord-facing knowledge worth having and is not in any MN row. (2) subd. 3(a)(2) — a separate FIVE-DAY return window where the tenant leaves due to legal condemnation of the building for reasons not caused by the tenant's willful, malicious, or irresponsible conduct. The clause states only the three-week track. Not added to body text because the condemnation scenario is narrow and the clause already defers to law, but FLAGGED for Taylor as a possible addition. (3) subd. 2 — interest of less than $1 is excluded entirely, a de minimis rule relevant to the not-yet-built deposit-interest calculation feature. (4) subd. 7 — bad-faith retention is PRESUMED where the landlord failed to comply with subd. 3 or 5, unless the deposit is returned within two weeks after an action for recovery is commenced. That presumption, not just the $500 figure, is the operative risk. Also confirmed: subd. 3(b) mailing-compliance safe harbor (first class, prepaid, proper return address, correctly addressed, within the time required); subd. 10 waiver void; subd. 11 estates at will deemed renewed each rental period.",2026-08-23,2026-09-03
termination-death-of-tenant-mn,Default & Termination,Termination of Lease Upon Death of Tenant,MN,TRUE,,"If Tenant dies during the term of this Lease (or, if there is more than one Tenant, upon the death of all Tenants), either Landlord or the personal representative of Tenant's estate may terminate this Lease upon at least two months' written notice, effective on the last day of a calendar month, delivered by hand or by first-class prepaid mail to the address of the other party. Termination under this section does not relieve Tenant's estate of liability for rent or other sums owed before or during the notice period, or for amounts necessary to restore the property to its condition at the commencement of the tenancy, ordinary wear and tear excepted.",REQUIRED,LEASE_CLAUSE,VERIFIED,"MN added (Minnesota session, statute walk): Minn. Stat. § 504B.265. First state in this library where death-of-tenant is an affirmative statutory termination right built into the lease relationship (2-month notice, either party may invoke) rather than only a prohibition on penalty clauses. This is architecturally different from CO's edu-death-of-tenant-co (which is a PROHIBITED-framed education entry warning against penalty clauses under Letty's Act) — MN needed an actual REQUIRED LEASE_CLAUSE instead, since the statute contemplates the lease itself accommodating the mechanism. Does not apply to tenancies at will (subd. 1). Non-waivable and cannot be shortened by lease, though parties may otherwise agree to modify the specific provisions of the section (subd. 4) — kept the clause at the statutory floor rather than trying to draft optional modifications. | MN re-audit 2026-09-03 — HARD-NUMBER RE-VERIFICATION, full section read from revisor.mn.gov. CONFIRMED CORRECT on every operative element: two months' written notice (subd. 2); effective on the last day of a calendar month; hand delivered or mailed postage prepaid first class to the other party's address; either the landlord OR the personal representative of the estate may invoke it; applies to leases 'other than a lease at will' (subd. 1); estate remains liable for rent and other sums owed prior to or during the notice period and for restoration. Subd. 4 waiver rule also confirmed as the clause's notes described it: any attempted waiver of the right of termination is void, AND any lease provision requiring a LONGER notice period than the statute is void, but the parties may otherwise agree to modify the section's specific provisions. No error found. NOT CAPTURED, minor and landlord-facing only: subd. 2's last sentence lets the landlord satisfy the notice requirement by delivering or mailing to the premises formerly occupied by the tenant — practically useful where the estate's address is unknown. VERSION CHECK: SF 3492 (2024) proposed adding a subd. 5 remedies provision to this section and restructuring §504B.271. Neither appears in the current 2025 statutes; §504B.271's history line runs 1999 c 199 and 2010 c 315 only. The bill was not enacted in that form, so both clauses are current.",2026-08-23,2026-09-03
termination-infirmity-mn,Default & Termination,Termination of Lease Upon Infirmity of Tenant,MN,TRUE,,"If Tenant (or, if there is more than one Tenant, all Tenants) has been found by a medical professional to need to move into a nursing home, a boarding care home, a supervised living facility, an assisted living facility, or any other facility or accessible unit qualifying under Minnesota law, Tenant or Tenant's authorized representative may terminate this Lease before it expires. This Section does not apply, and Tenant may not terminate under it, where Tenant requires an accessible unit and Landlord can provide an accessible unit in the same complex in which Tenant currently resides that is available within two months of Tenant's request. Tenant must give at least two months' written notice, effective on the last day of a calendar month, delivered by hand or by first-class prepaid mail. The notice must include a copy of the medical professional's written documentation of the need to relocate, along with documentation that Tenant has been accepted as a resident, or has a pending application, at the facility. Termination under this section does not relieve Tenant of liability for rent or other sums owed before or during the notice period, or for amounts necessary to restore the property to its condition at the commencement of the tenancy, ordinary wear and tear excepted.",REQUIRED,LEASE_CLAUSE,VERIFIED,"MN added (Minnesota session, statute walk): Minn. Stat. § 504B.266. Genuinely new named-topic not previously seen in CO, WY, KS, or NE — a tenant-initiated early-termination right tied to a medical need to move into a care facility (requires assistance with ADLs/IADLs, meets a nursing-facility level-of-care criterion, or has a qualifying disability/functional impairment per § 245.462, subd. 11a). Documentation requirements are substantive (medical professional's written finding + proof of acceptance or pending application at the receiving facility) — kept in the clause since the statute makes them conditions of the notice itself, not separate landlord-side procedure. FLAG FOR TAYLOR: recommend adding 'tenant-initiated infirmity/medical-facility termination' to the named-topic checklist so future states get checked for an equivalent provision — this was not on the canvass list built from CO/WY/KS/NE. | MN plain-language pass (Minnesota session): split a 99-word sentence into three shorter ones, no substantive change, per Minn. Stat. § 325G.31's 'clear and coherent' requirement. | MN re-audit 2026-09-03 — TWO ERRORS FOUND on full primary read of §504B.266; both corrected in body text. (1) MISSING LANDLORD RIGHT: subd. 2(b) provides that where the tenant requires an accessible unit as defined in §363A.40 subd. 1, and the landlord can provide an accessible unit in the SAME COMPLEX available within two months of the request, 'the provisions of this section do not apply and the tenant may not terminate the lease.' The shipped clause granted the termination right unconditionally and never mentioned this defeasance — a real, valuable landlord right that was simply absent. (2) OVER-GRANTED TRIGGER: the shipped clause said 'need to move into a medical care facility,' a generic phrase. The statute does not use an open category — subd. 2 enumerates specific licensed facility types (nursing home; boarding care home licensed under ch. 144; supervised living facility; assisted living facility per §144G.08 subd. 7; accessible unit per §363A.40 subd. 1(b); state facility per §246.50 subd. 3; adult foster care program per §245A.02 subd. 6c; intensive residential treatment services per §245I.23). A generic 'medical care facility' grants tenants a termination right BROADER than Minnesota law requires, at the landlord's expense. Body text now references the statutory list rather than restating it, so the clause cannot drift from the enumeration as facility-licensing statutes are amended. [RESOLVED 2026-09-03 at RA-15 — Taylor chose the hybrid: four common types named inline plus an open catch-all, in house style with no section number in body text. Original flag retained below for traceability.] PRIOR-FLAG TEXT (superseded): restating the ten enumerated facility types inline is the alternative — more transparent to the tenant, but goes stale. Reference chosen for durability, consistent with the approach taken for §504B.216's apportionment formulas. Say the word if you prefer inline. Two months' notice, last-day-of-calendar-month effectiveness, and hand-delivery-or-first-class-mail all CONFIRMED correct against subd. 3. | MN re-audit 2026-09-03, FACILITY-LIST REVISION per Taylor: adopted the hybrid — four common facility types named inline, open catch-all for the rest. Rationale accepted that the threshold question gets answered in real time when a termination notice arrives, so the four cases that actually arise should be readable off the lease, while the less common types (state facility per §246.50, adult foster care per §245A.02 subd. 6c, intensive residential treatment per §245I.23, accessible unit per §363A.40) stay covered by the catch-all without going stale. HOUSE-STYLE CORRECTION made at the same time: the prior revision cited 'Minnesota Statutes, section 504B.266' in tenant-facing body text. A library-wide scan found this was the ONLY clause of ~190 doing so — every other clause defers generically ('as required by Colorado law', 'specified by applicable law'). Catch-all rephrased to 'qualifying under Minnesota law' to match house convention. Taylor's instruction was to follow suit if other states had anything similar; the scan found NO analog anywhere — ~70 clauses defer to statute but always for a NUMBER or TIMELINE, and the 6 clauses with inline enumerations are DUTY lists (tenant-duties-ks/ne, renter-duties-wy, habitability-baseline-ne), not qualifying-category lists. No hybrid existed in any state. This clause therefore SETS the pattern rather than following one — flagged so future states with a qualifying-category list can inherit it deliberately: name the common cases inline, catch-all the rest, no section numbers in body text.",2026-08-23,2026-09-03
abandoned-property-mn,Default & Termination,Property Abandoned After Termination,MN,TRUE,,"If Tenant abandons the property, Landlord may take possession of Tenant's personal property remaining on the property and will store and care for it. Landlord has a claim against Tenant for the reasonable costs and expenses of removing, storing, and caring for the property. Landlord may sell or otherwise dispose of the property 28 days after Landlord receives actual notice of the abandonment, or 28 days after it reasonably appears to Landlord that Tenant has abandoned the property, whichever is later. Before selling the property, Landlord will make reasonable efforts to notify Tenant of the sale at least 14 days in advance, by personal service or by first-class and certified mail to Tenant's last known address, and by posting notice of the sale in a conspicuous place on the property at least two weeks before the sale. Landlord may apply a reasonable amount of the sale proceeds to the removal, storage, and care costs described above, or to any amount properly withheld from the Security Deposit.",CONDITIONAL,LEASE_CLAUSE,VERIFIED,"MN added (Minnesota session, statute walk): Minn. Stat. § 504B.271. 28-day hold before disposal (longer than KS/NE/WY's shorter windows — worth a cross-state comparison note but not a conflict), plus a separate 14-day advance sale notice requirement layered on top. Non-waivable (subd. 4). Note the statute's dual-track notice for the sale itself (personal service OR mail AND posting — 'and' language, not 'or', similar in structure to KS's dual-requirement approach flagged in that state's decision log, not WY's either/or approach) — worth double-checking wording precision if this clause is revised later. | MN re-audit 2026-09-03 — HARD-NUMBER RE-VERIFICATION, full section read from revisor.mn.gov. CONFIRMED CORRECT: 28-day disposal window (subd. 1(b), running from actual notice OR when abandonment reasonably appears, whichever occurs LAST — the clause's 'whichever is later' is accurate); 14-day pre-sale notice (subd. 1(d)); and the conspicuous-posting requirement, which I suspected on entry might be cross-state contamination imported from KS and specifically checked — subd. 1(d) does require posting 'in a conspicuous place on the premises at least two weeks prior to the sale,' in ADDITION to personal service or first-class-and-certified mail. The clause is right and the suspicion was wrong; recorded so it is not re-litigated. NOT CAPTURED, minor: subd. 1(d)'s rule that where notice is mailed, the 14-day period is deemed to start on the day the notices are deposited in the U.S. mail. Left out of tenant-facing text deliberately; landlord-facing timing detail. NEW GAP FOUND, see edu-abandoned-property-retake-duty-mn: subd. 2's 24-hour/48-hour retake-on-demand duty and punitive damages were captured nowhere in the library. Subd. 3: a landlord who unlawfully took possession pays removal/storage/care costs. Subd. 4: non-waivable, and extends to occupants and owners in post-redemption foreclosure or contract-for-deed cancellation. | MN re-audit 2026-09-03 — SECOND TRACK CONFIRMED against primary text (§504B.365 read in full, revisor.mn.gov PDF). The secondary-source claim flagged at RA-12 is CORRECT. Minnesota has two abandoned-property routes and the tripwire is only WHERE the property is stored after a writ is executed: §504B.365 subd. 3(d) — property stored ON the premises — states 'Section 504B.271 applies to personal property removed under this paragraph,' i.e. this clause's 28-day/14-day track; §504B.365 subd. 3(a)-(c) — property moved OFF the premises — instead gives the plaintiff a LIEN for removal/storage costs, enforceable by detaining the property, with a public sale under §§514.18-514.22 permitted if no payment is made for 60 days after execution of the order to vacate. Same eviction, same day, different statute and a 60-day rather than 28-day clock. SCOPE DECISION: this clause is left covering the §504B.271 voluntary-abandonment route only, which is what it is titled for and what a lease clause can properly address. The post-writ duties are landlord procedure, not lease terms — logged as edu-writ-execution-property-duties-mn per the project's standing pattern for procedural obligations. FLAGGED FOR TAYLOR: the lease builder cannot express the storage-location fork; if the legal tracker ever handles evictions, this is a genuine branch point.",2026-08-23,2026-09-03
utility-apportionment-mn,Landlord Responsibilities,Shared-Metered Utility Billing,MN,TRUE,,"If the property is part of a shared-metered residential building, Landlord will remain the bill payer and customer of record for utility service to the building. Landlord will not apportion or bill Tenant for electricity usage; electricity may only be submetered in accordance with applicable law. If Landlord apportions natural gas or water and sewer service to Tenant, Landlord will do so only using the method required by Minnesota law, will bill Tenant no less frequently than Landlord is billed by the utility, and will provide Tenant, upon request, copies of the underlying utility bills being apportioned. Any administrative billing charge will not exceed $8 per billing period, and any late payment charge for utilities billed separately from rent will not exceed $5 per month and will not compound. Landlord will not disconnect or cause the disconnection of Tenant's utility service for nonpayment of utility charges.",CONSTRAINED,LEASE_CLAUSE,VERIFIED,"MN added (Minnesota session, statute walk): Minn. Stat. § 504B.216 — by far the most prescriptive utility statute encountered in this project to date; the generic utilities-* clauses were extended to MN for directly-metered situations, but this dedicated CONDITIONAL clause is needed for shared-metered buildings specifically. Key constraints: electricity apportionment is flatly PROHIBITED (subd. 5(a)) — submetering only; gas apportionment must use the square-footage formula and water/sewer must use the occupant-count formula (subds. 6-7), not restated verbatim in the clause to avoid the clause becoming stale if the formula changes, but the underlying statute is the authority; $8 admin fee cap and $5 non-compounding late fee cap (subds. 8-9); disconnection ban (subd. 12) with cold-weather/heat-emergency/medical-emergency carve-outs layered into MN's eviction-for-nonpayment procedure rather than into a lease clause. IMPORTANT — this clause alone is NOT sufficient for compliance: § 504B.216, subd. 10 requires a specific, close-to-verbatim disclosure attachment in any lease where gas or water is apportioned. See edu-utility-disclosure-attachment-mn for the required text; this needs to become an actual generated lease attachment, not just clause language, when the lease builder reaches that feature. FLAG FOR TAYLOR: property attribute 'shared-metered building' (vs. directly metered) is a strong candidate for an auto-trigger field, alongside the existing HOA/pre-1978/utility-metering trigger candidates already noted for the product.",2026-08-23,2026-08-23
edu-utility-disclosure-attachment-mn,Landlord Responsibilities,Required Utility Disclosure Attachment for Apportioned Billing,MN,TRUE,,"If you apportion natural gas or water/sewer costs to tenants in a shared-metered building, Minnesota law (Minn. Stat. § 504B.216, subd. 10) requires you to attach specific disclosure language to leases entered into or renewed on or after January 1, 2025, explaining how the bill is calculated, what tenants are and aren't charged for, the fee caps, and tenants' right to a payment plan and to dispute resolution through the Public Utilities Commission. This is close to a verbatim statutory text requirement, not just a general-content requirement — using your own paraphrase instead of the statute's language creates real compliance risk. This is a lease-attachment feature, not lease clause text; flag for the lease builder when attachments are supported.",REQUIRED,LANDLORD_EDUCATION,VERIFIED,"MN added (Minnesota session, statute walk): companion to utility-apportionment-mn. Full statutory text captured in the statute walk this session and available on request when Taylor is ready to build the attachment feature — not reproduced here to keep this education entry focused on the compliance obligation rather than duplicating the exact wording in two places in the library.",2026-08-23,2026-08-23
edu-entry-notice-content-mn,Access & Entry,What Minnesota's Entry Notice Must Include,MN,TRUE,,"Minnesota's entry-notice statute (Minn. Stat. § 504B.211) is more prescriptive than most states: notice must be at least 24 hours in advance, must specify a time or window, and entry is restricted to 8:00 a.m.-8:00 p.m. unless you and the tenant agree otherwise. 'Reasonable business purpose' is not open-ended — the statute lists nine specific categories (showing the unit to prospective tenants/buyers/insurers, maintenance, code inspections, tenant-caused disturbance, reasonable suspicion of a lease violation, prearranged housekeeping in qualifying senior housing, reasonable belief of unauthorized occupancy, and after the tenant has vacated). Emergency entry without notice is allowed only for injury/security/law-enforcement necessity, tenant-safety checks, or compliance with local unlawful-activity ordinances — and if you enter without the tenant present and without prior notice, you must leave written disclosure of the entry in the unit. One more thing that trips landlords up: the notice right is doubly protected. The tenant cannot waive it in advance, AND you cannot require the tenant to waive it as a condition of signing or keeping the lease. A lease paragraph saying 'Landlord may enter at any time for inspection' is not just unenforceable — putting it in the lease and asking for a signature is itself the conduct the statute prohibits. What IS allowed is real-time consent: a tenant may let you in on shorter notice in the moment if they want to. And the $500 civil penalty attaches per violation, so a pattern of unannounced entries compounds rather than capping out.",RECOMMENDED,LANDLORD_EDUCATION,VERIFIED,"MN added (Minnesota session, statute walk): companion to landlords-access-mn. Full 9-category purpose list and 3-category emergency-exception list confirmed directly from Minn. Stat. § 504B.211, subds. 3-5. | MN re-audit 2026-09-03: §504B.211 subd. 2 non-waiver language read directly. DOUBLE BAR confirmed — 'A residential tenant may not waive and the landlord may not require the residential tenant to waive the residential tenant's right to prior notice of entry under this section as a condition of entering into or maintaining the lease.' Two distinct prohibitions: prospective tenant waiver is void, AND landlord conditioning lease formation OR continuation on waiver is itself prohibited conduct. The prior version of this row stated the notice requirement but not the non-waiver, so a landlord could have read it and still believed a broad access clause was merely unenforceable rather than affirmatively violative. Real-time tenant consent to shorter notice remains permitted and is already reflected in landlords-access-mn. Penalty is per-violation, not per-tenancy.",2026-08-23,2026-09-03
edu-right-to-call-police-mn,Compliance & Prohibited Terms,Never Waive a Tenant's Right to Call Police,MN,TRUE,,"Minnesota has a standalone statute (Minn. Stat. § 504B.205) prohibiting any lease provision, policy, or penalty that bars or limits a tenant's right to call police or emergency assistance, including in response to domestic abuse or a mental-health or health crisis. The right is explicitly non-waivable, and this is one of the more directly codified versions of this rule seen across the states checked so far — Minnesota gives tenants a private right of action for $250 or actual damages plus attorney fees, and the attorney general has independent enforcement authority.",PROHIBITED,LANDLORD_EDUCATION,VERIFIED,"MN added (Minnesota session, statute walk): satisfies universal standing rule #1 (never waive tenant's right to call police) directly and explicitly — Minnesota is the first state in this project where the right is its own dedicated statute rather than inferred from a broader prohibited-provisions list (CO) or confirmed absent (WY/KS/NE).",2026-08-23,2026-08-23
edu-attorney-fee-mutuality-mn,Compliance & Prohibited Terms,Attorney Fee Mutuality Is Automatic Under Minnesota Law,MN,TRUE,,"If your lease lets you recover attorney's fees from the tenant under certain circumstances, Minnesota law (Minn. Stat. § 504B.172) automatically gives the tenant the same right against you, to the same extent, if the tenant prevails in the same type of action. This happens by operation of law regardless of what the lease says — unlike Colorado, where the lease itself must be drafted to say fees are mutual, or Kansas, where fee-shifting is flatly prohibited. You don't need special mutuality language in a Minnesota lease for this protection to apply, but you also can't draft around it.",RECOMMENDED,LANDLORD_EDUCATION,VERIFIED,"MN added (Minnesota session, statute walk): third distinct pattern for this topic seen across the project — CO requires mutual drafting, KS flatly prohibits fee-shifting, MN makes mutuality automatic by statute regardless of lease language. No lease clause change needed; pure landlord-facing awareness.",2026-08-23,2026-08-23
edu-screening-fee-rules-mn,Landlord Responsibilities,Minnesota's Applicant Screening Fee Rules,MN,TRUE,,"Minnesota law (Minn. Stat. § 504B.173) restricts when and how you can charge and keep an applicant screening fee: you can't charge one if you know no unit is or will reasonably soon be available, you must give a written receipt on request, and you can't cash or deposit the fee until all earlier applicants have been screened and rejected or offered the unit. You must return the fee if you reject the applicant for a reason not disclosed in advance, if an earlier applicant gets the unit instead, or for any portion not actually used for screening. You must disclose your screening service and criteria in writing before accepting the fee, and notify a rejected applicant within 14 days of the criteria they failed to meet. You also can't deny an application based on a pending eviction case, a sealed/expunged court file, or an eviction that didn't end in a writ of recovery.",CONSTRAINED,LANDLORD_EDUCATION,VERIFIED,"MN added (Minnesota session, statute walk): pre-lease/application-stage requirement, not lease clause text — logged as landlord education per this project's established pattern for procedural obligations that precede lease signing.",2026-08-23,2026-08-23
edu-prohibited-fees-disclosure-mn,Landlord Responsibilities,Minnesota's Total Monthly Payment Disclosure Requirement,MN,TRUE,,"Minnesota law (Minn. Stat. § 504B.120) requires you to disclose all nonoptional fees in the lease, and to state the sum of rent plus nonoptional fees as the 'Total Monthly Payment' on the first page of the lease. Any unit advertisement must also disclose nonoptional fees and whether utilities are included. This is a formatting/placement requirement as much as a content requirement — violating it carries treble damages plus possible attorney fees. FLAG FOR TAYLOR: this is a product-level requirement (first-page placement, specific 'Total Monthly Payment' label) rather than something a lease clause alone can satisfy — relevant to the lease builder's layout for MN leases, not just its clause selection.",REQUIRED,LANDLORD_EDUCATION,VERIFIED,"MN added (Minnesota session, statute walk): flagged as a product/UI implication, not just a content gap, consistent with how utility-apportionment-mn's disclosure attachment was also flagged. Recommend Taylor track these lease-formatting requirements (MN's page-1 placement, MN's verbatim utility attachment) somewhere the lease-builder team will see them, separate from pure clause content.",2026-08-23,2026-08-23
edu-tenant-right-to-organize-mn,Compliance & Prohibited Terms,Tenants Have a Statutory Right to Organize,MN,TRUE,,"Minnesota law (Minn. Stat. § 504B.212) gives tenants the right to form and operate a tenant association, and requires you to allow tenants and tenant organizers to distribute information in common areas and to individual units, contact tenants by mail/phone/electronically, and convene meetings in a space at the building. You are not required to hand over tenant contact information, and a tenant association must stay independent of ownership/management (your representatives can't attend meetings unless invited). This isn't lease clause content to include or exclude — it's a landlord conduct restriction that exists regardless of what the lease says, and there's no lawful way to draft around it.",PROHIBITED,LANDLORD_EDUCATION,VERIFIED,"MN added (Minnesota session, statute walk): genuinely new named-topic, not present in CO/WY/KS/NE or the existing checklist. Effective Jan 5, 2025 per session law. Recommend adding 'tenant right to organize' to the named-topic checklist for future states, alongside infirmity termination.",2026-08-23,2026-08-23
tenants-property-insurance-mn,Insurance & Liability,Tenant's Property Insurance,MN,TRUE,tenants-property-insurance,"Landlord's insurance does not cover loss or damage to Tenant's personal property. Except for loss or damage caused by Landlord's own gross negligence or willful misconduct, Landlord is not liable, including for ordinary negligence, for loss or damage to Tenant's personal property. Tenant will obtain and maintain renter's insurance covering Tenant's personal property and liability throughout the Term, with liability coverage of at least {{tenant_insurance_minimum}}, and will provide Landlord with evidence of coverage upon request.",CONSTRAINED,LEASE_CLAUSE,VERIFIED,"MN added (Minnesota session, exculpatory-clause follow-up): Minnesota has no statute voiding landlord liability-waiver language (unlike CO/KS/NE). Instead, courts apply common-law strict construction per Justice v. Marvel, LLC, 979 N.W.2d 384 (Minn. 2022), extending Dewitt v. London Rd. Rental Ctr., Inc., 910 N.W.2d 412 (Minn. 2018): a clause releasing a party from its own negligence is enforceable only if it 'clearly and unequivocally' says so; broad unqualified 'not liable' language (as in the generic clause) risks being read as failing that standard and providing no real protection. No exculpatory clause, however drafted, can bar claims for intentional, reckless, or willful/wanton conduct, so this clause carves those out explicitly rather than attempting (and failing) to cover them. Taylor reviewed and approved this draft language before it was committed to the library.",2026-08-23,2026-08-23
pet-policy-mn,Pets,Pet Policy,MN,TRUE,pet-policy,"Tenant may keep only pets identified in writing to and approved by Landlord. Tenant will pay Landlord a pet deposit, if applicable, and pet rent of {{pet_rent_amount}} per month. Tenant is responsible for all damage, waste removal, odor, and disturbance caused by a pet, and will indemnify Landlord from claims arising from Tenant's pet(s). Landlord may revoke approval of a pet that becomes a nuisance or safety concern, and may enter the property and remove a pet if the pet becomes vicious or displays symptoms of severe illness, or if Tenant dies, becomes incapacitated, or is otherwise unable to care for the pet and Landlord believes in good faith that the pet is being abused or neglected. Except for loss caused by Landlord's own gross negligence or willful misconduct, Landlord is not liable, including for ordinary negligence, for any resulting loss to Tenant. A service animal or support animal that Tenant or an Occupant needs as a reasonable accommodation for a disability is not a pet under this Lease, and Minnesota law prohibits Landlord from requiring any additional fee, charge, or deposit for such an animal. Tenant remains responsible for any damage to the property caused by a service or support animal.",CONSTRAINED,LEASE_CLAUSE,VERIFIED,"MN added (Minnesota session, exculpatory-clause follow-up): Minnesota has no statute voiding landlord liability-waiver language (unlike CO/KS/NE). Instead, courts apply common-law strict construction per Justice v. Marvel, LLC, 979 N.W.2d 384 (Minn. 2022), extending Dewitt v. London Rd. Rental Ctr., Inc., 910 N.W.2d 412 (Minn. 2018): a clause releasing a party from its own negligence is enforceable only if it 'clearly and unequivocally' says so; broad unqualified 'not liable' language (as in the generic clause) risks being read as failing that standard and providing no real protection. No exculpatory clause, however drafted, can bar claims for intentional, reckless, or willful/wanton conduct, so this clause carves those out explicitly rather than attempting (and failing) to cover them. Taylor reviewed and approved this draft language before it was committed to the library. | CORRECTION 2026-09-07 (cross-state core-obligations canvass, run during the SD re-audit). **This clause was non-compliant with a mandatory Minnesota lease-content requirement.** Minn. Stat. S504B.113 subd.3(b): 'If a landlord requires an additional fee, charge, or deposit pursuant to a pet policy, the landlord **must disclose in the lease** the prohibition on additional fees, charges, or deposits for service or support animals under this section.' This clause requires a pet deposit and pet rent - so the trigger was met - and carried **no mention of service or support animals at all**. CONSEQUENCE OF THE OMISSION: S504B.113 subd.3(c) gives the tenant a **private right of action to recover pet fees paid** where the landlord omitted the disclosure and the tenant shows they would have requested and would likely have received an accommodation. The defect was therefore not merely technical - it created a recovery route against any MN landlord using this clause. HOW IT WAS FOUND: the core-obligations canvass, not the exotic-topic canvass. S504B.113 was read in full while filling MN's assistance-animal cells; the subd.3(b) lease-disclosure mandate is a lease-CONTENT rule hiding inside an animal-accommodation statute, which is why a topic-driven pass that treated assistance animals as a LANDLORD_EDUCATION subject never reached it. History of S504B.113: 1Sp2021 c 8 art 2 s 10; 2024 c 118 s 6 - so the duty has been in force since at least 2021 and was amended in 2024. S5a.1: pet-policy-mn is an MN-only override (the generic `pet-policy` is CO;WY;ND and is untouched), so no other state's rendering changes and **no propagation is owed**. Note the parallel: SD's `pet-policy-sd` was created in this same session for a different state-law reason, and KS and NE also carry their own overrides - four of seven states now diverge from the generic on this clause. NOT CHANGED, and flagged: the clause retains its indemnity and its entry-and-remove language. MN's own limits on those were not examined in this pass.",2026-08-23,2026-09-07
parking-mn,Parking,Parking,MN,TRUE,parking,"Tenant may park only in the area(s) designated by Landlord, subject to any parking rules or addendum attached to this Lease. Landlord does not provide security for the parking area. Except for loss or damage caused by Landlord's own gross negligence or willful misconduct, Landlord is not liable, including for ordinary negligence, for damage to or theft of a vehicle or its contents.",CONSTRAINED,LEASE_CLAUSE,VERIFIED,"MN added (Minnesota session, exculpatory-clause follow-up): Minnesota has no statute voiding landlord liability-waiver language (unlike CO/KS/NE). Instead, courts apply common-law strict construction per Justice v. Marvel, LLC, 979 N.W.2d 384 (Minn. 2022), extending Dewitt v. London Rd. Rental Ctr., Inc., 910 N.W.2d 412 (Minn. 2018): a clause releasing a party from its own negligence is enforceable only if it 'clearly and unequivocally' says so; broad unqualified 'not liable' language (as in the generic clause) risks being read as failing that standard and providing no real protection. No exculpatory clause, however drafted, can bar claims for intentional, reckless, or willful/wanton conduct, so this clause carves those out explicitly rather than attempting (and failing) to cover them. Taylor reviewed and approved this draft language before it was committed to the library.",2026-08-23,2026-08-23
storage-space-mn,Storage,Storage Space,MN,TRUE,storage-space,"Tenant is assigned the following storage space for Tenant's exclusive use during the Term: [identify storage space/location here]. Tenant will not store any hazardous, flammable, or perishable materials in the storage space. Except for loss or damage caused by Landlord's own gross negligence or willful misconduct, Landlord is not liable, including for ordinary negligence, for damage to or theft of items stored there.",CONSTRAINED,LEASE_CLAUSE,VERIFIED,"MN added (Minnesota session, exculpatory-clause follow-up): Minnesota has no statute voiding landlord liability-waiver language (unlike CO/KS/NE). Instead, courts apply common-law strict construction per Justice v. Marvel, LLC, 979 N.W.2d 384 (Minn. 2022), extending Dewitt v. London Rd. Rental Ctr., Inc., 910 N.W.2d 412 (Minn. 2018): a clause releasing a party from its own negligence is enforceable only if it 'clearly and unequivocally' says so; broad unqualified 'not liable' language (as in the generic clause) risks being read as failing that standard and providing no real protection. No exculpatory clause, however drafted, can bar claims for intentional, reckless, or willful/wanton conduct, so this clause carves those out explicitly rather than attempting (and failing) to cover them. Taylor reviewed and approved this draft language before it was committed to the library.",2026-08-23,2026-08-23
services-utilities-provided-mn,Landlord Responsibilities,Services & Utilities Provided by Landlord,MN,TRUE,services-utilities-provided,"Landlord will provide only the services and utilities expressly specified in this Lease, and as otherwise required by applicable law. Except for interruptions or insufficiencies caused by Landlord's own gross negligence or willful misconduct, Tenant waives all liability of Landlord, including for ordinary negligence, for any interruption or insufficiency of a service or utility resulting from causes beyond Landlord's reasonable control. Nothing in this Section waives, limits, or modifies any right or remedy Tenant has under Minnesota Statutes sections 504B.221, 504B.225, or 504B.231, or under any other provision of Minnesota law that may not be waived by a tenant.",CONSTRAINED,LEASE_CLAUSE,VERIFIED,"MN added (Minnesota session, exculpatory-clause follow-up): Minnesota has no statute voiding landlord liability-waiver language (unlike CO/KS/NE). Instead, courts apply common-law strict construction per Justice v. Marvel, LLC, 979 N.W.2d 384 (Minn. 2022), extending Dewitt v. London Rd. Rental Ctr., Inc., 910 N.W.2d 412 (Minn. 2018): a clause releasing a party from its own negligence is enforceable only if it 'clearly and unequivocally' says so; broad unqualified 'not liable' language (as in the generic clause) risks being read as failing that standard and providing no real protection. No exculpatory clause, however drafted, can bar claims for intentional, reckless, or willful/wanton conduct, so this clause carves those out explicitly rather than attempting (and failing) to cover them. Taylor reviewed and approved this draft language before it was committed to the library. | CORRECTED (MN re-audit 2026-09-03): added a statutory-rights carve-out. Minn. Stat. §504B.221(b), read directly from revisor.mn.gov, provides 'Any provision, whether oral or written, of any lease or other agreement, whereby any provision of this section is waived by a tenant, is contrary to public policy and void,' and gives the tenant treble damages or $500, whichever is greater, plus attorney fees for landlord-caused interruption of electricity, heat, gas, or water. Parallel non-waiver language appears in §504B.225 and §504B.231. The clause's ordinary-negligence waiver for 'interruption ... of a service or utility' overlapped this non-waivable zone. The original MN exculpatory analysis (MN log §11) reached the correct conclusion that MN has no CONSOLIDATED prohibited-provisions statute, but never enumerated the ~18 scattered per-section non-waiver rules, so this overlap was missed. State-driven fix, MN-only row — no propagation owed.",2026-08-23,2026-09-03
habitability-baseline-mn,Landlord Responsibilities,Habitability Baseline,MN,TRUE,landlord-maintenance,"Landlord will keep the property and all common areas fit for the use intended by the parties and in reasonable repair, including maintaining heat at a minimum of 68 degrees Fahrenheit from October 1 through April 30, and extermination of insects, rodents, vermin, or other pests, except where the disrepair is caused by Tenant's own willful, malicious, or irresponsible conduct or that of a person under Tenant's direction or control. Landlord will keep the property and common areas in compliance with applicable health and safety laws, and will make the property and common areas reasonably energy efficient where doing so is cost-effective under applicable law. Tenant will notify Landlord promptly in writing of any condition requiring repair, and Landlord will undertake required repairs within a reasonable time, consistent with applicable law.",REQUIRED,LEASE_CLAUSE,VERIFIED,"MN added (Minnesota session, CO;WY-scoping resolution, supersedes generic landlord-maintenance): Minn. Stat. § 504B.161. Follows the established WY/KS/NE pattern (habitability-baseline-wy/ks/ne) of building a dedicated clause once a state's habitability covenant carries specifics the generic doesn't capture. MN's specifics: the 68°F Oct 1–Apr 30 heat minimum (already reflected in services-utilities-provided's note but not previously in a maintenance-duty clause), an explicit extermination duty, and a cost-effectiveness-gated energy-efficiency duty — none of which the generic landlord-maintenance clause states. Non-waivable except for a narrow tenant-delegation option (§504B.161, subd. 2) requiring adequate consideration and a conspicuous writing, which cannot waive common-area maintenance — not built into this clause as an option this session, flagged for a future session if Taylor wants to offer it. | MN re-audit 2026-09-03: confirmed Minn. Stat. §504B.161 subd. 1(b) makes these covenants NON-WAIVABLE — 'The parties ... may not waive or modify the covenants imposed by this section.' Subd. 2 allows a narrow exception: the landlord and tenant may agree in writing that the TENANT will perform specified repairs or maintenance, but only if supported by adequate consideration AND set forth in a conspicuous writing, and such an agreement may not waive subd. 1 or relieve the landlord of the duty to maintain COMMON AREAS. The original MN session did not record this. No body-text change made — the clause already states the duties affirmatively and does not attempt a waiver — but FLAGGED FOR TAYLOR: if Steinoak ever offers a tenant-performs-maintenance option for MN, it must carry adequate consideration, conspicuous formatting, and a common-areas carve-out, or it is void. | MN re-audit 2026-09-03, canvass pass 2: 'habitability operational duties' canvass topic resolved for MN — PRESENT and covered by this clause plus edu-renters-insurance-limits-mn. Enforcement mechanics confirmed as living outside this clause by design: rent escrow (§504B.385), tenant remedies action (§504B.395), emergency relief (§504B.381), and the code-violation notice track (§504B.185). Those are tenant-side procedures, not lease terms, consistent with the project's treatment of remedies elsewhere.",2026-08-23,2026-09-03
surrender-end-of-term-mn,Default & Termination,Surrender at End of Term,MN,TRUE,surrender-end-of-term,"Upon the expiration or earlier termination of this Lease, Tenant will surrender possession of the property and return all keys to Landlord immediately. The property will be left in the same condition as at the start of the Term, except for ordinary wear and tear, and free of all personal property of Tenant and any occupants. Personal property left at the property after Tenant vacates will be handled as described in this Lease's provision governing property abandoned after termination.",REQUIRED,LEASE_CLAUSE,VERIFIED,"MN added (Minnesota session, CO;WY-scoping resolution, supersedes generic surrender-end-of-term): follows the same pattern established for KS (`surrender-end-of-term-ks`) and NE (`surrender-end-of-term-ne`) — the generic clause's vague 'to the extent permitted by applicable law' language understates Minnesota's actual specific abandoned-property procedure (Minn. Stat. § 504B.271, 28-day hold + 14-day sale notice), which already has its own dedicated clause (`abandoned-property-mn`, drafted earlier this session). Rewritten to cross-reference that clause instead of restating a vaguer version of the same topic.",2026-08-23,2026-08-23
assistance-animal-accommodation-mn,Pets,Assistance Animal Accommodation,MN,TRUE,assistance-animal-accommodation,"A service animal or other assistance animal that Tenant or an Occupant needs as a reasonable accommodation for a disability is not considered a pet under this Lease, regardless of any pet policy, breed, weight, or size restriction stated elsewhere in this Lease. Landlord will not charge a pet deposit, pet rent, or other pet-related fee for a qualifying assistance animal. If the disability or the disability-related need for the animal is not readily apparent, Landlord may request documentation from a licensed professional confirming the disability and the need for the animal, as permitted under Minnesota law. Tenant remains responsible for any damage to the property caused by the animal beyond ordinary wear and tear. Misrepresenting a disability or an animal's status as a service or support animal may result in denial of Tenant's application or request.",REQUIRED,LEASE_CLAUSE,VERIFIED,"MN added (Minnesota session, CO;WY-scoping resolution): supersedes the generic assistance-animal-accommodation clause (currently KS;NE) for Minnesota specifically. Minn. Stat. § 504B.113 is materially more detailed than the generic FHA-baseline version: it defines a specific closed list of 'licensed professional' categories eligible to provide documentation (subd. 2), requires the lease to disclose the fee-prohibition if the landlord otherwise charges pet fees (subd. 3(b), already reflected in the fee-prohibition sentence here), and creates an application-denial remedy for misrepresentation (subd. 4-5, cross-referenced from the criminal-statute scope caveat logged separately this session — MN's criminal service-animal-misrepresentation statute, § 609.833, likely does not reach this housing scenario, so this lease-remedy sentence is the operative protection, not the criminal statute). | MN re-audit 2026-09-03: §504B.113 subd. 3(b) read in full — CONDITIONAL LEASE-DISCLOSURE DUTY confirmed. 'If a landlord requires an additional fee, charge, or deposit pursuant to a pet policy, the landlord must disclose in the lease the prohibition on additional fees, charges, or deposits for service or support animals under this section.' Subd. 3(c) gives the tenant an action to RECOVER pet fees paid where the landlord omitted the disclosure and the tenant shows they would have requested and likely received an accommodation. PRODUCT IMPLICATION, FLAGGED FOR TAYLOR: this clause is not merely available for MN leases — it becomes MANDATORY whenever the landlord charges any pet fee, deposit, or pet rent. Since pet-policy-mn carries {{pet_rent_amount}} and a pet deposit, any MN lease selecting pet-policy-mn must also force-include this clause or the landlord is exposed to fee recovery. The current builder lets the user pick clauses manually, so nothing enforces the pairing. This is a concrete instance of the REQUIRED-clause enforcement gap already flagged in the architecture review.",2026-08-23,2026-09-03
edu-cannabis-possession-mn,Compliance & Prohibited Terms,Tenants' Right to Legally Possess Cannabis and Hemp Products,MN,TRUE,,"Minnesota law (Minn. Stat. § 504B.171(c)) prohibits you from banning a tenant's legal possession of cannabis products, lower-potency hemp edibles, or hemp-derived consumer products, or their use of cannabinoid or hemp-derived products — this right is non-waivable. You can still prohibit consumption by combustion or vaporization (smoking or vaping) specifically, which is exactly what Steinoak's Smoking Policy clause does — it doesn't touch possession or non-smoking use, so it stays compliant. Where landlords get this wrong is writing a broader 'no marijuana' or 'no cannabis' clause instead of a smoking/vaping-specific one — that broader version would violate this statute.",PROHIBITED,LANDLORD_EDUCATION,VERIFIED,"MN added (Minnesota session, CO;WY-scoping resolution follow-up): companion education entry for the finding logged in §18 of the decision log. Checked directly against `smoking-policy` (already MN-tagged) — confirmed no conflict, since that clause is scoped to smoking/vaping only. This entry exists specifically to prevent a landlord from drafting a broader custom clause that would violate the statute.",2026-08-23,2026-08-23
edu-plain-language-contract-mn,Compliance & Prohibited Terms,Minnesota's Plain-Language Lease Requirement,MN,TRUE,,"If your lease term is three years or less, Minnesota's Plain Language Contract Act (Minn. Stat. §§ 325G.29-.37) applies to it, separately from the landlord-tenant code. It requires the lease to be written in clear and coherent language using words with common, everyday meanings, and to be appropriately divided and captioned. A violation is treated as a violation of law under Minn. Stat. § 8.31, which brings attorney general enforcement and a private right of action, and a court may reform or limit an offending provision to avoid an unfair result — rewriting the term rather than just reading it against you — where a material provision violates the Act, the tenant was substantially confused about rights, obligations, or remedies, and financial detriment resulted or is likely.

The limits matter as much as the rule. Making a good faith and reasonable effort to comply is a defense to civil penalties, and a landlord who made that effort may not be assessed attorney's fees or investigation costs at all — so a sincere attempt at plain drafting is a real safe harbor, not just mitigation. A tenant may recover actual damages only if the violation left them substantially confused. Class action fees against one landlord are capped at $10,000 total. Claims must be raised within six years of the tenant signing. Most importantly for you: a violation of this Act is NOT a defense to a claim arising from the tenant's own breach, and NOT a defense to an eviction action — a tenant cannot escape nonpayment by pointing at your lease's prose. Reformation relief is also unavailable once the lease's obligations have been fully performed, so the exposure is during the tenancy, not years after it ends. One timing note for month-to-month landlords: for purposes of this Act, periodic tenancies renew at the commencement of each rental period.",REQUIRED,LANDLORD_EDUCATION,VERIFIED,"MN added (Minnesota session, CO;WY-scoping resolution follow-up): companion education entry for the finding logged in §22 of the decision log (Minn. Stat. § 325G.30, subd. 2(3) defines 'consumer' to include anyone leasing residential premises for a term not exceeding three years, pulling most MN leases into this Act's coverage). This entry documents the obligation; it does NOT constitute an audit of Steinoak's clause library against § 325G.31's specific drafting requirements. FLAG FOR TAYLOR: a full plain-language audit of the library's drafting style is a separate, substantial future undertaking, not completed this session, and potentially relevant beyond Minnesota if other states have similar consumer-contract statutes not yet discovered. | CORRECTED 2026-09-03, same session: §325G.33 and §325G.37 read from primary text (revisor.mn.gov). THE PRIOR VERSION MISSTATED THE REMEDY. It said a violating lease 'isn't automatically void, but a court will construe any resulting ambiguity against you' — that is contra proferentem, a general contract doctrine, and is NOT what the statute provides. §325G.33 actually provides: (1) 'Any violation of section 325G.31 is a violation of a law under section 8.31, subdivision 1' — pulling in AG enforcement AND §8.31 subd. 3a's private-attorney-general right of action with costs and attorney fees, limited per §325G.34; and (2) 'In addition to the remedies provided in section 8.31, a court reviewing a consumer contract may reform or limit a provision so as to avoid an unfair result' on a three-part test — material provision violates §325G.31, the violation caused the consumer to be SUBSTANTIALLY CONFUSED about rights/obligations/remedies, and it has caused or is likely to cause FINANCIAL DETRIMENT. The court 'shall also make orders necessary to avoid unjust enrichment.' Bringing such a claim does not let the tenant withhold performance of an otherwise valid obligation. Judicial REFORMATION is a materially stronger remedy than adverse construction and the row understated it. NEW FINDING from §325G.37: 'For the purposes of this section periodic tenancies renew at the commencement of each rental period' — so a month-to-month lease is renewed monthly and re-subjected to the Act each period. Relevant to the Act's own grandfathering (contracts executed before 1983-07-01 are exempt, but renewals after that date are covered). STILL UNREAD, FLAGGED: §325G.34 'Limits on Remedies' — its text was not reached. The row references the limits' existence without characterizing them. Read before relying on the remedy description. §325G.35 (AG review) and §325G.16 (confession of judgment, previously resolved as scoped to consumer credit sales of personal property and not reaching real property leases) also remain unread in full. | COMPLETED 2026-09-03: §325G.34 'Limits on Remedies' read in full from revisor.mn.gov — the item flagged as unread in the previous note is now discharged, and the limits are substantial enough that omitting them made the row alarmist. Subd. 1: good faith and reasonable effort to comply is a DEFENSE to civil penalties. Subd. 2: a party who made that effort 'shall not be assessed attorney's fees or costs of investigation' — a genuine safe harbor, not merely mitigation. Subd. 3: class-action attorney fees and investigation costs against one person capped at $10,000 across any class action or series of class actions arising from a particular contract. Subd. 4: 'Violation of section 325G.31 is not a defense to a claim arising from a consumer's breach of a consumer contract or to an action for eviction' — LANDLORD-FAVORABLE AND IMPORTANT, a tenant cannot use lease prose to defeat a nonpayment eviction; and actual damages are recoverable only where the violation caused substantial confusion. Subd. 5: six-year statute of limitations running from the date the consumer executes the contract. Also captured from §325G.33 subd. 2's final sentence, missed in the prior pass: 'No relief shall be granted pursuant to this subdivision unless the claim is brought before the obligations of the contract have been fully performed' — reformation is a during-tenancy remedy only. NET EFFECT ON THE EARLIER RECOMMENDATION: the library-wide plain-language audit flagged at MN §27 item 5 and RA-9 item 2 remains worth doing, but its urgency drops — good-faith drafting effort is an affirmative defense to penalties and fees, and the Act cannot be used to defeat an eviction. Downgrading from a compliance risk to a quality issue. Still unread: §325G.35 (AG review) and §325G.16 (confession of judgment, previously resolved as not reaching real property leases).",2026-08-23,2026-09-03
edu-late-rent-reservation-fix-mn,Compliance & Prohibited Terms,Reserve Your Rights Every Time You Accept Late Rent,MN,TRUE,,"Minnesota follows a common-law rule: if you accept rent knowing the tenant has already breached the lease, you waive your ability to EVICT for that particular past breach. What survives is broader than most landlords assume — the late fee, the rent itself, damages, your right to insist on timely payment going forward, and eviction for any later or repeated breach all remain available. The doctrine reaches only past breaches you already knew about when you accepted payment. If the tenant repeats the conduct, you may bring a new eviction action. Two practical points from the Minnesota Supreme Court's September 2025 decision in Hook & Ladder Apartments v. Nalewaja: first, what matters is your objective conduct, not what you privately intended, and simply receiving a payment and doing nothing counts as accepting it. Second, you can avoid acceptance by acting promptly — telling the tenant (or the housing agency) that you do not accept the payment, attempting to return it, segregating it, placing it in escrow, or not spending it. Whether a standing non-waiver clause in your lease defeats the doctrine is an OPEN question in Minnesota — the Supreme Court expressly declined to decide it and sent it back to the district court. Do not rely on lease boilerplate alone; act promptly at the time of acceptance.",RECOMMENDED,LANDLORD_EDUCATION,VERIFIED,"MN CORRECTED (MN re-audit 2026-09-03). Prior version was wrong in BOTH directions, the same failure shape the NE re-audit found, because it was inherited from NE reasoning rather than researched on Minnesota law (see MN log §5a.1 propagation note). (1) OVERSTATED the loss: prior text said the landlord waives the right to evict 'or otherwise act on that specific breach.' Hook & Ladder Apartments, L.P. v. Nalewaja, A23-1048 (Minn. Sept. 24, 2025), full opinion read directly, confirms the doctrine bars only eviction for that past known breach; footnote 5 expressly limits it to evictions for material breach and distinguishes the separate waiver rules for holdover and nonpayment. Gluck v. Elkan (1886) and Zotalis v. Cannellos (1917): waiver of a past breach does not relieve future performance or bar eviction for repeated breaches. (2) UNDERSTATED/OVERSTATED certainty on the fix: prior text asserted flatly that 'this isn't something a standing lease clause can fix.' That is NOT settled Minnesota law — Hook & Ladder squarely raised the lease's non-waiver clause and the Court said 'We decline to address this issue, which should be decided in the first instance by the district court.' Minnesota's answer to the KS-style standing-clause question is genuinely OPEN, exactly as MN §16 originally left it. RULE TYPE: common law, not statutory — differs from NE (§76-1433) and confirms MN never had a statutory analog. Hook & Ladder also overruled Westminster Corp. v. Anderson (Minn. App. 1995), extending the doctrine to Section 8 / public-housing-agency payments. NOTE ON TIMING: this decision issued 2025-09-24, ELEVEN MONTHS BEFORE MN's original session (2026-08-23) — a research miss, not a currency lapse.",2026-09-03,2026-09-03
possession-delay-mn-new-construction,Default & Termination,Delayed Occupancy Due to New Construction,MN,TRUE,,"If the property is new construction, including a new building, rehabilitation, reconstruction, or an addition, and Landlord knows the property will not be ready for occupancy by the Start Date, Landlord will notify Tenant in writing at least seven days before the Start Date. The notice will offer Tenant a choice of: (1) alternative housing provided by Landlord, reasonably equivalent in size, amenities, and location, until the property is ready; (2) a payment from Landlord equal to the Rent, to help cover the cost of alternative housing Tenant arranges; or (3) the right to terminate this Lease. If Tenant chooses option (1) or (2) and the property is still not ready within 90 days of the original Start Date, Tenant may then terminate this Lease.",REQUIRED,LEASE_CLAUSE,VERIFIED,"MN added (Minnesota session, non-blocking item follow-up): dedicated CONDITIONAL clause for the narrower statutory scenario flagged in §27, item 2. Minn. Stat. § 504B.153 — applies specifically when the property is 'new construction' (statutory definition: new building, rehabilitation, modification, reconstruction, or addition). Non-waivable (subd. 3). Landlord's violation remedy: greater of one month's rent, $1,000, or actual damages, plus attorney fees (subd. 4) — not restated in the tenant-facing clause, kept as landlord-facing awareness consistent with this project's established pattern. This clause supplements, not replaces, the generic `possession-delay` clause already extended to MN — that clause remains the default for ordinary (non-new-construction) delivery delays; this one applies specifically when the new-construction trigger is present. No `supersedes` set, since both can coexist depending on property type.",2026-08-23,2026-08-23
security-deposit-return-nd,Security Deposit,Return of Security Deposit,ND,TRUE,security-deposit-return,"Within thirty days after termination of this Lease and delivery of possession of the property -- or, where North Dakota law sets a different trigger for the start of that period, within thirty days after that trigger -- Landlord will deliver or mail to Tenant the Security Deposit, together with any interest required by North Dakota law, less any lawful deductions, along with a written itemization of any amounts withheld. If the Security Deposit remains unclaimed by Tenant for one year after termination of this Lease, Landlord will report and remit it as required by North Dakota's unclaimed property law.",REQUIRED,LEASE_CLAUSE,VERIFIED,"N.D.C.C. § 47-16-07.1(1),(3),(4). Interest owed only if occupancy was 9+ months per statute; not restated as a condition in the clause text itself. Same product gap as Minnesota: Steinoak doesn't yet calculate or disclose a deposit-interest amount anywhere in the builder — recommend a single shared fix covering both states rather than two separate ones. | § 47-30.2-04 VERIFIED FROM PRIMARY 2026-09-06 (ndlegis.gov/cencode/t47c30-2.pdf), previously cited but never read. Subsection (15) expressly enumerates 'A security deposit, including interest on the security deposit, made in advance by a person to secure an agreement for rights of services, less any lawsuit deductions, which remains unclaimed by the owner for more than one year after termination of the agreement' -- the one-year figure in this clause is confirmed and security deposits are a named category, not a residual catch-all. CAUTION ON THE CROSS-REFERENCE: § 47-16-07.1(3) sends the reader to '§ 47-30.2-04' for 'the reporting requirements', but 47-30.2-04 is the PRESUMPTION section and contains no reporting duty at all. The actual holder duties sit at §§ 47-30.2-21 through 47-30.2-32. The statute's own cross-reference is imprecise; a reader following it lands on a section that does not say what the referring statute claims. Duties now captured at edu-unclaimed-deposit-holder-duties-nd. Note also ch. 47-30.1 (the prior Uniform Unclaimed Property Act) was repealed by S.L. 2021 ch. 337 § 22 and replaced by ch. 47-30.2 effective 2021-07-01 -- any pre-2021 secondary source on ND deposit escheat is superseded. | AMENDED 2026-09-06 at Taylor's direction. The clause promised return within thirty days of termination-and-delivery-of-possession without qualification. N.D.C.C. § 47-16-17.1(8) does not change the thirty days; it REPLACES THE TRIGGERING EVENT in a domestic violence termination -- (a) sole victim tenant: the first day of the month following vacatur; (b) co-tenants still bound: expiration of the lease. On a 14-month lease where the victim leaves in month three, (b) lands roughly eleven months later than the unqualified clause promised. WHY THIS MATTERED DESPITE RUNNING TENANT-FAVOURABLE: a lease term more generous than statute is enforceable AS A CONTRACT TERM, so a landlord following the clause pays out far earlier than required, and a landlord following the statute breaches their own lease. The generated document was manufacturing that bind. WORDING CHOSEN DELIBERATELY NEUTRAL ('where North Dakota law sets a different trigger') rather than naming domestic violence, so a routine deposit clause does not surface DV to every tenant. The specifics stay in edu-dv-deposit-timing-nd, which is where a landlord looks when it is actually relevant. The neutral phrasing also captures any future statutory trigger substitution without a further edit.",2026-08-24,2026-09-06
edu-security-deposit-cap-nd,Security Deposit,Security Deposit Amount Limits,ND,TRUE,,"North Dakota caps the security deposit at one month's rent, with two distinct paths to two months: you may choose to accept up to two months from a tenant with a felony conviction, as an incentive to rent to them, or you may demand up to two months from a tenant who has a prior judgment against them for violating a previous rental agreement. This is different from a general ""poor credit"" exception — several online guides get this wrong.",CONSTRAINED,LANDLORD_EDUCATION,VERIFIED,N.D.C.C. § 47-16-07.1(1)(a)-(b).,2026-08-24,2026-08-24
edu-security-deposit-pet-cap-nd,Security Deposit,Separate Pet Deposit Cap,ND,TRUE,,"You may charge a separate pet security deposit, capped at the greater of $2,500 or two months' rent. This deposit cannot be charged for a service or companion animal required as a disability accommodation.",CONSTRAINED,LANDLORD_EDUCATION,VERIFIED,N.D.C.C. § 47-16-07.1(2).,2026-08-24,2026-08-24
edu-security-deposit-interest-required-nd,Security Deposit,Deposit Must Be Held in an Interest-Bearing Account,ND,TRUE,,"North Dakota requires you to hold the security deposit in a federally insured, interest-bearing savings or checking account for the tenant's benefit. If the tenant occupied the property nine months or longer, you must pay them the accrued interest when the deposit is returned.",REQUIRED,LANDLORD_EDUCATION,VERIFIED,"N.D.C.C. § 47-16-07.1(1). Second state (after MN) requiring this — underlying calculation feature is a shared product-backlog item, not a per-state one.",2026-08-24,2026-08-24
edu-security-deposit-successor-owner-nd,Security Deposit,A New Owner Inherits Your Deposit Obligations,ND,TRUE,,"If you sell or transfer the property, the security deposit and accrued interest transfer to the new owner. You aren't released from liability until that transfer actually happens, and the new owner is bound by North Dakota's deposit rules even though they didn't originally receive the deposit.",RECOMMENDED,LANDLORD_EDUCATION,VERIFIED,N.D.C.C. § 47-16-07.1(5).,2026-08-24,2026-08-24
edu-security-deposit-noncompliance-penalty-nd,Security Deposit,Penalty for Withholding the Deposit Without Justification,ND,TRUE,,"If you withhold security deposit money without reasonable justification, North Dakota law makes you liable for treble (triple) damages.",PROHIBITED,LANDLORD_EDUCATION,VERIFIED,N.D.C.C. § 47-16-07.1(4).,2026-08-24,2026-08-24
assistance-animal-accommodation-nd,Pets,Service and Assistance Animals,ND,TRUE,assistance-animal-accommodation,"A service animal or other assistance animal that Tenant or an Occupant needs as a reasonable accommodation for a disability is not considered a pet under this Lease, regardless of any pet policy, breed, weight, or size restriction stated elsewhere in this Lease. Landlord will not charge a pet deposit, pet rent, or other pet-related fee for a qualifying assistance animal. Landlord may not request documentation of the disability or the disability-related need for the animal if it is readily apparent or already known to Landlord. If Landlord requests documentation, it must come from a medical or other qualified professional who does not operate solely to provide certifications for service or assistance animals. Tenant remains responsible for any damage to the property caused by the animal beyond ordinary wear and tear. Knowingly making a false claim that a pet is a service or assistance animal, or knowingly providing fraudulent supporting documentation, is a violation of North Dakota law and may result in denial of Tenant's request.",REQUIRED,LEASE_CLAUSE,VERIFIED,"N.D.C.C. §§ 47-16-07.5, 47-16-07.6. Anti-letter-mill provision (documentation must come from a provider not operating solely to certify service/assistance animals) is ND-specific detail beyond the generic FHA-baseline clause. Amended in the 2025 session (SB 2222); current effect confirmed via corroborating 2026-dated secondary sources, not yet independently read against the enacted bill text directly. Exact statutory penalty for false claims not independently verified against primary text and intentionally left unstated as a specific number in this clause.",2026-08-24,2026-08-24
abandoned-property-nd,Default & Termination,Property Abandoned After Termination,ND,TRUE,,"If Tenant abandons property with a total estimated value of $2,500 or less on the premises after termination of this Lease, Landlord may retain and dispose of it without legal process 28 or more days after Landlord received actual notice, or it reasonably appears to Landlord, that Tenant has vacated the premises. Landlord is entitled to the proceeds from any sale of the property and may recover from the Security Deposit any storage and moving expenses in excess of those proceeds.",CONDITIONAL,LEASE_CLAUSE,VERIFIED,"N.D.C.C. § 47-16-30.1, full primary text confirmed via FindLaw. The statute doesn't address property valued above $2,500 in this section — open question whether higher-value abandoned property requires formal legal process instead; not resolved here. Post-eviction removal (after judgment + special execution served) creates a landlord's lien for storage/moving costs, subordinate to any prior perfected security interest — kept as landlord-facing detail only, not folded into this tenant-facing clause.",2026-08-24,2026-08-24
edu-self-help-eviction-ban-nd,Default & Termination,Self-Help Eviction Is Prohibited,ND,TRUE,,"North Dakota law imposes treble (triple) damages on anyone who forcibly ejects or excludes another person from possession of real property. This applies to a landlord who locks out a tenant, shuts off utilities, or otherwise forces a tenant out without going through the court eviction process — you're exposed to three times the tenant's actual damages.",PROHIBITED,LANDLORD_EDUCATION,VERIFIED,"N.D.C.C. § 32-03-29, full primary text confirmed (provided directly by Taylor): ""For forcibly ejecting or excluding a person from the possession of real property, the measure of damages is three times such a sum as would compensate for the detriment caused to the person by the act complained of."" This is a general Title 32 damages-measure statute, not a landlord-tenant-specific provision enumerating locks/utility shutoffs by name -- the broad ""excluding a person from possession"" language covers those tactics as applied to a landlord-tenant self-help eviction, but the statute itself doesn't name them individually. Upgraded from the earlier weaker-evidence-tier sourcing (a quote-styled secondary source) to full primary-source verification.",2026-08-24,2026-08-24
edu-entry-notice-content-nd,Access & Entry,What North Dakota's Entry Rules Require,ND,TRUE,,"North Dakota doesn't set a specific number of hours of advance notice for landlord entry. Instead, unless it's impractical, you must first notify the tenant and get their consent — which can't be unreasonably withheld — and your notice must identify a specific time. If the tenant doesn't object after receiving notice of that time, consent is presumed. Entry is limited to reasonable hours and manner, and only for specific purposes: inspecting the premises, making necessary or agreed repairs, supplying necessary or agreed services, or showing the unit to prospective purchasers, insurers, mortgagees, agents, tenants, or workers. You may not abuse the right of access or use it to harass or intimidate the tenant.",CONSTRAINED,LANDLORD_EDUCATION,VERIFIED,"N.D.C.C. § 47-16-07.3. No numeric notice-hours requirement (structurally similar to Wyoming's absence-of-a-number finding), but more prescriptive than WY on process: actual consent required (not just notice), tied to a specific ('time certain') entry window, with an enumerated purpose list. Emergency-entry exception referenced by secondary sources (e.g. citing subsection (1)) but exact statutory emergency-entry language not yet independently confirmed from primary text — flagged for follow-up.",2026-08-24,2026-08-24
edu-limited-retaliation-protection-nd,Notices & General,Retaliation Protection Is Narrower Than in Other States,ND,TRUE,,"North Dakota has no general law protecting tenants from retaliation for exercising ordinary lease or habitability rights -- unlike Colorado, Kansas, and Nebraska. A tenant who simply reports a maintenance problem or code violation has no statutory retaliation protection. Two narrower protections do exist. Under the housing discrimination chapter it is a discriminatory practice to coerce, intimidate, threaten, or interfere with anyone for exercising or enjoying a right granted by that chapter, or for having aided or encouraged someone else to do so. And separately, a narrow protection applies to tenants and applicants connected to a domestic violence lease termination -- see the guidance on domestic violence information and non-disclosure for that duty and the damages a court may award for breaching it.",PROHIBITED,LANDLORD_EDUCATION,VERIFIED,"CORRECTED at ND re-audit 2026-09-06 -- WRONG CHAPTER. The prior version cited N.D.C.C. § 14-02.4-18 (Human Rights, 'Retaliation prohibited') for housing-discrimination retaliation, on J.J. Keller sourcing. Primary text of BOTH chapters now read (ndlegis.gov/cencode/t14c02-4.pdf and t14c02-5.pdf). § 14-02.4-18 protects a person who opposed an unlawful practice or complained 'in violation of this chapter' / 'under this chapter' -- and ch. 14-02.4's HOUSING sections are REPEALED: 14-02.4-12 (Discriminatory housing practices by owner or agent) repealed S.L. 1999 ch. 134 § 4; 14-02.4-12.1 repealed S.L. 2001 ch. 145 § 14; 14-02.4-13 (financial institution or lender) repealed S.L. 1999 ch. 134 § 4. Housing moved to ch. 14-02.5. So § 14-02.4-18 no longer reaches a housing complaint at all, and the row cited a live section that does not cover the conduct described. CORRECT CITATION IS § 14-02.5-45(2): 'It is a discriminatory practice to coerce, intimidate, threaten, or interfere with any individual in the exercise or enjoyment of, or on account of the individual having exercised or enjoyed, or on account of the individual having aided or encouraged any other individual in the exercise or enjoyment of, any right granted or protected by this chapter.' Note it is BROADER than the old framing in one respect -- it protects exercising ANY right under ch. 14-02.5, not only filing a complaint -- and § 14-02.5-45(1) makes force-or-threat intimidation a class A misdemeanour. § 14-02.4-01's policy statement still recites 'housing', which is likely what misled the secondary source; a policy statement is not an operative prohibition. The row's core holding -- ND has NO general habitability/rights-exercise retaliation statute -- survives unchanged and is now primary-verified. Second protection (§ 47-16-17.1(10)) unchanged; operative duty and remedy at edu-dv-confidentiality-nd. | 2026-09-06, Taylor's direction: the § 47-16-17.1(10) duty is no longer restated here. edu-dv-confidentiality-nd is canonical for it and carries the remedy (§ 47-16-17.1(11)); this row now cross-references rather than duplicating, preserving both reader entry points -- 'what retaliation rules apply in ND?' and 'what do I owe a DV-terminating tenant?' -- with one source of truth. This row's own holding (ND has NO general habitability/rights-exercise retaliation statute, and § 14-02.5-45(2) is the discrimination-side protection) is unchanged.",2026-08-24,2026-09-06
edu-nonpayment-notice-nd,Default & Termination,Notice Required Before Filing for Nonpayment,ND,TRUE,,"If a tenant hasn't paid rent within three days of the due date, you may pursue eviction — but you must first give three days' written notice of intent to evict before filing in district court.",REQUIRED,LANDLORD_EDUCATION,VERIFIED,"N.D.C.C. §§ 47-32-01(4), 47-32-02, both confirmed from primary FindLaw/LawServer text. No statutory cure right for nonpayment — straight to eviction filing after the 3-day notice expires.",2026-08-24,2026-08-24
termination-by-death-nd,Default & Termination,Termination Upon Death of Tenant,ND,TRUE,,"If Tenant dies, either a surviving co-tenant or Tenant's estate may elect to terminate this Lease. If terminated under this option, the Lease ends on the last day of the month following the month in which Tenant died, unless the Lease term would have expired sooner. Tenant's estate remains responsible for rent through that termination date.",CONDITIONAL,LEASE_CLAUSE,VERIFIED,"N.D.C.C. § 47-16-18, full text confirmed via FindLaw. Corroborated by the North Dakota Apartment Association's own 2025 landlord-tenant handbook, which independently describes the same liability window (month of death plus one additional month, then termination). First state in this project where tenant-death termination is Present rather than Confirmed Absent (CO/WY/KS/NE all confirmed absent) — genuinely new finding for the named-topic checklist. Property removal after death uses the same mechanism as abandoned-property-nd (Letters Testamentary, or 28-day abandoned-property treatment if unavailable) — not restated here.",2026-08-24,2026-08-24
edu-fair-housing-additions-nd,Disclosures,North Dakota Adds Protected Classes Beyond Federal Fair Housing Law,ND,TRUE,,"Beyond the federal Fair Housing Act's protected classes (race, color, religion, sex, familial status, national origin, disability), North Dakota law also prohibits housing discrimination based on age, marital status, and receipt of public assistance.",PROHIBITED,LANDLORD_EDUCATION,VERIFIED,"N.D.C.C. Chapter 14-02.5 (Housing Discrimination Act), confirmed via primary ndlegis.gov text (definitions section lists race, color, religion, sex, disability, age, familial status, national origin, or status with respect to marriage or public assistance). Statewide protection, not municipal-only — a stronger version of the pattern Nebraska showed only at the Lincoln/Omaha level. IMPORTANT: this prohibition is subject to the § 14-02.5-09 exemptions -- see edu-fair-housing-exemptions-nd. The original row stated the prohibition flatly with no exemption, which for Steinoak's core customer (a small landlord) may overstate the duty. Primary text of the whole chapter read 2026-09-06 (ndlegis.gov/cencode/t14c02-5.pdf); the substantive holding of this row is CONFIRMED CORRECT and is now primary-sourced rather than secondary-sourced.",2026-08-24,2026-09-06
edu-housing-voucher-protection-nd,Disclosures,"Cannot Refuse Applicants Receiving Public Assistance, Including Vouchers",ND,TRUE,,"You may not refuse to rent to a prospective tenant because they receive public assistance, and North Dakota defines that to expressly include a tenant receiving federal, state, or local rental subsidies, rental assistance, or rent supplements -- which covers housing choice vouchers. This is a source-of-income protection under the fair housing law, not a requirement that you enrol in HUD's voucher programme, but you cannot decline an applicant for planning to pay with one. It is subject to the small-landlord exemptions in the same chapter.",PROHIBITED,LANDLORD_EDUCATION,VERIFIED,"N.D.C.C. § 14-02.5-02, confirmed via Nolo (a reliable secondary legal-reference source), corroborated against the primary § 14-02.5 protected-class list already confirmed for edu-fair-housing-additions-nd. Several industry guides cite this to the wrong subsection (§14-02.5-07, which is actually 'Residential real estate-related transaction') — logged to warn off the same error in the future. IMPORTANT: this prohibition is subject to the § 14-02.5-09 exemptions -- see edu-fair-housing-exemptions-nd. The original row stated the prohibition flatly with no exemption, which for Steinoak's core customer (a small landlord) may overstate the duty. Primary text of the whole chapter read 2026-09-06 (ndlegis.gov/cencode/t14c02-5.pdf); the substantive holding of this row is CONFIRMED CORRECT and is now primary-sourced rather than secondary-sourced. Miscitation warning retained: § 14-02.5-07 is 'Residential real estate-related transaction' (selling, brokering, appraising, lending) -- now confirmed from primary text, so the industry guides citing it for a rental rule were definitively wrong. Operative section is § 14-02.5-02(1)-(2). | UPGRADED 2026-09-06 from inference to EXPRESS TEXT. The original row reasoned that 'public assistance' plausibly covered voucher holders. It does so expressly: § 14-02.5-01 provides that 'the definitions in section 14-02.4-02 may be used to supplement the definitions in this chapter', and § 14-02.4-02(19) defines 'status with regard to public assistance' as 'the condition of being a recipient of federal, state, or local assistance, including medical assistance, or of being a tenant receiving federal, state, or local subsidies, including rental assistance or rent supplements.' The voucher case is named in the definition, not inferred into it. Caveat preserved honestly: 14-02.5-01 says the 14-02.4-02 definitions 'MAY be used to supplement' -- permissive, not mandatory incorporation. No ND case law located construing that phrase; recorded rather than resolved.",2026-08-24,2026-09-06
smoke-detector-duty-nd,Landlord Responsibilities,Smoke Detector Requirement,ND,TRUE,,"The property will be equipped with a smoke detection system or other approved alarm system, installed and maintained in compliance with applicable national fire protection standards as adopted by the State Fire Marshal. If the property is a single-family rental dwelling, Tenant is responsible for maintaining and inspecting the system. In any other dwelling, Landlord is responsible for installation and for ensuring the system operates properly upon Tenant's occupancy, and Tenant is responsible for maintaining it during the tenancy. If Tenant is deaf and requests one in writing, Landlord will provide an approved visual smoke detection system or other visual fire alarm system.",REQUIRED,LEASE_CLAUSE,VERIFIED,"N.D.C.C. § 23-13-15, WHOLE SECTION read from primary text at ND re-audit 2026-09-06 (ndlegis.gov/cencode/t23c13.pdf). Previously FindLaw-sourced and never primary-verified. Title 23 is Health and Safety -- outside the core landlord-tenant title. CORRECTED, three defects: (a) The prior body opened 'Landlord will install and maintain a smoke detection system', then said the tenant maintains in a single-family rental -- internally contradictory. The statute assigns maintenance and inspection in a single-family rental dwelling to the TENANT; the landlord's install-and-ensure-operation duty attaches to 'other dwellings'. Rewritten to track the statute's own split. (b) The prior row OMITTED § 23-13-15(1)'s opening exception -- 'All residential rental property with the exception of property covered by section 23-09-02.1'. § 23-09-02.1 sits in ch. 23-09 (Food and Lodging Establishments and Assisted Living Facilities) and requires LODGING ESTABLISHMENTS and ASSISTED LIVING FACILITIES to install devices approved by the department in cooperation with the state fire marshal instead. Those properties are outside § 23-13-15 entirely. DO NOT CONFLATE with § 47-16-19's 'lodgings' -- that is a landlord-tenant term for room/periodic rentals; 'lodging establishment' in ch. 23-09 is a licensed hospitality category. Different concepts, similar words. (c) The prior row folded the deaf-tenant exemption into the clause body ('unless Landlord's total rental property is a single building of four units or fewer'). Removed from tenant-facing text: § 23-13-15(2)'s exemption is a fact about the landlord's whole portfolio, not a term of this tenancy, and reciting it in the lease tells a deaf tenant their request may be refused on facts they cannot verify. Exemption preserved here: a landlord is not subject to (2) if their rental property does not exceed one building AND that building does not exceed four residential dwelling units. Both limbs required. ALSO NOW RECORDED: § 23-13-15(3) preserves ch. 54-21.3 (State Building Code) for NEWLY CONSTRUCTED residences -- this section does not displace it. § 23-13-15(4): willful failure to INSTALL (not to maintain) is a class B misdemeanour. FLAG CORRECTED 2026-09-06 after reading N.D. Admin. Code ch. 33-33-05 from primary text (ndlegis.gov/prod/acdata/pdf/33-33-05.pdf). An earlier note in this same session identified ch. 33-33-05 (Smoke Detector Rules) as the fire marshal rules incorporated by reference into § 23-13-15. THAT WAS WRONG on two counts. (1) Every section of ch. 33-33-05 carries 'General Authority: NDCC 23-01-03(3), 23-09-02.1' and 'Law Implemented: NDCC 23-09-02.1' -- it implements § 23-09-02.1, which is the section § 23-13-15 EXCLUDES. Ch. 33-33-05 governs lodging establishments and assisted living facilities, i.e. exactly the properties outside this clause. (2) They are State Department of Health rules (Title 33), not fire marshal rules. INCORPORATION-BY-REFERENCE NOW RESOLVED 2026-09-06: N.D. Admin. Code art. 45-18, ch. 45-18-01, read from primary (ndlegis.gov/information/acdata/pdf/45-18-01.pdf), effective 2024-01-01. § 45-18-01-04 defines the State Fire Code as (1) the fire-safe construction and operation provisions of the State Building Code effective 2023-01-01 per N.D.C.C. § 54-21.3-03, and (2) the INTERNATIONAL FIRE CODE, 2021 edition (International Code Council), with enumerated ND modifications. So the compliance standard in this clause is a PRIVATELY PUBLISHED MODEL CODE, obtainable per § 45-18-01-05 only from the ICC or NFPA. See edu-fire-code-standard-nd. Recording the mechanism of the error because it is instructive: R.23 of this session flagged the risk of confusing § 47-16-19 'lodgings' with ch. 23-09 'lodging establishment', and the very next flag written in that same row fell into an adjacent version of the same trap -- attributing a lodging-establishment rule to the general residential-rental statute.",2026-08-24,2026-09-06
edu-payment-method-fee-ban-nd,Rent & Payment,"Cannot Charge a Fee for Accepting Cash, Check, or Money Order",ND,TRUE,,"You may not charge a tenant a fee just for accepting cash, a check, or a money order as payment of rent or any other payment required under the lease. This is separate from a returned or bounced-check fee, which is a different topic governed by general banking law, not this section.",PROHIBITED,LANDLORD_EDUCATION,VERIFIED,"N.D.C.C. § 47-16-20.1, full enacted text: ""A landlord may not charge a tenant a fee to accept cash, a check, or a money order for the payment of rent or any other payment required by the landlord under a lease for real property."" Text provided directly by Taylor, confirming this session's earlier hypothesis (this section bans payment-method acceptance fees, not returned-check/NSF fees, which remain governed separately by Title 6 § 6-08-16). Resolves one of the three previously-blocked 2025 legislative items flagged earlier in this decision log.",2026-08-24,2026-08-24
fire-casualty-termination-nd,Default & Termination,Termination Due to Fire or Casualty Damage,ND,TRUE,,"If the greater part of the property, or the part that was Tenant's material reason for entering into this Lease, is destroyed or damaged through no fault of Tenant, Tenant may terminate this Lease. This Lease also terminates automatically if the property is destroyed.",CONDITIONAL,LEASE_CLAUSE,VERIFIED,"N.D.C.C. §§ 47-16-14(4), 47-16-17(2), full primary text confirmed via complete Chapter 47-16 text provided directly by Taylor. CORRECTS an earlier conclusion in this decision log that fire/casualty termination was 'likely confirmed absent, weaker evidence' based on the absence of a KS/NE-style dedicated numbered section — ND's mechanism is structurally different (general lease-termination-grounds provisions, not a fire-specific section) but the underlying right is genuinely present. No rent-reduction/partial-vacate mechanic like KS/NE offer — ND's version is an all-or-nothing termination right, not a proportional one.",2026-08-24,2026-08-24
edu-double-letting-prohibited-nd,Landlord Responsibilities,Double-Letting a Room Is Prohibited,ND,TRUE,,"If you rent out a room as a dwelling to more than one tenant, the first tenant you rented any part of it to is entitled to the whole room for their full term. Every other tenant in the building under your ownership is relieved of all rent obligations for as long as the double-letting continues.",PROHIBITED,LANDLORD_EDUCATION,VERIFIED,"N.D.C.C. § 47-16-26, full primary text confirmed via complete Chapter 47-16 text provided directly by Taylor. Genuinely new finding — no CO/WY/KS/NE/MN analog on the consolidated named-topic checklist. Narrow but real: a rent-abatement remedy for double-booking a single room, applying building-wide under the same landlord for as long as the double-letting continues.",2026-08-24,2026-08-24
edu-early-termination-grounds-nd,Default & Termination,Grounds for Early Termination Outside the Eviction Process,ND,TRUE,,"Beyond the formal eviction process, North Dakota law gives each party an independent right to end the lease early in narrow circumstances. You may terminate if Tenant uses the property in a way contrary to the lease, or fails to make repairs Tenant is responsible for within a reasonable time after a request. Tenant may terminate if you don't fulfill your obligations (quiet possession, habitable condition, repairs) within a reasonable time after a request, or if the greater or most important part of the property is destroyed through no fault of Tenant.",CONDITIONAL,LANDLORD_EDUCATION,VERIFIED,"N.D.C.C. §§ 47-16-16, 47-16-17, full primary text confirmed via complete Chapter 47-16 text provided directly by Taylor. Distinct from the Chapter 47-32 eviction process (nonpayment, holdover, lease violation) — these are direct contractual termination rights under Chapter 47-16 itself, available to either party without going through eviction.",2026-08-24,2026-08-24
edu-no-cure-eviction-grounds-nd,Default & Termination,Eviction Grounds and Which Ones Require Notice,ND,TRUE,,"North Dakota law lists eight grounds for eviction. Only four of them require you to give notice first: holdover or nonpayment of rent, holdover after a sale or contract-for-deed cancellation, wrongful possession after a partition judgment or judicial sale, and violation of a material term of a written lease. For those four you must give three days' written notice of intention to evict before filing. The other four grounds -- forcible or fraudulent entry, turning out the occupant by force, holding possession by force or threats, and a tenant or their guest acting in a manner that unreasonably disturbs other tenants' peaceful enjoyment -- require no advance notice at all. In no case does North Dakota law give the tenant a right to cure: the three-day notice is a notice of intention to evict, not a notice to fix the problem.",CONDITIONAL,LANDLORD_EDUCATION,VERIFIED,"CORRECTED at ND re-audit 2026-09-06 against primary text of N.D.C.C. ch. 47-32 (ndlegis.gov/cencode/t47c32.pdf, full chapter read). The prior version of this row was materially FABRICATED: it described eviction without a cure opportunity for 'drug-related criminal activity, violence or threats of violence, or other conduct presenting an immediate threat to health, safety, or property.' No such ground exists in 47-32-01. That grounds list is Kansas/Nebraska architecture imported wholesale from secondary sources during ND's original pass and shipped VERIFIED. Actual 47-32-01 grounds: (1) forcible/intimidation/fraud/stealth entry and detainer; (2) turning out the possessor by force, threats, or menacing conduct after peaceable entry; (3) holding possession by force or menaces and threats of violence; (4) lessee holds over after termination/expiration, or fails to pay rent for three days after rent is due; (5) possession continued after judicial sale/redemption expiry/deed delivery/contract-for-deed cancellation; (6) wrongful possession after partition judgment or court-ordered sale; (7) lessee or person present with lessee's consent unreasonably disturbs other tenants' peaceful enjoyment; (8) lessee violates a material term of the WRITTEN lease. 47-32-02 attaches the three-day notice to subsections 4, 5, 6, and 8 only -- grounds 1, 2, 3 and 7 require none. Ground 7 is ND's real fast-track: no notice whatsoever. Note ground 8 reaches only WRITTEN leases. The prior row's second sentence (no general cure right) was correct and is retained. Also removes a Python tuple-repr serialization artifact that had leaked into this row's notes field.",2026-08-24,2026-09-06
edu-carbon-monoxide-alarm-requirement-nd,Landlord Responsibilities,Carbon Monoxide Alarm Requirement,ND,TRUE,,"If a dwelling unit has a fuel-fired appliance installed, or has an attached garage, an approved carbon monoxide alarm must be installed outside each sleeping area in the immediate vicinity of the bedrooms, on every habitable level, and in each bedroom or its attached bathroom containing a fuel-fired appliance. If more than one alarm is required in a unit, they must be interconnected so that one activating sets off all of them. Alarm systems must be installed under the supervision of a master or class B electrician.",REQUIRED,LANDLORD_EDUCATION,VERIFIED,"N.D. Admin. Code § 24.1-06-01-40(3), read from the OFFICIAL Legislative Council PDF at ndlegis.gov/information/acdata/pdf/24.1-06-01.pdf on 2026-09-06. State Electrical Board rule under the State Building Code framework, not a Century Code statute -- a different source of law from smoke-detector-duty-nd (N.D.C.C. § 23-13-15). K.4 STALE-SOURCE CATCH: the original row was sourced from regulations.justia.com, whose banner read 'Current through Supplement No. 394, October, 2024'. The rule's own history line reads 'Effective April 1, 2017; amended effective October 1, 2020; July 1, 2024; July 1, 2026.' The original source therefore PREDATED the July 1, 2026 amendment and was stale by construction at the time it was relied on. The substance checks out against current text, so no substantive correction is required -- but the row was carrying a figure-accurate holding on a source that could not have known about the most recent amendment. Now primary and current-cite. ADDED: the chapeau's installation requirement (master or class B electrician supervision), previously omitted. ALSO IN THE SECTION, not folded into this row: new construction alarm systems must draw primary power from building wiring with battery backup on interruption, wiring permanent and without a disconnecting switch other than overcurrent protection; and § 24.1-06-01-40(4) requires smoke alarms, premise-powered and interconnected, in rooms and areas of dwelling units, basements and attached garages containing an ENERGY STORAGE SYSTEM (battery/solar storage) -- a modern requirement with no analogue in any other state's rows in this library.",2026-08-24,2026-09-06
edu-fraudulent-misrepresentation-nd,Notices & General,A Lease Induced by Fraud Can Be Terminated,ND,TRUE,,"If a tenant entered into this lease based on fraudulent misrepresentations, they may terminate the lease and are entitled to the return of their security deposit plus any accrued interest.",PROHIBITED,LANDLORD_EDUCATION,VERIFIED,"N.D.C.C. § 47-16-07.4, full primary text confirmed via complete Chapter 47-16 text provided directly by Taylor. Landlord-facing awareness item rather than lease-clause language, since this is a tenant remedy for landlord misconduct (fraud in inducement) rather than something the lease itself needs to grant or restrict.",2026-08-24,2026-08-24
edu-eviction-record-sealing-nd,Default & Termination,Tenants Can Petition to Seal Eviction Records,ND,TRUE,,"A tenant subject to an eviction order for nonpayment of rent or damage to the premises, who has resolved all nonpayment and damage claims, may move to seal the eviction court records seven years after the order has been satisfied -- provided they have not been evicted from another property during the seven years following the eviction. Separately, a tenant who was subjected to domestic violence during the tenancy and was evicted because of a domestic violence incident may move to seal immediately, once the assailant is convicted of domestic violence or becomes subject to a disorderly conduct restraining order, sexual assault restraining order, or domestic violence protection order. Sealing is the tenant's motion to make; it imposes no duty on you.",RECOMMENDED,LANDLORD_EDUCATION,VERIFIED,"N.D.C.C. § 47-32-05, full primary text confirmed at ND re-audit 2026-09-06 (ndlegis.gov/cencode/t47c32.pdf). UPGRADE: the original row could not name the codified section (2025 SB 2238 was known to create 'a new section to chapter 47-32' but the section number was never pulled). Now confirmed as 47-32-05. SB 2238 signed 2025-03-26; as a non-emergency 2025 regular-session act, effective 2025-08-01. Two precision fixes to the original body text: (a) the seven-year clock runs from satisfaction of the order, while the no-further-eviction condition is measured over the seven years following THE EVICTION -- two different anchor dates, previously collapsed into one; (b) the DV path is not any 'restraining order' generally but three enumerated orders (disorderly conduct restraining order, sexual assault restraining order, domestic violence protection order) or a domestic violence conviction. 'Domestic violence' takes its § 14-07.1-01 definition. | § 14-07.1-01 read from primary 2026-09-06: the same family-or-household-member limitation applies to the sealing path in § 47-32-05(2), which takes its 'domestic violence' definition from that section.",2026-08-24,2026-09-06
tenant-maintenance-nd,Tenant Responsibilities,Tenant Maintenance Obligations,ND,TRUE,tenant-maintenance,"Tenant will comply with all applicable building and housing codes materially affecting health and safety, and will keep the part of the property Tenant occupies as clean and safe as its condition permits. Tenant will periodically remove ashes, garbage, rubbish, and other waste in a clean and safe manner, and will keep all plumbing fixtures used by Tenant as clean as their condition permits. Tenant will use all electrical, plumbing, sanitary, heating, ventilating, air-conditioning, and other facilities and appliances in a reasonable manner, and will not deliberately or negligently destroy, deface, damage, or impair any part of the property or knowingly permit any other person to do so. Tenant will conduct themselves, and require any guests to conduct themselves, in a manner that does not disturb neighboring tenants' peaceful enjoyment of the property.",REQUIRED,LEASE_CLAUSE,VERIFIED,"N.D.C.C. § 47-16-13.2, full text confirmed via the complete Chapter 47-16 text provided directly by Taylor. Resolves the CO;WY-maintenance-scoping question flagged in the Minnesota handoff: ND has a real, consolidated, more-detailed tenant-duties statute (building-code compliance, plumbing-fixture cleanliness, explicit anti-disturbance duty) than the generic clause captures -- same reasoning Minnesota used for landlord-side habitability-baseline-mn, applied here to the tenant side.",2026-08-24,2026-08-24
landlord-maintenance-nd,Landlord Responsibilities,Landlord Maintenance Obligations,ND,TRUE,landlord-maintenance,"Landlord will comply with applicable building and housing codes materially affecting health and safety, will make all repairs necessary to keep the property in a fit and habitable condition, and will keep all common areas clean and safe. Landlord will maintain in good and safe working order all electrical, plumbing, sanitary, heating, ventilating, air-conditioning, and other facilities and appliances Landlord supplies or is required to supply, and will provide and maintain appropriate waste receptacles and arrange for waste removal. Landlord will supply running water and reasonable hot water and heat at all times, except where the building isn't required by law to be so equipped or where heat or hot water is within Tenant's exclusive control via a direct utility connection. Tenant will notify Landlord promptly in writing of any condition requiring repair, and Landlord will undertake required repairs within a reasonable time.",REQUIRED,LEASE_CLAUSE,VERIFIED,"N.D.C.C. § 47-16-13.1, full text confirmed via the complete Chapter 47-16 text provided directly by Taylor. Resolves the CO;WY-maintenance-scoping question flagged in the Minnesota handoff: ND's landlord-maintenance statute is more detailed than the generic clause (explicit waste-receptacle duty, water/heat supply duty, common-area duty) -- same reasoning Minnesota used for habitability-baseline-mn.",2026-08-24,2026-08-24
surrender-end-of-term-nd,Default & Termination,Surrender at End of Term,ND,TRUE,surrender-end-of-term,"Upon the expiration or earlier termination of this Lease, Tenant will surrender possession of the property and return all keys to Landlord immediately. The property will be left in the same condition as at the start of the Term, except for ordinary wear and tear, and free of all personal property of Tenant and any occupants. Personal property left at the property after Tenant vacates will be handled as described in this Lease's provision governing property abandoned after termination.",REQUIRED,LEASE_CLAUSE,VERIFIED,"Follows the exact fix Minnesota's session applied (surrender-end-of-term-mn): the generic clause's vague 'may, to the extent permitted by applicable law, be treated as abandoned' language is replaced with a direct cross-reference to abandoned-property-nd, which already has ND's real mechanics ($2,500 threshold, 28-day wait per N.D.C.C. § 47-16-30.1).",2026-08-24,2026-08-24
edu-returned-check-fee-cap-nd,Rent & Payment,Returned Check: Collection Fee and Civil Penalty,ND,TRUE,,"If a tenant's check is returned for insufficient funds you may recover collection fees or costs of up to $40, on top of the amount of the instrument itself. That $40 carries no advance-notice or disclosure precondition. A larger civil penalty is available but only if you first mail the statutory notice of dishonor and the tenant fails to pay the instrument plus your collection fee within ten days of receiving it -- then you may sue for the lesser of $200 or three times the amount of the instrument. Two traps: if you knowingly accepted a postdated check, or agreed not to present a check until a specified time, the statute does not apply at all and none of these remedies are available to you. And if you use the ACH network to collect the fee, you must comply with that network's rules.",CONSTRAINED,LANDLORD_EDUCATION,VERIFIED,"N.D.C.C. § 6-08-16, WHOLE SECTION read at ND re-audit 2026-09-06 (previously only subsection (2)(a) had been read). SD-FLAG RESOLVED: the ND/SD divergence flagged in the SD log is CORRECT, not an error. The $40 collection fee under 6-08-16(2)(a) is recoverable 'in addition to the criminal penalty' with NO notice, disclosure, demand, or waiting-period precondition. SD's conspicuous-disclosure condition arises from a genuinely different statute (SDCL Title 57A, UCC Art. 3) and does not transfer. Do not propagate SD's condition to ND. UNDER-CLAIM CORRECTED: the original row recorded only the $40 ceiling and omitted 6-08-16(2)(c) entirely, forfeiting a materially larger recovery. The civil penalty is the LESSER of $200 or 3x the instrument, gated on the 6-08-16(4) notice of dishonor plus a ten-day cure window. Critically, that notice is PERMISSIVE not mandatory -- 6-08-16(4) says a notice of dishonor 'may be mailed,' and State v. Ohnstad, 392 N.W.2d 389, 390 (N.D. 1986) states the notice is optional. So the notice is a precondition to the civil penalty only, never to the $40 fee. 6-08-16(4) supplies the notice form verbatim. One carve-out: where the holder or state's attorney determines the identified issuer is a fraud victim, written notice of the fraud must be given and the fee may not be collected. Title 6 is Banks and Banking -- this is a general bad-check statute of universal application, not landlord-tenant law. Distinct from § 47-16-20.1 (edu-payment-method-fee-ban-nd), which bans charging a fee to ACCEPT a payment method; this governs a payment that failed. | WHOLE SECTION RE-READ DIRECTLY FROM PRIMARY 2026-09-06 (ndlegis.gov/cencode/t06c08.pdf). The v101 correction is CONFIRMED: no precondition on the $40; the ten-day notice-of-dishonor gate gates only the (2)(c) civil penalty. Two further landlord-facing provisions were still missing and are now in the body. (1) POSTDATED-CHECK CARVE-OUT, § 6-08-16(3): 'The making of a postdated check knowingly received as such, or of a check issued under an agreement with the payee that the check would not be presented for payment for a time specified, does not violate this section.' A landlord who accepts postdated rent checks -- a common practice -- forfeits the ENTIRE remedy scheme: no $40 fee, no civil penalty, no criminal referral. This is the most practically consequential provision in the section for a residential landlord and it had never been recorded. (2) ACH COMPLIANCE DUTY, § 6-08-16(2)(a): 'If the holder ... uses the automated clearinghouse network to collect the collection fees or costs, that person shall comply with the network's rules and requirements.' Directly relevant to Steinoak, which processes rent payments -- an in-product NSF-fee auto-collection feature would sit squarely inside this duty. PRODUCT FLAG for Taylor. ALSO NOW RECORDED, not in body: § 6-08-16(1) applies where funds are insufficient at making OR at presentation if presented within fourteen days of original delivery. Criminal grading under (1)(a)-(d) runs infraction (not more than $100) / class B misdemeanour (over $100 to $500, or a prior violation within three years) / class A misdemeanour (over $500 to $1,000, or two priors within three years) / class C felony (over $1,000, or three or more priors within five years); (2) permits grading by aggregate totals. § 6-08-16(5): a criminal complaint must be executed within 120 days after dishonor or the criminal charge is barred. § 6-08-16.4: on full payment the check must be returned to the issuer if they appear and request it or supply a stamped self-addressed envelope. § 6-08-16.2 is a DIFFERENT offence (no account at all, as opposed to insufficient funds) carrying its own $40 cap and $200/3x civil penalty -- do not merge the two; a closed-account or no-account instrument runs under .2, not this section.",2026-08-24,2026-09-06
security-deposit-return-sd,Security Deposit,Security Deposit Return (South Dakota),SD,TRUE,security-deposit-return,"Within twenty-one days after the termination of the tenancy and Landlord's receipt of Tenant's mailing address or delivery instructions, Landlord will return the Security Deposit to Tenant or provide Tenant a written statement showing the specific reason for withholding the deposit or any portion of it. Landlord may withhold only amounts reasonably necessary to remedy Tenant's default in payment of rent or other amounts due under this Lease, or to restore the property to its condition at the start of the Term, ordinary wear and tear excepted. If Tenant requests an itemized accounting of any amount withheld, Landlord will provide it within forty-five days after termination of the tenancy. Landlord's failure to comply with this section forfeits Landlord's right to withhold any portion of the deposit.",REQUIRED,LEASE_CLAUSE,VERIFIED,"SD session 1. SDCL 43-32-24: 2-week (14-day) return/notice-of-withholding deadline runs from termination + receipt of tenant's forwarding address or delivery instructions (not from termination alone) - a shorter window than any state in this project so far (CO/WY/KS/NE/MN/ND all use 14-30+ days but none tie the clock to address receipt this explicitly at the 2-week mark). 45-day itemized-accounting-on-request deadline is separate and longer. Noncompliance = forfeiture of all withholding rights (matches ND's architecture) plus a separate punitive-damages exposure for bad-faith retention, capped at $200 (SDCL 43-32-24) - not included in lease-clause bodyText since it's a landlord-facing liability fact, not lease terms; see edu-security-deposit-itemized-accounting-sd. No deposit-interest requirement exists in SD (unlike MN/ND) - confirmed absent, not a product gap for this state. Primary source: SDCL 43-32-24, full text via consumer.sd.gov/docs/LLTen_Statutes43-32.pdf (SD Dept. of Labor & Regulation, Consumer Protection Division reproduction of the chapter), cross-checked against sdlegislature.gov's own section index (sdlegislature.gov/api/Statutes/43-32.html) for currency/completeness - section list matches exactly, no sections missing or renumbered. | CORRECTION 2026-09-07 (SD re-audit): shipped 'two weeks' as VERIFIED. SDCL 43-32-24 was AMENDED by SL 2026, ch 179, S 1 (2026 SB 4), effective July 1 2026, to TWENTY-ONE DAYS. Enacted text and source line (SL 1976 ch 267 S3; SL 1984 ch 281 S1; SL 2026 ch 179 S1) supplied by Taylor after two retrieval failures - escalated per S5a.2. Secondary sources split 2-2 at time of check, one carrying the old figure stamped 'Updated July 2026'. K.4 INVERTED: the stale text was TENANT-favourable (shorter deadline than law allows), so the extra-scrutiny-where-stale-text-is-landlord-favourable heuristic would NOT have caught it - see L.6. The 45-day accounting deadline, forfeiture rule and $200 punitive cap are unchanged and re-confirmed.",2026-08-24,2026-09-07
edu-security-deposit-cap-sd,Security Deposit,Security Deposit Cap (South Dakota),SD,TRUE,,"South Dakota caps a residential security deposit at one month's rent (SDCL 43-32-6.1). A larger deposit may be agreed between landlord and tenant only where special conditions pose a danger to the maintenance of the premises (e.g., a pet, waterbed, or similar elevated-risk factor) - this is a mutual-agreement exception, not a unilateral landlord right, so it should be documented as a negotiated term, not just charged.",CONSTRAINED,LANDLORD_EDUCATION,VERIFIED,SD session 1. SDCL 43-32-6.1. 'Special conditions pose a danger to maintenance of the premises' is the statute's own phrase - not defined further by statute or (found so far) by case law; secondary sources uniformly cite pets as the example. Not turned into a numeric formula since the statute doesn't provide one.,2026-08-24,2026-08-24
edu-security-deposit-itemized-accounting-sd,Security Deposit,Security Deposit Itemized Accounting & Bad-Faith Penalty (South Dakota),SD,TRUE,,"If a South Dakota tenant requests an itemized accounting of any withheld security deposit, the landlord must provide it within 45 days after termination of the tenancy - a separate, longer deadline than the 21-day return/withholding-notice window. A landlord who fails to comply with the deposit-return requirements forfeits all rights to withhold any portion of the deposit. Bad-faith retention of a deposit (including failure to provide the required written statement or itemized accounting) exposes the landlord to punitive damages up to $200, in addition to the forfeited deposit.",CONSTRAINED,LANDLORD_EDUCATION,VERIFIED,"SD session 1. SDCL 43-32-24. The $200 punitive-damages cap is notably low compared to other states in this project (e.g., ND's treble-damages approach under a different statute) - flagged as a genuine cross-state architecture difference for the named-topic checklist, not an error. | CORRECTION 2026-09-07: '2-week' -> '21-day' per SDCL 43-32-24 as amended by SL 2026 ch 179 S1. Same defect as security-deposit-return-sd. 45-day accounting, forfeiture and $200 cap re-confirmed correct.",2026-08-24,2026-09-07
assistance-animal-accommodation-sd,Pets,Assistance Animal Accommodation (South Dakota),SD,TRUE,assistance-animal-accommodation,"A service animal or other assistance animal that Tenant or an Occupant needs as a reasonable accommodation for a disability is not considered a pet under this Lease, regardless of any pet policy, breed, weight, or size restriction stated elsewhere in this Lease. Landlord will not charge a pet deposit, pet rent, or other pet-related fee for an assistance animal. If Tenant's disability or disability-related need for the animal is not readily apparent or already known to Landlord, Landlord may require reliable supporting documentation confirming the disability and the relationship between the disability and the need for the animal; the documentation must originate from a licensed health care provider who does not operate in South Dakota solely to provide such certifications. If Landlord already knows of the disability and need, Landlord will not require documentation. Tenant remains responsible for any damage to the property caused by an assistance animal. A tenant who knowingly makes a false claim of disability requiring a service or assistance animal, or knowingly provides fraudulent supporting documentation, may be evicted and is liable to Landlord for a damage fee of up to $1,000.",REQUIRED,LEASE_CLAUSE,VERIFIED,"SD session 1. SDCL 43-32-33 through 43-32-36 - SD is the most detailed state found so far on the anti-letter-mill documentation-source requirement (matches ND's §47-16-07.5/07.6 pattern) and is the only state in this project so far with an explicit statutory dollar cap ($1,000) on the fraud-claim damage fee rather than leaving it to general damages law. Extended/superseded from the generic per this project's established assistance-animal pattern (CO/WY/MN/ND all have their own -xx override for the same reason: state statutes add documentation-source and/or fraud-penalty detail the generic doesn't carry). | CROSS-REFERENCE ADDED 2026-09-07 (SD re-audit): this clause states the SDCL 43-32-33 to -36 civil framework. Two further SD provisions bear on it and were not previously linked from here: SDCL 20-13-23.4 makes it a CLASS 2 MISDEMEANOR for a landlord to prohibit, by lease or otherwise, a service animal for a tenant who is physically disabled, blind or deaf (see edu-service-animal-prohibition-criminal-penalty-sd); and SDCL 20-13-23.7 imposes a state-level good-faith reasonable-accommodation duty in housing (see edu-reasonable-accommodation-duty-sd). Both sit outside ch. 43-32. No change to this clause's text - the cross-reference is recorded so a future canvass does not treat 43-32-33 to -36 as the whole of SD's service-animal law.",2026-08-24,2026-09-07
abandoned-property-sd,Notices & General,Abandoned Property (South Dakota),SD,TRUE,,"Property left on the premises by Tenant after Tenant has vacated is handled as follows: property with a total reasonable value of $500 or less, left for ten days after Tenant has quit the premises, is presumed abandoned and Landlord may dispose of it. Property with a total reasonable value exceeding $500 will instead be stored by Landlord, who has a lien on the property for the reasonable costs of handling and storage; after storing the property for thirty days or more, Landlord may treat it as abandoned and dispose of it.",CONDITIONAL,LEASE_CLAUSE,VERIFIED,"SD session 1. SDCL 43-32-25 (low-value, presumed-abandoned track) and 43-32-26 (higher-value, stored-with-lien track). $500 valuation threshold is notably lower than ND's $2,500 (same two-track architecture as ND, different dollar line) - both tracks use the same 'left after tenant has quit the premises' trigger language, no separate written-notice-of-vacatur requirement the way ND's §47-16-30.1 has one.",2026-08-24,2026-08-24
edu-self-help-eviction-ban-sd,Default & Termination,Self-Help Eviction Prohibited (South Dakota),SD,TRUE,,"South Dakota law prohibits a residential landlord from unlawfully removing or excluding a tenant from the premises, or willfully diminishing services by interrupting electric, gas, water, or other essential service, as a way to force a tenant out. A tenant subjected to this may sue for an injunction, sue to recover possession, or terminate the rental agreement - and in any case may recover damages equal to two months' rent plus the return of any advance rent and deposit paid.",PROHIBITED,LANDLORD_EDUCATION,VERIFIED,"SD session 1. SDCL 43-32-6, 2nd paragraph. Architecturally distinct from every other state closed in this project so far: the self-help-eviction remedy sits directly inside the core landlord-tenant chapter itself (43-32-6, the same section as the lessor's basic quiet-enjoyment obligation) with its own specific damages measure (2 months' rent + return of advance rent/deposit), rather than being a general Title-32-style damages statute (ND) or a criminal-code provision (WY/KS pattern) or silent/secondary-source-only. Flagged as a new architecture finding for the named-topic checklist. Eviction procedure itself (SDCL Title 21-16, Forcible Entry and Detainer, including the 2024 SB 89/SB 90 amendments - see session summary) has NOT been independently primary-sourced this session; this row covers only the self-help prohibition and its damages measure, which is squarely inside Chapter 43-32 and fully primary-sourced.",2026-08-24,2026-08-24
edu-retaliation-prohibition-sd,Notices & General,Retaliation Prohibited (South Dakota),SD,TRUE,,"A South Dakota landlord may not retaliate against a tenant - by raising rent above fair market value, decreasing electric, gas, water, or sewer service, or giving a notice to vacate not based on a lease breach - within 180 days after the tenant has, in good faith: reported a building or housing code violation to a government agency, given the landlord written notice of a condition requiring repair, or organized or joined a tenant's union or organization. A landlord's decision not to renew a lease at its natural expiration is not itself retaliation. A tenant harmed by retaliation is entitled to the same remedies available for unlawful exclusion (see self-help eviction prohibition) plus reasonable, court-awarded attorney's fees.",PROHIBITED,LANDLORD_EDUCATION,VERIFIED,"SD session 1. SDCL 43-32-27 and 43-32-28. The 180-day rebuttable-presumption window is longer than most states surveyed in this project so far. Triggering events list is close to CO/KS/NE's pattern (code complaint, repair-notice, tenant-organizing) but SD is unusual in also naming rent increases above 'fair market value' and utility-service decreases as retaliatory acts in their own right, not just adverse notices to vacate - worth flagging for the checklist as a broader retaliatory-act definition than most.",2026-08-24,2026-08-24
dv-lease-release-sd,Default & Termination,Domestic Abuse / Stalking Early Termination (South Dakota),SD,TRUE,,"If Tenant or a member of Tenant's household is the victim of alleged domestic abuse, unlawful sexual behavior, or stalking, Tenant may terminate this Lease and vacate the property without penalty for early termination, effective on a specified date, by providing Landlord written notice stating that the termination is due to fear of imminent danger or injury to Tenant or a household member, together with one of the following, each dated within the thirty days before the notice: a signed police report regarding the incident; a protection order issued in response to the incident; or documentation signed by a licensed health care provider stating that the provider examined Tenant or the household member within their scope of practice and has reasonable cause to believe the person was a victim of the alleged conduct. A tenant who terminates under this provision is not liable for any otherwise-applicable early termination fee or for rent for the month following the month in which Tenant vacates.",REQUIRED,LEASE_CLAUSE,VERIFIED,"SD session 1. SDCL 43-32-19(3) (the termination ground) plus 43-32-19.1 (documentation/notice mechanics, added 2020). Three qualifying-document types match the general CO/KS/NE/MN pattern for this topic; SD's liability cutoff ('rent for the month following the month vacated') is a slightly different formulation from NE's 14-30-day release-date-driven cutoff (dv-lease-release-ne) - not yet cross-checked in detail against every other state's exact liability cutoff, flagged as a possible future consolidation item like the fee-shifting-mutuality backlog.",2026-08-24,2026-08-24
edu-dv-confidentiality-sd,Notices & General,Domestic Abuse Contact Information Confidentiality (South Dakota),SD,TRUE,,"If a tenant terminates under South Dakota's domestic-abuse/stalking early-termination provision and provides the landlord a forwarding address or other contact information, the landlord may not disclose that information to any person except with the tenant's consent or as required by law.",PROHIBITED,LANDLORD_EDUCATION,VERIFIED,SD session 1. SDCL 43-32-19.2. Same confidentiality-obligation pattern already present for CO (edu-dv-confidentiality-co); confirmed as its own distinct code section for SD rather than folded into 19.1.,2026-08-24,2026-08-24
meth-disclosure-sd,Disclosures,Prior Methamphetamine Manufacturing Disclosure (South Dakota),SD,TRUE,,"If Landlord has actual knowledge that methamphetamine was previously manufactured on the property, Landlord will disclose that fact to Tenant before Tenant becomes obligated under this Lease. If the property consists of two or more housing units, this disclosure applies only to the specific unit as to which Landlord has such knowledge.",CONDITIONAL,LEASE_CLAUSE,VERIFIED,"SD session 1. SDCL 43-32-30. Actual-knowledge standard (not a duty to investigate), same pattern this project has already seen for VA (meth-disclosure-va) and CA (meth-disclosure-ca) - added as its own state-tagged row rather than a new generic, consistent with how those two are structured (no untagged generic meth-disclosure row exists in the library). SD's version is unusual in explicitly limiting the disclosure to the specific affected unit in multi-unit properties - not present in the VA/CA language on hand.",2026-08-24,2026-08-24
edu-entry-notice-content-sd,Access & Entry,Entry Notice Requirements (South Dakota),SD,TRUE,,"Except in an emergency or where it is impracticable, a South Dakota landlord must give the tenant reasonable notice of intent to enter and may enter only at reasonable times. Twenty-four hours' written notice is presumed reasonable unless the lease sets a different method or timing by mutual agreement. The notice must specify the date(s) of entry, a time period during normal business hours for the entry, the purpose of the entry, and a means by which the tenant may request to reschedule.",CONSTRAINED,LANDLORD_EDUCATION,VERIFIED,"SD session 1. SDCL 43-32-32. Structurally close to ND's entry-notice statute (24-hour presumed-reasonable notice, specific content requirements) but SD adds a tenant right to request rescheduling that ND's text (as read in that session) did not explicitly carry - worth a side-by-side note on the checklist rather than treating the two as identical. No fixed 'reasonable hours' window given (unlike MN's 8am-8pm) - SD leaves 'reasonable times' undefined by statute.",2026-08-24,2026-08-24
edu-month-to-month-modification-notice-sd,Rent & Payment,Month-to-Month Lease Modification Notice (South Dakota),SD,TRUE,,"To modify the terms of a South Dakota month-to-month lease - including a rent increase - the landlord must give the tenant at least 30 days' written notice before the end of the month; the new terms take effect at the expiration of that month if the tenant continues to hold the premises. A tenant who receives such a notice may instead terminate the tenancy, effective the first day of the next month, by giving the landlord written notice within 15 days after receiving the landlord's modification notice.",CONSTRAINED,LANDLORD_EDUCATION,VERIFIED,"SD session 1. SDCL 43-32-13. IMPORTANT - do not conflate with SD's separate 15-day general tenancy-at-will termination notice (SDCL 43-8-8, amended by 2024 SB 89, see edu-tenancy-at-will-termination-sd): §43-32-13's 30-day/15-day structure governs modifying or being notified of a change to specific month-to-month lease terms (including rent); §43-8-8's 15-day rule governs a landlord simply ending an at-will tenancy outright with no modification involved. Multiple secondary sources (Nolo, LeaseRunner, WeekendLandlords) correctly distinguish these two statutes when read carefully, but a careless read of the 'SD notice = 15 days' headline claim risks collapsing them into one rule - flagged explicitly, same category of near-miss as this project's prior secondary-source conflation catches (WY/ND).",2026-08-24,2026-08-24
edu-tenancy-at-will-termination-sd,Default & Termination,Tenancy-at-Will Termination Notice (South Dakota),SD,TRUE,,"Outside the modification-notice mechanics of a month-to-month lease, South Dakota law separately allows a landlord to terminate a residential tenancy at will (a tenancy with no agreed end date) by giving the tenant at least 15 days' written notice. If the tenancy is the residence of a tenant on active military service, or of an immediate family member (spouse or minor child) of a tenant on active military service, the landlord must instead give at least two months' written notice - unless the tenant has engaged in sustained conduct that is disruptive, illegal, destructive, negligent toward maintaining the property, or a material breach of the lease, or unless the landlord has sold the property or the property has passed into the landlord's estate. The notice must be in writing and served by delivering it to the tenant or to some person of discretion residing on the premises; if neither can be found with reasonable diligence, it may be served by affixing it to a conspicuous part of the premises where it can conveniently be read.",RECOMMENDED,LANDLORD_EDUCATION,VERIFIED,"SD session 1. SDCL 43-8-8, as amended by 2024 SB 89 (reduced from 30 to 15 days) - found via gap-discovery source #4 (explicit search for landlord-relevant law outside the main landlord-tenant chapter, since §43-8-8 sits in Title 43, Chapter 8, general property law, not Chapter 43-32). Not yet independently read from the primary sdlegislature.gov text of §43-8-8 itself this session (confirmed via three consistent secondary sources plus a dedicated 2024 industry write-up describing the bill's legislative history/intent) - flagged as a weaker-evidence-tier item pending a direct primary-source read, same caution level ND applied to its own secondary-sourced items before closing. | UPGRADED to VERIFIED (South Dakota session 1, continuation): independently confirmed from primary source - sdlegislature.gov's own current statute text (Codified_Laws/2065057, mirrored in search results since the page itself is JS-rendered and not directly fetchable), titled '43-8-8. Estate at will--Residential property--Termination by notice--Extended notice for active military service.' Confirms the 15-day figure (post-2024-SB-89) and adds detail this project didn't have before: the statute is expressly scoped to residential property, the military-notice extension has two specific carve-outs (tenant misconduct; sale or estate-passage), and 'immediate family member' is statutorily defined as spouse or minor child only - narrower than a layperson might assume. bodyText revised to reflect the fuller confirmed text. No longer weaker-evidence tier. | RE-AUDIT 2026-09-07: bodyText CONFIRMED CORRECT against primary text - 15-day floor, two-month active-military extension, both carve-outs, and 'immediate family member is a spouse or minor child' all match SDCL 43-8-8. Logged because a re-audit that confirms a row is a finding, not a null result. CITATION CORRECTED: notes attributed the 30-to-15-day reduction to '2024 SB 89'; the source line reads SL 2011 ch 197 S1; SL 2024 ch 178 S1. Cite the session law. DEPENDENCY CLOSED: 43-8-8 requires notice 'in the manner prescribed by S 43-8-9', twice; 43-8-9 confirms 'must be in writing' and supplies three service methods now added to bodyText. The 'written notice' assertion had been right by luck rather than by verification.",2026-08-24,2026-09-07
default-by-tenant-sd,Default & Termination,Tenant Default (South Dakota),SD,TRUE,default-by-tenant,"Tenant will be in default under this Lease if Tenant fails to pay Rent when due, fails to make a repair required by this Lease within a reasonable time after Landlord's request, or fails to comply with any other obligation under this Lease - including obligations concerning Tenant's use of the property and Tenant's conduct on the property (such as any quiet-enjoyment, no-disturbance, or lawful-use provisions stated elsewhere in this Lease). South Dakota does not impose a statutory notice-and-cure period before a nonpayment or lease-violation default may be pursued through eviction; whether and how much opportunity to cure Tenant receives, if any, is a decision Landlord makes at the time of enforcement under South Dakota's forcible entry and detainer procedure, not a term fixed by this Lease.",REQUIRED,LEASE_CLAUSE,VERIFIED,"SD session 1 (Title 21-16 primary-source read). Genuine architecture difference from every other state's default-by-tenant row in this library: CO/WY/MN/ND's shared generic language ('does not cure the failure within the time period specified by applicable law') assumes a state-imposed cure/notice period exists. For SD, it doesn't - 2024 SB 90 repealed SDCL 21-16-2, the prior statutory notice-to-quit requirement, so there is no longer a state-mandated notice-and-cure window before a nonpayment FED action; the FED ground itself (SDCL 21-16-1(4)) merely requires rent to be unpaid for 3 days past due. For lease-violation grounds, SDCL 21-16-1(7) requires the lease itself to specify that the violation operates to terminate the lease - i.e., SD statute defers entirely to the lease's own terms for both nonpayment cure periods and violation-termination triggers, rather than imposing its own. This is a new architecture finding for the named-topic checklist: SD is the first state in this project where the generic's 'time period specified by applicable law' language would be actively misleading if extended as-is, since applicable law specifies no such period. Superseded the generic rather than extending it. | CORRECTION 2026-08-25 (Taylor's review catch): the prior version of this clause narrowed default grounds to the three items literally named in SDCL 43-32-18's section title (nonpayment, repair-neglect, contrary use), dropping the 'any other obligation under this Lease' catch-all that every other version of this clause in the library carries - including the CO/WY/MN/ND generic and the KS;NE override, both checked and confirmed to retain the catch-all. That drop meant tenant CONDUCT/behavior issues not tied to 'use of the property' (harassment, disturbing other tenants, threats, illegal activity not involving the physical premises) had no clear textual home in the SD default clause, even though nothing in South Dakota law limits what a landlord may define as a lease obligation - SDCL 21-16-1(7) enforces whatever the lease itself says operates to terminate the tenancy, and this project's own gap-discovery source #2 comparison (South Dakota Achieve's real lease) explicitly treats aggressive/violent behavior and illegal drug activity as their own named material-breach grounds, separate from 'use of the property.' Root cause: over-indexing on §43-32-18's specific statutory language when drafting, rather than treating it as one example within the lease's own broader freedom to define default (which this project had already established elsewhere this session, e.g. edu-no-prohibited-terms-list-sd, edu-eviction-grounds-sd). Checked every other default-by-tenant* row in the library for the same narrowing error - none found; this was isolated to SD. Restored the 'any other obligation' catch-all and added an explicit conduct/behavior callout so it isn't ambiguous. Prior bodyText retained here for the record: Tenant will be in default under this Lease if Tenant fails to pay Rent when due, or fails to make a repair required by this Lease within a reasonable time after Landlord's request, or uses the property in a manner contrary to this Lease. South Dakota does not impose a statutory notice-and-cure period before a nonpayment or lease-violation default may be pursued through eviction; Landlord's remedies, and any cure opportunity, are governed by the specific terms of this Lease (including any grace period stated in the Late Fee section) together with South Dakota's forcible entry and detainer procedure. | CORRECTION 2026-08-25 (round 2, Taylor's review): the prior version of this clause referenced 'any grace period stated in the Late Fee section' as the source of a tenant's cure opportunity. That reference was false as applied to South Dakota - checked and confirmed no late-fee clause of any kind is tagged for SD (the generic `late-fee` clause is CO;WY;NE;MN only; KS has its own `late-fee-ks`; SD has neither), and even where that generic clause does apply to other states, its actual text is a non-waiver provision protecting the landlord ('acceptance of a late payment does not waive Landlord's right to... pursue any other remedy') - the opposite of a cure period, not a stand-in for one. Combined with South Dakota's confirmed absence of any statutory cure period (post-2024 SB 90 repeal, see §9-10 of the decision log), this meant the product as actually built gave a South Dakota tenant zero guaranteed cure opportunity for any default. Resolved by splitting into two accompanying clauses per Taylor's direction: this clause now states what constitutes default and points to a new, dedicated `notice-and-cure-sd` clause for the actual cure mechanics, rather than gesturing at a section that didn't reliably exist or function that way. Numbers in the new clause are landlord-fillable brackets, not hardcoded, since South Dakota law imposes no specific day count and Taylor did not want to force one. Flagged for retroactive cross-state check per Taylor's instruction: confirm whether any other state's default-by-tenant clause has a similar dangling-reference or missing-cure-period problem before assuming this was purely SD-specific; not yet checked. Prior bodyText retained for the record: Tenant will be in default under this Lease if Tenant fails to pay Rent when due, fails to make a repair required by this Lease within a reasonable time after Landlord's request, or fails to comply with any other obligation under this Lease - including obligations concerning Tenant's use of the property and Tenant's conduct on the property (such as any quiet-enjoyment, no-disturbance, or lawful-use provisions stated elsewhere in this Lease). South Dakota does not impose a statutory notice-and-cure period before a nonpayment or lease-violation default may be pursued through eviction; Landlord's remedies, and any cure opportunity, are governed by the specific terms of this Lease (including any grace period stated in the Late Fee section) together with South Dakota's forcible entry and detainer procedure. | CORRECTION 2026-08-25 (round 3, Taylor's review): after building a dedicated notice-and-cure lease clause (see round 2 correction above), Taylor raised a more fundamental question - is notice-and-cure mechanics even lease content, or is it enforcement-time/procedural behavior that belongs in the not-yet-built Legal Tracker feature instead, the same category as Nebraska's reservation-of-rights finding (§76-1433)? Checked the real South Dakota lease already on hand from gap-discovery source #2 (South Dakota Achieve's lease) - its own default/eviction section says only 'Any eviction actions shall comply with SDCL Ch. 21-16,' with no separate cure mechanism built into the lease at all. That real-world example supported Taylor's instinct: South Dakota leases in practice don't seem to treat this as lease territory. Resolved by keeping this clause (what constitutes default is a substantive term of the deal, not procedure) but removing its reference to a lease-based cure section, since `notice-and-cure-sd` has been pulled out of the active lease-clause set and reframed as LANDLORD_EDUCATION / Legal Tracker candidate content instead - see that row's own notes for the full reasoning. Second prior bodyText (the version that referenced 'the Notice and Opportunity to Cure section of this Lease') retained here for the record: Tenant will be in default under this Lease if Tenant fails to pay Rent when due, fails to make a repair required by this Lease within a reasonable time after Landlord's request, or fails to comply with any other obligation under this Lease - including obligations concerning Tenant's use of the property and Tenant's conduct on the property (such as any quiet-enjoyment, no-disturbance, or lawful-use provisions stated elsewhere in this Lease). South Dakota does not impose a statutory notice-and-cure period before a nonpayment or lease-violation default may be pursued through eviction; Tenant's opportunity, if any, to cure a default before Landlord pursues eviction is set out in the Notice and Opportunity to Cure section of this Lease.",2026-08-24,2026-08-25
edu-eviction-grounds-sd,Default & Termination,Eviction Grounds (South Dakota),SD,TRUE,,"A South Dakota landlord may bring a forcible entry and detainer (FED) action against a tenant who: holds over after the lease term ends or fails to pay rent for three days after it is due; commits waste on the premises; or does or fails to do any act which, under the lease's own terms, operates to terminate the lease. (Additional grounds cover forcible/fraudulent entry and post-foreclosure or post-partition holdovers, which are not typical residential-lease scenarios.) For the lease-violation ground to be available, the lease itself must state that the specific violation terminates the tenancy - South Dakota law does not independently define which lease violations justify eviction.",RECOMMENDED,LANDLORD_EDUCATION,VERIFIED,"SD session 1. SDCL 21-16-1, full 7-subdivision list read from primary source (Justia's 2025-codification mirror of the official text; cross-checked against sdlegislature.gov's own section index for section numbering/repeal status). Practical implication for lease drafting: because the lease-violation eviction ground is lease-defined rather than statute-defined, Steinoak's lease clauses that state a violation 'operates to terminate this Lease' are doing real legal work in SD, not just restating a default - worth flagging to landlords drafting from the clause library. | RE-AUDIT 2026-09-07 - CONFIRMED CORRECT against SDCL 21-16-1 primary text. The three residentially-relevant grounds are stated accurately: holdover; failure to pay rent for three days after due (subdivision 4); and waste, or doing/failing to do any act which under the terms of the lease operates to terminate it (subdivision 7). The lease-defined character of ground (7) is confirmed verbatim. Minor unread dependency: 21-16-1 defines 'occupied structure' via subdivision 22-1-2(28), immaterial to residential leases.",2026-08-24,2026-09-07
edu-eviction-procedure-sd,Default & Termination,Eviction Procedure (South Dakota),SD,TRUE,,"South Dakota no longer requires a landlord to serve a separate statutory notice to quit before filing a forcible entry and detainer (FED) action - that requirement, formerly SDCL 21-16-2, was repealed effective 2024. A landlord may file once a FED ground exists, such as rent unpaid for three days. If the lease itself specifies a notice period, the landlord must still honor that contract term. The complaint must be in writing, verified, and served with a summons. Service is not a single event: the sheriff or other authorized server must make a minimum of two service attempts, at least one week apart, with both attempts falling within thirty days. On the second attempt the summons may be posted conspicuously on the property, delivered to a person residing there if one can be found, and sent by first class mail to the tenant at the property. The landlord may also publish the summons once in a legal newspaper on the same day as the first attempted service. The tenant's time to appear and plead is five days from service, or thirty days after publication, whichever occurs sooner; a continuance beyond fourteen days requires the tenant to post an undertaking with surety for accruing rent and costs. If the landlord prevails, the court awards possession, rents and profits or damages, and costs, and may tax reasonable attorney fees as costs to the prevailing party - either party - if that party is represented by a licensed attorney. An execution for possession may only be served during the daytime.",RECOMMENDED,LANDLORD_EDUCATION,VERIFIED,"SD session 1. SDCL 21-16-2 (repeal confirmed via both sdlegislature.gov's own current section index and Justia's 2025 codification, which independently agree the section is repealed); 21-16-6/6.1 (verified complaint, service); 21-16-7 (5-day appearance window, amended from 4 to 5 days by SL 2024, ch 75, §2 - matches secondary-source claims about 'SB 90'); 21-16-10 (judgment contents); 21-16-11 (attorney's fees - **mutual**, awarded 'to the prevailing party', not landlord-only). The mutual fee-shifting finding resolves South Dakota's own instance of this project's standing cross-state fee-shifting-mutuality question (open since CO) - SD joins ND in having confirmed-mutual fee-shifting language; the broader CO/WY/KS/NE/MN/ND/SD consolidation (checking whether every state's own clause is internally worded to reflect its statute) remains a separate, not-yet-done undertaking. Attorney fee-shifting language not yet added as its own lease-clause row (would parallel edu-fee-shifting-co's PROHIBITED framing for CO, but SD's version is naturally mutual so there's no one-way clause to prohibit) - flagged as a possible future edu row if Taylor wants explicit lease language about this. | SD session 1 (final continuation): §21-16-12 ('No execution for possession can be served except in the daytime') added to bodyText - simple, fully primary-sourced (Justia's codification and sdlegislature.gov's section index agree), closes out the last unread section of Title 21-16. | GAP-DISCOVERY SOURCE #2 (South Dakota, real lease product): compared against a real, in-use South Dakota residential lease (South Dakota Achieve, a SD nonprofit corporation, published via the SD Dept. of Human Services' own HCBS-settings-rule toolkit - a genuine professional lease product, not a template-mill sample). That lease's own attorney-fee clause is a ONE-WAY, tenant-pays-landlord provision covering 'any action enforcing the terms of this Lease' - broader in scope and one-directional, unlike SDCL 21-16-11's MUTUAL fee-shifting. Clarifying: §21-16-11's mutual rule is scoped specifically to the FED/eviction court process; it doesn't reach general contract-enforcement disputes outside that process, where ordinary freedom-of-contract principles (and SD's confirmed absence of an unconscionability-specific statute, `edu-unconscionability-doctrine-sd`) leave room for a one-way fee-shifting clause. Worth flagging so a future reader doesn't assume the mutual eviction-context rule extends to every kind of lease dispute. | CORRECTION 2026-09-07 (Title 21-16 primary text supplied by Taylor; the whole chapter was Tier C in the citation screen - cited, never read). (1) OMITTED SERVICE REGIME: row described service only as 'verified and served with a summons'. SDCL 21-16-6 (SL 2020 ch 74 S1) requires a MINIMUM OF TWO SERVICE ATTEMPTS, AT LEAST ONE WEEK APART, both within thirty days, with conspicuous posting plus first-class mail on the second. That builds roughly a week's floor into every SD eviction; its absence made the process look faster than it is. 21-16-6.1's single-publication option also missing. (2) INCOMPLETE APPEARANCE RULE: 'five days to appear' omitted the alternative trigger (thirty days after publication, whichever sooner) and the continuance-undertaking rule in the same section - read-the-whole-section failure on a section whose opening clause answered the question asked. (3) CITATION: the 21-16-2 repeal is SL 2024 ch 75 S1, not '2024 SB 90'; the SAME session law S2 made the 4-to-5-day change to 21-16-7. One session law, not two bills. Second bill-number error in this state after 'SB 89' -> SL 2024 ch 178. CONFIRMED CORRECT: the repeal; the 3-day nonpayment ground (21-16-1(4)); mutual attorney fees (21-16-11, discretionary 'may tax', conditioned on licensed-attorney representation); daytime-only execution (21-16-12). UNREAD DEPENDENCIES (L.5): 21-16-10 awards damages 'including those authorized by S 21-3-8'; 21-16-1 defines 'occupied structure' by reference to S 22-1-2(28). Neither material to claims made; both logged. | CROSS-REFERENCE 2026-09-07: SDCL 21-16-11's fee provision is confirmed to be exactly the kind of 'specific statute' SDCL 15-17-38 requires before attorney fees may be taxed as disbursements - SD's general rule is that fees are NOT recoverable, and 15-17-37's enumerated disbursements list excludes them. The mutual fee-shifting recorded in this row is therefore a narrow statutory exception to a strict American Rule, not an instance of a general fee-shifting norm. See edu-attorney-fee-clause-limit-sd.",2026-08-24,2026-09-07
edu-habitability-duty-sd,Landlord Responsibilities,Habitability & Repair Duty (South Dakota),SD,TRUE,,"South Dakota landlords have a non-waivable duty to keep residential premises and common areas in reasonable repair, fit for human habitation, and in good and safe working order throughout the tenancy - including the electrical, plumbing, and heating systems - except where the disrepair is caused by the tenant's own negligent, willful, or malicious conduct. Landlord and tenant may agree that the tenant will perform specified repairs or maintenance in lieu of rent. If a landlord fails to repair a condition within a reasonable time after the tenant gives notice, the tenant may repair it and deduct the cost from rent (or otherwise recover it), or may vacate and be discharged from further rent and lease obligations. If the necessary repair cost exceeds one month's rent, the tenant may instead withhold rent and deposit it into a separate bank or savings-and-loan account (with written evidence of the deposit provided to the landlord) until the landlord makes the repairs or the tenant accumulates enough to have the repairs made.",REQUIRED,LANDLORD_EDUCATION,VERIFIED,"SD session 1 (continuation). SDCL 43-32-8 (duty, non-waivable) and 43-32-9 (tenant remedies: repair-and-deduct, vacate-and-discharge, or rent-escrow for repairs exceeding 1 month's rent). The rent-escrow mechanism is notable - a middle option between repair-and-deduct and full withholding that this project hasn't seen with this exact structure in CO/WY/KS/NE/MN/ND (closest analog is ND's own repair-and-deduct right, which didn't include an escrow-account mechanic on the same terms). Not turned into a LEASE_CLAUSE row since it states a mandatory, non-waivable landlord duty rather than negotiable lease language - matches this project's established landlord-behavior-belongs-in-education convention (e.g., Nebraska's reservation-of-rights finding).",2026-08-24,2026-08-24
edu-returned-check-fee-cap-sd,Rent & Payment,Returned Check Fee Cap (South Dakota),SD,TRUE,,"South Dakota does not give a landlord an automatic right to charge a returned-check fee. SDCL 57A-3-421 makes the issuer of a dishonored check liable for all reasonable costs and expenses of collection - reasonable only if they do not exceed sixty dollars plus any applicable sales tax - but the liability arises only where the payee is a merchant or place of business that has either conspicuously posted a notice on its premises, or regularly extends credit and prints a notice on its customer statements of such size and location as to be conspicuous, stating that a fee will be assessed against returned checks. Liability attaches only where the check was dishonored because the drawer's account is closed, has insufficient funds, or the drawer lacks sufficient credit. Whether a residential landlord is a merchant or place of business for this purpose, and how a landlord would satisfy a posting-or-customer-statement condition written for retail and credit businesses, are not settled. A landlord should not assume that stating a fee in the lease satisfies the statute, because a lease term is not one of the two mechanisms the statute names.",CONSTRAINED,LANDLORD_EDUCATION,VERIFIED,"SD session 1 (continuation). SDCL 57A-3-421, part of Title 57A (Uniform Commercial Code, Article 3 - Negotiable Instruments), not Chapter 43-32 - same general-commercial-law architecture this project found for ND's analogous $40 figure (there, under a different general banking statute). Corroboration method for this row is slightly weaker than a direct statute-text read: sdlegislature.gov's own section pages for 57A-3-421 render via JavaScript and returned no fetchable text; the statute's existence, number, and subject matter (costs/expenses for a dishonored check) are independently confirmed via a *different* primary source - SDCL 22-30A-27, the bad-check criminal statute, which explicitly cross-references 'the costs and expenses provided for in § 57A-3-421' - combined with six mutually consistent secondary sources (Innago, PayRent, LeaseRunner, Apartments.com, MyRentalSpot, WeekendLandlords, LegalDocs) all citing the same $40 figure and sales-tax add-on. Treated as VERIFIED given the cross-referencing primary corroboration, but flagged as not a direct primary-text read of the dollar figure itself - if a future session gets a working fetch of the actual 57A-3-421 text, worth a quick confirming pass. | CORRECTION 2026-09-07 - THREE defects; primary text supplied by Taylor. (1) WRONG NUMBER: cap is SIXTY dollars, not forty; source line ends SL 2024 ch 199 S1. The row's notes recorded SEVEN mutually consistent secondary sources all carrying $40 - all stale, and their agreement was treated as corroboration (L.6). (2) FABRICATED PRECONDITION: row said the fee 'should be conspicuously stated in the lease (or otherwise provided to the tenant in writing), consistent with how the statute is applied in practice'. The statute names two mechanisms and a lease term is neither - conspicuous posting ON PREMISES, or a conspicuous notice ON CUSTOMER STATEMENTS by a business regularly extending credit. The row invented the route and flagged its own invention as practice-based, then shipped VERIFIED. This vindicates the pre-existing SD re-audit flag raised in the MN session. (3) MISSED SUBSECTIONS: the three enumerated dishonor reasons were never recorded. ROOT CAUSE: the amount was 'corroborated' via SDCL 22-30A-27's cross-reference to 'the costs and expenses provided for in S 57A-3-421' - that cross-reference carries neither the figure nor the conditions. ND's $40/civil-penalty defect exactly, except the section was never read at all. CROSS-STATE: the SD/ND $40 parity in the prior notes is now FALSE - ND's $40 is N.D.C.C. 6-08-16(2)(a), SD's is UCC Art.3 and now $60. They matched until 2024 and the coincidence is part of why SD's felt confirmed. ND's row unaffected; no S5a.1 propagation owed. OPEN: whether a residential landlord is a 'merchant or place of business' at all - if not, SD may have NO statutory returned-check charge for residential rent and this becomes a confirmed-absence row.",2026-08-24,2026-09-07
edu-fair-housing-additions-sd,Disclosures,Fair Housing Protected Classes (South Dakota),SD,TRUE,,"In addition to the federally protected classes, South Dakota's own fair housing law prohibits housing discrimination based on creed and ancestry. The full list under SDCL 20-13-20 is race, color, creed, religion, sex, ancestry, disability, familial status, and national origin. South Dakota has not extended source-of-income (housing voucher) protection, and has not added sexual orientation or gender identity at the state level. South Dakota's refusal-to-rent and discriminatory-terms prohibitions do not apply to rooms or units in a dwelling containing living quarters for no more than two families living independently of each other, if the owner maintains and occupies one of those living quarters as the owner's residence. Two points about that exemption matter in practice. First, it does not reach discriminatory advertising, which remains prohibited regardless of building size or owner-occupancy. Second, it is NARROWER than the federal Fair Housing Act's four-unit owner-occupied exemption - so an owner-occupied three- or four-unit building can fall outside the federal exemption while still being fully covered by South Dakota law. A landlord relying on an owner-occupied exemption in South Dakota should count to two, not to four.",PROHIBITED,LANDLORD_EDUCATION,VERIFIED,"SD session 1 (continuation). SDCL 20-13-20 (owner/agent housing discrimination) and 20-13-1(16) (statutory definition of 'unfair or discriminatory practice'), both read from primary source (sdlegislature.gov mirrors, cross-checked against Justia's codification) - protected-class list matches exactly across both sections: race, color, creed, religion, sex, ancestry, disability, familial status, national origin. Confirms two additions beyond the 7 federal categories (creed, ancestry) - a narrower addition than CO/MN's broader state lists in this project, and notably narrower than the ~23-state group (per a Wikipedia-sourced secondary summary, not independently verified) that includes voucher/source-of-income protection - SD is not among them. No SOGI protection found either. Application-fee cap / tenant-screening-fairness-act and day-one landlord-identity disclosure were also searched this round and confirmed absent for SD (multiple consistent secondary sources: 'No state statute' on both, matching the established very-landlord-friendly SD pattern) - not committed as their own rows per this project's confirmed-absent convention. | RESOLVED (South Dakota session 1, continuation): the small-landlord fair-housing exemption flagged as an open discrepancy is now CONFIRMED PRESENT from primary source. SDCL 20-13-20's own text (read via sdlegislature.gov, full section) states the refusal-to-rent (subdivision 1), discriminatory-terms (subdivision 2), and a fourth listed prohibition (subdivision 4) 'do not apply to rooms or units in dwellings that contain living quarters for no more than two families living independently of each other, if the owner maintains and occupies one of the living quarters as the owner's residence.' Notably narrower than the federal Mrs. Murphy exemption's 4-unit threshold - SD's own exemption caps at 2 units. The statute also separately exempts school/university dormitories and officially recognized fraternity/sorority housing (not reflected in bodyText - out of scope for Steinoak's residential-lease product). bodyText revised to reflect the confirmed exemption. Also resolved this round: the landlord-identity/management-disclosure discrepancy flagged alongside this one. RocketRent's specific citation (SDCL 43-32-2) was checked directly against primary source and is simply wrong - §43-32-2 is the agricultural-land/municipal-lot lease-term cap (already captured in this project's §2 statute walk), not a disclosure requirement. Combined with AAOA's 'no state statute' finding and the absence of any such requirement in consumer.sd.gov's own official FAQ, this project now treats 'no SD statutory landlord-identity-disclosure requirement' as CONFIRMED ABSENT with reasonable confidence - not committed as its own row per the standing confirmed-absent convention. | UPGRADED 2026-09-07 - citation screen Tier B -> Tier A. SDCL 20-13-20's exemption paragraph read directly, identical in Justia's codification and on sdlegislature.gov: 'The provisions of subdivisions (1), (2), and (4) do not apply to rooms or units in dwellings that contain living quarters for no more than two families living independently of each other, if the owner maintains and occupies one of the living quarters as the owner's residence.' 2-unit threshold CONFIRMED; protected-class list confirmed. SUBDIVISION DETAIL justifying the advertising carve-out: the exemption is scoped to (1),(2),(4) and pointedly OMITS (3), the discriminatory-advertising prohibition - visible only by reading which subdivisions are enumerated. NEW SUBSTANTIVE POINT: the practical consequence of SD's exemption being narrower than the federal four-unit exemption (42 U.S.C. 3603(b)(2)) was never stated - an owner-occupied THREE- or FOUR-unit building is exempt federally but NOT under SD law, so for that band SD is MORE protective and a landlord applying the familiar federal rule will be wrong. ALSO CONFIRMED, excluded from bodyText as out of product scope: dormitory residences and officially recognized fraternity/sorority dwellings are exempt. UNREAD TAIL (L.5): the section closes with 'Nothing in this statute may be construed to displace federal, state, or local guidelines setting reasonable stan...', truncated in both reproductions; no claim here depends on it.",2026-08-24,2026-09-07
edu-rent-control-preemption-sd,Rent & Payment,Rent Control Preempted (South Dakota),SD,TRUE,,"South Dakota state law preempts local rent control: no county, municipality, or other local government in South Dakota may enact, maintain, or enforce an ordinance or resolution that would control the amount of rent charged for leasing private residential property. This does not limit a local government's ability to manage rents on residential property it owns.",RECOMMENDED,LANDLORD_EDUCATION,VERIFIED,"SD session 1 (continuation). SDCL 6-1-13, read from primary source (both sdlegislature.gov and Justia's codification agree exactly), sits in Title 6 (Local Government Generally), outside Chapter 43-32 - a gap-discovery-source-#4 find. Useful, genuinely new architecture fact for the checklist: confirms South Dakota is a rent-control-preemption state, meaning Steinoak's municipal-ordinance-risk messaging for SD landlords can be more confident than the standard 'check local ordinances' hedge used for states without this preemption - rent-amount control specifically cannot exist at the municipal level in SD, regardless of what any individual city might otherwise attempt. Other categories of municipal ordinance (noise, occupancy limits, etc.) remain untouched by this section and are still out of scope per this project's standing municipal-ordinance boundary. | RE-AUDIT 2026-09-07 - CONFIRMED CORRECT against SDCL 6-1-13 primary text, including the carve-out preserving a local government's right to manage residential property in which it holds a property interest. Source: SL 1990 ch 51 S2, unamended. Citation screen: Tier C -> Tier A.",2026-08-24,2026-09-07
edu-right-to-call-police-sd,Notices & General,Right to Call Police / Emergency Assistance (South Dakota),SD,TRUE,,"A South Dakota landlord may not penalize or take adverse action against a tenant for calling the police or other emergency assistance in response to domestic abuse, unlawful sexual behavior, or stalking. A tenant cannot waive this right, and any lease provision purporting to waive it is unenforceable.",PROHIBITED,LANDLORD_EDUCATION,VERIFIED,"SD session 1 (continuation). SDCL 43-32-18.1, already identified in this project's original statute walk (§2) but not previously committed as its own row or cross-checked against the broader 'right to call police' checklist topic the way MN/KS defined it. Now resolved: South Dakota's protection is scoped specifically to domestic abuse/unlawful sexual behavior/stalking-related emergency calls - narrower than Minnesota's 504B.205, which extends to 'any other conduct, including but not limited to mental health or health crises' (not DV-limited). Flagged for the checklist as a genuine scope difference, not an oversight: SD has no general, non-DV-specific right-to-call-police protection. Landlord lien/security-interest over tenant property was also searched this round - no dedicated statute found in Title 44 (SD's general lien-law title) or Chapter 43-32 specifically abolishing or granting a residential landlord's lien; treated as confirmed absent (not committed as its own row per convention - SD's abandoned-property provisions, already captured as abandoned-property-sd, are the only property-retention mechanism found). Last-month's-rent deposit-application restriction and a dedicated Compliance/Prohibited-Terms/unconscionability statute were also searched without a hit - SD appears to rely on general common-law unconscionability doctrine rather than a dedicated consumer-protection statute for leases, consistent with its overall minimal-statute, lease-terms-control pattern; not committed as rows.",2026-08-24,2026-08-24
edu-tenant-termination-causes-sd,Default & Termination,Tenant Early-Termination Causes (South Dakota),SD,TRUE,,"In addition to the domestic abuse/stalking termination right, a South Dakota tenant may terminate this Lease if: Landlord does not, within a reasonable time after Tenant's written request, fulfill Landlord's obligations to place and secure Tenant in quiet possession of the premises or to put the premises into good condition or repair them; or the greater part of the leased premises - or the part that was a material inducement to Tenant entering into this Lease, as Landlord had reason to know at the time of leasing - is destroyed by any cause other than Tenant's ordinary negligence.",REQUIRED,LEASE_CLAUSE,VERIFIED,"SD session 1 (final continuation). SDCL 43-32-19(1) (failure-to-deliver-possession/repair) and 43-32-19(2) (material destruction of the premises, casualty-style), both read in the original statute walk (§2) but not previously committed as their own row - `possession-delay` was extended generically to SD (§9) to cover the delayed-possession scenario mechanically, but this row captures the statute's own broader and slightly differently-worded termination rights directly, including the destruction-of-premises ground which the generic library doesn't otherwise cover for SD. The domestic-abuse/stalking ground (43-32-19(3)) is handled separately by dv-lease-release-sd and cross-referenced here rather than repeated.",2026-08-24,2026-08-24
edu-holdover-mechanics-sd,Default & Termination,Holdover Tenancy Mechanics (South Dakota),SD,TRUE,,"South Dakota has no statutory holdover-damages multiplier - no automatic 'double rent' or similar penalty for a tenant who remains after the lease term ends. Instead, if a tenant holds over and Landlord accepts rent, the law presumes the parties have renewed the tenancy on the same terms, for the same length of time, capped at one year. If Landlord does not want to renew on holdover, the practical remedy is to decline further rent and proceed under South Dakota's eviction process rather than rely on a statutory penalty.",RECOMMENDED,LANDLORD_EDUCATION,VERIFIED,"SD session 1 (pass 2 finding). SDCL 43-32-14, already read in the original statute walk (§2) but not previously cross-checked against this project's holdover-damages-formula checklist topic. Genuinely different architecture from every other state closed in this project: CO has a 'double rent' multiplier, KS caps at 1.5x, NE caps at 3x, ND imposes straight rent-through-term liability - SD has none of these; its only mechanic is presumed renewal on rent acceptance. Confirmed via a dedicated primary-source-adjacent industry source stating plainly 'South Dakota has no holdover multiplier, no double rent and no statutory holdover damages of any kind,' consistent with SDCL 43-32-14's actual text. This project's generic holdover-damages clause (if one exists tagged for other states) should NOT be extended to SD.",2026-08-24,2026-08-24
edu-detector-duty-scope-sd,Landlord Responsibilities,Smoke and Carbon Monoxide Detector Requirements (South Dakota),SD,TRUE,,"South Dakota has no single smoke-detector statute covering all rentals, but it does have three administrative rules, and one of them reaches ordinary rental housing. A multifamily residence housing six or more families must have at least one smoke detector in each family living unit, located on the ceiling or wall of the main room or a sleeping room; in new construction the detector must draw primary power from the building wiring with battery backup. A lodging establishment - a hotel, motel or similar - must have smoke detectors in each sleeping room. A manufactured home must have at least one operable smoke detector and one carbon monoxide detector on each floor, including basement and attic, located in common areas or hallways. What is NOT covered is the gap that matters: a single-family rental house, a duplex, or any multifamily building housing fewer than six families falls outside all three rules, and South Dakota imposes no detector requirement on it beyond the general habitability duty. Carbon monoxide detectors are required only in manufactured homes; no rule requires them in a conventional rental of any size. Enforcement of the multifamily rule is by written notice with thirty days to comply.",REQUIRED,LANDLORD_EDUCATION,VERIFIED,"SD session 1 (pass 2 continuation). Two administrative rules found, both read from primary source (sdlegislature.gov's own rules pages and a Justia mirror): SD Admin. R. 61:15:01:14 (Dept. of Public Safety, Fire Safety, authority SDCL 34-29B-2) scoped explicitly to 'lodging establishments' as defined in SDCL 34-18-1(7) - the same lodging-establishment-only pattern this project already logged for Kansas's bed bug regulations, a real cross-state architecture echo worth noting. SD Admin. R. 46:04:01:20 (authority SDCL 27B-2-26, South Dakota's manufactured-housing regulatory chapter based on the citation numbering) is scoped to manufactured/mobile homes specifically. Neither is a general residential-lease requirement. This resolves the pass-2 downgrade from session 1's vaguer 'no dedicated statute found' claim with real primary-source specificity - the correct finding is 'present but narrowly scoped,' not a flat absence. | MATERIAL CORRECTION 2026-09-07 - SECOND ERROR INTRODUCED IN THIS RE-AUDIT, NOT INHERITED. The row asserted that SD's only detector rules are ARSD 61:15:01:14 (lodging establishments) and 46:04:01:20 (manufactured homes), and that 'Neither rule reaches a typical single-family or apartment lease.' WRONG as to apartments. **ARSD 61:15:01:15, 'Smoke detectors required in multifamily residences', is the very next rule in the same chapter and was never read**: 'Each family living unit of a multifamily residence which houses six or more families shall contain at least one smoke detector installed in accordance with the manufacturer's instructions and this section. A smoke detector shall be located on the ceiling or wall of the main room or sleeping room in each dwelling unit of an existing multifamily residence. In new construction each smoke detector shall receive primary power from the building wiring and shall be equipped with a battery backup... If a violation of this section is found, a written notice confirming such findings shall be issued and served upon the owner, operator, or other person responsible for the violation. Any notice or order issued pursuant to this section shall require compliance within 30 days of the date of notice.' General Authority and Law Implemented: SDCL 34-29B-2. So a landlord of a 6+ unit building in SD DOES have an affirmative, enforceable detector duty that this row previously told them did not exist. ROOT CAUSE: read the rule that answered the question asked (61:15:01:14, found by searching 'smoke detector') and stopped, without reading the adjacent rules in the same chapter. This is the same failure shape as the 20-13-23.2 error earlier in this session - stopping at the provision that resolves the immediate query - and it is the project's standing 'read whole sections' rule failing one level up, at chapter rather than section scale. Two instances of the same error shape in one session; per the standing instruction, this is the point to stop pattern-matching and treat adjacent-provision sweeps as mandatory rather than discretionary. Recorded to Addendum L.12. SCOPE NOW STATED PRECISELY: covered = 6+ family multifamily (smoke), lodging establishments (smoke), manufactured homes (smoke + CO). NOT covered = single-family rentals, duplexes, and multifamily under six families - the band most Steinoak landlords actually own. CO detectors remain required ONLY in manufactured homes; no SD rule requires CO detectors in a conventional rental of any size, which is itself worth stating affirmatively. rule_type raised CONDITIONAL -> REQUIRED because for the 6+ band the duty is mandatory. CURRENCY: 61:15:01:14 source 18 SDR 107 eff. 1992-01-01, 23 SDR 32 eff. 1996-09-11; 46:04:01:20 source 44 SDR 93 eff. 2017-12-04. Text identical on sdlegislature.gov's own rules API, Cornell LII, and Justia (the latter 'current through Register Vol. 51, p. 43, September 23, 2024') - three independent reproductions agreeing, with the official one among them.",2026-08-24,2026-09-07
edu-unconscionability-doctrine-sd,Compliance & Prohibited Terms,Unconscionable Lease Terms (South Dakota),SD,TRUE,,"South Dakota has no dedicated landlord-tenant statute voiding unconscionable lease clauses. Three things fill that gap. First and most directly, SDCL 53-9-3 voids any contract term whose object is to exempt a party from responsibility for its own fraud, willful injury, or violation of law. Second, South Dakota's Deceptive Trade Practices and Consumer Protection Act prohibits deceptive acts in connection with the sale or lease of goods and services, which could reach a deceptively-presented lease term, though it is not an unconscionability provision as such. Third, common-law unconscionability remains available as a general contract-law backstop; South Dakota has struck a liability limitation as an unconscionable adhesion term where the bargaining disparity was severe.",RECOMMENDED,LANDLORD_EDUCATION,VERIFIED,"SD session 1 (pass 2 continuation). Checked against SDCL Title 37, Chapter 24 (Deceptive Trade Practices and Consumer Protection Act) directly - confirmed via consumer.sd.gov's own official 'Laws' page (listing SDCL 37-24, 43-32, and 21-16 as the applicable landlord-tenant-adjacent statutes, with no separate unconscionability provision listed) plus primary-source Title 37-24 text (Justia mirror) confirming the chapter's scope is general deceptive/fraudulent trade practices, not a lease-specific unconscionability or prohibited-clause list the way KS's K.S.A. 58-2544, NE's §76-1412, or ND's §47-16-13.3 are. This properly resolves the pass-2 downgrade from session 1's weaker, non-primary-sourced 'confirmed absent' claim - now backed by an actual title-and-scope check rather than a general search impression. | CORRECTION 2026-09-07: prior text named only the Deceptive Trade Practices Act and common law, omitting SDCL 53-9-3 entirely - the one statutory provision on point. Same root cause as edu-no-prohibited-terms-list-sd (search confined to ch.43-32 and Title 37-24; Title 53 never reached). Common-law backstop now anchored to Rozeboom v. Nw. Bell Tel. Co., 358 N.W.2d 241, 245 (S.D. 1984), carried at secondary confidence.",2026-08-24,2026-09-07
edu-landlord-lien-absence-sd,Notices & General,No General Landlord Lien (South Dakota),SD,TRUE,,"South Dakota does not give a residential landlord a general lien or security interest over a tenant's personal property to secure unpaid rent or other lease obligations. The only lien-like mechanism found in South Dakota's landlord-tenant statute is narrower and different in purpose: when handling higher-value abandoned property left behind by a tenant (see the abandoned-property provisions), a landlord has a lien limited to the reasonable costs of handling and storing that property - not a general security interest usable to collect unpaid rent from a tenant who is still in possession.",RECOMMENDED,LANDLORD_EDUCATION,VERIFIED,"SD session 1 (pass 2 continuation). No general landlord's-lien statute was found in Title 44 (SD's general lien-law title) or Chapter 43-32 after a second, more targeted search this pass; no evidence surfaced of one ever having existed or being explicitly abolished (unlike KS's K.S.A. 58-2567 or NE's §76-1434, which are explicit abolition statutes - a stronger evidentiary posture than SD's apparent never-existed pattern). The only lien found is the narrow abandoned-property handling-cost lien already captured in `abandoned-property-sd` (SDCL 43-32-26). This is a reasonable, though not maximally strong, confirmed-absent finding for the general topic - flagged honestly as resting on absence-of-evidence across two search rounds rather than an explicit statutory abolition.",2026-08-24,2026-08-24
edu-late-rent-waiver-absence-sd,Rent & Payment,No Reservation-of-Rights Requirement for Late Rent (South Dakota),SD,TRUE,,"South Dakota does not impose a statutory rule requiring a landlord to reserve its rights when accepting late rent in order to preserve a later right to terminate for that same late payment - unlike the reservation-of-rights requirements found in some neighboring states. This is architecturally consistent with South Dakota's broader 2024 shift away from a mandated notice-and-cure framework for nonpayment (see the eviction-procedure findings): because South Dakota does not require a landlord to give notice-and-an-opportunity-to-cure before pursuing eviction for nonpayment in the first place, there is correspondingly no waiver-by-acceptance doctrine tied to such a framework.",RECOMMENDED,LANDLORD_EDUCATION,VERIFIED,"SD session 1 (pass 2 continuation). No SD-specific late-rent-acceptance-waiver or reservation-of-rights statute found across multiple targeted searches this pass, in contrast to Nebraska's §76-1433 ('after the breach' framing) and Kansas's 'without reservation' rule, both of which created a real, logged conflict with this project's generic non-waiver boilerplate for those states. The absence finding here is bolstered by an architecture-based inference, not just absence-of-evidence: South Dakota's repeal of its own notice-to-quit requirement (2024 SB 90, §9-10 of this log) removed the very framework that NE/KS's waiver rules exist to police, making it unsurprising SD never developed (or has since abandoned) an equivalent doctrine. Flagged as reasoned-absence rather than a flat unverified claim.",2026-08-24,2026-08-24
edu-no-prohibited-terms-list-sd,Compliance & Prohibited Terms,No Enumerated Prohibited-Terms List (South Dakota),SD,TRUE,,"South Dakota's landlord-tenant chapter does not contain an enumerated list of prohibited lease provisions of the kind Kansas and Nebraska have - no specific statutory ban on a confession-of-judgment clause, and no enumerated ban on an exculpatory or liability-limitation/indemnification clause. South Dakota follows the North Dakota pattern. That absence is not the whole picture: a general contract statute, SDCL 53-9-3, independently voids any contract term whose object is to exempt a party from responsibility for its own fraud, willful injury to the person or property of another, or violation of law. Two further limits sit outside chapter 43-32: SDCL 43-32-8 makes the landlord's repair and habitability duty expressly non-waivable, and SDCL 15-17-39 voids attorney-fee-on-default provisions contained in an evidence of debt.",RECOMMENDED,LANDLORD_EDUCATION,VERIFIED,"SD session 1 (pass 2 continuation). Confirmed via this project's own complete, primary-sourced index of Chapter 43-32's 37 sections (established in the original statute walk, §2 of this log) - no section addresses confession-of-judgment or exculpation/indemnification clauses. This is a well-supported absence claim because it's based on positive knowledge of the chapter's complete contents, not just a failed search - a stronger evidentiary posture than most of this session's other confirmed-absent findings. Consistent with, and reinforces, `edu-unconscionability-doctrine-sd`'s finding that SD relies on general doctrine rather than an enumerated statutory list, matching the architecture WY and ND both have for this same topic ('confirmed absent as an enumerated statutory ban - only general unconscionability doctrine applies'). | CORRECTION 2026-09-07: prior text said an exculpatory clause 'would instead be tested... under South Dakota's general consumer-protection and common-law unconscionability doctrine rather than an enumerated statutory prohibition.' WRONG - SDCL 53-9-3 is squarely on point and was never located. The narrow claim (no enumerated list in ch.43-32) was and remains CORRECT; the affirmative claim about what governs INSTEAD was never checked outside ch.43-32. Title 53 never reached. L.7 failure shape at chapter scale. Note the prior notes asserted unusually strong grounding ('positive knowledge of the chapter's complete contents... a stronger evidentiary posture than most of this session's other confirmed-absent findings') - warranted for the absence, unwarranted for the substitute rule stated beside it. GROUND CONFIRMED: the ND pattern holds and DOES support extending the parking/storage/pet/property-insurance family to SD, subject to the 53-9-3 ceiling.",2026-08-24,2026-09-07
edu-death-incapacity-lease-survival-sd,Default & Termination,Lease Survival on Death or Incapacity (South Dakota),SD,TRUE,,"If a South Dakota lease is terminable at the pleasure of either party (a true at-will arrangement), it terminates upon notice to the other party of that party's death or incapacity to contract. In every other case - including an ordinary fixed-term residential lease - the lease is NOT terminated by a party's death or incapacity; it survives and continues to bind the deceased or incapacitated party's estate or successor.",RECOMMENDED,LANDLORD_EDUCATION,VERIFIED,"SD session 1 (pass 2 continuation). SDCL 43-32-23, full text confirmed from primary source (consumer.sd.gov's chapter PDF and multiple Justia mirrors agree exactly): 'If a lease is terminable at the pleasure of one of the parties, it is terminated by notice to the other of such party's death or incapacity to contract. In other cases it is not terminated by such death or incapacity.' IMPORTANT - this is the opposite of a tenant-protective early-termination-on-death right (the kind ND's own tenant-death-termination finding describes, per the master checklist). South Dakota's rule instead binds a deceased or incapacitated party's estate to an ordinary fixed-term lease - it's a lease-survival/estate-binding rule, not a release mechanism. Flagged explicitly so this doesn't get conflated with ND's genuinely different, tenant-protective architecture when the checklist gets updated.",2026-08-24,2026-08-24
edu-service-animal-prohibition-criminal-penalty-sd,Compliance & Prohibited Terms,Criminal Penalty for Prohibiting a Service Animal in Housing (South Dakota),SD,TRUE,,"South Dakota makes it a crime for a landlord to prohibit a service animal in residential housing. Under SDCL 20-13-23.4, no landlord may prohibit, by lease or otherwise, the keeping of a service animal by a person who is totally or partially physically disabled, totally or partially blind, or totally or partially deaf, in an apartment or other rented or leased residential property. A violation is a Class 2 misdemeanor. Note two things about the reach of this section. First, it is a direct restriction on lease content - a no-pets or no-animals clause that operates to bar a service animal for a covered tenant is prohibited by the statute itself, not merely unenforceable. Second, the disability categories it lists are narrower than those in South Dakota's public-accommodations service-animal provision, which also covers psychiatric and mental disability; a tenant whose qualifying disability is psychiatric or mental appears to fall outside this criminal provision, though the landlord's civil obligations under SDCL 43-32-33 through 43-32-36 and under federal fair housing law are unaffected and remain the primary source of duty. Separately, SDCL 20-13-23.7 requires good faith efforts to reasonably accommodate a disabled person in housing unless the accommodation would impose undue hardship.",PROHIBITED,LANDLORD_EDUCATION,VERIFIED,"SD session 1 (pass 2 continuation). SDCL 20-13-23.2, found via a search targeting the checklist's 'criminal penalty for service-animal misrepresentation' topic - but this turns out to be a genuinely different-direction finding than that topic describes. WY's and KS's criminal statutes penalize a *tenant's* fraudulent service-animal claim; SD's §20-13-23.2 instead criminalizes a *landlord's* wrongful prohibition of a legitimate service animal - the opposite party, opposite conduct. For the checklist's actual topic (a criminal, not just civil, penalty for a tenant's fraudulent claim), no SD analog was found - SDCL 43-32-36 (already captured in `assistance-animal-accommodation-sd`) remains a civil $1,000 damage-fee remedy only, with no separate criminal statute located. Both findings are logged: this row for the newly-found landlord-facing criminal prohibition, and a confirmed-absent note (§25 of the decision log) for the tenant-fraud criminal-penalty topic specifically. | MATERIAL CORRECTION 2026-09-07 - THIS ERROR WAS INTRODUCED IN THIS RE-AUDIT, NOT INHERITED. The row asserted, as VERIFIED, that SD 'makes it a crime for a landlord to prohibit... a service animal in a rented residential property.' SDCL 20-13-23.2 scopes its misdemeanor to 'a place listed in S 20-13-23.1', which was NEVER READ. 20-13-23.1 reads: 'Any person with a disability is entitled to reasonably equal accommodations... of all hotels, lodging places, places of public accommodation, amusement or resort, and other places to which the general public is invited' (SL 1976 ch 153 S1; SL 1986 ch 170 S18). A public-accommodations list. The claim is WITHDRAWN and inverted into a confirmed-absence finding, which is the more useful row - it stops a future canvass re-opening the question and stops anyone re-deriving the same error from 20-13-23.2 read alone. ROOT CAUSE: textbook L.5, and the exact failure the handoff prompt illustrated with ND's DV clause - committed while writing up findings about that rule. AGGRAVATING: the row was framed as a striking two-direction finding ('opposite party, opposite conduct from WY/KS'); that novelty is part of why it went unchallenged. A finding that INVERTS the expected pattern deserves more verification than one that confirms it. STATUS HELD UNVERIFIED: 20-13-23.1's text is from the Michigan State University College of Law Animal Legal & Historical Center compilation, which carries the source line and is corroborated twice, but is not sdlegislature primary text. The asymmetry matters - the row now tells a landlord a criminal penalty does NOT apply, and being wrong in that direction is worse than the original overstatement. THIRD instance in SD of a rule that looks landlord-facing but is scoped to TRANSIENT LODGING (with ARSD 61:15:01:14 and SDCL 43-32-37). | SECOND WITHDRAWAL 2026-09-07 - THE ABSENCE CLAIM IS ALSO WRONG, AND THIS IS THE THIRD INSTANCE OF THE SAME ERROR SHAPE IN ONE SESSION. History of this row: (a) originally asserted, as VERIFIED, that SD criminalises a landlord's refusal of a service animal in housing; (b) withdrawn when 20-13-23.2 proved scoped to 20-13-23.1's public-accommodations list, and REWRITTEN as a confirmed-absence row saying SD has NO criminal penalty in housing; (c) that absence claim is now ALSO withdrawn. Retrieving 20-13-23.1 surfaced the chapter INDEX, which lists **SDCL 20-13-23.4, 'Right to keep guide dog in rented or leased residence--Violation as misdemeanor'** - on its face the housing-specific criminal provision the absence claim denied existed. Also listed: 20-13-23.7, 'Good faith efforts made to accommodate disabled persons', which per the chapter text applies to 'employment, public accommodation, public service, and education or housing... unless the accommodation would impose undue hardship'. Neither section's TEXT has been read. ROOT CAUSE: L.12 exactly - I read 20-13-23.1 and 20-13-23.2, the two sections that matched the query, and did not sweep the adjacent sections of the same chapter. This is the third occurrence in this session after 20-13-23.2 itself and ARSD 61:15:01:15, and it happened THREE PASSES AFTER writing L.12, which prescribes exactly the sweep that would have caught it. Writing down a rule is not the same as operating under it. STOPPING RATHER THAN RESOLVING: the standing instruction is that if the same error shape appears twice in one session, stop and ask rather than pattern-match a third time. It has now appeared three times, so this row is NOT being resolved from the index title. A title is not text - that is the L.8 lesson - and 'guide dog' may be materially narrower than 'service animal'. Escalated to Taylor for 20-13-23.4 and 20-13-23.7 primary text. The row is left in an explicitly OPEN state rather than asserting either direction, because both prior assertions were wrong and a third guess is not warranted. 20-13-23.1 ITSELF IS NOW CONFIRMED at primary-source standard: text identical across sdlegislature.gov's own chapter page, Justia, LawServer and the MSU Animal Legal & Historical Center compilation, with source line SL 1976, ch 153, S 1; SL 1986, ch 170, S 18 appearing on the official page. That sub-finding stands; it is the inference drawn from it about the whole chapter that was unsound. | RESOLVED 2026-09-07 with SDCL 20-13-23.4 primary text supplied by Taylor: 'No landlord may prohibit by lease or otherwise the keeping of a service animal by a person who is totally or partially physically disabled, totally or partially blind, or totally or partially deaf in an apartment or other rented or leased residential property. A violation of this section is a Class 2 misdemeanor.' Source: SDCL S 20-13-23.2 as added by SL 1980 ch 172 S1; SL 1994 ch 160 S4; SL 1995 ch 118 S2. THE ORIGINAL CLAIM WAS SUBSTANTIALLY CORRECT AND I FALSIFIED IT BY CHECKING THE WRONG SECTION. The row as first written said SD 'makes it a crime for a landlord to prohibit, by lease or otherwise, a legitimately disabled tenant from keeping a service animal in a rented residential property... a Class 2 misdemeanor' - which tracks 20-13-23.4 almost verbatim. Its defect was the CITATION (it cited 20-13-23.2) and the absence of a scope check, not the substance. When 20-13-23.2 proved scoped to public accommodations, I concluded the CLAIM was wrong rather than that the CITATION was wrong, and rewrote a correct statement into a confirmed absence. The 'correction' made the library worse than the error, and the second correction made it worse again. LESSON: when a cited authority fails to support a claim, the next question is whether a DIFFERENT authority supports it - not whether the claim is false. Disconfirming one citation disconfirms that citation. Recorded to Addendum L.13. TITLE-VS-TEXT, corroborating L.8: the section is titled 'Right to keep GUIDE DOG in rented or leased residence' but its operative text says SERVICE ANIMAL - broadened by the 1994/1995 amendments without the catchline being updated. Had this been resolved from the index title, as was briefly tempting, the row would have been narrowed to guide dogs and been wrong again. SUBSTANTIVE NUANCE, not previously anywhere in the library: 20-13-23.4's disability categories (physically disabled, blind, deaf) are NARROWER than 20-13-23.2's, which SL 2020 ch 71 broadened to include psychiatric and mental disability. So the CRIMINAL provision appears not to reach a landlord who refuses a service animal to a tenant with a psychiatric or mental disability, even though the CIVIL duties under 43-32-33 to -36 and the FHA plainly do. Stated in the row as an apparent limit rather than a safe harbour, because relying on it would be reckless. ARCHITECTURE CONSEQUENCE: this is a THIRD lease-content restriction in SD, and it sits OUTSIDE ch. 43-32. R3 of this log recorded that the chapter contains only two (43-32-8's non-waiver and 43-32-18.1's DV eviction bar) - true of the chapter, and now visibly incomplete as a statement about South Dakota. Reinforces the K.2 boundary rejection at R16. Row moved from group Pets to Compliance & Prohibited Terms accordingly.",2026-08-24,2026-09-07
fire-casualty-rent-abatement-sd,Landlord Responsibilities,Fire/Casualty Rent Abatement (South Dakota),SD,TRUE,,"If the property, or any part of it, is damaged by fire or other casualty not caused by Tenant's negligence or willful act, Rent will be reduced in proportion to the extent and duration the property is unusable. If Landlord decides not to rebuild or repair the damage, this Lease will end and Rent will be prorated to the date of the damage.",RECOMMENDED,LEASE_CLAUSE,VERIFIED,"SD session 1 (gap-discovery source #2 finding). South Dakota's own statutory casualty-termination right (SDCL 43-32-19(2), captured in `edu-tenant-termination-causes-sd`) is all-or-nothing - it gives the tenant a termination right for material destruction, but does not itself provide a proportional rent-reduction remedy for partial damage. This clause is NOT a restatement of a statutory requirement; it's an optional, more tenant-favorable term found in an actual in-use South Dakota lease (South Dakota Achieve's residential lease, published via the SD Dept. of Human Services' HCBS-settings-rule toolkit - a genuine professional lease product, not a template-mill sample). Committing this as a RECOMMENDED optional addition rather than a REQUIRED statutory clause, since South Dakota law doesn't mandate it - Taylor's call whether to offer it as a landlord-selectable option.",2026-08-24,2026-08-24
edu-advance-rent-vs-deposit-sd,Rent & Payment,Advance Rent Treated Separately From Security Deposit (South Dakota),SD,TRUE,,"Whether money a South Dakota landlord collects up front is a 'security deposit' turns on what the money does, not what the lease calls it. SDCL 43-32-6.1 provides that any deposit of money whose function is to secure the performance of a residential rental agreement, or any part of it, is deemed to be a security deposit. So a payment labeled 'last month's rent' that is genuinely held and applied as rent for the final month is advance rent and does not count against the one-month deposit cap. But the same payment, if in fact held as security against damage, unpaid charges, or other nonperformance, is deemed a security deposit no matter what the lease calls it - and it then counts against the one-month cap and carries all the deposit rules, including the twenty-one-day return-or-written-statement deadline, the forty-five-day itemized accounting on request, forfeiture of all withholding rights for noncompliance, and exposure to punitive damages for bad-faith retention. Collecting both a full one-month deposit and a last month's rent payment is therefore safe only if the latter really is applied as rent.",RECOMMENDED,LANDLORD_EDUCATION,VERIFIED,"SD session 1 (post-close correction, prompted by Taylor's follow-up question on the last-month's-rent checklist topic). Upgrades this project's earlier 'Inconclusive' finding (§20/§32 of the decision log) to a real answer, though a narrower one than the checklist topic originally asked: SDCL 43-32-6 (self-help eviction damages: 'return of any advance rent and deposit paid') and SDCL 43-32-24 (deposit return mechanics, which never mentions advance rent) both consistently treat 'advance rent' and 'deposit' as two separate legal concepts throughout Chapter 43-32, never conflating them. consumer.sd.gov's own official FAQ independently confirms the practical result: 'A landlord has the discretion to collect various deposits as well as some rent in advance... These advance payments generally vary in amount.' What remains genuinely unresolved (true Inconclusive, not just under-researched): whether any common-law or general-contract-law principle would treat an advance-rent payment functionally as a deposit if a landlord tried to use it as security against damage rather than future rent - no case law was found either way this session. Flagged as the one item in this log that stays partially open rather than fully closed. | CORRECTION 2026-09-07 (surfaced by the checklist fold-in) - TWO defects. (1) OVERSTATED CATEGORICAL CLAIM: the row asserted advance rent and security deposit are 'separate categories under South Dakota law, not two names for the same protected fund', flatly and unconditioned. SDCL 43-32-6.1's opening sentence supplies a FUNCTIONAL test the row never quoted: 'Any deposit of money, the function of which is to secure the performance of a residential rental agreement or any part of such an agreement, shall be deemed to be a security deposit.' Function, not label, controls. The row's own recorded 'open question' is substantially answered by the statute it cited for the cap but never read past. L.5 pattern: 43-32-6.1 was cited in edu-security-deposit-cap-sd for the one-month figure and the definitional sentence governing SCOPE never travelled to the row that needed it. (2) STALE DEADLINE: row still said 'two-week return deadline'. The post-write sweep for 'two weeks'/'2-week' reported CLEAN and missed the hyphenated 'two-week' form - see L.9.",2026-08-25,2026-09-07
notice-and-cure-sd,Default & Termination,"Notice and Cure Is a Landlord Decision, Not a Lease Term (South Dakota)",SD,TRUE,,"South Dakota law gives a landlord broad discretion over whether, and how much, opportunity to cure a default a tenant receives before Landlord pursues eviction - there is no statutory requirement to offer one, for nonpayment or for an ordinary lease violation. Whether to give written notice and a set number of days to fix a curable problem before filing is therefore a case-by-case enforcement decision, not a fixed lease term. A real, in-use South Dakota lease reviewed for this project (South Dakota Achieve's residential lease) reflects this directly - its own default/eviction section states only that eviction will comply with SDCL Ch. 21-16, without building in any separate cure mechanism. Landlords who want to offer a cure opportunity consistently, rather than deciding fresh each time, should consider adopting - and following - a documented internal practice (for example, always giving written notice and a stated number of days before filing for an ordinary lease violation), since South Dakota law leaves this entirely to the landlord's own judgment and consistency at the point of enforcement.",RECOMMENDED,LANDLORD_EDUCATION,VERIFIED,"SD session 1 (post-close correction, round 2). Companion clause to `default-by-tenant-sd`, added because South Dakota imposes no statutory notice-and-cure period (2024 SB 90 repealed the prior notice-to-quit requirement, see §9-10) and, before this correction, nothing in the lease filled that gap either. Structure (separate rent-cure and violation-cure day counts, plus a no-cure carve-out for drug activity/violence/safety-endangering conduct) proposed by Claude and approved by Taylor in chat. The carve-out isn't invented from nothing - it mirrors how the real South Dakota lease found for gap-discovery source #2 (South Dakota Achieve's lease) treats illegal drug activity and violent/aggressive behavior as immediate material breaches with no cure offered, and is consistent with the eviction grounds already captured in `edu-eviction-grounds-sd`. Day counts are deliberately left as landlord-fillable bracket placeholders ([insert number of days, e.g. N]), matching the existing non-schema bracket convention used elsewhere in the CSV (e.g. the habitability-notice and utility-allocation rows) rather than the schema-backed {{curly_brace}} convention, since no schema field exists for a cure-period day count and Taylor explicitly did not want a hardcoded number forced on landlords - South Dakota law doesn't specify one, so the product shouldn't pretend to either. The 3-day/10-day figures shown in the bracket examples are illustrative, not binding: 3 echoes SD's own pre-2024 repealed notice period and the number of days rent must be overdue before an eviction ground even exists (SDCL 21-16-1(4)); 10 is a common industry default for a curable lease-violation window, not a South Dakota statutory figure. Flagged for retroactive cross-state check: does any other state's default-by-tenant clause have a similar gap (a reference to a nonexistent or non-functional cure mechanism)? Not yet checked - Taylor's explicit instruction was to scope this fix to SD for now and revisit other states if the same pattern turns up. | CORRECTION 2026-08-25 (round 3, Taylor's review): pulled out of the active lease-clause set. Taylor's challenge: eviction/nonpayment/cure mechanics are procedural, enforcement-time matters, not terms the two parties are agreeing to at signing - closer to Nebraska's reservation-of-rights finding (flagged for the not-yet-built Legal Tracker feature, not a standing lease clause) than to an ordinary substantive lease term. The real South Dakota lease found for gap-discovery source #2 (South Dakota Achieve's) supported this directly - it doesn't build a cure mechanism into the lease at all, just defers to the statute. content_type changed from LEASE_CLAUSE to LANDLORD_EDUCATION (was: LEASE_CLAUSE) and rule_type changed from REQUIRED to RECOMMENDED, since this project's schema treats LANDLORD_EDUCATION content as reference material for the landlord rather than text inserted into a generated lease. This is now a Legal Tracker feature candidate: a prompt or reminder helping a landlord apply a consistent cure practice at the moment of enforcement, rather than a clause baked into the lease at signing. Bracket-style day-count placeholders ([insert number of days, e.g. N]) removed from the bodyText since this is no longer lease text a landlord fills in once - if built as a Legal Tracker feature, day counts would more naturally live as a configurable landlord preference/setting, not lease-document placeholders. `default-by-tenant-sd` revised in the same pass to stop referencing a lease section that no longer exists. Prior LEASE_CLAUSE version of this row's bodyText retained for the record: If Tenant fails to pay Rent when due, Landlord will give Tenant written notice of the amount owed, and Tenant may cure the default by paying the full amount within [insert number of days, e.g. 3] days after the notice is given. If Tenant fails to comply with any other obligation under this Lease that is capable of being cured, Landlord will give Tenant written notice describing the violation, and Tenant may cure the default by remedying the violation within [insert number of days, e.g. 10] days after the notice is given. If Tenant does not cure within the applicable period, Landlord may pursue all remedies available under this Lease and South Dakota law, including termination and eviction. This cure period does not apply to a violation involving illegal drug activity, violence or threats of violence, or conduct that endangers the health or safety of others or the property, for which Landlord may pursue termination and eviction immediately.",2026-08-25,2026-08-25
edu-esa-federal-state-divergence-co,Pets,Federal ESA Enforcement Changed in 2026 - Colorado Law Did Not,CO,TRUE,,"Federal and Colorado law have pulled apart on emotional support animals, and it would be easy to read the federal news and get this wrong. On September 17, 2025 HUD withdrew its assistance-animal guidance, and on May 22, 2026 it went further: HUD's Office of Fair Housing and Equal Opportunity now says it will pursue Fair Housing Act accommodation complaints only for animals individually trained to do work or tasks for a disability - the ADA service-animal standard - and will no longer expect landlords to automatically accommodate untrained emotional support animals. HUD says it intends to go through formal rulemaking. Here is what that does NOT change for you in Colorado. First, it is a change in how one agency prioritizes enforcement, not a change in the Fair Housing Act itself; the statute and its regulations are unchanged, and a tenant can still bring a private FHA claim, as can the Department of Justice. Second, and more directly: Colorado has its own law. C.R.S. 24-34-502 makes it a discriminatory housing practice to refuse a reasonable accommodation that a person with a disability needs to use and enjoy a dwelling, and that covers assistance animals including ESAs. That statute never depended on HUD guidance and was not affected by any of this. So in Colorado, continue to treat a documented ESA as an assistance animal, not a pet: no pet deposit, no pet rent, no breed or size restriction, and no demand for details about the nature or severity of the disability. The tenant stays responsible for actual damage, and you may still deny where the specific animal is a direct threat or would cause substantial property damage that cannot be otherwise addressed. Watch for HUD's rulemaking, but do not change your Colorado practice on the strength of the enforcement memo alone.",REQUIRED,LANDLORD_EDUCATION,VERIFIED,NEW 2026-08-27. Added because the federal change is high-profile and a landlord reading headlines could reasonably conclude ESA obligations had ended - they have not in Colorado. Documents the divergence and the independent CADA basis so the next CO review does not have to re-derive it. Source caveat: ESA-certification-industry commentary was discounted as commercially interested; relies on the CADA statutory structure and Colorado practitioner commentary.,2026-08-27,2026-08-27
edu-habitability-operational-duties-co,Landlord Responsibilities,Habitability: Your Operational Duties Beyond the Repair Itself,CO,TRUE,,"C.R.S. 38-12-503 imposes several duties that have nothing to do with the repair work itself, and missing them can independently establish a breach. Communication: contact the tenant within 24 hours of having notice (72 hours if the premises are inaccessible due to an environmental public health event), stating what you intend to do and when it will start and finish - and you must affirmatively tell the tenant about your obligation to provide a comparable unit or hotel room at no cost. Records: keep all written notices, correspondence, and documentation about the condition and your remedial action for the entire tenancy plus 3 years, and produce any of it to the tenant within 10 calendar days of a request. Mold and dampness: within 72 hours of notice you must install containment, stop active water sources, and install HEPA filtration, then maintain containment through remediation, dry and decontaminate affected materials, test after remediation, and reassemble to prevent recurrence. Gas: you must hire a professional (as defined in C.R.S. 38-12-104(3)) for any hazardous condition involving gas piping, facilities, appliances, or equipment. Timelines to watch: a rebuttable presumption that you failed to act on time attaches at 7 days for life/health/safety conditions and 14 days for uninhabitable conditions.",REQUIRED,LANDLORD_EDUCATION,VERIFIED,"NEW (Part 5 read 2026-08-27) - MATERIAL OMISSION. The original CO pass captured only the 24/72-hour commencement windows from Part 5 and none of the surrounding operational duties, several of which are independent breach triggers under 38-12-503(2)(b). Sources: (5)(a)-(c) records; (6)(a)(I)-(II) communication; (12)(b) mold; (14) gas professional; (3)(a)(II) presumptions.",2026-08-27,2026-08-27
edu-part5-nonwaivable-co,Landlord Responsibilities,Nothing in the Habitability Rules Can Be Waived,CO,TRUE,,"C.R.S. 38-12-503(10): except as Part 5 itself allows, any agreement waiving or modifying ANY right, remedy, obligation, or prohibition in Part 5 is void as contrary to public policy. This is broader than the other non-waiver rules already tracked - it is not limited to a specific right, it covers the entire habitability regime. Practical effect: no lease language can shorten the 24/72-hour response windows, waive the relocation obligation, disclaim the warranty of habitability, or contract around the record-keeping and notice duties. Also note the reverse: 38-12-503(3)(f)(II) says designating a verbal notice method in the lease waives YOUR right to insist on written notice - one of the few places where lease language can cost you something under Part 5.",PROHIBITED,LANDLORD_EDUCATION,VERIFIED,"NEW (Part 5 read 2026-08-27) - 5th confirmed 'void against public policy' standing rule, joining the police-call waiver (38-12-402), immigrant-tenant protections (38-12-1201 et seq.), security-deposit rights (38-12-103(7)), and the wear-and-tear/preexisting-condition fee rule (HB25-1249). Broadest of the five: it covers an entire Part rather than a single right.",2026-08-27,2026-08-27
edu-rental-application-fairness-co,Disclosures,Rules on Application Fees and Tenant Screening,CO,TRUE,,"Colorado's Rental Application Fairness Act (C.R.S. 38-12-901 et seq.) constrains the application stage, before any lease exists. In short: an application fee must reflect your actual cost to process the application, must be the same for every applicant for that property, and must be itemized on request. If an applicant provides a portable tenant screening report, you generally may not charge them an application fee at all - and you must tell applicants whether you accept portable reports. When screening, you generally may not consider rental or credit history older than 7 years, or criminal history older than 5 years, except for certain enumerated offenses (methamphetamine manufacture, offenses requiring sex-offender registration, homicide, and stalking). None of this belongs in the lease itself, but it governs how you get to a lease.",CONSTRAINED,LANDLORD_EDUCATION,VERIFIED,"NEW (audit 2026-08-27) - MATERIAL OMISSION. Article 12 Part 9 was marked out of scope during the original CO pass on the theory that it is pre-lease only. It is pre-lease, but it constrains landlord conduct in ways a CO landlord using this product needs to know, and it is where the security-deposit installment right conceptually sits. Added as education, not as a lease clause.",2026-08-27,2026-08-27
edu-source-of-income-exemption-trap-co,Disclosures,"Small-Landlord Exemption Applies to the Statement, Not the Duty",CO,TRUE,,"Two different Colorado rules govern housing vouchers and they now have different exemptions - this is an easy trap. (1) The requirement to PRINT a source-of-income non-discrimination statement in the lease (C.R.S. 38-12-801(2.5)) still exempts landlords with five or fewer single-family rental homes and no more than five total units. (2) The requirement to actually ACCEPT vouchers (C.R.S. 24-34-502) no longer has any small-landlord exemption - HB25-1240 removed it effective May 29, 2025. So a small landlord may be exempt from printing the statement while still being fully obligated to accept vouchers. Being exempt from the disclosure is not being exempt from the duty.",CONDITIONAL,LANDLORD_EDUCATION,VERIFIED,NEW (audit 2026-08-27) - prior research blurred these two provisions. HB25-1240 amended 24-34-502 only; it did not amend 38-12-801(2.5).,2026-08-27,2026-08-27
edu-tenant-insurance-claims-co,Notices & General,You Cannot Push Habitability Repairs Onto the Tenant's Renter's Insurance,CO,TRUE,,"C.R.S. 38-12-503(13): you may not require a tenant to submit a claim to their renter's insurance carrier to cover a cost or expense related to remedial action you are responsible for paying, and you may not file a claim against a tenant's renter's insurance policy at all without the tenant's express written permission given at the time the claim is submitted. Requiring renter's insurance in the lease remains fine - what you cannot do is treat that policy as a funding source for repairs Part 5 makes your responsibility.",PROHIBITED,LANDLORD_EDUCATION,VERIFIED,"NEW (Part 5 read 2026-08-27). Checked the existing tenants-property-insurance clause against this: it requires coverage and proof of coverage but does not require the tenant to claim on it for landlord-responsible repairs, so no clause change is needed. Logged as a standing constraint on landlord conduct and on any future custom insurance language. Note tenants-property-insurance is shared CO;WY - no edit made, so no cross-state impact.",2026-08-27,2026-08-27
edu-written-notice-strictly-required-co,Landlord Responsibilities,Habitability Notice Must Be Written - and Your Lease Can Accidentally Give That Up,CO,TRUE,,"Colorado requires WRITTEN notice before the habitability clock starts against you, and the courts enforce that strictly: Anderson v. Shorter Arms Investors, LLC, 2023 COA 71, 537 P.3d 831 holds that substantial compliance does not apply and that a tenant's oral notices are insufficient as a matter of law. That is a real protection - but C.R.S. 38-12-503(3)(f)(II) lets you throw it away by accident: if your lease or your property rules say a tenant may or must give notice verbally, you have waived your right to written notice. Never designate a phone number or any verbal method as the habitability-notice channel. Note also that 'written notice' is broad and does not have to come from the tenant - notice from a government entity, a third party, another tenant about a condition affecting multiple units, tenant correspondence with maintenance, or your own written observations can all count under (3)(e). Anderson also held that notice of mold or dampness not presently interfering with life, health, or safety must include permission to enter in order to be sufficient.",REQUIRED,LANDLORD_EDUCATION,VERIFIED,NEW (Part 5 read 2026-08-27). Directly drove the habitability-notice-co correction. Also the first Colorado appellate authority captured in this project - fills part of the case-law gap flagged in the re-audit.,2026-08-27,2026-08-27
environmental-event-termination-co,Default & Termination,Termination After an Environmental Public Health Event,CO,TRUE,,"If the property is damaged as a result of a sudden environmental public health event, or by an action taken by a governmental authority, and continued occupancy of the property becomes impossible or unlawful, Landlord may terminate this Lease without further liability to either party, provided that Landlord was not already in breach of the warranty of habitability before the event or government action and it would be impracticable for Landlord to repair the property into compliance with the warranty of habitability. Landlord will give Tenant at least 30 days' written notice of termination under this Section and will comply with all of Landlord's obligations under Colorado law through the termination date. Landlord will grant Tenant or Tenant's representative access to retrieve Tenant's personal property before termination, or, if entry is unsafe before then, will agree in writing to grant access at the earliest time it is safe to do so. Landlord will return Tenant's Security Deposit on or before the termination date, and will provide a prorated discount or refund of rent for any period the property was uninhabitable and no comparable dwelling unit or hotel room was provided to Tenant.",CONDITIONAL,LEASE_CLAUSE,VERIFIED,"NEW (Part 5 read 2026-08-27) - MATERIAL OMISSION, and an unusual one. C.R.S. 38-12-503(11) grants the landlord this termination right ONLY 'if permitted by the rental agreement.' The right does not exist by default - a lease that is silent forfeits it entirely. This is the opposite of most Part 5 provisions, which constrain the landlord regardless of lease text. Passes the three-bucket test on ground 3 (and then some): omitting it costs the landlord a statutory right. All statutory conditions in (11)(a)-(f) are stated so the clause cannot be invoked improperly.",2026-08-27,2026-08-27
rent-increase-notice-co,Rent & Payment,Notice of Rent Increase,CO,TRUE,,"If this Lease continues on a month-to-month basis, Landlord will provide Tenant at least [specify notice period, e.g. 60] days' written notice before any increase in Monthly Rent takes effect. Rent will not be increased more than once in any twelve-month period, as required by Colorado law.",CONSTRAINED,LEASE_CLAUSE,VERIFIED,"NEW (audit 2026-08-27) - closes a real statutory gap. C.R.S. 38-12-701(2)'s 60-day notice applies ONLY where there is no written agreement, so a written month-to-month lease that is silent on rent-increase notice has no statutory default. Stating a period in the lease removes the ambiguity. The 38-12-702 once-per-12-months cap applies regardless and is restated here because it constrains the landlord's own term.",2026-08-27,2026-08-27
source-of-income-statement-co,Disclosures,Source of Income Non-Discrimination Statement,CO,TRUE,,"As required by Colorado law, Landlord provides the following statement: section 24-34-502 (1) of the Colorado Revised Statutes prohibits discrimination against a prospective tenant based on the tenant's source of income, and requires a landlord to accept any lawful and verifiable source of income used to pay rent, including a housing subsidy or voucher.",CONDITIONAL,LEASE_CLAUSE,VERIFIED,NEW (audit 2026-08-27) - MATERIAL OMISSION found by re-audit. C.R.S. 38-12-801(2.5) requires this statement IN the written rental agreement. Exempt: a landlord with five or fewer single-family rental homes and no more than five total rental units. CONDITIONAL because it attaches only for landlords over that threshold. See edu-source-of-income-exemption-trap-co for the exemption mismatch.,2026-08-27,2026-08-27
edu-no-fee-reciprocity-wy,Default & Termination,No Reciprocal Attorney-Fee Statute — One-Sided Fee Clauses Are Enforceable,WY,TRUE,,"Unlike Colorado, where a lease clause awarding attorney's fees only to the landlord is void (C.R.S. 38-12-801(3)(a)(II)), Wyoming has no reciprocity statute. Wyoming follows the American Rule - each side pays its own fees unless a contract or statute says otherwise - and the Wyoming Supreme Court requires that a contract 'unequivocally provide' for fee recovery before fees can be awarded. A landlord-only fee provision would be enforceable in Wyoming. Note that your Steinoak lease nonetheless uses mutual prevailing-party language, which gives the tenant a reciprocal right Wyoming does not require. That is a deliberate choice, not a legal obligation.",RECOMMENDED,LANDLORD_EDUCATION,VERIFIED,"WY added 2026-08-28, closing the edu-fee-shifting-co counterpart question. Confirmed: Circle Resources v. Hassler (2023 WY); Cowardin v. Finnerty (1999 WY, citing Coulter v. City of Rawlins). WY is NOT among the seven reciprocity states (CA, FL, HI, MT, OR, UT, WA); Drake Law Review survey places WY among 31 states with no protection against one-sided fee provisions. No WY analog to C.R.S. 38-12-801(3)(a)(II). | CHARACTERISATION TIGHTENED 2026-09-06 (from the ND re-audit session, at Taylor's direction, on the fee-shifting consolidation). This row described the Wyoming Supreme Court as requiring a contract to 'unequivocally provide' for fee recovery. The cases read differently and less strictly: the test is EXPRESS statutory or contractual AUTHORISATION -- Cowardin v. Finnerty (Wyo. 1999) ('absent statutory or contract language expressly authorizing recovery of attorney fees'); Emken, 2006 WY 112, ¶ 8; Thorkildsen v. Belden, 2012 WY 8, ¶ 10; Circle Resources v. Hassler, 2023 WY 22, ¶ 8. The reported failures are contracts SILENT on fees, not contracts whose fee language was insufficiently emphatic. WHY THE DIFFERENCE MATTERED: 'unequivocally provide' reads as a heightened magic-words standard and, applied to the shared default-by-tenant clause, generated a false flag that nearly produced an unnecessary WY-specific override and a permanent fork in a four-state clause. The row's substantive holding -- WY has no fee-reciprocity statute, follows the American Rule, and requires contractual or statutory authorisation -- is CORRECT and unchanged. Addendum E scoping: targeted correction to this row's characterisation of the standard only. No other WY holding was reviewed; this is not a WY re-audit and WY's last_checked should not be read as one.",,2026-09-06
edu-service-animal-denial-penalty-ks,Pets,Criminal Penalty for Denying a Service Animal in Rental Housing,KS,TRUE,,"In Kansas the criminal exposure around assistance animals runs toward the landlord, not the tenant. K.S.A. 39-1103 makes it a misdemeanor for any person, or the agent of any person, to deny or interfere with the rights recognized in K.S.A. 39-1101, 39-1102, 39-1107, 39-1108 and 39-1109 - and 39-1102 (guide dog), 39-1107 (hearing assistance dog) and 39-1108 (service dog) each expressly extend their right to ""the acquisition and use of rental, residential housing and... the purchase and use of residential housing without being required to pay an extra charge"" for the dog. Refusing one of these dogs in a rental, or charging a pet fee, deposit or pet rent for one, is therefore a crime in Kansas, not merely a fair housing violation. K.S.A. 39-1103 does not state a class, so it is an unclassified misdemeanor sentenced as a class C misdemeanor under K.S.A. 21-6602(a)(4): up to 1 month in county jail and a fine of up to $500. The tenant remains liable for any damage the dog does to the premises, which each of the three sections preserves expressly. This applies only to individually trained dogs - K.S.A. 39-1113(a) defines ""assistance dog"" as only a guide dog, hearing assistance dog or service dog, each ""specially selected, trained and tested,"" and 39-1113(f) excludes an animal kept for comfort, protection or personal defense. The act also covers dogs only, so a non-canine assistance animal falls outside it entirely and is governed by the Kansas Act Against Discrimination and federal fair housing law instead.",PROHIBITED,LANDLORD_EDUCATION,VERIFIED,"K.S.A. 39-1103, 39-1102, 39-1107, 39-1108, 39-1113(a),(f), 21-6602(a)(4), 21-6611. Full primary text read 2026-08-29. | NEW FINDING, KS re-audit. This INVERTS what the library previously recorded. The library carried Kansas's criminal exposure as running toward the tenant (39-1112 misrepresentation); the primary text shows the tenant-facing penalty does not reach housing at all, while a landlord-facing penalty does. See edu-service-animal-fraud-ks. | Class C default confirmed via K.S.A. 21-6602(a)(4) (unclassified misdemeanor with no penalty specified is sentenced as class C) and 21-6602(a)(3) (class C = up to 1 month). Fine ceiling per K.S.A. 21-6611. | CALIBRATION: no instance of 39-1103 being charged in a residential-landlord context was located, and no Kansas case law construing 39-1103 or 39-1112's housing reach exists. This is a textual determination on unambiguous scoping language, not a litigated one. Recorded as such. | The no-extra-charge rule here is express statutory text, so the no-pet-fee sentence in assistance-animal-accommodation rests on independent Kansas state law for individually trained dogs regardless of the federal position.",2026-08-29,2026-08-29
edu-kaad-accommodation-duty-ks,Disclosures,Kansas's Own Reasonable Accommodation and Modification Duties,KS,TRUE,,"Separate from federal fair housing law, the Kansas Act Against Discrimination imposes its own housing duties. K.S.A. 44-1016(h)(3)(B) makes it discrimination to refuse to make reasonable accommodations in rules, policies, practices or services when necessary to afford a person with a disability equal opportunity to use and enjoy residential real property - this is the provision a request to waive a no-pets policy for an assistance animal falls under, and it does not mention animals or reference federal law. K.S.A. 44-1016(h)(3)(A) is a separate and narrower duty: permitting reasonable modifications of the existing premises, at the tenant's own expense, where necessary for full enjoyment. K.S.A. 44-1016(h)(7) preserves the ability to decline where the tenancy would constitute a direct threat to the health or safety of others or would result in substantial physical damage to the property of others. K.A.R. 21-60-16 bars requiring an increased security deposit from a person with a disability. Complaints are handled by the Kansas Human Rights Commission. Two limits worth knowing: the KAAD's disability definition excludes current illegal use of a controlled substance in housing discrimination (K.S.A. 44-1002(j)), and K.S.A. 44-1018(d) permits acting against a person convicted two or more times of the illegal manufacture or distribution of a controlled substance. These duties do not apply to a landlord who falls inside the small-landlord exemptions - see the Small-Landlord Exemptions item.",REQUIRED,LANDLORD_EDUCATION,VERIFIED,"K.S.A. 44-1016(h)(3)(A),(B), (h)(7), 44-1002(j),(k), 44-1015(h), 44-1018(d); K.A.R. 21-60-16. Full primary text of 44-1016 and 44-1002 read 2026-08-29. | ESA/ASSISTANCE-ANIMAL DETERMINATION (KS re-audit). Kansas does not fit the three-way classification (independent statute / federally-tethered / no basis) used for CO and WY. Kansas SPLITS by animal type: (1) trained service animals have a STRONG independent basis - express housing rights in K.S.A. 39-1102/1107/1108 with a statutory no-fee rule and criminal backing at 39-1103; (2) ESAs are EXPRESSLY EXCLUDED from that statute by 39-1113(f), whose definitions apply to 39-1101 through 39-1109 per its own preamble, so the exclusion reaches the housing sections. An ESA basis, if it exists, runs only through this generic 44-1016(h)(3)(B) duty. | COMPARATIVE: WY's 35-13-201(c) permits the animal ""in accordance with the federal Fair Housing Act"" - federally tethered. Kansas's housing accommodation duty contains NO federal reference in its text, so on independence-from-federal-law Kansas is arguably STRONGER than Wyoming; on animal-specificity it is weaker than both CO and WY, since it never mentions animals. | OPEN / UNRESOLVED, do not overstate: (a) NO Kansas court - state or federal - has held the KAAD HOUSING provisions are construed in lockstep with the FHA. Employment-side lockstep is well established (Kinchion v. Cessna Aircraft Co., 504 F. Supp. 2d 1137, 1142 (D. Kan. 2007); Allen v. Garden City Co-op, 651 F. Supp. 2d 1249 (D. Kan. 2009)) but no decision extends it to housing. (b) NO Kansas case applies 44-1016(h)(3)(B) to an assistance animal or ESA. (c) Whether 44-1002(k)(1)'s employment-flavored ""reasonable accommodation"" definition constrains the housing duty is unresolved on the text and has never been litigated. (d) KHRC is HUD-certified ""substantially equivalent,"" which is real evidence of federal-facing practice notwithstanding independent text. Net position: textually independent, practically federal-facing, judicially untested. | Kansas rejected a dedicated ESA housing act four times (HB 2523/2019; SB 360 and S Sub HB 2057/2022; SB 170/2025) - proof of absence by legislative refusal, not silence.",2026-08-29,2026-08-29
edu-kaad-housing-exemptions-ks,Disclosures,Small-Landlord Exemptions from Kansas Fair Housing Duties,KS,TRUE,,"Kansas's housing discrimination provisions open with ""Subject to the provisions of K.S.A. 44-1018,"" so the exemptions are built into the operative section itself rather than sitting elsewhere as a separate limit. K.S.A. 44-1018(b) exempts two situations: the sale or rental of a single-family house by an owner who owns or has an interest in no more than three single-family houses at any one time and rents it without a real estate broker, agent or salesperson (limited to one such sale in any 24-month period if the owner was not the resident or most recent resident); and rooms or units in a building containing living quarters for no more than four families living independently, where the owner actually maintains and occupies one of those units as a residence. A landlord inside either exemption is outside K.S.A. 44-1016 in its entirety, including its disability accommodation and modification duties. One provision survives the exemption: the ban on discriminatory advertising, notices, statements and applications at K.S.A. 44-1016(c) applies regardless. The federal Fair Housing Act carries broadly parallel owner-occupied and single-family exemptions, so a landlord may fall outside both - but the two sets are not identical, and each must be checked on its own terms rather than assumed to match.",CONDITIONAL,LANDLORD_EDUCATION,VERIFIED,"K.S.A. 44-1018(b),(c),(d), 44-1016 opening clause, 44-1016(c). Full primary text read 2026-08-29. | NEW FINDING, KS re-audit - was on no prior list. High practical impact given Steinoak's target user: a meaningful share of small Kansas landlords may have no state accommodation duty at all, which is a materially different analysis from the one in edu-kaad-accommodation-duty-ks. | The 44-1016 opening clause (""Subject to the provisions of K.S.A. 44-1018"") was only visible once the full section was read; it strengthens the finding, because the exemption is incorporated by reference into the first clause of the operative section rather than being an external carve-out. | TRAP CLASS: identical in shape to the CO re-audit's source-of-income finding, where the lease-statement duty and the acceptance duty had MISMATCHED exemptions and one could not be assumed to cover the other. Here the accommodation duty is exempted but the advertising ban is not. | PROPOSED STANDING CANVASS ROW (not yet added to the checklist, awaiting Taylor): where a state has a housing accommodation or anti-discrimination duty, check its EXEMPTIONS separately from the duty itself. | NOT YET CHECKED: whether the federal FHA exemption boundaries actually align with 44-1018(b)'s in any given fact pattern. Stated in the row as a caution, not resolved.",2026-08-29,2026-08-29
smoke-detectors-ks,Landlord Responsibilities,Smoke Detectors,KS,TRUE,,"Landlord has supplied and installed all smoke detectors required by Kansas law. After Tenant takes possession of the property, Tenant will test and maintain all smoke detectors in the dwelling unit, including replacing batteries as needed. Tenant will not disable, remove, paint over, or otherwise interfere with any smoke detector. Tenant will promptly notify Landlord if a smoke detector is missing, damaged, or fails to operate for any reason other than a dead battery, and Landlord will repair or replace it.",REQUIRED,LEASE_CLAUSE,VERIFIED,"K.S.A. 31-162(c), Kansas Smoke Detector Act (K.S.A. 31-160 through 31-162). Full primary text read at ksrevisor.gov 2026-08-29. | NEW - closes a genuine gap. Kansas has had a statutory landlord smoke-detector duty since 1998 and the library carried ZERO KS rows on it through the original pass and every session since. | The install/maintain split is STATUTORY, not a drafting choice: 31-162(c) provides that the owner supplies and installs all required detectors and the owner tests and maintains them, EXCEPT inside rental units, where the occupant tests and maintains after taking possession. This clause mirrors that allocation rather than inventing one. | Found via gap-discovery source #4 (law outside the core act) during the named-topic canvass. The duty lives in Chapter 31 (Fire Protection), not the KRLTA - the same pattern as Nebraska's and North Dakota's smoke-detector duties. Third confirmation that a first pass confined to the core act's table of contents reliably misses real findings.",2026-08-30,2026-08-30
edu-smoke-detector-requirements-ks,Landlord Responsibilities,Kansas Smoke Detector Rules and the Two Shields They Carry,KS,TRUE,,"Placement (K.S.A. 31-162(a)-(b)): every single-family residence needs at least one smoke detector on every story of the dwelling unit. A structure with multiple dwelling units, or a mixed-use structure containing at least one dwelling unit, needs at least one detector at the uppermost ceiling of each interior stairwell plus one on every story in each dwelling unit. Power source (31-162(d)): detectors in units that existed on January 1, 1999 may be battery-powered or wired and need not be interconnected, but detectors in units CONSTRUCTED AFTER January 1, 1999 must be wired permanently into the structure's electrical system - a hard threshold worth checking against your build year before assuming battery units are compliant. Two provisions work in your favor. First, K.S.A. 31-162(g): evidence that an owner failed to provide an operational smoke detector, and evidence that an occupant failed to properly maintain one, are both inadmissible in any action for the purpose of determining any aspect of civil liability. Second, K.S.A. 31-162(h): the Smoke Detector Act cannot be used as grounds to offset, reduce, or deny payment under any insurance contract or policy. Enforcement officials also may not enter a dwelling solely to check compliance, except during a pre-occupancy or building-permit inspection, when responding to a real fire, or during an owner- or occupant-requested home safety inspection (31-162(f)). Manufactured homes follow federal construction and safety standards instead, but their owners and occupants remain subject to the Act's testing and maintenance rules (31-162(e)).",REQUIRED,LANDLORD_EDUCATION,VERIFIED,"K.S.A. 31-160 through 31-162; definitions at 31-161. Subsections (a)-(f) read from ksrevisor.gov 2026-08-29; (g) and (h) obtained 2026-08-30 via research and quoted from the Revisor's text. | The (g) and (h) shields were not visible in the section text initially retrieved and were found only by pursuing the section TITLE's reference to 'certain evidence inadmissible; insurance payments not affected.' Worth generalizing: read section titles for provisions the retrieved body text may have truncated. | (g) is unusually broad - it bars the evidence in ANY action for ANY aspect of civil liability, and it cuts both ways, protecting owner and occupant alike.",2026-08-30,2026-08-30
edu-no-co-alarm-requirement-ks,Landlord Responsibilities,No Carbon Monoxide Alarm Requirement,KS,TRUE,,"Kansas has no state law requiring carbon monoxide alarms in residential rental property. Unlike the smoke detector duty, which is statutory, CO alarms in a Kansas rental are entirely voluntary as a matter of state law. Kansas does regulate CO detection in lodging establishments - hotels and motels - under K.A.R. 4-27-8, but that does not reach residential leases. Two cautions. A widely circulated claim that Kansas landlords must install CO alarms 'at the request of the renter' appears on at least one alarm manufacturer's website and is not supported by any Kansas statute. And if your property is in the Kansas City metro, check which side of the state line it sits on: Kansas City, Missouri municipal requirements do not apply in Kansas. Installing CO alarms anyway remains a reasonable safety decision, and a local ordinance may require them even though state law does not.",RECOMMENDED,LANDLORD_EDUCATION,VERIFIED,"CONFIRMED ABSENT at the strongest available standard - not inference from silence. The complete section list of K.S.A. Chapter 31, Article 1 (Fire Safety and Prevention) was retrieved and contains NO carbon-monoxide section anywhere: 31-132, 31-132a, 31-133, 31-133a, 31-134, 31-134a, 31-135 through 31-139, 31-150, 31-150a, 31-157, 31-158, 31-159, then the Smoke Detector Act at 31-160/31-161/31-162. The Smoke Detector Act addresses smoke detectors only. | SOURCE REJECTED: Kidde (a CO alarm MANUFACTURER's marketing page) asserts Kansas landlords 'shall install carbon monoxide alarms at the request of the renter.' Unsupported by any primary source, contradicted by the statutory structure, and Kidde's own page carries a disclaimer that its summary is not authoritative. A Kansas City Fire Department battalion chief stated publicly that in a Kansas rental CO detectors are 'totally up to the landlord,' which matches the actual law. | This resolves the 5a.2 escalation raised during canvass pass 1: two searches produced conflicting sources and no primary text, so the question was escalated rather than searched a third time or shipped at VERIFIED. | K.A.R. 4-27-8 (lodging establishments) confirmed as the only Kansas CO regulation - same lodging-only scope as the bed bug regulations at K.A.R. 4-27.",2026-08-30,2026-08-30
edu-eviction-record-sealing-ks,Default & Termination,Eviction Expungement and Mediation — and Your Right to Object,KS,TRUE,,"Kansas changed its eviction law effective July 1, 2026 (Substitute for HB 2357), for eviction actions under the Residential Landlord and Tenant Act. Expungement is NOT automatic. A tenant must file for it electronically with the clerk of the district court, at no cost, under the docket number of the original eviction action, and must serve process on you by return receipt delivery. You then have 30 days after delivery to file an objection. If you do not object, the court decides without a hearing and PRESUMES any money judgment you were owed has been satisfied - so missing the 30-day window can cost you. If you do object, the court must hold a hearing. The court must grant expungement only if all three are met: three years have passed since judgment was entered; the tenant shows any money judgments owed to you are satisfied; and the tenant has no additional judgment in a covered eviction action within that three-year period. Two provisions work strongly in your favor. An unsatisfied money judgment blocks expungement entirely unless you agree to it. And if the tenant picks up another eviction judgment during the three years, the earlier judgment cannot be expunged until the later one becomes eligible. Expungement also does not wipe out the debt: it does not satisfy, extinguish, or otherwise affect any monetary obligation from the tenancy, and you keep the right to bring a separate action for rent or damages. On mediation, the court must consider mediation unless it finds mediation would not materially aid both parties or is impracticable. Trial in an RLTA eviction must still occur within 14 days of the appearance date, but where both parties are in court-ordered mediation the court may order a continuance of up to 14 days from the date of the mediation order. The Judicial Council is to develop the expungement form.",CONSTRAINED,LANDLORD_EDUCATION,VERIFIED,"Substitute for HB 2357 (2026), effective 2026-07-01. Verified against the Kansas Legislative Research Department's 2026 Summary of Legislation, supplied by Taylor 2026-08-30 - the authoritative summary of the ENACTED substitute. | RESOLVED FROM NEEDS_REVIEW. Waiting period confirmed: THREE YEARS, not two. The two-year figure came from the INTRODUCED bill and did not survive into the Substitute. | MATERIAL CORRECTION - the v59/v60 row was wrong on the MECHANISM, not just the number. Prior row described automatic sealing of court files 'accessible only to the tenant, the court, and the clerk,' automatic sealing where a case is dismissed or the tenant prevails, limited public-housing-authority access, and KCPA liability for disseminating sealed data. NONE of that appears in the enacted substitute as summarized by KLRD. The enacted law is a DEFENDANT-INITIATED EXPUNGEMENT process, not an automatic sealing regime. Those features were in the introduced version and were dropped or restructured in substitute. | ROOT CAUSE, worth recording: the v59 row was built from a research summary that blended reporting on the introduced bill with reporting on the enacted one. This is the same failure mode as the CO carpet-lookback error (superseded draft read as enacted text), now recurring at the bill-substitute level rather than the bill-draft level. A bill that becomes a Substitute must be re-read in its enacted form; reporting on the introduced version is not evidence of what passed. | MISSED ENTIRELY by the prior row, and the single most landlord-relevant feature of the law: the 30-day right to OBJECT, and the presumption AGAINST the landlord (money judgment presumed satisfied) that applies if no objection is filed. Also missed: unsatisfied money judgment blocks expungement absent landlord agreement; a subsequent eviction judgment tolls expungement of the earlier one; expungement does not extinguish the debt or bar a separate action; the 14-day mediation continuance. | CITATION CAUTION: Taylor also supplied the current published text of K.S.A. 61-3804, 61-3806 and 61-3807 from ksrevisor.gov. NONE shows a 2026 amendment - 61-3807's history ends at L. 2010, and its continuance provision does not contain the new 14-day mediation continuance. So either the expungement provisions were enacted as NEW sections rather than amendments to these, or the Revisor's published text does not yet reflect the 2026 session. DO NOT cite K.S.A. 61-3804/61-3806/61-3807 for these rules until the amended text is actually published; cite Substitute for HB 2357 (2026). | STILL UNREAD: the enrolled bill text itself. The KLRD summary is authoritative and detailed but is still a summary. Exact statutory language and section numbers should be confirmed when the Revisor publishes the 2026 amendments.",2026-07-01,2026-08-30
edu-nsf-fee-cap-ks,Rent & Payment,Returned-Check Service Charge Capped at $30,KS,TRUE,,"Kansas caps the service charge on a dishonored check at $30 (K.S.A. 60-2610(g)). Separately, K.S.A. 60-2610(a) creates civil liability for a worthless check: you may recover the amount of the check, court costs, the service charge, interest at the statutory rate, collection costs including reasonable attorney fees, plus the greater of (i) treble damages capped at the check amount plus $500 or (ii) $100 - but only after making a written demand and allowing 14 days for payment (60-2610(b)). Note that the attorney-fee recovery here comes from this statute, not from a lease provision, so it does not conflict with Kansas's flat ban on attorney-fee clauses in leases.",CONSTRAINED,LANDLORD_EDUCATION,VERIFIED,"K.S.A. 60-2610(a),(b),(g), read from ksrevisor.gov. | Refutes the '$20 statutory cap' claim that was found circulating and repeated by secondary sources during a prior state's session. The correct figure is $30. | RELATED DECISION (Taylor, 2026-08-30): the generic returned-payments clause says Landlord 'may charge Tenant any fee associated with the failed payment,' with no cap and no self-limiting language. Flagged as a possible conflict with this $30 figure. Taylor's call: LEAVE AS IS. Reasoning recorded - 60-2610(g) caps the service charge the drawee/vendor imposes, and the landlord under this clause is recovering that charge as a pass-through loss rather than setting a fee of its own, so the effective ceiling is $30 regardless. No override written; no self-limiting language added. | The 14-day written demand at 60-2610(b) is a precondition to the enhanced damages, not to recovering the check amount - worth not conflating.",2026-08-30,2026-08-30
edu-rent-control-preemption-ks,Rent & Payment,Rent Control Is Preempted Statewide,KS,TRUE,,"No Kansas county, city, or township may enact or enforce rent control, or control the purchase price of real estate (K.S.A. 12-16,120). This is a statewide preemption, so no Kansas municipality can impose a rent cap or rent-stabilization ordinance on your property. Kansas also has no state rent-increase notice statute: a rent increase on a month-to-month tenancy is effected through the same 30-day written notice used to terminate that tenancy (K.S.A. 58-2570(b)), and rent under a fixed-term lease cannot be raised mid-term unless the lease itself provides for it.",RECOMMENDED,LANDLORD_EDUCATION,VERIFIED,"K.S.A. 12-16,120 (Chapter 12, Cities and Municipalities - outside the KRLTA); K.S.A. 58-2570(b). | Closes the CO re-audit canvass row on rent-increase notice. Colorado's C.R.S. 38-12-701(2) 60-day notice applies ONLY where there is no written agreement, creating a gap for written month-to-month leases. Kansas has NO analogous gap because it has no dedicated rent-increase statute at all - the 30-day mechanism at 58-2570(b) is not conditioned on the absence of a written agreement. | CITATION CAUTION: RentCheckMe miscited the preemption statute as both '12-16,128' and '58-2545' in different places on its own site. The correct citation is 12-16,120. Another instance of the overconfident-secondary-source pattern. | Note 58-2570(b) also provides a shortened 15-day notice for military tenants under orders - not yet captured in any KS clause; flagged for a future pass. | The Mobile Home Parks Act has its own written-rent-increase-notice provision at 58-25,109, but that act is deprioritized by product decision and does not govern ordinary residential rentals.",2026-08-30,2026-08-30
edu-lease-term-limitation-ks,Notices & General,One-Year Cap on Leases Formed by Conduct,KS,TRUE,,"If a rental agreement takes effect through conduct rather than full signature - because you accepted rent without reservation, or because the tenant took possession under an agreement you signed and delivered but they did not - Kansas caps its term at one year. K.S.A. 58-2546(c): if such an agreement provides for a term longer than one year, it is effective only for one year. This does NOT cap a fully signed and delivered written lease; the KRLTA imposes no maximum term on those. The practical point is narrow but real: a long-term arrangement that was never properly executed by both parties will not hold for its stated term.",CONSTRAINED,LANDLORD_EDUCATION,VERIFIED,"K.S.A. 58-2546(a),(b),(c). | Closes the NE-originated 'long-term lease exclusion / limitation on term' canvass row. The answer is narrower than Nebraska's - Kansas does not exclude long-term leases from the KRLTA; it caps only agreements given effect by operation of 58-2546. | Interacts with 58-2566's 'without reservation' language, already captured in edu-late-rent-acceptance-waiver-ks and edu-late-rent-reservation-fix-ks - the same phrase governs both lease formation by conduct and waiver by accepting late rent. Worth noting that a single statutory phrase carries two distinct consequences in Kansas.",2026-08-30,2026-08-30
edu-habitability-notice-written-ks,Landlord Responsibilities,Tenant Habitability Notice Must Be in Writing,KS,TRUE,,"A Kansas tenant's right to terminate for a habitability breach requires WRITTEN notice as a strict element. K.S.A. 58-2559(a) provides that the tenant may deliver a written notice specifying the acts and omissions constituting the breach and stating that the rental agreement will terminate on a periodic rent-paying date not less than 30 days after receipt - and your 14-day period to cure runs from that written notice. An oral complaint does not start the clock. Kansas imposes no operational duties beyond the repair itself: no deadline to contact the tenant with your intentions or an estimate, no duty to inform the tenant of any relocation right, no record-retention requirement, no mold containment protocol, and no licensed-professional requirement for specific hazards. Kansas also imposes no obligation to house a tenant or pay relocation costs during repairs.",REQUIRED,LANDLORD_EDUCATION,VERIFIED,"K.S.A. 58-2559(a); K.S.A. 58-2553. | Closes TWO CO re-audit canvass rows at once. (1) Verbal-notice waiver trap: CONFIRMED ABSENT. Colorado's C.R.S. 38-12-503(3)(f)(II) means designating a phone number as the notice method surrenders the landlord's right to insist on written notice - Kansas has no counterpart, and no Kansas case law analogous to Anderson v. Shorter Arms, 2023 COA 71 was found holding oral notice insufficient or addressing lease-designated verbal methods. Recorded as 'no authority found,' not as law affirmatively permitting verbal designation. (2) Operational duties beyond the repair: CONFIRMED ABSENT - none of Colorado's 24-hour contact, relocation-notification, record-retention, 72-hour mold/HEPA, or gas-hazard licensing duties exist in Kansas, and no K.A.R. or KDHE layer was found imposing them. | Practical implication worth flagging for a future pass: because 58-2559 requires written notice, a KS lease should not invite a phone number as the habitability notice method - the CO trap does not apply as a matter of law, but the drafting habit is still worth avoiding.",2026-08-30,2026-08-30
edu-no-rental-application-regulation-ks,Disclosures,No Rental Application or Tenant Screening Regulation,KS,TRUE,,"Kansas does not regulate the rental application or tenant screening process at all. There is no cap on application fees and no prohibition on charging them, no portable-screening-report rule, no limit on how far back criminal or rental history may be considered, and no state adverse-action or denial-notice requirement. Kansas also has no statute restricting consideration of an applicant's criminal history. The constraints that do apply come from elsewhere: the federal Fair Credit Reporting Act governs adverse-action notices where a consumer report is used, and federal fair housing law together with the Kansas Act Against Discrimination limits screening practices that discriminate against a protected class or produce a discriminatory effect.",RECOMMENDED,LANDLORD_EDUCATION,VERIFIED,"CONFIRMED ABSENT. Closes a checklist row that had been carried forward unresolved for Kansas across multiple sessions and was explicitly flagged as LOWER RESEARCH CONFIDENCE than the equivalent WY and ND findings. Now resolved definitively rather than inferred from silence: multiple independent sources including Nolo state affirmatively that Kansas has no application-fee law or cap and no statute prohibiting consideration of applicants' criminal histories. | Kansas has no analog to Colorado's Rental Application Fairness Act. | Note this is an APPLICATION-STAGE topic; the CO log treats application-stage rules as out of scope for lease content, so this row is reference education rather than a lease-clause driver.",2026-08-30,2026-08-30
edu-no-renters-insurance-restriction-ks,Tenant Responsibilities,Renter's Insurance Is Unregulated in Kansas,KS,TRUE,,"Kansas neither requires renter's insurance nor restricts your ability to require it. You may make renter's insurance a lease condition and may require that you be named as an additional insured. Kansas also has no equivalent to Colorado's rule barring a landlord from requiring a tenant to claim on the tenant's own policy for landlord-responsible repair costs, or from filing against that policy without the tenant's express written permission. This is an unregulated area in Kansas, so the lease governs.",RECOMMENDED,LANDLORD_EDUCATION,VERIFIED,"CONFIRMED ABSENT. Closes the CO re-audit canvass row on C.R.S. 38-12-503(13). No Kansas statute restricts pushing landlord-responsible remedial costs onto a tenant's renter's policy, and none restricts requiring the coverage. Corroborated by multiple independent insurer sources (GEICO, Farmers, American Family) confirming Kansas does not mandate renter's insurance but permits landlords to require it by lease. | The CO row's companion instruction was to confirm no state's tenants-property-insurance clause crosses the CO line. For Kansas the line does not exist, so no conflict - but note tenants-property-insurance-ks remains flagged separately for the 58-2547(a)(4) exculpation question (see edu-prohibited-lease-terms-ks), which is a different issue.",2026-08-30,2026-08-30
edu-no-environmental-event-termination-ks,Default & Termination,No Environmental-Event Termination Right,KS,TRUE,,"Kansas gives a landlord no statutory right to terminate a lease because of a sudden environmental public health event, a government order rendering occupancy impossible or unlawful, or condemnation. The only Kansas casualty-termination provision is K.S.A. 58-2562, which covers fire or casualty damage and grants the right to the TENANT, not the landlord. Unlike Colorado - where the landlord's environmental-event termination right exists only if the lease provides for it, so a silent lease forfeits it - there is no Kansas statutory right here to opt into. If you want any termination right in these circumstances, it has to be built as a contract term and will stand or fall on ordinary contract principles.",RECOMMENDED,LANDLORD_EDUCATION,VERIFIED,"CONFIRMED ABSENT. Closes the CO re-audit canvass row on C.R.S. 38-12-503(11). Full Article 25 section list reviewed; no section addresses environmental events, public-health orders, government-ordered closure, or condemnation. | This row matters because the CO finding was framed as HIGH VALUE precisely on the theory that a silent lease might be forfeiting a statutory right. For Kansas the answer is that there is no right to forfeit - so the library is not silently costing Kansas landlords anything here.",2026-08-30,2026-08-30
edu-no-expedited-criminal-eviction-ks,Default & Termination,No Expedited Eviction Track for Criminal Activity,KS,TRUE,,"Kansas has no expedited or shortened eviction procedure for drug activity, violent crime, or other criminal conduct on the premises. An eviction based on criminal activity proceeds on the ordinary track: the notice requirements of K.S.A. 58-2564 and the limited-actions procedure in Chapter 61. There is no faster hearing window and no immediate-eviction trigger. A 1998 bill that would have created a 'Kansas expedited eviction of drug traffickers act' with a 7-day hearing window died in the legislature and was never enacted.",RECOMMENDED,LANDLORD_EDUCATION,VERIFIED,"CONFIRMED ABSENT. Closes the NE-originated canvass row. Kansas SB 668 (1998) proposed the act; the bill text is retrievable but the measure died and appears nowhere in the K.S.A. Nothing in the KRLTA, Chapter 61, or Chapter 22 enacts it. | PROOF OF ABSENCE BY LEGISLATIVE REFUSAL, the strongest standard this project recognizes - the same posture as the four failed Kansas assistance-animal housing bills. | NAMING TRAP, flagged for future states: Pennsylvania (1995 Act 23) and North Carolina (G.S. 42-59 through 42-76) DO have enacted 'Expedited Eviction of Drug Traffickers' acts, and they dominate search results for this phrase. Do not let another state's enacted act be read as Kansas law. | Prior sessions attributed this row to 'HB 668'; the measure was SB 668. Corrected here.",2026-08-30,2026-08-30
edu-military-termination-notice-ks,Default & Termination,Termination Notice Periods for Periodic Tenancies,KS,TRUE,,"Kansas sets three different notice periods for ending a periodic tenancy, all under K.S.A. 58-2570. A week-to-week tenancy: either party may terminate on at least 7 days' written notice before the termination date stated in the notice (58-2570(a)). A month-to-month tenancy: either party may terminate by written notice stating the tenancy ends on a periodic rent-paying date not less than 30 days after receipt (58-2570(b)). Military exception: not more than 15 days' written notice is needed to end a periodic tenancy where the tenant is in the military service of the United States AND termination is necessitated by military orders. Two limits on that exception are worth noting. It runs to the TENANT only - it does not shorten the notice a landlord must give a military tenant. And it requires both conditions, military service and orders necessitating the termination, not merely military status. This sits alongside, and is separate from, the federal Servicemembers Civil Relief Act termination rights referenced in the Early Termination clause. Finally, a rental agreement for a definite term of more than 30 days is not a month-to-month tenancy even if rent is payable at 30-day intervals (58-2570(b)).",REQUIRED,LANDLORD_EDUCATION,VERIFIED,"K.S.A. 58-2570(a),(b). Full subsection text read 2026-08-30 from ksrevisor.gov, corroborated verbatim by FindLaw, Justia and LawServer. | RESOLVED FROM NEEDS_REVIEW. Shipped at NEEDS_REVIEW in v60 because the 15-day military figure came from a research summary rather than primary text. Reading the statute corrected TWO things the v60 row got wrong or left uncertain: the exception runs to the TENANT ONLY (v60 left open whether it bound both parties), and it requires BOTH military service AND orders necessitating termination, not military status alone. | NEW FINDING IN THE SAME SUBSECTION, not previously captured for Kansas: 58-2570(a)'s 7-day week-to-week termination notice. The library had no KS week-to-week notice period at all. Found only because resolving the NEEDS_REVIEW flag required reading the whole section rather than the one clause in question - the same lesson as the smoke-detector (g)/(h) recovery earlier this session. | Also captured: the definite-term-over-30-days carve-out, which prevents a fixed-term lease being treated as month-to-month merely because rent is paid monthly. | ADDED TO CHECKLIST as a new canvass row. CO, WY, NE, MN, SD and ND have never been checked for either a military-shortened notice period or a distinct week-to-week notice period.",2026-08-30,2026-08-30
edu-no-double-letting-ks,Notices & General,No Double-Letting Rent Relief,KS,TRUE,,"Kansas has no statute addressing double-letting - renting the same room to more than one tenant. Unlike North Dakota, where the first tenant is entitled to the whole room and every other tenant in the building under that landlord is relieved of all rent obligations for as long as the double-letting continues, Kansas imposes no statutory penalty of that kind. A double-letting dispute in Kansas would be resolved under ordinary contract and possession principles.",RECOMMENDED,LANDLORD_EDUCATION,VERIFIED,"CONFIRMED ABSENT. No analog to N.D.C.C. 47-16-26. Full K.S.A. Chapter 58 Article 25 section list reviewed; nothing addresses double-letting. | Row created 2026-08-30 (v60). Originally judged too low-value to warrant a library row and recorded in the decision log only. Taylor overruled that call, correctly: a logged-only absence is invisible in the library, so a future state's canvass would have to re-derive it - which is the specific failure the every-absence-gets-a-row standard exists to prevent.",2026-08-30,2026-08-30
edu-no-fraud-termination-statute-ks,Default & Termination,No Statutory Fraud-Inducement Termination Right,KS,TRUE,,"Kansas has no statute letting a party who was induced into a lease by fraudulent misrepresentation terminate it and recover the deposit plus accrued interest. North Dakota has such a provision; Kansas does not. A Kansas party claiming fraudulent inducement relies on general contract and common-law fraud principles - rescission and damages - and potentially the Kansas Consumer Protection Act, which treats residential leasing as a consumer transaction and prohibits deceptive and unconscionable acts.",RECOMMENDED,LANDLORD_EDUCATION,VERIFIED,"CONFIRMED ABSENT. No analog to N.D.C.C. 47-16-07.4. | The KCPA fallback is real and worth noting rather than treating this as a bare absence: K.S.A. 50-623 et seq. applies to residential leasing, with unconscionable acts at 50-627 and deceptive acts at 50-626. See edu-consumer-protection-act-ks. | Row created 2026-08-30 (v60), same reasoning as edu-no-double-letting-ks.",2026-08-30,2026-08-30
edu-no-payment-method-fee-ban-ks,Rent & Payment,No Restriction on Payment-Method Fees,KS,TRUE,,"Kansas does not restrict what a landlord may charge in connection with a particular rent payment method. North Dakota bars charging a fee merely for accepting cash, a check, or a money order; Kansas has no equivalent, so a convenience or processing fee tied to a payment method is a matter for the lease. This is separate from a returned-payment charge, where Kansas does impose a limit - see the Returned-Check Service Charge item.",RECOMMENDED,LANDLORD_EDUCATION,VERIFIED,CONFIRMED ABSENT. No analog to N.D.C.C. 47-16-20.1 (2025). | Deliberately cross-references edu-nsf-fee-cap-ks so the two are not conflated: Kansas is unregulated on payment-method fees but DOES cap the dishonored-check service charge at $30 under K.S.A. 60-2610(g). The ND statute itself draws this same distinction. | Row created 2026-08-30 (v60); previously noted only on returned-payments.,2026-08-30,2026-08-30
edu-termination-outside-eviction-ks,Default & Termination,Termination Mechanisms Outside the Eviction Process,KS,TRUE,,"For a residential tenancy governed by the Kansas Residential Landlord and Tenant Act, termination runs through the Act's own notice-and-cure structure - K.S.A. 58-2564 for tenant noncompliance and K.S.A. 58-2559 for landlord noncompliance - followed, if necessary, by the limited-actions eviction procedure in Chapter 61. Kansas does not provide a separate direct-termination mechanism for KRLTA tenancies of the kind North Dakota gives its landlords and tenants. Kansas does retain an older body of termination provisions at K.S.A. 58-2501 through 58-2533, covering tenancies at will, year-to-year tenancies, and farm and pastureland tenancies, with their own notice rules. Those govern arrangements that fall outside the KRLTA rather than standard residential leases, and where the two overlap the KRLTA controls.",RECOMMENDED,LANDLORD_EDUCATION,VERIFIED,"MIXED VERDICT, not a clean absence - which is why it earns a row rather than a log line. No analog to N.D.C.C. 47-16-16/47-16-17 for KRLTA tenancies, but Kansas does retain the pre-1975 block at 58-2501 through 58-2533 (58-2501 tenancies at will; 58-2504 termination of tenancy at will; 58-2505 year-to-year; 58-2506/2506a farm and pastureland; 58-2507 leases of three months or longer; 58-2508 tenancies under three months for nonpayment; 58-2509 when notice to quit is unnecessary; 58-2510 service of notice). | That pre-1975 block is DEPRIORITIZED by product decision (farm/agricultural tenancies are not an expected use case for target landlords, revisitable on customer demand) and has never been audited section by section. This row records its existence and function without claiming its contents are verified. | Row created 2026-08-30 (v60).",2026-08-30,2026-08-30
assistance-animal-accommodation-ne,Pets,Assistance Animals & Reasonable Accommodation,NE,TRUE,assistance-animal-accommodation,"A service animal or other assistance animal that Tenant or an Occupant needs as a reasonable accommodation for a disability is not considered a pet under this Lease, regardless of any pet policy, breed, weight, or size restriction stated elsewhere in this Lease. Landlord will not charge a pet deposit, an additional deposit, pet rent, extra compensation, or any other pet-related fee for an assistance animal. If the disability and the disability-related need for the animal are not readily apparent, Landlord may request reliable documentation confirming the need for the accommodation, to the extent permitted by applicable law; if the disability and need are readily apparent, Landlord will not require such documentation. Tenant remains responsible for any damage to the property caused by the animal, and for keeping the animal under control and cared for.",REQUIRED,LEASE_CLAUSE,VERIFIED,"Neb. Rev. Stat. §§20-131.01 to 20-131.04 (primary text read directly, supplied by Taylor 2026-08-31). NE RE-AUDIT: Nebraska has an express service-animal HOUSING statute the library had ZERO rows on — a genuine miss by the original pass, and the fourth consecutive state where a real finding sat outside the core landlord-tenant chapter (this is Ch. 20, not Ch. 76). §20-131.01: full and equal access to 'all housing accommodations offered for rent, lease, or compensation.' §20-131.04 carries TWO distinct fee prohibitions — 'shall not be required to pay extra compensation for such animal' AND 'shall not charge an additional deposit for such animal' — plus express tenant liability 'for any damage done to such premises by such animal.' The generic row stated a pet-fee ban but not the additional-deposit ban or the express damage-liability allocation; both are now in the clause text. Four-way classification: CATEGORY 1 — INDEPENDENT, ANIMAL-SPECIFIC, HOUSING-EXPRESS. Stronger than Kansas (generic KAAD duty only) and than Wyoming (whose §35-13-201(c) is expressly 'in accordance with the federal Fair Housing Act'); Nebraska's scheme contains no federal cross-reference in its operative housing sections. SCOPE LIMIT, and it is important: the state right reaches SERVICE animals only, not ESAs — see edu-esa-federal-only-ne. This clause is deliberately drafted to the HIGHER federal floor (Taylor's decision, 2026-08-31) and covers assistance animals generally, because the federal FHA reasonable-accommodation duty still reaches ESAs regardless of HUD's enforcement posture. Drafting to the narrower state definition would understate the landlord's actual obligation.",2026-08-31,2026-08-31
edu-no-modification-duty-ne,Landlord Responsibilities,Nebraska's Service-Animal Statute Requires No Property Modification — But Federal Law Still Might,NE,TRUE,,"Nebraska's service-animal housing statute expressly does not require you to modify your property: 'Nothing in sections 20-131.01 to 20-131.04 shall require any person who rents, leases, or provides housing accommodations for compensation to modify such person's property in any way to accommodate the special needs of any lessee' (§20-131.03). Read that narrowly — it limits the STATE SERVICE-ANIMAL scheme only. The Nebraska Fair Housing Act, a different statute, separately makes it discrimination to refuse 'to permit, at the expense of the person with a disability, reasonable modifications of existing premises' where necessary for full enjoyment (§20-319(2)(a)) — though in a rental you may, where reasonable, condition permission on the tenant restoring the interior afterward, reasonable wear and tear excepted. So: you need not modify at your own cost under the service-animal statute, but you generally must PERMIT tenant-funded modification under the Fair Housing Act. Treating §20-131.03 as a general 'no modifications' rule would be a serious misread.",CONSTRAINED,LANDLORD_EDUCATION,VERIFIED,"Neb. Rev. Stat. §20-131.03 (primary text read directly). NOT surfaced by the research pass — found only by reading the sub-scheme's sections in sequence rather than jumping to the operative one. Landlord-favorable on its face, which is exactly why it needs the federal-law boundary stated alongside it. The federal modification citation (42 U.S.C. §3604(f)(3)(A)) is from general knowledge, NOT read from primary source this session — verify before relying. | UPGRADED 2026-08-31: §20-319(2)(a) primary text now read directly, so the counterpart duty is cited to NEBRASKA law rather than to an unverified federal recollection. The tension is INTRA-state (§20-131.03 vs §20-319(2)(a)), which is a sharper finding than the state-vs-federal framing this row originally carried. The restoration-condition allowance is express in the statute and is landlord-favorable — now stated. | 2026-09-06 (ND re-audit session): repaired a Python tuple-repr serialization artifact in bodyText -- the field opened with a parenthesis-quote and closed with quote-comma-parenthesis, i.e. shipped landlord-facing text carrying stray delimiters. Text content is UNCHANGED; only the wrapping delimiters and escaped quotes were removed. Found incidentally during ND's trunk verification. Per Addendum E this is a repair to another state's row made from an ND session: no substantive NE legal content was reviewed, revised, or re-verified, and this edit does not constitute re-verification of the row's NE holdings.",2026-08-31,2026-09-06
edu-assistance-animal-carveout-mismatch-ne,Pets,Two Different Owner-Occupied Carve-Outs That Do Not Line Up,NE,TRUE,,"Nebraska has two separate owner-occupied carve-outs with DIFFERENT scopes, and they do not align. (1) The service-animal housing scheme excludes, by definition, 'any single-family residence in which the owner lives and in which any room is rented, leased, or provided for compensation to persons other than the owner or primary tenant' (§20-131.02(1)) — with NO cap on the number of rooms. (2) The Nebraska Fair Housing Act separately lets a person refuse to rent 'a room or rooms in his or her own home for any reason or for no reason,' but that exception stops applying to anyone renting 'more than four sleeping rooms' (§20-322(3)). Consequence: if you live in your own single-family home and rent out five rooms, the Fair Housing Act applies to you — including its reasonable-accommodation duty — while the service-animal statute's no-additional-deposit rule does not, because your property was never a 'housing accommodation' under that scheme at all. Do not assume one carve-out implies the other.",CONDITIONAL,LANDLORD_EDUCATION,VERIFIED,"Neb. Rev. Stat. §20-131.02(1) and §20-322(3), both read from primary text. Directly answers the KS re-audit canvass row 'Housing anti-discrimination duty — check the EXEMPTIONS separately from the duty.' Kansas's trap was that KAAD §44-1018(b) exempts small landlords from the duty while the advertising ban survives. Nebraska's trap is a different shape: two carve-outs in two different acts, covering overlapping but non-identical populations, neither of which is a federal-style Mrs. Murphy exemption. §20-322 read in full — it contains NO exemption for owners of a limited number of single-family houses rented without a broker, and none for owner-occupied multi-unit buildings. Nebraska did not adopt the federal exemptions.",2026-08-31,2026-08-31
edu-service-animal-denial-penalty-ne,Pets,Denying a Service Animal Is a Crime in Nebraska — and the Exposure Runs at You,NE,TRUE,,"Nebraska attaches criminal liability to the LANDLORD, not the tenant. Under §20-129(1), a person who 'denies or interferes with' the rights of a person with a disability 'under section 20-127 or sections 20-131.01 to 20-131.04' is guilty of a Class III misdemeanor — and that section list expressly names the housing sections, so it reaches rental housing directly. A Class III misdemeanor carries up to three months' imprisonment and a $500 fine. There is NO Nebraska statute penalizing a tenant for misrepresenting a pet as a service or assistance animal. If you are weighing whether to challenge an animal, the asymmetry matters: wrongly refusing carries criminal exposure; being deceived does not give you a criminal remedy. One narrow limit worth knowing: §20-129(2)'s protection for a bona fide service-animal TRAINER is scoped only to §20-127 (public facilities) and does not extend to the housing sections.",PROHIBITED,LANDLORD_EDUCATION,VERIFIED,"Neb. Rev. Stat. §20-129 (primary text read directly). SCOPING ANSWER for the KS re-audit canvass row 'Does the misrepresentation-penalty statute reach HOUSING? (scoped by place-list vs by act)': Nebraska follows the WYOMING pattern — scoped by SECTION LIST, and the list expressly includes 20-131.01 to 20-131.04, so it reaches housing. Opposite of Kansas, whose 39-1112 is scoped to 'any place listed in K.S.A. 39-1101' and does not reach housing. Also answers the KS row 'Landlord-facing criminal penalty for DENYING an assistance animal' — PRESENT in Nebraska, same inversion Kansas found. Class III misdemeanor penalty figures (3 months / $500) are from §28-106, NOT read from primary source this session — verify. The trainer-scope limit in §20-129(2) was found by reading the full section, not the summary.",2026-08-31,2026-08-31
edu-esa-federal-only-ne,Pets,Emotional Support Animals Get No Nebraska State-Law Housing Right,NE,TRUE,,"Nebraska's service-animal housing right (§§20-131.01 to 20-131.04) turns on the term 'service animal,' which Nebraska defines statewide by reference to 28 C.F.R. 36.104 'as such regulation existed on January 1, 2008' (§49-801(20)) — a frozen definition that did NOT follow later federal changes. The 2008 text covers 'any guide dog, signal dog, or other animal individually trained to do work or perform tasks' for a person with a disability. Two consequences, and neither matches what you'd get from reading today's federal rule: (1) SPECIES IS OPEN. Nebraska's definition is not limited to dogs. A trained cat, miniature horse, or other animal can qualify. The federal dogs-only limit arrived in 2010, two years after Nebraska's freeze date, and never entered Nebraska law. This is broader than Kansas, whose assistance-animal act is dogs-only. (2) EMOTIONAL SUPPORT ANIMALS ARE STILL OUTSIDE THE STATE RIGHT, but only by implication — the animal must be 'individually trained to do work or perform tasks,' and an untrained comfort animal is not. The 2008 text contains no express emotional-support exclusion; that sentence was also added in 2010. So the exclusion is weaker and less explicit than Kansas's, which names comfort animals directly. None of this lets you refuse an ESA. The federal Fair Housing Act's reasonable-accommodation duty and the Nebraska Fair Housing Act's own duty (§20-319(2)(b)), enforced by the Nebraska Equal Opportunity Commission, both still reach assistance animals including ESAs. What changed federally is HUD's ENFORCEMENT posture, not the law: HUD withdrew its assistance-animal guidance on 2025-09-17 and on 2026-05-22 narrowed FHEO enforcement to individually-trained animals. Private suits and NEOC enforcement are not bound by HUD's enforcement priorities. Accommodating documented ESAs remains the safe course.",CONDITIONAL,LANDLORD_EDUCATION,VERIFIED,"Neb. Rev. Stat. §49-801(20) read from primary text and CONFIRMED verbatim. Definitional linkage to §20-131.04 is strong: Laws 2008, LB806 amended BOTH §49-801 (§12, adding the service-animal definition) and §20-131.04 (§10) in the same bill — so the definition was enacted alongside the housing section, not imported across unrelated acts. Caveat: §49-801's preamble is 'Unless the context is shown to intend otherwise,' so it is a rebuttable default. *** NEEDS_REVIEW REASON — §5a.2 corollary. *** The ESA-exclusion conclusion and the species-scope conclusion BOTH rest entirely on the content of 28 C.F.R. 36.104 as it existed 2008-01-01, which was NOT read from primary source this session. Recollection is that the pre-2011 text read 'any guide dog, signal dog, or other animal individually trained to do work or perform tasks' — species-OPEN but training-GATED, which would make Nebraska broader than Kansas on species (KS is dogs-only) and equivalent on ESA exclusion by a different mechanism (KS excludes ESAs expressly at 39-1113(f); NE excludes them silently via the training requirement). That is a load-bearing federal-regulation snapshot standing on memory. Do not ship VERIFIED until the 2008-vintage C.F.R. text is read. The HUD two-event timeline is from secondary sources (NLIHC, practitioner blogs) with FR Docket FR-6571-N-01 cited but not read. | *** 2026-08-31 — VERSION TRAP IDENTIFIED, AND IT IS THE DANGEROUS KIND. *** The 28 C.F.R. 36.104 text supplied is the CURRENT version, not the January 1, 2008 version Nebraska froze to. Its own amendment history settles which version applies: '[Order No. 1513-91, 56 FR 35592, July 26, 1991, as amended by AG Order No. 3181-2010, 75 FR 56250, Sept. 15, 2010; 76 FR 13287, Mar. 11, 2011; AG Order 3702-2016, 81 FR 53240, Aug. 11, 2016]' — the FIRST amendment after 1991 was in 2010. Therefore the regulation as it existed 2008-01-01 IS the original 1991 text at 56 FR 35592, unamended. THE TRAP: the CURRENT text reads 'any DOG that is individually trained' and expressly states that 'provision of emotional support, well-being, comfort, or companionship do not constitute work or tasks.' Anyone reading the current C.F.R. and applying it to §49-801(20) would conclude Nebraska is DOGS-ONLY with an EXPRESS ESA exclusion. That is very likely wrong — the dog-only limitation and the express ESA sentence both entered via the 2010 order, two years AFTER Nebraska's freeze date. Same error shape as CO's carpet-lookback (superseded/wrong-version text read as operative) and KS's HB 2357 (introduced bill read as enacted) — third occurrence, first time via a statutory freeze-date mechanism. STILL NEEDS_REVIEW: the 1991 text itself has not been read. Recollection is 'any guide dog, signal dog, or other animal individually trained to do work or perform tasks' — species-OPEN, training-GATED, and WITHOUT the express ESA sentence. If so, the ESA conclusion survives (by implication from 'individually trained') but the SPECIES conclusion flips to open, making Nebraska broader than Kansas's dogs-only act. Need: 28 C.F.R. 36.104 as published at 56 FR 35592 (July 26, 1991). | *** RESOLVED 2026-08-31 — VERIFIED, species conclusion FLIPPED to open. *** Chain of proof, recorded because the reasoning is what makes this reliable, not any single document: (1) Neb. §49-801(20) freezes to 28 C.F.R. 36.104 as of 2008-01-01 [PRIMARY, read]. (2) The current C.F.R.'s own amendment history shows the first amendment after the 1991 original was AG Order No. 3181-2010, 75 FR 56250 (Sept. 15, 2010) [PRIMARY, read] — so no amendment was in force between 1991 and 2010, and the 2008-01-01 text IS the 1991 original. (3) DOJ's own Title III NPRM, published in the Federal Register 2008-05-30 — five months AFTER the freeze date and while the text was still in force — quotes 'the current regulation' verbatim as 'any guide dog, signal dog, or other animal individually trained to do work or perform tasks... including, but not limited to, guiding individuals with impaired vision, alerting individuals with impaired hearing to intruders or sounds, providing minimal protection or rescue work, pulling a wheelchair, or fetching dropped items' [QUASI-PRIMARY: the promulgating agency quoting its own regulation contemporaneously, in an official rulemaking document; read via a Federal Register archive reproduction, not the bound CFR volume]. (4) animallaw.info independently reports identical 1991 language for the parallel Title II regulation at 28 C.F.R. 35.104 [SECONDARY corroboration]. The residual gap is narrow and recorded: the bound 1991 CFR page itself has not been read, and the 2008 annual CFR edition exists only as non-searchable scans. Given (2) forecloses any intervening amendment and (3) is the agency's own contemporaneous quotation, this meets the VERIFIED bar; a further chase would add provenance, not accuracy. VERSION TRAP CONFIRMED AND AVOIDED: today's §36.104 reads 'any DOG that is individually trained' and expressly excludes 'emotional support, well-being, comfort, or companionship.' Both features arrived in 2010. Anyone applying the current federal text to §49-801(20) would wrongly conclude Nebraska is dogs-only with an express ESA carve-out. Third instance in this project of a wrong-version reading (CO's carpet lookback: superseded draft; KS's HB 2357: introduced vs. enacted), and the first arriving through a statutory freeze-date mechanism — a distinct failure mode worth its own canvass row, since any 'as it existed on [date]' incorporation by reference creates it.",2026-08-31,2026-08-31
edu-protected-class-inquiry-ban-ne,Disclosures,Nebraska Bars You From Even ASKING About Protected Characteristics,NE,TRUE,,"Nebraska goes further than a bare non-discrimination rule. Under §20-318(5) it is unlawful to 'cause to be made any written or oral inquiry or record concerning the race, color, religion, national origin, disability, familial status, sex, or military or veteran status of a person seeking to purchase, rent, or lease any housing.' This bans the INQUIRY and the RECORD, not just the decision — so a rental application form, a screening questionnaire, or a note-to-file capturing any of these characteristics is itself unlawful, regardless of whether it ever influenced an outcome. Review your application forms and any CRM or note-taking fields against this list. Separately, §20-318(6) bans including, honoring, or attempting to honor any restrictive covenant pertaining to housing — worth checking against HOA documents you pass through to tenants.",PROHIBITED,LANDLORD_EDUCATION,VERIFIED,"Neb. Rev. Stat. §20-318(5), (6) — primary text read directly 2026-08-31. GENUINELY NEW TOPIC, on no prior state's canvass and not in the checklist. An inquiry-and-record ban is materially broader than the federal FHA's structure and has direct product consequences for tenant-screening forms — a class of exposure the library has never modelled. Add as a new canvass row: check every state for an inquiry/record ban distinct from its discrimination ban. Note also that §20-318 is prefaced 'Except as exempted by section 20-322,' so the ADVERTISING ban at §20-318(3) is SUBJECT TO the §20-322 exemptions rather than surviving them — the opposite of the federal rule, where 42 U.S.C. §3604(c) survives the Mrs. Murphy exemptions.",2026-08-31,2026-08-31
late-fee-ne,Rent & Payment,Late Fee,NE,TRUE,late-fee,"If Tenant fails to pay Monthly Rent in full within {{late_fee_grace_days}} days after it is due, a late fee of {{late_fee_amount}} will be assessed. Acceptance of a late payment does not waive Landlord's right to require full and timely payment of Rent in the future, to assess a late fee for any subsequent late payment, or to pursue any remedy for a different or continuing breach.",CONSTRAINED,LEASE_CLAUSE,VERIFIED,"Neb. Rev. Stat. §76-1433, read verbatim from nebraskalegislature.gov 2026-08-31: 'Acceptance of rent with knowledge of a default by tenant or acceptance of performance by the tenant that varies from the terms of the rental agreement or rules or regulations subsequently adopted by the landlord constitutes a waiver of his right to TERMINATE THE RENTAL AGREEMENT FOR THAT BREACH, unless otherwise agreed after the breach has occurred.' THE ORIGINAL NE PASS WAS WRONG IN BOTH DIRECTIONS. (1) It OVERSTATED the consequence — the education row told landlords not to rely on the clause 'to preserve your right to act on a late payment,' but §76-1433 waives ONLY the right to terminate for that specific breach. The late fee itself, the rent, damages claims, the right to insist on timeliness going forward, and the right to terminate for any different breach all survive untouched. (2) It UNDERSTATED the exposure — it concluded the clause is 'not prohibited, just insufficient' and extended late-fee to NE unchanged. But the generic's 'or to pursue any other remedy available under this Lease' is unqualified, so it purports to preserve exactly the termination right the statute waives. Two independent problems with that: (a) §76-1433 expressly permits an agreement 'after the breach has occurred,' and expressly specifying when such an agreement is valid implies a pre-breach lease clause is not (expressio unius); (b) it is arguable — NOT settled — that a lease provision under which the tenant forgoes the §76-1433 protection is itself prohibited by §76-1415(1)(a) (tenant 'agrees to waive or to forego rights or remedies under the Act'), which matters because §76-1415(2) makes prohibited provisions unenforceable AND gives the tenant actual damages plus attorney's fees where a landlord 'deliberately uses a rental agreement containing provisions known by him or her to be prohibited.' JUDGMENT CALL SURFACED FOR TAYLOR: whether §76-1433's protection counts as a tenant 'right or remedy under the Act' is genuinely uncertain — it reads as a default rule of construction constraining the landlord rather than as a conferred tenant right. The (a) argument is available, not airtight. This override does not depend on resolving it: narrowing the sentence removes the overbreadth either way, at no cost to the landlord, since everything §76-1433 leaves alone is still preserved.",2026-08-31,2026-08-31
edu-smoke-detector-scope-ne,Landlord Responsibilities,Which Nebraska Buildings the Smoke Detector Mandate Reaches — Effectively All of Them,NE,TRUE,,"Two Nebraska sections work together. §81-5,144 says WHO is responsible: the owner supplies, installs, maintains and tests; the tenant tests and reports deficiencies once occupying for a month or more; the tenant replaces batteries, but they must be working at move-in. §81-5,142 creates the requirement to HAVE detectors, and it reaches essentially every residential building through three subsections: (1) dwelling units, apartment houses, lodging-house guest rooms and dormitories constructed or remodeled on or after January 1, 1982; (2) guest rooms and dormitories constructed before that date, which had to comply by January 1, 1984; and (3) dwelling units in dwellings and apartment houses constructed before January 1, 1982, plus mobile homes and modular housing units. The 1982 date is a phase-in boundary, not a coverage limit — all the deadlines are decades past, so assume the mandate applies to your Nebraska rental regardless of when it was built. Detectors must meet the State Fire Marshal's rules and regulations.",CONDITIONAL,LANDLORD_EDUCATION,VERIFIED,"Neb. Rev. Stat. §§81-5,142 and 81-5,144, both read from nebraskalegislature.gov. *** SELF-CORRECTION, SAME SESSION. *** This row was created earlier today at NEEDS_REVIEW carrying a caveat that a pre-1982, never-remodeled building might fall OUTSIDE the smoke-detector mandate entirely. That caveat was WRONG. It rested on an NCSL-sourced multistate compilation that quoted only §81-5,142(1) — the post-1982 subsection — and I treated a partial quotation as if it were the whole section. Reading §81-5,142 directly shows subsections (2) and (3) sweep in pre-1982 lodging houses, dormitories, dwelling units, mobile homes, and modular housing units, with compliance deadlines now decades expired. Coverage is effectively universal and the original clause's unconditional statement of the duty was correct. Worth recording as a methodology data point: this is the same failure mode this session documented elsewhere (reading part of a text and generalizing from it), committed BY the re-audit rather than found by it, and caught only because the row was parked at NEEDS_REVIEW rather than shipped. The over-include-and-flag discipline is what surfaced it. Residual gap: subsection (3)'s exact compliance deadline was truncated in the retrieved text. Immaterial — every deadline in the section is long past and the coverage conclusion does not turn on it.",2026-08-31,2026-08-31
edu-electronic-notice-regime-ne,Notices & General,Nebraska's 2025 Electronic Notice Rules — Including One More Thing Your Lease Cannot Do,NE,TRUE,,"Nebraska added a detailed electronic-notice regime in 2025 (§76-1413, Laws 2025, LB185). Notices and documents under a rental agreement may be delivered electronically, but only on strict conditions. Start with the one that constrains your lease: you may not require a tenant to accept electronic delivery as part of the rental agreement or as a condition of entering into or renewing it (§76-1413(9)). That is a prohibition on lease terms sitting OUTSIDE the main prohibited-provisions section, so it is easy to miss. To use electronic delivery you need the tenant's affirmative, un-withdrawn consent, given after you provide a clear statement of: their right to withdraw consent at any time with no conditions or consequences; which notices it covers; their right to a paper copy by mail and how to get one; and how to withdraw consent or update their address. The tenant must also receive your hardware and software requirements beforehand and must consent in a way demonstrating they can actually access that format. If those requirements later change materially, you must re-disclose and re-obtain consent. Where a law requires verification or acknowledgment of receipt, electronic delivery is permitted only if your method provides it — and if you don't get it, you must send by mail. If two electronic communications bounce within a thirty-day period, all future notices must go by first-class or other mail until the tenant re-consents in a way showing they can receive them. You must also fall back to another method if you have reason to believe a notice wasn't received or learn the address is no longer valid. Withdrawal of consent does not retroactively invalidate notices already delivered.",CONSTRAINED,LANDLORD_EDUCATION,VERIFIED,"Neb. Rev. Stat. §76-1413, read verbatim from the full-act fetch 2026-08-31. Laws 2025, LB185, §2. *** ENTIRELY ABSENT FROM THE LIBRARY BEFORE THIS SESSION — no NE row cited §76-1413 at all. *** A 2025 statute of real operational significance, and §76-1413(9) is in substance a FIFTH prohibited lease provision that does not live in §76-1415 — which is exactly why edu-prohibited-lease-terms-ne, built off §76-1415 alone, missed it. Generalizable lesson for every state: a prohibited-provisions section is not necessarily the complete list of things a lease may not do. NO CONFLICT with existing clauses — the shared `notices` and `electronic-signatures` clauses were checked and neither REQUIRES electronic delivery of notices, so neither trips §76-1413(9). `electronic-signatures` concerns EXECUTION of the lease, a different question from DELIVERY of notices under it. Transition provisions at §76-1413(13)-(14) (consent on file before 2025-09-03) noted, not restated.",2026-08-31,2026-08-31
edu-ouster-and-entry-remedies-ne,Access & Entry,What Self-Help and Bad Entry Practice Actually Cost in Nebraska,NE,TRUE,,"Two Nebraska remedies carry hard numbers worth knowing before you act. UNLAWFUL OUSTER OR CUTTING OFF ESSENTIAL SERVICES (§76-1430): if you unlawfully remove or exclude a tenant, or willfully and wrongfully interrupt electricity, gas, water, or another essential service, the tenant may recover possession or terminate — and in either case recover an amount equal to three months' periodic rent as liquidated damages, plus a reasonable attorney's fee. Liquidated means they need not prove actual loss. Separately, §76-1436 bars recovering possession by any means other than a court action, abandonment, or surrender, and names service interruption as a prohibited means. There is no lawful self-help lockout in Nebraska. ABUSE OF ENTRY (§76-1438(2)): if you enter unlawfully, enter lawfully but in an unreasonable manner, or make repeated lawful-but-harassing demands for entry, the tenant may obtain an injunction or terminate the lease, and may recover actual damages of not less than one month's rent, plus reasonable attorney's fees. Note the floor — a minimum recovery whether or not any real loss is proven. The mirror provision at §76-1438(1) protects you: if a tenant refuses lawful access, you may compel it or terminate and recover actual damages and fees.",PROHIBITED,LANDLORD_EDUCATION,VERIFIED,"Neb. Rev. Stat. §§76-1430, 76-1436, 76-1438, read verbatim 2026-08-31. NO NE ROW CITED ANY OF THESE BEFORE THIS SESSION. Both remedies are landlord-facing exposure with STATUTORY FLOORS rather than proof-of-loss damages, making them materially more dangerous than the library previously conveyed. edu-entry-notice-content-ne already covered the §76-1423(3) anti-harassment rule but stated no consequence for breaching it; this row supplies the number. Cross-check: §76-1430's measure is 'three months' periodic rent' — the same time-based construction mis-paraphrased as a multiplier in the holdover and possession-delay rows — stated correctly here from the outset.",2026-08-31,2026-08-31
carbon-monoxide-alarm-duty-ne,Landlord Responsibilities,Carbon Monoxide Alarms,NE,TRUE,,"Where the property has a fuel-fired heater or appliance, a fireplace, or an attached garage, Landlord will ensure an operational carbon monoxide alarm is installed on each habitable floor of the property, or in a location specified by any applicable building code. Before Tenant's occupancy begins, Landlord will replace any carbon monoxide alarm that was stolen, removed, found missing, or found not operational after the previous occupancy, and will provide Tenant with any batteries necessary to make each alarm operational at the time Tenant takes residence. Tenant will keep, test, and maintain all carbon monoxide alarms in good repair, and will notify Landlord if any alarm is stolen, removed, found missing, or found not operational during the Term, or of any deficiency Tenant cannot correct. Landlord will replace or repair any alarm upon receiving such notice. Except as stated in this Section, Landlord is not responsible for the maintenance, repair, or replacement of a carbon monoxide alarm or for the care and replacement of its batteries. Neither party will remove batteries from, or otherwise render inoperable, any carbon monoxide alarm, except as part of inspecting, maintaining, repairing, or replacing the alarm or its batteries.",CONDITIONAL,LEASE_CLAUSE,VERIFIED,"Neb. Rev. Stat. §76-606(1)-(5), read from primary text 2026-08-31. NEW CLAUSE - the library had NO carbon monoxide lease clause for Nebraska, only an education row that was itself wrong (see edu-carbon-monoxide-alarm-requirement-ne). Tracks the statute's own allocation closely, including the landlord-favorable §76-606(3)(b) carve-out that ongoing maintenance and battery care are NOT the landlord's responsibility outside the enumerated duties - a genuine benefit the library was giving up by having no clause. Drafted CONDITIONAL because the statutory duty attaches only where the dwelling has a fuel-fired heater or appliance, a fireplace, or an attached garage. Parallel in structure to smoke-detector-duty-ne (§81-5,144); the two should be reviewed together whenever either is revisited - both allocate device duties between the parties, both sit outside Chapter 76's URLTA article, and both were mishandled by the original pass in the same way.",2026-08-31,2026-09-03
edu-periodic-termination-notice-ne,Default & Termination,Termination Notice for Periodic Tenancies - Two Different Periods,NE,TRUE,,"Nebraska sets two different notice periods depending on the tenancy. A week-to-week tenancy ends on at least SEVEN days' written notice; a month-to-month tenancy ends on at least THIRTY days' written notice (§76-1437(1)-(2)). Either party may give it. There is a drafting difference between the two that is easy to miss: the seven-day clock runs to 'the termination date specified in the notice,' but the thirty-day clock runs to 'the periodic rental date specified in the notice.' So a month-to-month termination notice must be keyed to a rent-due date, not an arbitrary calendar date - getting that wrong can invalidate the notice.",REQUIRED,LANDLORD_EDUCATION,VERIFIED,"Neb. Rev. Stat. §76-1437(1),(2), primary text. NEW ROW - the library had no NE periodic-termination-notice row at all. edu-no-for-cause-eviction-ne referenced the 30-day month-to-month figure in passing while making a different point, and the week-to-week 7-day period appeared nowhere. Answers the checklist row 'Distinct week-to-week termination notice' - PRESENT for NE. The termination-date vs periodic-rental-date distinction is in the statutory text and was not previously captured anywhere in the library.",2026-08-31,2026-08-31
edu-servicemember-termination-ne,Default & Termination,Servicemember Early Termination - Nebraska's Statute Is Narrower Than the Federal One,NE,TRUE,,"Nebraska has its own servicemember termination statute at §55-702, separate from the URLTA and expressly in addition to the federal Servicemembers Civil Relief Act. Where it applies: the servicemember gives written or electronic notice plus a copy of the orders. For a monthly-rent lease, termination takes effect thirty days after the first date the next rent payment is due after notice is delivered; for any other rental agreement, it takes effect on the last day of the month following the month notice was delivered. You may not impose an early-termination charge. Within sixty days of the termination date you must refund all rent paid for any period past that date, and the deposit is returned subject to §76-1416. The servicemember still owes anything already due and unpaid at termination. One provision to watch: if the servicemember re-rents from you within ninety days of returning from service, you may not charge any penalty, fee, loss of deposit, or additional cost because of the earlier termination — only the usual and customary charges any other tenant would pay. The statute does not impair contracts in existence before July 19, 2018. SCOPE: for residential leases this section is understood to reach only the case where the servicemember is required to move into government-owned or leased housing. For the far more common deployment or PCS situation out of a civilian rental, the operative right is the FEDERAL SCRA, not this statute.",CONDITIONAL,LANDLORD_EDUCATION,VERIFIED,"Neb. Rev. Stat. §55-702 (Chapter 55, Laws 2018, LB682). NEW ROW - no NE row cited it; early-termination-ne referenced only the federal SCRA generically. FIFTH adjacent chapter to yield a real NE finding (Ch. 20, 81, 76-6xx, 28, now 55), now the single most reliable pattern of this re-audit. SOURCE CONFLICT FLAGGED: at least one legal-content site (DocDraft) states Nebraska adds no state servicemember early-termination right - true of the URLTA but wrong as to Nebraska law overall. The opposite error is likelier in practice: treating §55-702 as a general deployment-termination right for civilian rentals, which its government-housing limitation does not support. | PARTIALLY VERIFIED AGAINST PRIMARY TEXT 2026-08-31. Subsections (4) through (9) read verbatim and now reflected in the body: (4) no early-termination charge; (5) sums already due and unpaid remain owed; (6) the ninety-day re-rental protection barring any penalty, fee, loss of deposit or additional cost — previously ABSENT from this row and genuinely landlord-relevant; (7) sixty-day refund of rent paid past the termination date, deposit under §76-1416; (8) TWO effective-date rules, monthly leases thirty days after the next rent due date and all OTHER rental agreements the last day of the following month — the second rule was previously missing entirely; (9) pre-2018-07-19 contracts unimpaired. *** STILL UNVERIFIED: subsection (2)(f). *** The supplied text references '(2)(f)' repeatedly but does not contain it, and (2)(f) is the load-bearing subsection — the entire government-housing scope limitation rests on it and remains sourced to the research pass, not primary text. The scope sentence in the body is deliberately hedged ('is understood to reach') rather than stated flatly. Resolve by reading §55-702(1)-(3) before relying on the scope limit in either direction; the optimistic misread (treating this as a general deployment right) is the more dangerous one.",2026-08-31,2026-08-31
edu-rent-increase-and-rent-control-ne,Rent & Payment,"Raising Rent, and Nebraska's 2025 Rent-Control Preemption",NE,TRUE,,"Nebraska has no dedicated rent-increase notice statute for ordinary rentals. During a fixed term you cannot raise rent unless the lease allows it. On a periodic tenancy you change rent through the same mechanism you would use to end it - thirty days' written notice for month-to-month, seven for week-to-week (§76-1437) - and Nebraska draws no distinction between an oral and a written month-to-month tenancy for this purpose. Watch a common trap: many sources state a flat sixty-day rent-increase requirement for Nebraska. That sixty-day rule is §76-1490 and applies to MOBILE HOME space tenancies only, not to ordinary rentals. Separately, since 2025 Nebraska preempts local rent control. §13-331 bars any city, village, or county from enacting or enforcing an ordinance imposing rent controls on private property, applies notwithstanding any home rule charter, and makes a violating ordinance null and void. It carves out ordinances that increase affordable-housing supply through land-use or inclusionary-housing requirements, and voluntary programs where an owner agrees to rent restrictions.",CONSTRAINED,LANDLORD_EDUCATION,VERIFIED,"Neb. Rev. Stat. §76-1437, §76-1490, §13-331 (Laws 2025, LB266). NEW ROW - the library had NOTHING on NE rent increases or rent control. §13-331 sits in CHAPTER 13 (political subdivisions), not Chapter 18 or 76 - a sixth adjacent chapter. Two secondary-source traps recorded: (1) the 60-day figure is mobile-home-only, and mobile home parks are a standing out-of-scope category for this library, so importing it would be wrong twice over; (2) pre-2025 pages still say Nebraska does not preempt local rent control - outdated. Answers the CO re-audit checklist row on rent-increase notice for oral vs written month-to-month: Nebraska has NO such split, unlike Colorado.",2026-08-31,2026-08-31
edu-no-eviction-record-sealing-ne,Default & Termination,No Eviction Record Sealing in Nebraska,NE,TRUE,,"Nebraska has no statute allowing sealing, expungement, or restricted access to eviction (forcible entry and detainer) records. Two attempts failed: LB175 in 2024, defeated by filibuster, and LB92, the Residential Tenant Clean Slate Act, introduced January 2025, carried over, and indefinitely postponed on April 17, 2026. Because no statute exists, there is also no landlord right to object to a sealing petition - the question does not arise. Eviction filings remain publicly accessible court records.",RECOMMENDED,LANDLORD_EDUCATION,VERIFIED,"CONFIRMED ABSENT. Checked Chapter 76 and Chapter 25. LB92 (DocumentID 59109) final status 'Indefinitely Postponed' 2026-04-17 per the Legislature's bill history. Proof of absence by legislative refusal, twice - the same standard applied to Kansas's rejected ESA bills and Nebraska's own failed assistance-animal bills. MONITOR: reintroduction would flip this row. Note this is a genuinely recent event (April 2026), well after the original NE pass, so it would have been unknowable then. | SCOPED DOWN 2026-08-31 per §5a.2 corollary: the ABSENCE is the claim and it rests on a direct review of Chapters 76 and 25 — that stays VERIFIED. The BILL HISTORY detail (LB175 filibustered 2024; LB92 DocumentID 59109 indefinitely postponed 2026-04-17) is corroborating colour sourced to the research pass, NOT read from the Legislature's bill-history page by this session. Treat the dates and document number as unconfirmed; the conclusion does not depend on them.",2026-08-31,2026-08-31
edu-confirmed-absences-habitability-ne,Landlord Responsibilities,Colorado-Style Habitability Protections Nebraska Does Not Have,NE,TRUE,,"Four habitability-adjacent protections that exist in Colorado have no Nebraska equivalent. (1) NO BLANKET NON-WAIVER: Nebraska has no habitability-specific non-waivability section. Habitability rights are non-waivable only through the general bar at §76-1415(1)(a), and §76-1419(2)-(3) actually permits shifting certain maintenance duties to the tenant by separate written agreement for good consideration, provided it is not a device to evade your obligations. (2) NO VERBAL-NOTICE RULE: Nebraska does not address whether a lease may designate oral notice as sufficient. The URLTA specifies 'written notice' wherever it matters (§§76-1425, 76-1427, 76-1431, 76-1437), so oral notice will not satisfy those provisions regardless. (3) NO RENTER'S-INSURANCE BAN: Nebraska does not prohibit requiring renter's insurance, and does not specifically bar pushing landlord-responsible repairs onto it - though §76-1415(1)(d) independently voids clauses exculpating or indemnifying you for your own active and actionable negligence. (4) NO OPERATIONAL DUTIES: Nebraska imposes no duty to respond within a set time, communicate, document, or give notice of remediation. Its structure is tenant-remedy-triggered - the tenant gives written notice and statutory clocks then govern the tenant's remedies.",RECOMMENDED,LANDLORD_EDUCATION,VERIFIED,"CONFIRMED ABSENT x4, closing four CO re-audit checklist rows for NE. Full URLTA reviewed. Recorded as one row rather than four because they share a root: Nebraska is a light-touch 1974 URLTA state that never received Colorado's 2019-2024 habitability overlay. Contrast noted for the mobile home act, §76-1475(2), which EXPRESSLY permits requiring tenant liability insurance naming the landlord - covering tenant negligence, not landlord-responsible repairs; do not read that as authority for the general rental case, and mobile homes are out of scope regardless.",2026-08-31,2026-08-31
edu-confirmed-absences-misc-ne,Notices & General,Other Provisions Nebraska Does Not Have,NE,TRUE,,"Four more confirmed absences, each of which exists in a neighboring state. (1) NO PAYMENT-METHOD FEE BAN IDENTIFIED: no Nebraska statute was found prohibiting or capping a convenience fee for a particular rent payment method. The only Nebraska convenience-fee statutes, §13-609 and §81-118.01, govern GOVERNMENT payees and do not reach private landlords. Any such fee remains subject to the unconscionability doctrine at §76-1412. (2) NO FRAUDULENT-MISREPRESENTATION TERMINATION: unlike North Dakota, Nebraska has no statutory right to terminate for a false rental application. Your route is to incorporate the application into the lease as a representation, making a material falsehood a breach under §76-1431(1), backed by common-law fraud and rescission preserved by §76-1403. (3) NO DOUBLE-LETTING STATUTE: no Nebraska analog to North Dakota's ban on letting the same room twice with a rent-abatement remedy; the nearest provision is the general failure-to-deliver-possession remedy at §76-1426. (4) NO SMOKE-DETECTOR EVIDENTIARY OR INSURANCE SHIELD: unlike Kansas, whose statute makes non-compliance inadmissible on civil liability and bars insurers from reducing payment, Nebraska's series contains no such protection. Its only liability-adjacent language is the narrow no-violation-without-notice defense in §81-5,144.",RECOMMENDED,LANDLORD_EDUCATION,NEEDS_REVIEW,"CONFIRMED ABSENT x4, closing ND and KS re-audit checklist rows for NE. Checked Chapters 76, 45, 13, 81 and the full URLTA. The smoke-detector finding is the sharpest: Kansas's K.S.A. 31-162(g)-(h) shields have NO Nebraska counterpart in §§81-5,132 to 81-5,146, so a Nebraska landlord's non-compliance carries civil-liability exposure a Kansas landlord's does not - which makes carbon-monoxide-alarm-duty-ne and smoke-detector-duty-ne MORE important in NE than the same clauses would be in KS. OPEN, flagged not hidden: the exact penalty grade in §81-5,146 ('Violations; penalty') was not retrieved from primary source - the Legislature site's comma-formatted URL mis-resolves to §81-146, a repealed section. Existence, title, and absence of any shield are confirmed; only the misdemeanor class is open. | DOWNGRADED TO NEEDS_REVIEW 2026-08-31 per §5a.2 corollary. Three of the four absences here rest on this session's own direct reading: double-letting and fraudulent-misrepresentation termination on the full URLTA read, and the smoke-detector shield absence on §81-5,144 plus the §§81-5,132 to 81-5,146 series structure. Those are solid. The PAYMENT-METHOD FEE BAN absence is different: it rests on the research pass's review of Chapter 45, which this session did not read. Chapter 45 is large and a fee provision could sit in it unread. Language softened from 'Nebraska does not prohibit' to 'no Nebraska statute was found,' which is what is actually supported. A negative cannot be closed by pasting text — resolve by a targeted Chapter 45 read, or leave standing as an identified-not-proven absence.",2026-08-31,2026-09-03
edu-no-all-in-pricing-law-ne,Rent & Payment,No All-In Pricing or Fee-Transparency Law in Nebraska,NE,TRUE,,"Nebraska has no analog to Colorado's Honest Pricing Act or any other statute requiring that advertised rent disclose mandatory fees, or that fees be bundled into a single all-in price. You may advertise base rent and disclose mandatory fees separately in the lease. Three real limits still apply. Nebraska's unconscionability doctrine sits inside the URLTA itself at §76-1412, letting a court refuse to enforce an unconscionable agreement or provision. Separately, §76-1415(2) makes a prohibited provision unenforceable and exposes you to actual damages and attorney's fees if you deliberately use one you know is prohibited. And federal unfair-and-deceptive-practices rules on fee disclosure apply regardless of state law. Disclosing mandatory recurring fees clearly and up front is the safer practice even though Nebraska does not compel it.",RECOMMENDED,LANDLORD_EDUCATION,VERIFIED,"CONFIRMED ABSENT. *** CANVASS PASS 2 CATCH - a proof-of-absence violation, not a research gap. *** The consolidated checklist already recorded this topic as 'Confirmed absent' for NE from the original pass, but NO CSV ROW WAS EVER CREATED. That is precisely the failure the proof-of-absence standard exists to prevent: a logged-only absence is invisible to every future canvass, because a canvass reads the library, not the checklist's prose. Pass 1 of this re-audit did not catch it either - pass 1 worked from the structurally-unchecked set and the research batch, and this row sat in the 49 'carrying original-pass values' bucket that was supposed to be treated as suspect. Pass 2's lexical coverage sweep over the whole NE corpus found it. Direct vindication of the two-pass rule AND of Taylor's instruction to treat the 49 as suspect rather than done. Nebraska's unconscionability doctrine (§76-1412) is native to the URLTA, structurally unlike Kansas's external Consumer Protection Act backstop - so the KS row's 'real nuance not a clean absence' caveat does NOT transfer to Nebraska in the same form.",2026-08-31,2026-08-31
edu-fair-housing-protected-classes-mn,Compliance & Prohibited Terms,Minnesota's Protected Classes Go Beyond Federal Law,MN,TRUE,,"The Minnesota Human Rights Act (Minn. Stat. § 363A.09) protects more classes in housing than federal law does. In addition to the federal list, Minnesota protects creed, marital status, status with regard to public assistance, sexual orientation, gender identity, and familial status. 'Status with regard to public assistance' is the one that most often catches landlords out — refusing an applicant because they pay with a Section 8 voucher or other housing assistance is a protected-class problem in Minnesota, not a neutral business decision. Narrow exemptions exist (§§ 363A.21, 363A.22, 363A.26), mainly for a resident owner-occupier renting a room in a one-family home and for certain nonprofit and religious housing.",PROHIBITED,LANDLORD_EDUCATION,VERIFIED,"MN added (MN re-audit 2026-09-03) — PROOF-OF-ABSENCE VIOLATION FIX. MN log §13 recorded this as 'Present, broader than federal' with the note 'Not yet logged as its own row/education entry — flag for a future session,' and it never was. Zero MN rows mentioned §363A, fair housing, or protected classes before this row. Same failure shape as the NE re-audit's rental-fee-transparency catch, but WORSE: a confirmed-absent topic with no row is merely invisible to future canvasses, whereas a PRESENT topic with no row means the generated MN lease is missing content it should carry. Protected-class list confirmed against §363A.09 operative text; the list was NOT expanded by 2024-2026 session laws. | MN re-audit 2026-09-03, canvass pass 2: 'source-of-income lease-statement duty vs acceptance duty, and whether the exemptions differ' canvass topic resolved for MN. Minnesota has NO separate source-of-income lease-STATEMENT duty — 'status with regard to public assistance' is simply an enumerated protected class in §363A.09, so the acceptance duty and any statement obligation arise from the same provision and carry the SAME exemptions (§§363A.21, .22, .26). This differs from states that impose a standalone voucher-acceptance statute with its own exemption set. Recorded here rather than as a separate row because the answer is a property of this row's own statute.",2026-09-03,2026-09-03
edu-protected-class-inquiry-record-ban-mn,Compliance & Prohibited Terms,"Minnesota Bans Protected-Class Inquiries and Records, Not Just Discrimination",MN,TRUE,,"Separately from the ban on discriminating, Minn. Stat. § 363A.09 subd. 1(3) and subd. 2(3) make it unlawful to make or cause to be made any record or inquiry, written or oral, in connection with a prospective rental that expresses any limitation or discrimination as to a protected class. This reaches your application form, your screening questions, and the notes and custom fields in your property-management software — not just your rental decision. A field that records an applicant's religion, national origin, or public-assistance status is a problem even if you never act on it. Unlike the federal rule, Minnesota's inquiry and advertising ban IS subject to the statutory exemptions in §§ 363A.21, 363A.22, and 363A.26, so a landlord who genuinely qualifies for one of those narrow exemptions is outside it.",PROHIBITED,LANDLORD_EDUCATION,VERIFIED,"MN added (MN re-audit 2026-09-03): resolves one of the ten NE re-audit canvass rows previously marked 'not checked for any state but NE' — the protected-class INQUIRY AND RECORD ban, NE analog §20-318(5). MN answer: PRESENT, at §363A.09 subd. 1(3) and 2(3). Also resolves the companion NE row 'does the advertising ban SURVIVE the exemptions, or is it subject to them?' — for MN it is SUBJECT TO them (the statutory NOTE to §363A.09 states exemptions are covered under §§363A.21, 363A.22, 363A.26), which is the same answer NE reached and the OPPOSITE of the federal rule, where 42 U.S.C. §3604(c) survives the Mrs. Murphy exemption. Directly relevant to Steinoak product design (application forms, CRM fields), not only lease text.",2026-09-03,2026-09-03
edu-retaliation-protections-mn,Compliance & Prohibited Terms,"Minnesota's Retaliation Rules, Including Immigration Reporting",MN,TRUE,,"Minnesota bars retaliating against a tenant for complaining about a violation or for organizing. Under Minn. Stat. § 504B.441 you may not evict, increase obligations, or decrease services as a penalty for a tenant's good-faith complaint, and § 504B.285 subd. 2 gives the tenant a retaliation defense in an eviction action. If the adverse action falls within 90 days of the protected activity, the burden is on YOU to show a non-retaliatory reason. Minnesota added a tenant-organizing provision in 2024 (§ 504B.212 subd. 2) that also expressly bars contacting federal or state law enforcement about a tenant's immigration status in retaliation — penalty up to $1,000 per occurrence plus attorney fees. The practical takeaway: document your non-retaliatory reason contemporaneously, because the 90-day window puts the burden on you.",PROHIBITED,LANDLORD_EDUCATION,VERIFIED,"MN added (MN re-audit 2026-09-03) — second PROOF-OF-ABSENCE VIOLATION FIX. MN log §13 recorded retaliation as Present (§504B.441 + §504B.285 subd. 2 + the 2024 immigration-reporting addition) with 'Not yet logged as its own CSV row — candidate for a future session'; never done. Zero MN rows mentioned retaliation before this row. The immigration-reporting bar is at §504B.212 subd. 2 (2024 c 118), i.e. inside the tenant-organizing section — note this is a DIFFERENT provision from the immigration-status-INQUIRY bans, which in Minnesota are municipal (Minneapolis, April 2026), not statewide. Do not conflate the two; MN's statewide protection is retaliation-based only.",2026-09-03,2026-09-03
edu-rent-control-preemption-mn,Compliance & Prohibited Terms,Minnesota Lets Cities Adopt Rent Control by Referendum,MN,TRUE,,"Minn. Stat. § 471.9996 bars cities, counties, and towns from adopting rent control on private residential property — but with a significant exception: a local rent-control ordinance IS permitted if it is approved at a general election. Minnesota is therefore not a clean preemption state. St. Paul has an enacted, in-effect rent-stabilization ordinance adopted under this exception; Minneapolis voters authorized rent stabilization in 2021 but no ordinance has been enacted, so no cap currently applies there. If you operate in St. Paul, check the current ordinance before setting any increase.",CONSTRAINED,LANDLORD_EDUCATION,VERIFIED,"MN added (MN re-audit 2026-09-03): resolves the NE re-audit canvass row 'rent-control preemption' (NE §13-331, KS 12-16,120) for MN. MN's answer is materially DIFFERENT from NE and KS — those are flat preemption; §471.9996 subd. 2 carves out voter-approved local ordinances, which is why St. Paul's Chapter 193A exists at all. Do not record MN as 'preemption present' without this qualifier. St. Paul specifics (3% standard cap, permanent post-2004 new-construction exemption adopted May 2025) are municipal and flagged, not resolved, consistent with the standing municipal-scope boundary.",2026-09-03,2026-09-03
edu-service-animal-misrepresentation-scope-mn,Pets,Minnesota's Service-Animal Fraud Crime Does Not Reach Housing,MN,TRUE,,"Minnesota has a criminal penalty for misrepresenting an animal as a service animal (Minn. Stat. § 609.833), but it is written for a 'place of public accommodation' — defined as a business, accommodation, refreshment, entertainment, recreation, or transportation facility whose goods or services are made available to the public. A leased dwelling is very unlikely to fit: the Human Rights Act treats housing and real property as a separate category from public accommodations, and a tenancy is not extended to the public at large. So you should not expect this crime to cover a tenant who misrepresents a pet as a service or support animal, and you should not threaten a tenant or applicant with criminal prosecution over a rental application. Your actual remedy is the one in § 504B.113: where documentation is fraudulent or the tenant knowingly misrepresents a disability or the need for an animal, you may deny the application or the accommodation request, and nothing in that section prevents an eviction based on a breach of the lease.",RECOMMENDED,LANDLORD_EDUCATION,VERIFIED,"MN added (MN re-audit 2026-09-03): confirms and now formally logs the scope caveat MN §24 reached but never gave its own row. ALSO RESOLVES A FREEZE-DATE TRAP (NE re-audit canvass row, previously unchecked for MN): §609.833 subd. 1(2) defines 'service animal' by reference to 28 C.F.R. §36.104 'as amended through March 1, 2018' — a FROZEN incorporation. By contrast §504B.113 subd. 1(b), the housing statute, uses 'as amended' — a DYNAMIC reference tracking current federal text. So Minnesota's two service-animal definitions can diverge over time. This is the opposite of Nebraska's problem (NE froze its HOUSING definition to the 2008 C.F.R.); in MN the freeze sits on the criminal statute, which does not reach housing anyway, so the practical exposure is low — but the divergence is real and should not be flattened. | REFINED 2026-09-03: §363A.03 subd. 34 read from primary text — the definition relied on for this row's scope conclusion. Full text: 'a business, accommodation, refreshment, entertainment, recreation, or transportation facility of any kind, whether licensed or not, whose goods, services, facilities, privileges, advantages or accommodations are extended, offered, sold, or otherwise made available to the public.' THE PRIOR VERSION OVERSTATED CERTAINTY. It asserted flatly that the crime 'does not cover' a tenant misrepresenting a pet. The statute contains NO express housing carve-out, and the word 'accommodation' appears inside the definition — a litigant could argue from it. The conclusion is a STRUCTURAL INFERENCE, well supported but not express: (a) the MHRA treats housing/real property (§363A.09) and public accommodations (§363A.11) as separate categories with separate prohibitions and separate policy declarations at §363A.02; and (b) a leased dwelling is not 'made available to the public.' Row now says 'very unlikely to fit' and 'should not expect,' which is what the text supports. GENUINE NUANCE NOT PREVIOUSLY CONSIDERED, flagged rather than buried: a public-facing LEASING OFFICE plausibly IS a place of public accommodation in its own right, so a misrepresentation made there during an application is not as cleanly outside §609.833 as a misrepresentation by a sitting tenant. This does not change the practical advice — do not threaten prosecution — but it means the negative should not be stated as categorical. The freeze-date finding (§609.833 subd. 1(2) locks 'service animal' to 28 C.F.R. §36.104 as amended through March 1, 2018, while §504B.113 subd. 1(b) is dynamic) is unaffected and stands as previously logged.",2026-09-03,2026-09-03
edu-esa-independent-basis-mn,Pets,"Minnesota Has Its Own Support-Animal Law, Independent of Federal Guidance",MN,TRUE,,"Minnesota does not leave assistance animals to federal law alone. Minn. Stat. § 504B.113 independently regulates both service animals and support animals in housing, and it defines a support animal as one providing emotional support that alleviates symptoms of a disability, expressly noting such an animal 'does not need to be trained to perform a specific disability-related task.' You may not charge a pet deposit, pet rent, or other pet fee for a qualifying animal, you may request documentation only from a 'licensed professional' as the statute defines that term, and you may not demand medical records or access to the tenant's providers. Minnesota also uses its own state definition of disability rather than a federal one. One important limit: the statute defines 'reasonable accommodation' as a waiver of a no-pets or pet-fee policy 'consistent with the Fair Housing Act ... and section 504 of the Rehabilitation Act,' so while Minnesota's support-animal definition and documentation rules are its own, the accommodation standard itself still tracks federal law. Watch federal developments rather than assuming Minnesota fully insulates you.",REQUIRED,LANDLORD_EDUCATION,VERIFIED,"MN added (MN re-audit 2026-09-03): resolves the CO re-audit's ESA-independent-basis canvass row for MN, previously unchecked. CLASSIFICATION: category 1 — independent, animal-specific, housing-express statute (same category as NE; stronger than KS, which has a generic duty and expressly excludes ESAs, and stronger than WY, which is federally tethered). Species-open: §504B.113 does not limit support animals to dogs, unlike K.S.A. 39-1102's dogs-only scope. QUALIFIER, surfaced rather than smoothed over: §504B.113 subd. 1's definition of 'reasonable accommodation' still cross-references the federal Fair Housing Act and Rehabilitation Act, so while the ESA DEFINITION is independent, the accommodation TRIGGER remains partly federally tethered. MN is therefore strong but not fully insulated. | CORRECTED 2026-09-03, same session: §504B.113 read in full (revisor.mn.gov PDF) after this row was drafted from the extended-research summary. MY EARLIER FRAMING OVERSTATED MINNESOTA'S INSULATION. The prior body text told landlords their ESA obligations 'rest on state law and are not affected by' HUD's 2025 guidance withdrawal and 2026 narrowed enforcement standard. That is too strong. Subd. 1(f) defines 'reasonable accommodation' as a waiver of a no-pets or pet-fee policy 'consistent with the Fair Housing Act, United States Code, title 42, sections 3601 to 3619, AS AMENDED, and section 504 of the Rehabilitation Act of 1973 ... AS AMENDED.' The reference is DYNAMIC, so a narrowing of the federal accommodation standard plausibly narrows Minnesota's trigger too. WHAT IS GENUINELY INDEPENDENT: the support-animal definition (subd. 1(c), no training required), the closed licensed-professional list (subd. 1(e), which expressly excludes anyone 'who operates primarily to provide certification' — i.e. ESA mills), the fee prohibition (subd. 3(a)), the bar on demanding medical records (subd. 2(b)), and the disability definition, which uses MN §363A.03 subd. 12 rather than a federal one. CLASSIFICATION HELD as category 1 (independent animal-specific housing-express statute) but with the accommodation trigger correctly described as federally tethered rather than glossed over.",2026-09-03,2026-09-03
edu-ouster-utility-floor-remedies-mn,Landlord Responsibilities,"Utility Shutoff and Lockout Damages Are a Floor, Not a Ceiling",MN,TRUE,,"If you interrupt a tenant's electricity, heat, gas, or water, or lock a tenant out, Minnesota does not make the tenant prove actual losses. Under Minn. Stat. § 504B.221 and § 504B.231 the tenant recovers treble damages OR $500, whichever is greater, plus reasonable attorney fees — a statutory floor that applies even where actual damages are small. Intentional shutoffs and lockouts are also a misdemeanor under § 504B.225, which presumes unlawful intent once the tenant shows you interrupted service intentionally, putting the burden on you to rebut it. None of these rights can be waived by anything in a lease. Never use utility interruption or a lock change as leverage — use the eviction process.",PROHIBITED,LANDLORD_EDUCATION,VERIFIED,"MN added (MN re-audit 2026-09-03): resolves the NE re-audit canvass row 'statutory-floor remedies for ouster and abusive entry' (NE §76-1430 / §76-1438(2)) for MN. MN answer: PRESENT, treble-or-$500 floor at §504B.221(a) and §504B.231(a), confirmed directly from revisor.mn.gov. Non-waiver language in §504B.221(b) read from primary source and is what drove the carve-out correction to services-utilities-provided-mn this session.",2026-09-03,2026-09-03
smoke-detector-duty-mn,Landlord Responsibilities,Smoke Alarms,MN,TRUE,,"The property is equipped with smoke alarms conforming to the State Fire Code. Landlord is responsible for maintaining the smoke alarms. Tenant will inform Landlord of a nonfunctioning smoke alarm within 24 hours of discovering that it is not functioning. Tenant will not disable, remove, or otherwise render any smoke alarm nonfunctioning.",REQUIRED,LEASE_CLAUSE,VERIFIED,"MN added (MN re-audit 2026-09-03): Minn. Stat. §299F.362, read directly from revisor.mn.gov. MN had NO smoke or CO alarm row of any kind before this session, while NE, ND, KS, SD, and WY all carried one — a §E adjacent-chapter gap (Ch. 299F, Fire Marshal, outside Ch. 504B). KEY: subd. 5 allocates maintenance to the OWNER for 'all occupancies covered by this section where the occupant is not the owner' — so in Minnesota the landlord maintains smoke alarms in EVERY rental, including a rented single-family home. This is BROADER than the CO-alarm allocation in §299F.51 (see carbon-monoxide-alarm-duty-mn) and the two must not be merged into one 'Landlord maintains all alarms' sentence. Subd. 5a: tenant's 24-hour notice duty, and failure to give it does NOT increase the tenant's liability for damages — so this clause states the duty but deliberately attaches no penalty to it. Subd. 6(b): an occupant who willfully disables an alarm causing damage or injury is guilty of a misdemeanor. Subd. 11: no insurer may deny a fire loss claim for noncompliance with this section — landlord-facing, not clause text. Subd. 7 preempts differing local standards, but subd. 9 lets a local body adopt MORE restrictive single-family installation rules, enforceable via truth-in-housing inspection — a live municipal-layer hook.",2026-09-03,2026-09-03
carbon-monoxide-alarm-duty-mn,Landlord Responsibilities,Carbon Monoxide Alarms,MN,TRUE,,"Landlord will provide the property with an approved and operational carbon monoxide alarm installed within ten feet of each room lawfully used for sleeping, in working order at the commencement of the tenancy. Tenant is responsible for maintaining the carbon monoxide alarm during Tenant's occupancy, including replacing batteries as needed and replacing any alarm that is stolen, removed, found missing, or rendered inoperable during Tenant's occupancy. Tenant will not disable or remove any carbon monoxide alarm, and will notify Landlord promptly if an alarm cannot be restored to working order.",REQUIRED,LEASE_CLAUSE,VERIFIED,"MN added (MN re-audit 2026-09-03): Minn. Stat. §299F.51, read directly from revisor.mn.gov. READ-THE-WHOLE-SECTION TRAP, flagged rather than smoothed over: subd. 1 requires an operational CO alarm in EVERY single-family dwelling AND every multifamily dwelling unit — but subd. 2's OWNER duty to provide, install, and replace is textually limited to 'the owner of a multifamily dwelling unit.' Subd. 3's occupant maintenance duty is likewise written for 'the occupant of each dwelling unit in a multifamily dwelling.' So for a rented SINGLE-FAMILY house the subd. 1 requirement applies but the subd. 2/3 allocation does not textually reach it, leaving the duty split unallocated by this statute. An easy and wrong summary is 'the landlord must install CO alarms in all Minnesota rentals.' FLAGGED FOR TAYLOR: this clause is drafted for the multifamily case, which is the statute's clear scope. For single-family MN rentals the allocation should be set by the lease rather than assumed from statute — recommend a decision before this clause is offered on single-family properties. Also note the MAINTENANCE ALLOCATION IS THE OPPOSITE of smoke alarms: §299F.362 subd. 5 puts smoke-alarm maintenance on the owner, while §299F.51 subd. 3 puts CO-alarm maintenance on the occupant during their own occupancy. The owner's replacement duty under subd. 2(2) covers alarms rendered inoperable during a PRIOR occupancy and not replaced by the prior occupant. Exceptions in subd. 5: centralized alarms 15-25 ft from CO-producing central fixtures; owner certification to the commissioner of public safety for a dwelling with minimal or no CO sources; state-operated facilities excluded. First violation is a safety warning, not a penalty. CROSS-STATE: MN's CO duty is materially BROADER than Nebraska's, which the NE re-audit found is triggered only by new construction, sale, or permitted alteration. Do not inherit NE's framing for MN. | SINGLE-FAMILY ALLOCATION DECIDED 2026-09-03 (Taylor). The open question was who bears the carbon monoxide alarm duty in a rented SINGLE-FAMILY Minnesota home, where §299F.51 subd. 1 requires an operational alarm but subds. 2-3's owner/occupant allocation is written for MULTIFAMILY only and so does not textually reach it. DECISION: Landlord bears EXISTENCE at commencement (an approved, operational alarm, in working order at move-in); Tenant bears MAINTENANCE during occupancy (batteries, replacement of alarms rendered inoperable during their own occupancy). Body text rewritten accordingly — the prior version opened with the passive 'The property is equipped with...', which asserted a state of affairs without placing the duty on anyone. This mirrors subd. 2's multifamily allocation rather than inventing a new one, and leaves the landlord holding the part of the duty that is hardest to argue is the tenant's: having a working alarm on day one. Added a tenant notification duty so a failure the tenant cannot fix reaches the landlord. The multifamily case is unchanged and remains squarely within subds. 2-3.",2026-09-03,2026-09-03
edu-alarm-duty-split-mn,Landlord Responsibilities,Minnesota Splits Smoke and CO Alarm Duties in Opposite Directions,MN,TRUE,,"Minnesota assigns smoke alarm and carbon monoxide alarm responsibility to different parties, and getting this backwards is a common and consequential mistake. For SMOKE alarms (Minn. Stat. § 299F.362 subd. 5), wherever the occupant is not the owner, YOU are responsible for maintenance — in every rental, including a rented single-family house. Your tenant's only duty is to tell you within 24 hours of finding one nonfunctioning, and if they fail to tell you, that failure does not increase their liability. For CARBON MONOXIDE alarms (§ 299F.51), the allocation flips: in multifamily housing YOU provide and install, and you replace any alarm rendered inoperable during a PRIOR tenancy, but the current occupant maintains it during their own occupancy, including batteries. Two further points worth knowing: an insurer cannot deny a fire loss claim because you failed to comply with the smoke alarm statute, and while local governments generally cannot set different smoke alarm standards, they CAN adopt stricter installation rules for single-family homes and enforce them through a truth-in-housing inspection.",REQUIRED,LANDLORD_EDUCATION,VERIFIED,"MN added (MN re-audit 2026-09-03): companion to smoke-detector-duty-mn and carbon-monoxide-alarm-duty-mn. Exists specifically because the two statutes allocate maintenance in opposite directions, which is exactly the kind of detail a single merged 'alarms' clause would flatten and get wrong. Both sections read in full from revisor.mn.gov rather than the subdivision needed, per the standing whole-section rule.",2026-09-03,2026-09-03
edu-abandoned-property-retake-duty-mn,Default & Termination,You Must Let a Tenant Retake Property Within 24 Hours of Written Demand,MN,TRUE,,"Holding a tenant's belongings after they leave carries a deadline most landlords do not know about. Under Minn. Stat. § 504B.271 subd. 2, once the tenant makes written demand you must allow them to retake their property within 24 hours — or within 48 hours excluding weekends and holidays if you moved the property to storage somewhere other than the premises. Miss that window and the tenant recovers punitive damages of up to twice the actual damages or $1,000, whichever is greater, on top of actual damages and reasonable attorney fees. Courts weigh the value of the property, the effect losing it had on the tenant, whether you took it unlawfully, and whether you acted in bad faith. If you took possession unlawfully, you also pay the removal, storage, and care costs yourself rather than charging them to the tenant. None of this can be waived by a lease.",PROHIBITED,LANDLORD_EDUCATION,VERIFIED,"MN added (MN re-audit 2026-09-03): found while primary-reading §504B.271 in full to re-verify the 28-day and 14-day figures in abandoned-property-mn. Subd. 2's retake-on-demand duty and punitive-damages exposure appeared NOWHERE in the library — the original MN session cited §504B.271 but read only the subdivision that answered the disposal-timing question, which is precisely the partial-read failure mode the NE re-audit identified. The 24h/48h split turns on whether the property was stored ON the premises or moved elsewhere. Housing-authority landlords are exempt from the punitive-damages remedy but must still permit retaking (subd. 2, final paragraph). Non-waivable per subd. 4.",2026-09-03,2026-09-03
edu-infirmity-termination-accessible-unit-mn,Default & Termination,You Can Defeat an Infirmity Termination by Offering an Accessible Unit,MN,TRUE,,"Minnesota lets a tenant end a lease early on two months' notice when a medical professional finds they need to move into certain licensed care facilities (Minn. Stat. § 504B.266). What most landlords miss is the exception: if the tenant's need is for an ACCESSIBLE unit, and you can offer one in the same complex that becomes available within two months of their request, the statute does not apply and the tenant may not terminate. This is worth knowing before you accept a termination notice — if you have an accessible unit coming open, offering it keeps the tenancy. Note this only works for the accessible-unit situation; it does not help where the tenant is genuinely moving into a nursing home, assisted living, or another enumerated facility.",RECOMMENDED,LANDLORD_EDUCATION,VERIFIED,MN added (MN re-audit 2026-09-03): companion to the termination-infirmity-mn correction. Found only by reading §504B.266 in full rather than the subdivision stating the notice period — the original session captured subd. 3's two-month mechanics and never reached subd. 2(b)'s defeasance. Same partial-read failure mode as the §504B.271 subd. 2 miss logged at RA-12. 'Accessible unit' is defined at §363A.40 subd. 1.,2026-09-03,2026-09-03
edu-writ-execution-property-duties-mn,Default & Termination,"After an Eviction Writ, Where You Store the Property Changes the Law That Applies",MN,TRUE,,"When a sheriff executes a writ of recovery in Minnesota, one decision changes everything that follows: whether the tenant's belongings stay on the premises or go to storage elsewhere. If they stay ON the premises, Minn. Stat. § 504B.365 subd. 3(d) applies § 504B.271 — the 28-day hold with a 14-day pre-sale notice — and you must prepare a written inventory, signed and dated in the officer's presence, listing each item and its condition, the date, your signature, the name and phone number of someone authorized to release the property, and the officer's name and badge number. Mail a copy to the tenant's last known address. If instead the property goes to storage OFF the premises, you get a lien for your removal and storage costs, you may hold the property until paid, and if no payment comes for 60 days after the writ is executed you may hold a public sale under §§ 514.18 to 514.22 — a different and longer clock. Three duties apply either way: you must notify the tenant of the date and approximate time the officer will act, by first class mail AND a good-faith attempt by telephone; you are responsible for proper storage and care and liable for loss or damage if you fail to exercise reasonable care; and unless the premises were genuinely abandoned, removing property outside this process is an unlawful ouster under § 504B.231 with a criminal penalty under § 504B.225. None of this can be waived or modified by your lease.",PROHIBITED,LANDLORD_EDUCATION,VERIFIED,"MN added (MN re-audit 2026-09-03): §504B.365 read in full from revisor.mn.gov PDF, confirming the two-track structure that was flagged as an unverified secondary-source claim at RA-12. Subd. 5 makes the whole section non-waivable — 'This section may not be waived or modified by lease or other agreement' — so no lease clause can alter any of it, which is why this is education rather than clause text. METHODOLOGICAL NOTE FOR TAYLOR: this finding sits inside the eviction-procedure sections the project has deliberately deprioritized across all seven states as 'procedural, not clause-relevant.' That blanket assumption is wrong at least here — §504B.365 imposes affirmative landlord duties (inventory contents, dual-channel notice, care standard) with ouster-level exposure for getting them wrong. Recommend the deprioritization be narrowed from 'eviction sections are out of scope' to 'eviction sections are out of scope for LEASE_CLAUSE purposes but still screened for landlord duties.' Not applied to other states this session.",2026-09-03,2026-09-03
dv-lease-termination-mn,Default & Termination,Right of Victims of Violence to Terminate Lease,MN,TRUE,,"Tenant may terminate this Lease without penalty or liability if Tenant or another authorized occupant fears imminent violence after being subjected to domestic abuse, criminal sexual conduct, sexual extortion, or harassment, as those terms are defined under Minnesota law. To do so, Tenant must give Landlord signed and dated advance written notice stating that Tenant fears imminent violence from a person indicated in a qualifying document, stating that Tenant needs to terminate the tenancy, providing the date on which this Lease will terminate, and providing written instructions for the disposition of any remaining personal property. The notice must be delivered before termination of the tenancy by mail, in person, or by a form of written communication Tenant regularly uses to communicate with Landlord, and must be accompanied by a qualifying document. Vacating the property before the date stated in the notice does not by itself terminate the tenancy. Landlord may ask Tenant to disclose the name of the perpetrator in order to protect other residents, but Tenant may decline for safety reasons, and disclosure is not a condition of terminating this Lease.

If Tenant is the sole tenant, Tenant is responsible for rent for the full month in which the tenancy terminates, relinquishes all claims for return of the Security Deposit, and is relieved of any other obligation for rent or other charges for the remaining term. If there is more than one tenant and one of them terminates under this Section, this Lease terminates as to all tenants at the later of the end of the month or the end of the rent interval in which that termination takes effect; all tenants are responsible for rent for that full month, all tenants relinquish all claims for return of the Security Deposit, and all tenants are relieved of any other obligation for the remaining term. A tenant whose tenancy ends in this way may reapply to enter into a new lease with Landlord. Termination under this Section does not affect liability for delinquent or unpaid rent or other amounts owed to Landlord before termination.

Landlord will not disclose Tenant's written notice, the contents of any qualifying document, the address or location to which Tenant has relocated, or Tenant's status as a victim of violence, except as permitted by Minnesota law.",REQUIRED,LEASE_CLAUSE,VERIFIED,"MN added (MN re-audit 2026-09-03) — THIRD AND MOST SERIOUS PROOF-OF-ABSENCE VIOLATION. Minn. Stat. §504B.206, primary text read. MN §13's canvass recorded this topic as 'Present — §504B.206, already covered.' IT WAS NOT COVERED. No MN LEASE_CLAUSE addressed DV/violence termination; the only MN row mentioning §504B.206 at all was edu-right-to-call-police-mn, in passing. This is worse than the fair-housing and retaliation misses at RA-4, because those at least carried an honest 'not yet logged' note — this one asserted coverage that did not exist, so the canvass would never have re-flagged it. Compare: WY has TWO DV clauses (dv-safe-homes-wy, dv-safe-homes-proactive-wy) and NE has two (dv-lease-release-ne, dv-perpetrator-removal-ne). MN, whose statute is broader than either, had none. FOUR qualifying grounds confirmed (subd. 1(a)): domestic abuse per §518B.01 subd. 2; criminal sexual conduct per §§609.342-609.3451; sexual extortion per §609.3458; harassment per §609.749. Note MN covers SEXUAL EXTORTION and HARASSMENT, which WY's Safe Homes Act does not. VERSION TRAP FLAGGED: the pre-2023 text made a terminating tenant liable for the full month PLUS an additional amount equal to one month's rent. Current text drops the extra month and instead addresses security-deposit claims. A stale secondary source would state the old penalty. Clause uses the current rule. [RESOLVED 2026-09-03 at RA-22 — §504B.206 read in full; subd. 3(b) multi-tenant rule confirmed and written into the clause. Original flag retained below for traceability.] PRIOR-FLAG TEXT (superseded): subd. 3 sets DIFFERENT rules for a sole tenant versus multiple tenants, and the deposit consequence differs between them. I read subd. 3(a) (sole tenant) but not the multi-tenant paragraphs in full. The clause deliberately defers deposit treatment to 'as provided under Minnesota law' rather than stating a rule I have not confirmed for both cases. Recommend a targeted read of subd. 3 before this clause ships. | CORRECTED 2026-09-03, same session: full §504B.206 read (revisor.mn.gov PDF, 2025 text) after the initial draft was built from partial search results. TWO ERRORS IN MY OWN DRAFT, both from stale source text, both fixed: (1) delivery method — draft said 'by mail, fax, or in person,' which is the pre-2014 wording; current subd. 1(c) says 'by mail, in person, or by a form of written communication the plaintiff regularly uses to communicate with the landlord.' FAX IS GONE. (2) notice content — draft said 'the date by which Tenant will vacate'; subd. 1(b)(3) actually requires 'the date on which the lease will terminate.' Not the same thing, and subd. 1(c) confirms the distinction matters: 'Vacation of the premises ... prior to the date provided in the notice does not constitute termination of the tenancy.' A tenant who leaves early has not terminated. MULTI-TENANT RULE NOW RESOLVED (subd. 3(b)), and it is more consequential than expected: where one of several tenants terminates, the lease terminates for ALL remaining tenants at the later of month-end or rent-interval-end; ALL tenants relinquish security deposit claims; and any tenant so terminated 'may reapply to enter into a new lease.' One victim's notice ends everyone's tenancy by operation of statute. Sole-tenant rule (subd. 3(a)) confirmed as drafted. Subd. 3(c): no effect on already-delinquent amounts. Subd. 5: waiver prohibited in BOTH directions. Subd. 7: where a federal subsidized-housing statute, regulation, or handbook conflicts, the federal rule controls. DRAFTING ODDITY FLAGGED: subd. 1(c) literally reads 'a form of written communication the plaintiff regularly uses to communicate with the landlord' — 'plaintiff' appears to be a drafting artifact for 'tenant' in a section with no litigation posture. Clause uses 'Tenant'; noting in case it matters later. This clause is now unblocked; the RA-17 recommendation to read subd. 3 before shipping is discharged.",2026-09-03,2026-09-03
edu-dv-information-confidentiality-mn,Compliance & Prohibited Terms,Victim Information Is Confidential and Overrides Anything They Signed,MN,TRUE,,"If a tenant gives you notice terminating under Minnesota's victims-of-violence statute, Minn. Stat. § 504B.206 subd. 2 makes four things confidential: the information in the tenant's notice, anything in the qualifying document, the address or location the tenant relocates to, and the tenant's status as a victim. None of it may go into a shared database or be given to any person or entity. Two points landlords routinely get wrong. First, these confidentiality duties are expressly paramount and supersede any other document or form the tenant previously signed — a release or information-sharing consent buried in your application or lease does not override this. Second, violating it carries statutory damages of $2,000 plus attorney fees, regardless of whether the tenant proves any actual loss. Limited exceptions exist: the information may be used where required as evidence in an eviction action, an action for unpaid rent or damages, a security deposit claim, with the tenant's consent, or as otherwise required by law.",PROHIBITED,LANDLORD_EDUCATION,VERIFIED,"MN added (MN re-audit 2026-09-03): companion to dv-lease-termination-mn, §504B.206 subd. 2. The 'paramount and supersedes any other document or form previously signed by the tenant' language is directly relevant to Steinoak product design — any consent, release, or data-sharing term in an application or lease is void against this. The $2,000 figure is statutory damages, not a cap on actual damages. Non-waivable.",2026-09-03,2026-09-03
edu-landlord-mitigation-duty-mn,Default & Termination,You Must Try to Re-Rent After a Tenant Leaves Early,MN,TRUE,,"Minnesota codified a landlord duty to mitigate damages at Minn. Stat. § 504B.154, effective 2024. If a residential tenant breaks the lease and moves out early, you must make reasonable efforts to re-rent the unit at a fair rental value rather than letting it sit empty and billing the departed tenant for the full remaining term. This reversed Minnesota's older common-law rule from Markoe v. Naiditch & Sons (1975), which had said no such duty existed — so any guidance, template, or advice predating 2024 that tells you otherwise is now wrong. Commercial leases continue to follow the older no-mitigation rule; this change applies to residential tenancies. Document your re-rental efforts, because they are what limit your recoverable damages.",REQUIRED,LANDLORD_EDUCATION,VERIFIED,"MN added (MN re-audit 2026-09-03): §504B.154, codified 2024 for residential tenancies, reversing Markoe v. Naiditch & Sons (1975). NO row anywhere in the library covered a Minnesota mitigation duty; the generic default-by-tenant clause (CO;MN;ND;WY) touches mitigation only in passing and states no statutory duty. This is a live example of the version-trap risk the project tracks: a common-law rule reversed by statute means pre-2024 secondary sources are affirmatively wrong, not merely incomplete. CROSS-STATE FLAG: whether CO, WY, KS, NE, SD, or ND have a codified or common-law mitigation duty has never been canvassed for any state — recommend adding 'landlord duty to mitigate on early termination' as a named-topic checklist row.",2026-09-03,2026-09-03
edu-pre-eviction-notice-nonpayment-mn,Default & Termination,Minnesota's 14-Day Pre-Eviction Notice Has Mandatory Contents,MN,TRUE,,"Before filing an eviction for nonpayment of rent or another unpaid financial obligation, Minnesota requires a written pre-filing notice under Minn. Stat. § 504B.321 subd. 1a, effective January 1, 2024. The notice must state the total amount due, give a specific accounting of unpaid rent, late fees, and other charges, name the person authorized to receive rent and their address, and include statutory language about the tenant's options and available assistance. If the tenant corrects the delinquency or vacates within 14 days of delivery or mailing, no eviction follows — and if a local government requires a longer notice period, that longer period controls. The part that bites: you must attach a copy of the notice to your complaint, and the court SHALL dismiss the action without prejudice for failure to provide it AND grant expungement of the eviction file. A defective or missing notice does not just delay you; it erases the filing. Note this requirement applies only to nonpayment — Minnesota has no general statutory cure notice for other lease violations.",REQUIRED,LANDLORD_EDUCATION,VERIFIED,"MN added (MN re-audit 2026-09-03): §504B.321 subd. 1a, primary-confirmed. MN §18 recorded the 14-day figure but no row ever captured the MANDATORY CONTENT requirements or the dismissal-plus-expungement consequence, which is the operative risk. Confirms MN §18's separate finding that MN has no general cure period for non-nonpayment violations. Local-government longer-period override is a municipal hook (Minneapolis has used it).",2026-09-03,2026-09-03
edu-no-state-servicemember-termination-mn,Default & Termination,Minnesota Has No State Military Lease-Termination Right — Federal SCRA Controls,MN,TRUE,,"If a tenant enters active military service or receives deployment or permanent-change-of-station orders, the federal Servicemembers Civil Relief Act (50 U.S.C. § 3955) is the authority — Minnesota provides no separate state lease-termination right layered on top of it. Chapter 504B contains no servicemember termination provision, and Minnesota's military protections statute covers postsecondary students, professional and driver's license renewal, motor vehicle registration, and unpaid leave to attend military ceremonies or care for injured family members. None of it reaches residential leases. Under the federal act the tenant gives written notice with a copy of their orders, and the tenancy ends 30 days after the next rent due date for a monthly lease, with no early-termination charge permitted. Note that 'military orders' includes separation and retirement, so a tenant leaving the service can use this too — a point that is widely missed.",RECOMMENDED,LANDLORD_EDUCATION,VERIFIED,"MN added (MN re-audit 2026-09-03) — resolves NE re-audit canvass row #8 (state SCRA analog, narrower than federal?) for MN: CONFIRMED ABSENT. Logged as a row rather than left as a log-only absence, per the standing proof-of-absence rule — a confirmed absence with no CSV row is invisible to every future canvass, which is exactly the failure this re-audit found three times in MN (RA-4, RA-17). RESOLUTION PATH: §5a.2 was triggered and Taylor supplied primary text for both candidate sections. §192.501 is 'FINANCIAL INCENTIVES FOR NATIONAL GUARD MEMBERS' — enlistment/reenlistment/medic-recertification/reclassification/referral bonuses and tuition-and-textbook reimbursement grants. It has no landlord-tenant content of any kind. §192.502 'PROTECTIONS' covers postsecondary students (subd. 1), professional license, driver's license and motor vehicle registration renewal (subd. 2), unpaid leave for military ceremonies (subd. 3), and unpaid leave for families of injured or deceased members (subd. 4). NO residential lease-termination right in either. SOURCE-QUALITY FINDING: a secondary legal-template site asserted 'Minnesota provides additional protections for state active service under Minn. Stat. 192.501.' That is wrong on both the section number AND the subject matter — §192.501 is a Guard bonus-and-tuition statute. The attorney-authored source that contradicted it was correct, including its characterization of §192.502's contents. Another instance of the project's recurring pattern: confident secondary assertions with a real-looking citation attached, defeated only by reading the cited section. CROSS-STATE: NE has edu-servicemember-termination-ne. MN's generic early-termination clause (CO;MN;ND;SD;WY) already references the federal SCRA, so lease coverage exists; this row supplies the landlord-facing 'no state layer' answer that was missing.",2026-09-03,2026-09-03
edu-dv-qualifying-documents-mn,Default & Termination,"What Counts as a Qualifying Document, and What One Notice Does to Everyone's Lease",MN,TRUE,,"Two things about Minnesota's victims-of-violence termination catch landlords off guard. First, the statute defines exactly five qualifying documents and you cannot demand something else: a valid order for protection; a no contact order currently in effect; a signed writing from a court official; a signed writing from a city, county, state, or tribal law enforcement official; or a Statement by Qualified Third Party on the form set out in the statute, signed by a licensed health care professional, a domestic abuse advocate, or a sexual assault counselor. A police report by itself is not on the list, and a tenant does not need a conviction or even a filed case. Second, and easy to miss: if there are several tenants on the lease and one of them terminates, the lease ends for ALL of them at the later of the end of the month or the end of the rent interval, every tenant relinquishes their claim to the security deposit, and every tenant is released from the rest of the term. A remaining tenant who wants to stay must reapply for a new lease — they do not simply continue. Finally, you may not bring an eviction action against a tenant who terminated under this statute, and neither you nor the tenant can waive any of it.",REQUIRED,LANDLORD_EDUCATION,VERIFIED,"MN added (MN re-audit 2026-09-03): §504B.206 subds. 3, 5, 6 read in full. Qualifying-document list is subd. 6(3), five closed categories including the verbatim STATEMENT BY QUALIFIED THIRD PARTY form reproduced in the statute — PRODUCT IMPLICATION: Steinoak could supply this form directly, similar to the verbatim utility-disclosure attachment flagged for §504B.216 subd. 10. 'Qualified third party' is defined at subd. 6(2) as a licensed health care professional, a domestic abuse advocate (§595.02 subd. 1(l)), or a sexual assault counselor (§595.02 subd. 1(k)); 'court official' at subd. 6(1). Subd. 3(d) confirmed: 'a landlord may not commence an eviction action against a tenant who has terminated a lease as provided in this section,' except as provided in §504B.285 subd. 1(b) — this independently confirms the attorney-source claim noted at RA-19 that I had declined to rely on unverified. Subd. 5 waiver prohibition runs both ways: the tenant may not waive and the landlord may not require waiver.",2026-09-03,2026-09-03
edu-animal-fairhousing-exemption-mismatch-mn,Pets,Minnesota's Animal Rules Have No Small-Landlord Exemption,MN,TRUE,,"Minnesota's fair housing law and its service-and-support-animal law do not have the same reach, and the gap matters if you are a small landlord. The Human Rights Act's housing provisions (Minn. Stat. § 363A.09) are subject to statutory exemptions — most notably for a resident owner-occupier renting out a room in a one-family home, and for certain nonprofit and religious housing. Minn. Stat. § 504B.113, which governs service and support animal documentation, pet fees, and what you may ask for, contains NO exemptions at all. So a landlord who is genuinely exempt from parts of the fair housing statute is still fully bound by the animal statute: no pet fee or deposit for a qualifying animal, documentation only from a statutorily listed licensed professional, and no demanding medical records. Do not reason from a fair housing exemption to an animal-rule exemption.",PROHIBITED,LANDLORD_EDUCATION,VERIFIED,"MN added (MN re-audit 2026-09-03): RESOLVES NE re-audit canvass row #7 for MN — 'do the assistance-animal carve-out and the fair-housing carve-out ALIGN in scope?' MN ANSWER: NO, THEY DO NOT ALIGN. §363A.09 is expressly subject to exemptions at §§363A.21, 363A.22, 363A.26 (statutory NOTE to §363A.09). §504B.113, read in full from primary text, contains no exemption provision of any kind — no owner-occupier carve-out, no unit-count threshold, no nonprofit or religious exemption. The two statutes therefore diverge exactly where a small landlord would most likely assume they align. Related definitional split worth noting: §504B.113 borrows 'disability' from MN §363A.03 subd. 12 (state law) but borrows the 'reasonable accommodation' standard from the federal FHA and Rehabilitation Act (subd. 1(f)) — mixed tethering within a single section. NE canvass rows now 9 of 10 resolved for MN; only row #3 (electronic notice/delivery regime) remains.",2026-09-03,2026-09-03
edu-notice-delivery-methods-mn,Compliance & Prohibited Terms,Minnesota Sets Delivery Method Notice-by-Notice — Email Is Not a Safe Default,MN,TRUE,,"Minnesota has no general rule about serving lease notices electronically. Instead each statute names its own delivery method, and they differ in ways that matter. The 14-day pre-eviction notice for nonpayment must be delivered personally or by first class mail — there is no electronic option, and because a missing or defective notice means the court dismisses your case and expunges the file, sending it only by email or through a tenant portal can cost you the filing. Death-of-tenant and infirmity terminations require hand delivery or first class prepaid mail. Abandoned-property sale notice requires personal service or first class AND certified mail, plus posting on the premises. Post-writ notice of the sheriff's arrival requires first class mail plus a good-faith telephone attempt. By contrast, a tenant terminating for domestic violence may use mail, in-person delivery, or whatever form of written communication they normally use with you — which does include email or text. The practical rule: never assume a lease clause designating email or a portal as the notice method satisfies a statute that names a different one. Match the method to the specific notice.",CONSTRAINED,LANDLORD_EDUCATION,VERIFIED,"MN added (MN re-audit 2026-09-03): RESOLVES NE re-audit canvass row #3 (electronic notice/delivery regime) for MN — completing 10 of 10. MN ANSWER: NO COMPREHENSIVE REGIME, and that is itself the finding. Minnesota does not regulate electronic service generally, does not require affirmative tenant consent to electronic delivery, and does not bar a lease from designating an electronic method. Instead delivery is specified PER SECTION and the specifications conflict: §504B.321 subd. 1a(b) personal or first class mail only (with dismissal + expungement as the consequence of failure); §504B.265 subd. 2 hand delivery or first class prepaid mail; §504B.271 subd. 1(d) personal service OR first class AND certified mail, plus conspicuous posting; §504B.365 subd. 3(g) first class mail PLUS a good-faith telephone attempt; §504B.206 subd. 1(c) mail, in person, or a form of written communication the tenant regularly uses (the only clearly electronic-permissive one, and it runs tenant-to-landlord). §504B.181 requires written disclosure 'in the rental agreement or otherwise in writing.' CONSEQUENCE FOR STEINOAK: a generic lease clause designating email or a tenant portal as THE method for all notices would be actively misleading for MN. The generic `notices` clause (CO;KS;MN;NE;WY) should be checked against this for every state, not just MN — flagged as a cross-state item, not fixed this session because a shared-clause edit triggers §5a.1 across five states.",2026-09-03,2026-09-03
foreclosure-disclosure-mn,Disclosures,Notice of Pending Foreclosure or Contract for Deed Cancellation,MN,TRUE,,"If Landlord has received notice of a contract for deed cancellation or notice of a mortgage foreclosure sale affecting the property, Landlord has notified Tenant in writing of that fact, and of the date on which the contract cancellation period or the mortgagor's redemption period ends, before entering into this Lease and before accepting any rent or Security Deposit from Tenant.",REQUIRED,LEASE_CLAUSE,VERIFIED,"MN added (MN re-audit 2026-09-03) — GAP FOUND. Minn. Stat. §504B.151 subd. 1(b): 'Before entering into a lease under this section and accepting any rent or security deposit from a tenant, the landlord must notify the prospective tenant in writing that the landlord has received notice of a contract for deed cancellation or notice of a mortgage foreclosure sale as appropriate, and the date on which the contract cancellation period or the mortgagor's redemption period ends.' Subd. 1(d): $500 civil penalty per violation, expressly in addition to other rights and remedies. Subd. 1(c): does not apply to manufactured home parks (§327C.015 subd. 8) — consistent with the project's standing MHP deprioritization. WHY THIS WAS MISSED: MN had NO foreclosure or financial-distress disclosure row of any kind, while NV and CA both carry foreclosure-disclosure clauses. The original MN session's statute walk listed §504B.151 in the chapter structure (MN log §1, 'foreclosure-distress tenancy protections') but never produced a row. Another logged-but-never-built finding, same shape as the fair-housing and retaliation misses at RA-4. NOT FULLY READ, FLAGGED: §504B.151 subd. 2 contains an exception where the holder or mortgagee agrees not to terminate the tenant's lease other than for lease violations for at least one year from commencement, and subd. 1(d) makes the $500 penalty inapplicable where the landlord falls under that exception. I read the exception's opening but not the full subdivision. This clause states the disclosure duty only and does not attempt to describe the exception. Recommend reading subd. 2 in full before relying on the exception. Also unread: §504B.151's related provisions on a tenant becoming the holder's tenant by operation of law upon succession.",2026-09-03,2026-09-03
edu-returned-check-fee-cap-mn,Rent & Fees,Minnesota Caps the Dishonored-Check Service Charge at $30,MN,TRUE,,"If a tenant's rent check bounces, Minnesota's general bad-check statute (Minn. Stat. § 604.113) caps the service charge you may impose at $30, and only one such charge may be imposed per dishonored check. Two things to understand about how it works. First, the immediate $30 charge is conditioned on having conspicuously displayed notice of the service charge on the premises when the check was issued, and that displayed notice must also warn that civil penalties may follow — a requirement written with storefronts in mind that fits awkwardly when rent arrives by mail. Second, and separately, if the check still is not paid 30 days after you mail a proper notice of dishonor, you may pursue the face amount, the service charge, and a civil penalty of up to $100 or the value of the check, whichever is greater, plus judgment-rate interest, and attorney fees if that tenant has bounced more than $1,250 in checks to all payees within six months. That civil penalty is a court remedy you sue for — it is not a fee you may simply add to the ledger.",CONSTRAINED,LANDLORD_EDUCATION,VERIFIED,"MN added (MN re-audit 2026-09-03) — GAP FOUND, and it completes this topic across all seven states. CO has nsf-fee-limit-co; WY, ND, SD have edu-returned-check-fee-cap-{state}; KS has edu-nsf-fee-cap-ks; NE has edu-bad-check-restitution-vs-nsf-fee-ne. MN HAD NOTHING. Minn. Stat. §604.113 subd. 2, confirmed from revisor.mn.gov and corroborated independently by multiple Minnesota county and state agency notice forms that cite and apply it operationally (BCA, Kittson County, Winona, Renville County) — independent confirmation in the sense the project requires, not aggregator repetition of one source. §604.113 is in the CIVIL LIABILITY chapter, not Ch. 504B — another §E adjacent-chapter finding, matching WY's pattern where the equivalent lived in a general bad-check statute. AMBIGUITY SURFACED, NOT RESOLVED: subd. 2(c) states the subdivision 'prevails over any provision of law limiting, prohibiting, or otherwise regulating service charges authorized by this subdivision, but does not nullify charges for dishonored checks, which do not exceed the charges in paragraph (a) or terms or conditions for imposing the charges which have been agreed to by the parties in an express contract.' Read one way, an express contract (the lease) may set the terms and conditions for imposing the charge but not exceed $30; read another, express-contract terms are preserved independently of the cap. This row takes the CONSERVATIVE reading ($30 is the ceiling) and flags the alternative rather than asserting a landlord-favorable interpretation. FLAG FOR TAYLOR: worth a lawyer's eye if Steinoak ever surfaces a suggested NSF amount. Also note the storefront-oriented 'conspicuously displayed on the premises when the check was issued' precondition sits awkwardly on a mailed rent check — another reason not to promise landlords the $30 is automatic.",2026-09-03,2026-09-03
edu-no-radon-rental-disclosure-mn,Disclosures,No Radon Disclosure Duty for Minnesota Rentals,MN,TRUE,,"Minnesota's radon disclosure law applies to SALES and transfers of residential real property, not to ordinary rentals. Minn. Stat. §§ 513.61 and 144.496 reach a transfer of an interest in residential real estate, and the sale-disclosure duty expressly excludes a transfer to a tenant already in possession. Bills to extend radon testing and disclosure to rental housing have been introduced repeatedly and have not been enacted. Be skeptical of online guidance stating that Minnesota landlords must test for or disclose radon — that claim circulates widely and is not what the statute says. Nothing stops you from testing voluntarily.",RECOMMENDED,LANDLORD_EDUCATION,VERIFIED,"MN added (MN re-audit 2026-09-03, canvass pass 1) — PROOF-OF-ABSENCE ROW. This topic was adjudicated in MN's decision log but never given a CSV row, making it invisible to every future canvass. MN log §16 recorded radon as CONFIRMED ABSENT for rentals and specifically flagged an overconfident secondary source claiming the opposite. Confirmed again this session against §513.61/§144.496. Rental-specific bills failed 2019, 2021, 2024; none enacted 2025-2026.",2026-09-03,2026-09-03
edu-no-bedbug-mold-disclosure-mn,Disclosures,No Bed Bug or Mold Disclosure Statute in Minnesota,MN,TRUE,,"Minnesota has no dedicated bed bug disclosure or treatment-timeline law and no dedicated mold disclosure law. Both are handled under the general habitability covenant in Minn. Stat. § 504B.161, which requires you to keep the premises in reasonable repair — and which since 2023 expressly includes extermination of insects, rodents, vermin, and other pests. So there is no disclosure form to hand over, but an infestation or a moisture problem is still your repair obligation, and the habitability covenant cannot be waived.",RECOMMENDED,LANDLORD_EDUCATION,VERIFIED,"MN added (MN re-audit 2026-09-03, canvass pass 1) — PROOF-OF-ABSENCE ROW. This topic was adjudicated in MN's decision log but never given a CSV row, making it invisible to every future canvass. MN log §18 recorded both as confirmed absent as dedicated statutes. Note CO, CA, and ME carry bed-bug-disclosure rows, so MN's absence is a real cross-state difference rather than an unexamined gap. The 2023 amendment adding pest extermination to §504B.161 subd. 1(2) is the operative hook.",2026-09-03,2026-09-03
edu-no-ev-charging-right-mn,Landlord Responsibilities,No EV Charging Access Right in Minnesota,MN,TRUE,,"Minnesota is not among the states that give tenants a statutory right to install or demand access to electric vehicle charging. Colorado has such a law; Minnesota does not. You may permit, restrict, or condition tenant EV charging by lease terms, subject to your ordinary obligations around electrical safety and utility billing — and if the building is shared-metered, remember that Minnesota prohibits apportioning electricity to tenants at all.",RECOMMENDED,LANDLORD_EDUCATION,VERIFIED,"MN added (MN re-audit 2026-09-03, canvass pass 1) — PROOF-OF-ABSENCE ROW. This topic was adjudicated in MN's decision log but never given a CSV row, making it invisible to every future canvass. MN log §16 recorded EV charging as CONFIRMED ABSENT. CO has ev-charging-rights-co; MN does not. Cross-reference to §504B.216 subd. 5(a)'s electricity-apportionment ban added because EV charging is the most likely real-world trigger for that prohibition.",2026-09-03,2026-09-03
edu-no-unconscionability-statute-mn,Compliance & Prohibited Terms,Minnesota Has No Landlord-Tenant Unconscionability Statute,MN,TRUE,,"Unlike Kansas and Nebraska, whose landlord-tenant acts contain express unconscionability provisions letting a court refuse to enforce an unconscionable lease or clause, Minnesota's Chapter 504B has no such provision. That does not mean anything goes — Minnesota courts apply general common-law contract doctrine, the Plain Language Contract Act reaches leases of three years or less, and Chapter 504B contains roughly eighteen separate non-waiver provisions that void specific lease terms. Minnesota simply regulates unfair lease terms through scattered specific prohibitions rather than one general standard.",RECOMMENDED,LANDLORD_EDUCATION,VERIFIED,"MN added (MN re-audit 2026-09-03, canvass pass 1) — PROOF-OF-ABSENCE ROW. This topic was adjudicated in MN's decision log but never given a CSV row, making it invisible to every future canvass. MN log §18 recorded this as confirmed absent as a dedicated landlord-tenant statute (contrast K.S.A. 58-2544, Neb. Rev. Stat. §76-1412). Consistent with the RA-5 finding that MN uses ~18 scattered per-section non-waiver rules instead of a consolidated prohibited-provisions section.",2026-09-03,2026-09-03
edu-no-confession-of-judgment-bar-mn,Compliance & Prohibited Terms,Minnesota's Confession-of-Judgment Ban Does Not Reach Leases,MN,TRUE,,"Minnesota does have a confession-of-judgment prohibition, but it is scoped to consumer credit sales of PERSONAL property (Minn. Stat. § 325G.16), and the governing definitions exclude real property. No separate provision bars a confession-of-judgment or cognovit clause in a residential lease. That said, do not read this as an invitation: such a clause would face Minnesota's general contract doctrine, the Plain Language Contract Act, and the eviction statute's own procedural requirements, which cannot be contracted around.",RECOMMENDED,LANDLORD_EDUCATION,VERIFIED,"MN added (MN re-audit 2026-09-03, canvass pass 1) — PROOF-OF-ABSENCE ROW. This topic was adjudicated in MN's decision log but never given a CSV row, making it invisible to every future canvass. Resolved in the prior MN session and re-confirmed on scope this session. §325G.16's operative definitions ('consumer credit sale', 'goods' = tangible personal chattels) exclude real property. FLAGGED: §325G.16's full text was not read end to end — the scope conclusion rests on the definitional sections. Read in full before relying on the negative.",2026-09-03,2026-09-03
edu-no-holdover-damages-multiplier-mn,Default & Termination,Minnesota Has No Holdover Damages Multiplier,MN,TRUE,,"Some states let a landlord recover double or treble rent from a tenant who stays past the end of the term. Minnesota does not. Minn. Stat. § 504B.141 confirms that holding over does not by itself create a new tenancy, but neither it nor the eviction chapter provides any damages multiplier. Your recovery for a holdover period is ordinary rent and actual damages. Note that Steinoak's generic Holdover clause references double rent capped at whatever applicable law allows — in Minnesota that cap is effectively ordinary rent, so do not rely on the doubling language here.",RECOMMENDED,LANDLORD_EDUCATION,VERIFIED,"MN added (MN re-audit 2026-09-03, canvass pass 1) — PROOF-OF-ABSENCE ROW. This topic was adjudicated in MN's decision log but never given a CSV row, making it invisible to every future canvass. MN log §24 recorded this as confirmed absent after reading §504B.141 and §504B.285. IMPORTANT INTERACTION FLAGGED: the generic `holdover` clause (CO;KS;MN;NE;WY) provides for 'double the Monthly Rent ... or the maximum amount allowed under applicable law, if less.' The self-limiting language saves the clause from being unlawful in MN, but it is misleading to a MN landlord reading it. Adds to the shared-clause backlog alongside `notices` and `returned-payments`.",2026-09-03,2026-09-03
edu-no-deposit-cap-statewide-mn,Security Deposit,No Statewide Deposit Cap — But Minneapolis Has One,MN,TRUE,,"Minnesota sets no statewide limit on the amount you may collect as a security deposit, and no statewide right for a tenant to pay it in installments. Minneapolis does both by ordinance: the deposit is capped at one month's rent, drops to half a month if you also collect prepaid rent up front, and in that case must be payable in installments. Saint Paul caps the deposit at one month's rent with a narrow exception. If you operate in either city, the municipal rule governs and is stricter than state law.",CONSTRAINED,LANDLORD_EDUCATION,VERIFIED,"MN added (MN re-audit 2026-09-03, canvass pass 1) — PROOF-OF-ABSENCE ROW. This topic was adjudicated in MN's decision log but never given a CSV row, making it invisible to every future canvass. MN log §13 recorded 'no statutory cap' plus the Minneapolis ordinance, and §16 recorded no statewide installment right — neither ever became a row. §504B.178 contains no cap. Municipal specifics are flagged, not resolved, consistent with the standing municipal-scope boundary; they are named here only because the state-level answer is meaningless to a Twin Cities landlord without them.",2026-09-03,2026-09-03
edu-farm-and-mhp-scope-mn,Compliance & Prohibited Terms,Farm Tenancies and Manufactured Home Parks Are Governed Elsewhere,MN,TRUE,,"Two categories of Minnesota tenancy sit outside Chapter 504B and outside what a standard residential lease should be used for. Manufactured home parks are governed by Chapter 327C, and Chapter 504B repeatedly carves them out — the entry-notice statute, the foreclosure-disclosure statute, and others expressly do not apply to them. Agricultural tenancies run on separate machinery too, including a landlord's lien on growing crops under Chapter 514 that has no residential counterpart, since Minnesota abolished distress for rent for ordinary tenancies. If you are renting a lot in a manufactured home park or leasing farmland, this lease is the wrong instrument.",RECOMMENDED,LANDLORD_EDUCATION,VERIFIED,"MN added (MN re-audit 2026-09-03, canvass pass 1) — PROOF-OF-ABSENCE ROW. This topic was adjudicated in MN's decision log but never given a CSV row, making it invisible to every future canvass. MN log §13 and §20 recorded the MHP cross-references (§504B.211 subd. 7, §504B.151(c), §504B.001 references to §327C.015) and the Ch. 514 crop-lien carve-out confirming farm tenancies are separately governed. Neither became a row. Both remain deliberately OUT OF SCOPE as product decisions, revisitable on customer demand — this row documents the boundary rather than reopening it.",2026-09-03,2026-09-03
edu-statute-of-frauds-lease-term-mn,Compliance & Prohibited Terms,Leases Longer Than One Year Must Be in Writing,MN,TRUE,,Minnesota's Statute of Frauds (Minn. Stat. §§ 513.04 and 513.05) requires a lease for a term longer than one year to be in writing and signed to be enforceable. Chapter 504B separately requires a written lease in some circumstances and requires you to give the tenant a copy. Note that Minnesota does not exclude long-term leases from tenant-protection coverage the way the original checklist question anticipated — a five-year residential lease still gets the full protection of Chapter 504B.,REQUIRED,LANDLORD_EDUCATION,VERIFIED,"MN added (MN re-audit 2026-09-03, canvass pass 1) — PROOF-OF-ABSENCE ROW. This topic was adjudicated in MN's decision log but never given a CSV row, making it invisible to every future canvass. MN log §20 flagged that the checklist's 'long-term lease exclusion (5+ years)' topic did not map onto Minnesota: what exists is an ordinary Statute of Frauds writing requirement at one year, NOT an exclusion of long leases from tenant-protection coverage. That distinction was logged and never given a row. Recommend the checklist row itself be re-worded, since it appears to have been framed from whichever state originated it.",2026-09-03,2026-09-03
initial-final-inspection-mn,Security Deposit,Initial and Move-Out Inspections,MN,TRUE,,"At the commencement of the tenancy, or within 14 days of Tenant occupying the property, Landlord will notify Tenant of Tenant's option to request an initial inspection of the property to identify existing deficiencies, so that those deficiencies do not later result in deductions from the Security Deposit. In lieu of an initial or move-out inspection, if Tenant agrees, Landlord may provide Tenant written acknowledgment of photos or videos of the property and the parties may agree to its condition at the start or end of the tenancy. Within a reasonable time after either party gives notice of intention to terminate the tenancy, or before the end of the Term, Landlord will notify Tenant in writing of Tenant's option to request a move-out inspection and of Tenant's right to be present at it. If Tenant requests a move-out inspection, Landlord will make the inspection at a reasonable time, no earlier than five days before termination, the end of the lease date, or the day Tenant plans to vacate, so that Tenant has the opportunity to remedy identified deficiencies and avoid deductions from the Security Deposit. If Tenant chooses not to request an inspection, Landlord's duties under this Section are discharged.",REQUIRED,LEASE_CLAUSE,VERIFIED,"MN added (MN re-audit 2026-09-03, canvass pass 2) — GAP FOUND, high value. Minn. Stat. §504B.182, read from revisor.mn.gov. MN had NO inspection row at all, while KS has move-in-inventory-ks and NE has edu-no-move-in-inventory-requirement-ne — MN was the only state with a real inspection statute and no row for it. ARCHITECTURE NOTE: MN's version is TENANT-REQUEST-TRIGGERED, not a mandatory joint signed inventory on a fixed timeline like Kansas's 5-day rule. What is mandatory is the LANDLORD'S NOTIFICATION of the option — at both ends of the tenancy. MN §13 correctly flagged this distinction ('don't conflate with KS's version') and then never built the row. Subd. 1(b)'s photo/video alternative requires TENANT AGREEMENT and written acknowledgment — it is not a unilateral landlord substitute. Waiver is void (subd. 4). See edu-inspection-notice-penalty-mn for the penalty, which is severe and attaches to the NOTICE failure, not just the inspection.",2026-09-03,2026-09-03
edu-inspection-notice-penalty-mn,Security Deposit,Skipping the Inspection Notice Can Double Your Deposit Exposure,MN,TRUE,,"Minnesota ties a hard penalty to the inspection-notice duty, and it is easy to trip because the trigger is the NOTICE, not the inspection. Under Minn. Stat. § 504B.178 subd. 4, a landlord who fails to give the tenant notice of the initial and move-out inspection options required by § 504B.182 — or who fails to actually complete an inspection the tenant requested — is liable for damages equal to the portion of the deposit withheld plus interest, AS A PENALTY, on top of returning the wrongfully withheld portion itself. In practice that means the same withheld amount can come out of your pocket twice. The tenant does not have to request anything for you to be exposed: your duty to NOTIFY them of the option is what triggers it, at the start of the tenancy and again before it ends. If the tenant declines to request an inspection, your duties are discharged — but only if you offered.",REQUIRED,LANDLORD_EDUCATION,VERIFIED,"MN added (MN re-audit 2026-09-03, canvass pass 2): companion to initial-final-inspection-mn. §504B.178 subd. 4(4) read from revisor.mn.gov — the penalty is listed alongside the other deposit-withholding failures and carries the same 'in addition to the portion wrongfully withheld' doubling structure. PRODUCT IMPLICATION, FLAGGED FOR TAYLOR: this is a DATED, EVENT-DRIVEN landlord obligation (notify within 14 days of occupancy; notify again before termination) that a lease clause alone cannot discharge — the lease can state the option, but someone has to actually send the second notice months or years later. This is the clearest candidate yet for the legal tracker feature already on the roadmap, alongside the reservation-of-rights notice from the NE work.",2026-09-03,2026-09-03
landlord-disclosure-mn,Disclosures,Disclosure of Landlord and Manager,MN,TRUE,,"The name and address of the person authorized to manage the property, and of Landlord or an agent authorized to accept service of process and to receive and give receipt for notices and demands, are disclosed to Tenant in this Lease. Landlord will post this information in a conspicuous place on the property, together with notice that a copy of the statement of tenant rights and responsibilities prepared by the Minnesota Attorney General is available to any residential tenant upon request.",REQUIRED,LEASE_CLAUSE,VERIFIED,"MN added (MN re-audit 2026-09-03, canvass pass 2) — GAP FOUND. Minn. Stat. §504B.181. KS has landlord-disclosure-ks and NE has landlord-disclosure-ne; MN had NO equivalent row despite §504B.181 imposing the same duty. MN log §13 recorded 'Day-one landlord/manager identity disclosure — Present — §504B.181' and noted 'no dedicated MN row yet; candidate for a future session.' Never built. Subd. 1: disclosure must be made 'either in the rental agreement or otherwise in writing prior to commencement of the tenancy' — so putting it in the lease satisfies it. Subd. 2(a): a printed or typewritten notice with the same information must ALSO be posted conspicuously on the premises; compliance is satisfied if notices posted under other statutes or ordinances contain the required information. Subd. 2(b): unless the landlord is required to post under §471.9995, a further posted notice must state that the AG statement required by §504B.275 is available on request. [RESOLVED 2026-09-03 at RA-33 — §504B.181 read in full; subds. 3-6 logged in edu-landlord-disclosure-consequences-mn, and the identity-change topic resolved as PRESENT-BUT-DIFFERENT. Original flag retained below for traceability.] PRIOR-FLAG TEXT (superseded): §504B.181 subd. 3 (successor/liability-shield provisions, the analog to KS/NE's identity-change liability rules) was not reached. The related checklist topic 'broader landlord-identity-change notice' is therefore NOT closed by this row — carried forward. | FLAG DISCHARGED 2026-09-03: §504B.181 now read in full. Subds. 3-6 resolved — see edu-landlord-disclosure-consequences-mn. Subd. 6 answers the 'broader landlord-identity-change notice' canvass topic: the section 'extends to and is enforceable against any successor landlord or individual to whom rental payments for the premises are made,' so the DUTY binds a successor — but Minnesota imposes NO affirmative proactive notification duty on sale or management change, unlike the KS/NE identity-change architecture. That topic is therefore PRESENT-BUT-DIFFERENT for MN, not simply present.",2026-09-03,2026-09-03
deposit-last-month-rent-mn,Security Deposit,Security Deposit May Not Be Used as Last Month's Rent,MN,TRUE,,"Tenant may not withhold payment of all or any part of the rent for the last payment period of this Lease on the grounds that the Security Deposit should serve as payment for that rent. Withholding all or part of the rent for the last payment period creates a rebuttable presumption that Tenant did so on that basis. This Section does not apply to a month-to-month tenancy for which neither party has served a notice to quit, or to the last month of a contract for deed cancellation period or a mortgage foreclosure redemption period. If Tenant remains in violation after Landlord's written demand and notice of this restriction, Tenant is liable to Landlord for a penalty equal to the portion of the Security Deposit Landlord would be entitled to withhold for reasons other than Tenant's default in the payment of rent, plus interest on the whole deposit, in addition to the rent withheld.",REQUIRED,LEASE_CLAUSE,VERIFIED,"MN added (MN re-audit 2026-09-03, canvass pass 2) — resolves the 'last-month's-rent deposit-application restriction' canvass topic for MN. Minn. Stat. §504B.178 subd. 8, read in full. KS has a comparable architecture per prior logs; MN had no row. NOTE THE EXCEPTIONS, which are easy to miss and run against the landlord: the restriction does NOT apply to an oral or written month-to-month tenancy where neither party has served a notice to quit, nor to the last month of a §559.21 contract-for-deed cancellation period or a chapter 580/581/582 foreclosure redemption period. A landlord asserting this against a month-to-month tenant with no notice to quit outstanding would be wrong. The penalty is deliberately stated in full because it is conditioned on the landlord having FIRST made written demand and given notice of the subdivision — without that step there is no penalty.",2026-09-03,2026-09-03
edu-deposit-successor-transfer-mn,Security Deposit,Selling the Property Starts a 60-Day Deposit Clock,MN,TRUE,,"If your interest in the property ends — by sale, assignment, death, or appointment of a receiver — Minn. Stat. § 504B.178 subd. 5 gives you 60 days, or until the successor must account for the deposit, whichever comes first, to do one of two things: transfer the deposit with interest to your successor and then notify the tenant of the transfer and the transferee's name and address, or return it with interest to the tenant. Doing either relieves you of further liability; doing neither exposes you to the same doubling penalty that applies to other deposit failures. If you are the BUYER, subd. 6 gives you all the landlord's rights and obligations for that deposit — with one protection worth using: if you give the tenant written notice of the deposit amount being transferred or assumed, and the tenant does not object within 20 days, your obligation is capped at the amount stated in your notice. That notice must include a stamped envelope addressed to you, and may be mailed or personally served.",REQUIRED,LANDLORD_EDUCATION,VERIFIED,"MN added (MN re-audit 2026-09-03, canvass pass 2) — resolves the 'successor-owner bound by deposit obligations' canvass topic for MN. §504B.178 subds. 5 and 6, read in full. MN had no row. The 20-day objection window with the stamped-envelope requirement is a genuine buyer-side protection that a landlord acquiring property would otherwise not know to invoke — over-included deliberately since the project tracks landlord-facing knowledge, not only tenant-facing clause text. Failure under subd. 5 is one of the four triggers for subd. 4's doubling penalty, and also triggers subd. 7's bad-faith presumption.",2026-09-03,2026-09-03
edu-landlord-disclosure-consequences-mn,Disclosures,Skipping the Landlord Disclosure Can Block Your Eviction,MN,TRUE,,"The landlord-disclosure duty in Minn. Stat. § 504B.181 has a consequence most landlords never see coming. Under subd. 4, no action to recover rent or possession may be maintained unless you disclosed the required information the way the statute requires — or unless the tenant already knew it or you disclosed it at least 30 days before starting the action. In other words, a missing disclosure can stop an eviction or a rent claim before it starts, and the 30-day cure means fixing it on the courthouse steps does not help. One narrower point in your favor: failing to post the attorney-general-statement notice specifically does NOT block an action. Two other effects worth knowing. If you have not complied, subd. 3 deems your caretaker, manager, or whoever collects the rent to be your agent for service of process — so you can be served through someone you never authorized, and they must forward it to you personally or by certified mail. And under subd. 5, a tenant who moves out or subleases without giving you at least 30 days written notice voids this section as to that tenant. The duty also binds any successor landlord.",REQUIRED,LANDLORD_EDUCATION,VERIFIED,"MN added (MN re-audit 2026-09-03, canvass pass 2): §504B.181 read in full from revisor.mn.gov, discharging the flag left on landlord-disclosure-mn. SUBD. 4 IS THE SIGNIFICANT FINDING and appeared in no MN row: it is a MAINTENANCE BAR on any action to recover rent or possession — the disclosure failure defeats the eviction itself, with a 30-day-prior-disclosure or actual-knowledge escape. Carve-out: failure to post the subd. 2(b) AG-statement notice, or a §471.9995 notice, does NOT prevent the action. Subd. 3: noncompliance deems the caretaker, manager, or rent recipient an agent for service of process, who must forward personally or by certified mail RRR. Subd. 5: a tenant who moves or subleases without 30 days written notice VOIDS the section as to that tenant — a genuine landlord-side defense. Subd. 6: the section binds successor landlords, which resolves the 'broader landlord-identity-change notice' canvass topic as PRESENT-BUT-DIFFERENT — the duty transfers, but MN imposes no proactive notice-on-sale obligation like the KS/NE architecture. CROSS-STATE FLAG: a disclosure failure that bars an eviction action is a severe, easily-missed consequence. Worth checking whether KS's landlord-disclosure-ks and NE's landlord-disclosure-ne carry an equivalent maintenance bar that those states' rows also failed to capture.",2026-09-03,2026-09-03
fire-casualty-termination-mn,Default & Termination,Destroyed or Uninhabitable Property,MN,TRUE,,"If the property is destroyed, or becomes uninhabitable or unfit for occupancy, through no fault or neglect of Tenant or any occupant, Tenant may vacate and surrender the property. Rent will be prorated to the date Tenant vacates, and Tenant will not be liable for rent accruing after that date. Nothing in this Section limits Landlord's obligations under Minnesota law to keep the property fit for its intended use and in reasonable repair, which cannot be waived.",REQUIRED,LEASE_CLAUSE,VERIFIED,"MN added (MN re-audit 2026-09-03, canvass pass 2) — resolves the 'fire/casualty damage — tenant termination or rent-reduction right' canvass topic for MN. Minn. Stat. §504B.131, read in full (it is a single short paragraph). KS has fire-casualty-termination-ks; MN had no row. IMPORTANT ARCHITECTURAL DIFFERENCE, resolving the uncertainty MN §13 flagged and never closed: Minnesota provides ONLY a vacate-and-surrender right. There is NO proportional rent-reduction / rent-abatement mechanic for PARTIAL damage of the kind KS and NE have. A Minnesota tenant whose unit is partly damaged but still habitable does not get an abatement under this section — their remedy runs through the habitability covenant (§504B.161) and the tenant-remedies actions (§§504B.381-.471) instead. Do not inherit the KS/NE framing. UNUSUAL FEATURE: the section is DEFAULT-BUT-WAIVABLE — 'A tenant or occupant may expressly agree otherwise except as prohibited by section 504B.161.' So unlike most of Chapter 504B, this right CAN be contracted around, but only down to the non-waivable habitability floor. This also answers the checklist's 'environmental-event lease termination as an opt-in landlord right' topic for MN: it is the inverse — a default tenant right that may be expressly waived, not an opt-in landlord right. FLAGGED FOR TAYLOR: because the right is waivable, Steinoak could offer a variant clause that contracts around it; not drafted, since doing so trades a tenant protection for landlord benefit and is a product-policy call, not a legal one.",2026-09-03,2026-09-03
edu-tenancy-at-will-notice-mn,Default & Termination,Ending a Tenancy at Will in Minnesota,MN,TRUE,,"A tenancy at will in Minnesota is ended by either party giving written notice, and the notice period must be at least as long as the interval between rent due dates, or three months, whichever is SHORTER. For a typical month-to-month tenancy that means one month's written notice, not three. Note that Minnesota no longer provides a separate short notice-to-quit for nonpayment on a tenancy at will — nonpayment now runs through the general 14-day pre-eviction notice, which has its own mandatory contents and whose omission gets your case dismissed and expunged. Remember also that the notice period you give a tenant cannot be shorter than the notice your lease requires the tenant to give you, and the tenant may elect to use whichever period is longer.",REQUIRED,LANDLORD_EDUCATION,VERIFIED,"MN added (MN re-audit 2026-09-03, canvass pass 2) — resolves the 'distinct week-to-week termination notice period' canvass topic for MN: there is no separate week-to-week rule; §504B.135's single formula (interval between rent due dates, or three months, whichever is LESS) scales automatically, so a week-to-week tenancy takes one week's notice. VERSION CORRECTION — a stale citation in MN's earlier log is now caught. MN log §20 stated '§504B.135(b) gives 14 days notice to quit for nonpayment on a tenancy at will specifically.' That paragraph (b) EXISTED in the 2019 statute but was REMOVED by 2023 c 52 art 19 s 97. Current §504B.135 is a single undesignated paragraph with no nonpayment provision at all. The earlier finding was drawn from an archived version of the revisor page — the same trap as the §504B.206 'fax' error I made at RA-22, and the second confirmed instance this session of an archived-version citation being read as current law. Nonpayment on a tenancy at will now runs through §504B.321 subd. 1a. Cross-referenced to §504B.147's tenant-election rule (notice to landlord may not exceed notice from landlord; tenant may use either period).",2026-09-03,2026-09-03
edu-eviction-expungement-mn,Default & Termination,Most Minnesota Eviction Records Get Expunged Automatically,MN,TRUE,,"Filing an eviction in Minnesota does not reliably leave a lasting public record, and the rules changed substantially in 2024. Under Minn. Stat. § 484.014 subd. 3, the court must order expungement — WITHOUT any motion from the tenant — in most of the situations where you do not win outright, including where the tenant prevailed on the merits, where the complaint is dismissed for ANY reason, and where the parties agreed to expungement. Two further categories require the tenant to move: where the case was filed in violation of the statute barring eviction of a tenant who terminated for domestic violence, and where the case settled and the tenant met the settlement terms. So dismissing your own case, or settling it successfully, generally ends with the record removed. The discretionary standard also loosened: a court may now expunge simply where that is clearly in the interests of justice and not outweighed by the public's interest in knowing — you no longer get to defeat expungement merely by having had a colorable claim. Practically, you have very little ability to object, and you should not assume an eviction filing will show up in a future landlord's screening.",RECOMMENDED,LANDLORD_EDUCATION,VERIFIED,"MN added (MN re-audit 2026-09-03, canvass pass 2) — resolves the 'eviction record sealing / expungement, and the landlord's right to OBJECT' canvass topic for MN. Minn. Stat. §484.014 (current). MN had no row; the topic was referenced only in passing inside edu-screening-fee-rules-mn. ANSWER ON THE LANDLORD-OBJECTION HALF OF THE TOPIC: essentially none. Subd. 3(a) mandates expungement 'without motion by any party' except for clauses (6) and (7), so for the common categories there is no adversarial step at which a landlord objects. The only weighing happens in the discretionary track (subd. 2), against 'the public's interest in knowing about the record.' ARCHIVED-VERSION TRAP, LIVE: this search returned the 2010 and 2019 revisor pages carrying the OLD discretionary standard — expungement 'only upon motion of a defendant' and only if 'the plaintiff's case is sufficiently without basis in fact or law.' That test was STRUCK by Laws 2023 c 52 art 19 s 117 effective 2024-01-01. An attorney source notes the repealed test is still widely repeated by housing organizations and law firms. This is the THIRD archived-version instance this session (after my §504B.206 'fax' error and the §504B.135(b) error in MN's earlier log) and the first where the stale text was landlord-favorable — precisely the direction in which it would not get questioned. Subd. 3(b) additionally requires expungement of cases commenced on §504B.171 grounds or any other breach claim, regardless of when ordered, where the tenant could receive automatic expungement under §609A.055 or the breach was based solely on possession of marijuana or tetrahydrocannabinols — which ties back to the cannabis-possession protection at §504B.171(c) logged in edu-cannabis-possession-mn. NOT FULLY READ, FLAGGED: subd. 3(a) clause (5) was truncated in the sources reached and is not characterized here.",2026-09-03,2026-09-03
edu-no-payment-method-fee-ban-mn,Rent & Fees,Minnesota Does Not Ban Payment-Method Fees — But You Must Disclose Them,MN,TRUE,,"Minnesota has no statute prohibiting a fee for paying rent by a particular method, such as a surcharge for paying by card or a convenience fee for an online portal. What Minnesota does require is disclosure. Minn. Stat. § 504B.120 — despite being titled 'Prohibited Fees' — prohibits nothing. It requires you to disclose all nonoptional fees in the lease, to state the sum of rent plus nonoptional fees as the 'Total Monthly Payment' on the FIRST PAGE of the lease, to disclose nonoptional fees in any advertisement or posting, and to say whether utilities are included. Violation carries TREBLE damages plus possible attorney fees. The practical line: if a payment-method fee is unavoidable for the tenant, it is nonoptional and belongs in the Total Monthly Payment. If a genuinely free payment method is available, the fee is optional and does not. Separately, if a tenant pays rent in cash you must give a written receipt.",CONSTRAINED,LANDLORD_EDUCATION,VERIFIED,"MN added (MN re-audit 2026-09-03, canvass pass 2) — resolves the 'payment-method fee ban (fee just for paying by cash/check/money order)' canvass topic for MN: CONFIRMED ABSENT. §504B.120 read in full from revisor.mn.gov — it is only two subdivisions and, notwithstanding its title 'PROHIBITED FEES,' contains NO prohibition of any fee. It is purely a disclosure statute. FLAGGING THE TITLE TRAP explicitly: a canvass that resolved this topic from the section title alone would record MN as HAVING a prohibited-fees regime, which is the opposite of the truth. History: 2023 c 52 art 19 s 84. The optional/nonoptional line drawn in the body text is an inference from the statute's own terms, not an express statutory test — flagged as reasoning, not black letter.",2026-09-03,2026-09-03
cash-rent-receipt-mn,Rent & Fees,Receipt for Rent Paid in Cash,MN,TRUE,,"If Tenant pays rent or any other payment under this Lease in cash, Landlord will provide Tenant a written receipt for the payment immediately upon receipt if the payment is made in person, or within three business days if the cash payment is not made in person.",REQUIRED,LEASE_CLAUSE,VERIFIED,"MN added (MN re-audit 2026-09-03, canvass pass 2) — GENUINELY NEW TOPIC, not on the named-topic checklist for ANY state. Minn. Stat. §504B.118, read in full (single paragraph): 'A landlord receiving rent or other payments from a tenant in cash must provide a written receipt for payment immediately upon receipt if the payment is made in person, or within three business days if payment in cash is not made in person.' History: 2010 c 315 s 2. NO STATE in the library has a cash-receipt row — checked across all seven. RECOMMEND ADDING 'cash rent payment receipt duty' as a new named-topic checklist row for future states; it is the kind of small, absolute, easily-violated duty that produces disputes disproportionate to its size, and it applies to 'rent or other payments,' not rent alone. Note the interaction with edu-no-payment-method-fee-ban-mn: Minnesota does not ban cash payment or fee it, but does impose this receipting duty on it.",2026-09-03,2026-09-03
lease-copy-receipt-mn,Disclosures,Receipt of Copy of Lease,MN,TRUE,,Tenant acknowledges that Landlord has given Tenant a copy of this Lease. Tenant's signature and the date below constitute Tenant's acknowledgment of receipt.,REQUIRED,LEASE_CLAUSE,VERIFIED,"MN added (MN re-audit 2026-09-03, canvass pass 2) — GENUINELY NEW TOPIC, no state in the library has a lease-copy row. Minn. Stat. §504B.115 subd. 1: where there is a written lease, the landlord must give a copy to a tenant occupying a dwelling unit whose signature appears on the lease. WHY THIS IS DRAFTED AS CLAUSE TEXT RATHER THAN EDUCATION: the statute expressly blesses this exact device — 'The landlord may obtain a signed and dated receipt, EITHER AS A SEPARATE DOCUMENT OR AN ACKNOWLEDGMENT INCLUDED IN THE LEASE AGREEMENT ITSELF, from the tenant acknowledging that the tenant has received a copy of the lease. This signed receipt or acknowledgment is PRIMA FACIE EVIDENCE that the tenant has received a copy.' Minnesota hands the landlord an in-lease safe-harbor and Steinoak can generate it automatically. See edu-lease-copy-defense-mn for what it protects against. PRODUCT NOTE FOR TAYLOR: to be effective this acknowledgment should sit adjacent to the signature block, not buried mid-document — a placement requirement similar in kind to §504B.120's first-page Total Monthly Payment rule. Flagged for the lease-builder layout work.",2026-09-03,2026-09-03
edu-lease-copy-defense-mn,Disclosures,Not Giving the Tenant a Lease Copy Is a Defense — and a Crime,MN,TRUE,,"Failing to give a tenant a copy of their signed lease carries two consequences in Minnesota that landlords rarely anticipate. First, under Minn. Stat. § 504B.115 subd. 2, in any legal action to enforce a written lease it is a DEFENSE for the tenant to prove you did not give them a copy. The defense does not apply to actions for nonpayment of rent, disturbing the peace, malicious destruction of property, or unlawful-activity violations — but it does apply to enforcement of ordinary lease terms, which is most of what a lease is for. You can overcome the defense by proving the tenant had actual knowledge of the specific term your action is based on, but that is a fact fight you would rather avoid. Second, under § 504B.111 a landlord who fails to provide a lease as required is guilty of a PETTY MISDEMEANOR — an actual criminal penalty, not a civil one. The fix is trivial: include a signed, dated acknowledgment of receipt in the lease itself, which the statute treats as prima facie evidence that you complied.",REQUIRED,LANDLORD_EDUCATION,VERIFIED,"MN added (MN re-audit 2026-09-03, canvass pass 2): companion to lease-copy-receipt-mn. Resolves the item flagged at RA-37 that I declined to draft from a truncated sentence — full text now read. §504B.115 subd. 2 in full: 'In any legal action to enforce a written lease, except for nonpayment of rent, disturbing the peace, malicious destruction of property, or a violation of section 504B.171, it is a defense for the tenant to prove that the landlord failed to comply with subdivision 1. This defense may be overcome if the landlord proves that the tenant had actual knowledge of the term or terms of the lease upon which any legal action is based.' §504B.111: 'A landlord who fails to provide a lease, as required under this section, is guilty of a petty misdemeanor.' History 1999 c 199 art 1 s 3; 1Sp2019 c 1 art 6 s 56. This is a LANDLORD-FACING CRIMINAL PENALTY — relevant to the checklist topic of that shape, which had only been framed around assistance-animal denial. [RESOLVED 2026-09-03 at RA-39 and RA-41 — scope confirmed as 12+ unit buildings, and Taylor supplied full primary text confirming HF 1648 was not enacted. Original flag retained below for traceability.] PRIOR-FLAG TEXT (superseded): §504B.111's operative requirement — which landlords/buildings must provide a written lease at all — was NOT reached; only its penalty sentence was. The scope trigger (believed tied to building size or to a tenant request) is uncharacterized here. Read §504B.111 subd. 1 in full before relying on the written-lease requirement itself. The DEFENSE and PENALTY findings above do not depend on that scope question. | SCOPE FLAG PARTIALLY DISCHARGED 2026-09-03: §504B.111's operative requirement confirmed — 'A landlord of a residential building with 12 OR MORE residential units must have a written lease for each unit rented to a residential tenant.' Below 12 units an oral agreement does not violate this section (AG handbook confirms). Current text also requires that 'The written lease must identify the specific unit the residential tenant will occupy before the residential tenant signs the lease,' and permits the landlord to ask for the tenant's full name and date of birth on the lease and application notwithstanding any contrary state law or city ordinance. NOTE the interaction: the §504B.115 lease-copy duty and its enforcement DEFENSE are NOT limited to 12+ unit buildings — they apply 'where there is a written lease,' so a small landlord who chooses to use a written lease takes on the copy duty and the defense exposure even though §504B.111 never required them to have a lease at all. UNRESOLVED — see decision log RA-39: whether 2025 HF 1648's further amendments to §504B.111 were enacted. | §5a.2 RESOLVED 2026-09-03, Taylor supplied primary text of §504B.111 in full. 2025 HF 1648 WAS NOT ENACTED into this section. The history line runs '1999 c 199 art 1 s 3; 1Sp2019 c 1 art 6 s 56' and stops — no 2025 chapter. There is no paragraph (a) no-unilateral-amendment rule, no paragraph (c) treble-damages remedy, and no estates-at-will renewal provision in current law. MY RA-39 INFERENCE WAS WRONG AND IS RETRACTED: I reasoned that because HF 1648's 'identify the specific unit' sentence appeared in the current text, part of the bill must have been enacted. That sentence actually came from the 2019 amendment (1Sp2019 c 1 art 6 s 56) and predates HF 1648 entirely. Bills reproduce existing statutory language alongside proposed additions; rendered as plain text the existing language is indistinguishable from new language. Escalating rather than guessing was correct — the guess I was tempted toward was wrong in the direction of over-reporting a constraint that does not exist. FULL CURRENT SCOPE, now confirmed: written lease required only for a residential building with 12 OR MORE residential units; the lease must identify the specific unit before signing; and 'Notwithstanding any other state law or city ordinance to the contrary, a landlord may ask for the tenant's full name and date of birth on the lease and application.' Failure to provide a lease is a petty misdemeanor. NOTABLE — EXPRESS MUNICIPAL PREEMPTION: the full-name/date-of-birth sentence expressly overrides contrary CITY ORDINANCES. This is the only express local-preemption language found anywhere in Chapter 504B this session, and it sits directly adjacent to Minneapolis's and St. Paul's inclusive-screening ordinances. It preempts only this narrow point (asking name and DOB), not screening ordinances generally — flagged so the two are not conflated.",2026-09-03,2026-09-03
edu-renters-insurance-limits-mn,Insurance & Liability,You Can Require Renter's Insurance — But Not to Shift Your Own Repairs,MN,TRUE,,"Minnesota has no statute prohibiting you from requiring renter's insurance, and a clearly stated lease requirement is enforceable. What you cannot do is use it to move your own obligations onto the tenant. The habitability covenant in Minn. Stat. § 504B.161 cannot be waived, and the attorney general states the point plainly: even if the lease says the tenant must perform maintenance or repairs, that term is not enforceable. So requiring a tenant to claim a landlord-responsible repair on their own renter's policy, or treating their coverage as a substitute for your duty to repair, does not work — the underlying duty stays with you regardless of what the lease says or what insurance the tenant carries. Requiring coverage for the tenant's own belongings and their personal liability is the legitimate use.",CONSTRAINED,LANDLORD_EDUCATION,VERIFIED,"MN added (MN re-audit 2026-09-03, canvass pass 2) — resolves the 'prohibition on requiring tenants to claim landlord-responsible repairs on their renter's insurance' canvass topic for MN: NO DEDICATED STATUTE, CONFIRMED ABSENT. The protection instead comes indirectly and robustly from §504B.161's non-waivability (subd. 1(b)) — the AG's official handbook states a lease term making the tenant perform maintenance or repairs 'is not enforceable.' Requiring renter's insurance itself is lawful in MN; no statute restricts it. Cross-check: tenants-property-insurance-mn already requires coverage and was revised at RA-5-era work for the exculpatory-clause issue; no conflict with this finding.",2026-09-03,2026-09-03
edu-no-double-letting-statute-mn,Default & Termination,No Minnesota Statute on Double-Letting a Room,MN,TRUE,,"Minnesota has no statute addressing double-letting — renting the same unit or room to two different tenants for overlapping periods. If it happens, the consequences run through ordinary contract law and through the new-construction and delivery-of-possession provisions, not through a dedicated statute. Note that if you are subject to the written-lease requirement, the lease must identify the specific unit the tenant will occupy before they sign, which is the closest Minnesota comes to addressing the problem.",RECOMMENDED,LANDLORD_EDUCATION,VERIFIED,"MN added (MN re-audit 2026-09-03, canvass pass 2) — resolves the 'double-letting of a room' canvass topic for MN: CONFIRMED ABSENT. No provision found across the leasing-and-rent sections (§§504B.101-.154) read in full or in part this session. The §504B.111 'identify the specific unit before signing' requirement is the nearest analog and is noted as such rather than being claimed as a double-letting rule. Logged as an individual row rather than bundled into a combined confirmed-absences row — the library's one such bundle, edu-confirmed-absences-misc-ne, currently sits at NEEDS_REVIEW, which is reason enough not to repeat the pattern.",2026-09-03,2026-09-03
edu-written-notice-required-mn,Compliance & Prohibited Terms,A Lease Cannot Downgrade a Statutory Written Notice to a Verbal One,MN,TRUE,,"Minnesota specifies the form of notice statute by statute, and where a statute says the notice must be written, a lease term purporting to allow verbal notice instead does not override it. Terminating a tenancy at will requires written notice. The victims-of-violence termination requires signed written notice. The pre-eviction notice for nonpayment must be written and delivered personally or by first class mail. The landlord-disclosure duty must be satisfied in the lease or otherwise in writing. Many of these sections also carry their own non-waiver language, and the ones that do not still cannot be satisfied by a form the statute does not authorize. Treat every statutory notice as requiring the exact form the statute names.",PROHIBITED,LANDLORD_EDUCATION,VERIFIED,"MN added (MN re-audit 2026-09-03, canvass pass 2) — resolves the 'lease language designating VERBAL notice waives the landlord's right to written notice' canvass topic for MN: CONFIRMED ABSENT as a permission — Minnesota nowhere authorizes a lease to substitute verbal for statutorily-required written notice, and the per-section writing requirements (§504B.135, §504B.206 subd. 1(b)-(c), §504B.321 subd. 1a(b), §504B.181 subd. 1) are backed in several cases by explicit non-waiver provisions. Companion to edu-notice-delivery-methods-mn, which covers the delivery-METHOD question; this row covers the notice-FORM question, which the checklist treats as a distinct topic.",2026-09-03,2026-09-03
edu-no-criminal-penalty-animal-denial-mn,Pets,No Criminal Penalty for Wrongly Denying an Assistance Animal,MN,TRUE,,"Minnesota does not criminalize a landlord's wrongful denial of a service or support animal. Minn. Stat. § 504B.113 is enforced civilly — a tenant may recover pet fees wrongly charged where you failed to disclose the fee prohibition, and a denial that amounts to disability discrimination is actionable under the Minnesota Human Rights Act. The criminal statute in this area, § 609.833, runs the other direction: it penalizes a person who misrepresents an animal as a service animal, and it applies in places of public accommodation rather than housing. So the exposure for getting an accommodation decision wrong is civil, not criminal — which is not a reason to be casual about it, since Human Rights Act remedies and attorney fees are substantial.",RECOMMENDED,LANDLORD_EDUCATION,VERIFIED,"MN added (MN re-audit 2026-09-03, canvass pass 2) — resolves the 'landlord-facing criminal penalty for DENYING an assistance animal' canvass topic for MN: CONFIRMED ABSENT. §504B.113 was read in full at RA-23 and contains no criminal provision; its remedies are the subd. 3(c) fee-recovery action and the subd. 4-5 landlord-side misrepresentation remedies. §609.833 is the only criminal statute in this area and runs against tenants, in public accommodations, not housing (see edu-service-animal-misrepresentation-scope-mn). NOTE: Minnesota DOES have a landlord-facing criminal penalty elsewhere — §504B.111's petty misdemeanor for failing to provide a required written lease (see edu-lease-copy-defense-mn). So the answer to this checklist topic is 'absent for animals, present elsewhere,' which is worth carrying to future states as a reason to ask the criminal-penalty question topic-by-topic rather than once per state.",2026-09-03,2026-09-03
edu-self-help-eviction-ban-co,Compliance & Prohibited Terms,Colorado's Self-Help Eviction Penalty Is Severe,CO,TRUE,,"Colorado makes it unlawful to remove or exclude a tenant from a dwelling unit without going through court process, and the penalty is one of the harshest in this library. Under C.R.S. § 38-12-510, a landlord who willfully and unlawfully removes a tenant — or willfully and unlawfully cuts off heat, running water, hot water, electricity, gas, or other essential services — owes the tenant statutory damages equal to the tenant's ACTUAL damages PLUS the greater of three times the monthly rent or $5,000, plus attorney fees and costs. The court may also order possession restored to the tenant. That means changing the locks, pulling the meter, or hauling belongings to the curb can cost you five figures on a unit renting for a fraction of that, and can put the tenant back in the property. A writ of restitution executed by an officer is the only lawful route.",PROHIBITED,LANDLORD_EDUCATION,VERIFIED,"CO added (eviction-duty screen, 2026-09-03) — MAJOR GAP. Colorado had ZERO rows touching self-help eviction, ouster, lockout, or utility shutoff before this row. C.R.S. §38-12-510, text confirmed via FindLaw's reproduction and the Justia codification. Damages structure: actual damages PLUS the higher of 3x monthly rent or $5,000, plus fees and costs; court may restore possession. Amended by SB 24-094, applying to violations filed on or after 2024-05-03 — so any pre-2024 secondary summary understates the exposure. WHY THIS WAS MISSED, and it is the point of the whole screen: this sits in the eviction/unlawful-removal area the project deprioritized across all states as 'procedural, not clause-relevant.' Colorado is state #1 AND was re-audited on 2026-08-27, and the re-audit did not catch it — because the re-audit inherited the scope boundary rather than questioning it. A deprioritization decision made once in the first state propagated silently through six subsequent states and one re-audit. NOT SHIPPED, FLAGGED FOR VERIFICATION: C.R.S. §38-12-126 reportedly governs a landlord's handling of tenant personal property AFTER a writ is executed ('reasonable efforts', no statutory lien on tenant property, no mandatory storage period unlike voluntary abandonment). Sourced only to a commercial junk-removal site and a case-annotation PDF; NOT primary-verified and therefore NOT written as a row. Read §38-12-126 in full before adding.",2026-09-03,2026-09-03
edu-self-help-eviction-ban-ks,Compliance & Prohibited Terms,Kansas Penalizes Lockouts and Utility Shutoffs Directly,KS,TRUE,,"Kansas gives a tenant a direct money remedy when a landlord takes matters into their own hands. Under K.S.A. 58-2563, if the landlord unlawfully removes or excludes the tenant from the premises, or willfully diminishes services by interrupting electric, gas, water, or another essential service, the tenant may recover possession OR terminate the rental agreement — and in either case recover the greater of one and one-half months' periodic rent or their actual damages. If the tenant terminates, you must also return the recoverable portion of the security deposit. Kansas courts have allowed punitive damages on top where the landlord's conduct was wanton and malicious. Two things worth knowing: this remedy does not require the tenant to give you the 30-day notice that the habitability statute requires, so a lockout or deliberate shutoff is actionable immediately; and the same remedy is what attaches to a retaliatory rent increase or service cut under the retaliation statute.",PROHIBITED,LANDLORD_EDUCATION,VERIFIED,"KS added (eviction-duty screen, 2026-09-03) — MAJOR GAP. Kansas had ZERO rows touching self-help eviction, ouster, lockout, or utility shutoff before this row, despite KS having been re-audited on 2026-08-29/30. K.S.A. 58-2563, text confirmed from the Kansas Office of Revisor of Statutes (ksrevisor.gov). Remedy: possession OR termination, plus the greater of 1.5 months' periodic rent or actual damages, plus return of the recoverable security deposit portion under K.S.A. 58-2550. Punitive damages available where acts are wanton and malicious (Geiger v. Wallace, 233 Kan.). No 30-day notice precondition, unlike the habitability track under §58-2559. §58-2572(b) routes the retaliation remedy through this same section, so the 1.5-month figure also attaches to retaliatory rent increases and service cuts. CROSS-STATE COMPARISON now possible across four states: CO actual + greater of 3x monthly rent or $5,000 (§38-12-510); KS greater of 1.5 months' rent or actual (§58-2563); MN treble or $500 whichever greater plus fees, and a misdemeanor (§§504B.221/.225/.231); NE and WY already carried rows. Colorado's is by far the most severe.",2026-09-03,2026-09-03
edu-holdover-co,Default & Termination,Colorado Has No Holdover Rent Multiplier,CO,TRUE,,"Colorado does not give landlords a doubled or trebled rent remedy against a holdover tenant. Under C.R.S. § 13-40-123 the prevailing party in a forcible entry and detainer action recovers damages, costs, and — for residential tenancies — attorney fees only if the lease provides for them. Colorado courts have measured those damages as the reasonable rental value of the premises for the period of unlawful detention. So your recovery for a holdover period is ordinary rental value plus costs, not a penalty multiple. If you want attorney fees available in a Colorado holdover case, the lease must contain a fee provision — the statute withholds them from residential parties otherwise.",RECOMMENDED,LANDLORD_EDUCATION,VERIFIED,"CO added (2026-09-03, follow-up to the shared-clause pass). C.R.S. §13-40-123 via the Justia codification: prevailing party recovers damages, reasonable attorney fees, and costs, EXCEPT a residential landlord or tenant who prevails gets no attorney fees unless the rental agreement provides for them. Measure of damages per Behr v. Burge, 940 P.2d 1084 (Colo. App. 1996): 'the reasonable rental value of the premises during the time the other party continued an unlawful detainer.' NO MULTIPLIER FOUND anywhere in C.R.S. Title 13 Article 40. CONFIDENCE: statute text and case annotation both from Justia's codification, not from the Colorado Revisor directly — sound but one source family. The negative (no multiplier) is an absence finding across the article rather than an express statement, so it is the weaker kind of negative. Worth confirming during the next CO pass. NOTE the attorney-fee interaction: §13-40-123's residential carve-out means a fee-shifting clause in the lease is what unlocks fees in a CO holdover action — relevant to edu-fee-shifting-co.",2026-09-03,2026-09-03
edu-holdover-wy,Default & Termination,Wyoming Has No Holdover Rent Multiplier,WY,TRUE,,"Wyoming does not provide a doubled or trebled rent penalty against a holdover tenant. A holdover is grounds for a three-day notice to vacate and a forcible entry and detainer action, and Wyoming's residential rental statutes contain no holdover damages formula at all — so plan on recovering the rental value of the holdover period and your costs through ordinary damages, not a penalty multiple. Do not confuse this with Wyo. Stat. § 1-21-1211(b), which is about PROPERTY DAMAGE: if the renter damages the unit, you may apply the deposit and the renter stays liable for damages beyond it, plus ten percent annual interest on unpaid amounts. That provision says nothing about rent for a holdover period.",RECOMMENDED,LANDLORD_EDUCATION,VERIFIED,"WY added (2026-09-03, follow-up to the shared-clause pass). Holdover is a ground for a 3-day notice under Wyo. Stat. §1-21-1002(a)(i)/§1-21-1003. The actual-damages-plus-10%-interest measure is attributed to Wyo. Stat. §1-21-1211(b). NO MULTIPLIER FOUND. CONFIDENCE: LOWER THAN THE CO ROW AND FLAGGED AS SUCH. The §1-21-1211(b) figure comes from a single secondary source (PayRent, last updated 2022) and was NOT confirmed against the Wyoming statute directly; the surrounding negative (no multiplier) rests on absence across several secondary overviews rather than a primary read of Article 10. This project has already been burned by Wyoming secondary sources specifically (the WY log records Hemlane and LeaseWisely as unreliable). RECOMMEND primary-verifying §1-21-1211 before this row is relied on, and treat the 10% interest figure as provisional. | CORRECTED 2026-09-03, PRIMARY-VERIFIED. §1-21-1211 read in full from wyoleg.gov (Wyoming Legislature's own site) and cross-confirmed against Justia's 2024 codification — identical text, two independent source families. The confidence caveat in the prior note is discharged, but the read found an ERROR IN MY OWN ROW written one turn earlier. THE ERROR: the prior body text presented §1-21-1211(b)'s 'actual damages plus 10% interest' as the measure applying when a holdover tenant's liability exceeds the deposit. That is a MISAPPLICATION. Subsection (b) opens 'If the renter DAMAGES the rental property' — it governs PROPERTY DAMAGE, not holdover rent. It says nothing about liability for a holdover period. I took a figure from a secondary source that had correctly cited the section, and attached it to the wrong subject. THIS IS EXACTLY THE FAILURE MODE WYOMING'S OWN RE-AUDIT ADDED TO THE CHECKLIST — 'a correct citation can still be described wrongly.' A citation-existence screen passes it; only reading the section catches it. Second time this session I have committed a failure mode I had just finished documenting. THE UNDERLYING NEGATIVE STANDS AND IS NOW STRONGER: Wyoming has NO holdover damages formula. That conclusion no longer rests on a misread provision — it rests on §1-21-1211 being the residential rental article's damages section and containing no holdover measure. NEW FINDING from subd. (a), relevant to the eviction-duty screen: 'If the renter does not vacate the premises as required by a court order ... the sheriff may remove the renter's possessions and prevent the renter from reentering the premises WITHOUT FURTHER ACTION BY THE COURT.' Wyoming imposes NO storage, inventory, care, or notice duty on the owner for removed possessions — a stark contrast with Minnesota's §504B.365 (mandatory inventory, dual-channel notice, care standard, two disposal tracks) and with §504B.271. See edu-post-writ-possessions-wy.",2026-09-03,2026-09-03
edu-post-writ-possessions-wy,Default & Termination,Wyoming Imposes No Storage Duty on Removed Possessions,WY,TRUE,,"Wyoming is unusually spare about what happens to a tenant's belongings after an eviction. Under Wyo. Stat. § 1-21-1211(a), if the renter does not vacate as a court order requires, the sheriff may remove the renter's possessions and prevent the renter from reentering, without any further action by the court. Wyoming's residential rental statutes impose no storage period, no inventory requirement, no duty of care over removed property, and no notice-before-disposal obligation on the owner. That is far less prescriptive than neighboring states — Minnesota, for example, requires a signed inventory prepared in the officer's presence, mailed notice, a care standard, and either a 28-day hold or a 60-day lien-and-sale track depending on where the property is stored. Wyoming's silence is not permission to be careless: ordinary conversion and bailment principles still apply, and documenting what was removed and its condition protects you if the tenant later claims property was lost or destroyed.",RECOMMENDED,LANDLORD_EDUCATION,VERIFIED,"WY added (2026-09-03, eviction-duty screen follow-up). Wyo. Stat. §1-21-1211(a), primary-verified from wyoleg.gov and Justia's 2024 codification. Found while primary-verifying §1-21-1211(b) for the holdover row — an incidental read that produced a screen-relevant finding, which is itself an argument for the whole-section rule. THE FINDING IS AN ABSENCE, and it is stated as one: no storage period, inventory, care duty, or pre-disposal notice appears in Article 12. The eviction-duty screen recorded WY as having 0 post-writ property rows; this row fills that with a confirmed-absent answer rather than leaving it invisible, per the proof-of-absence rule. CONTRAST logged deliberately: MN §504B.365 (inventory contents, dual-channel notice, care standard, two tracks keyed to storage location) and §504B.271 (28-day hold, 14-day sale notice, 24h/48h retake duty). CO's §38-12-126 remains unverified (flagged in the eviction-duty screen). The closing caution about conversion and bailment is general common-law reasoning, NOT a Wyoming statutory finding — flagged as such.",2026-09-03,2026-09-03
edu-post-writ-possessions-co,Default & Termination,Colorado Gives You No Storage Duty — and Broad Immunity,CO,TRUE,,"Colorado is unusually protective of landlords once a writ of restitution is executed. Under C.R.S. § 13-40-122(3) you have no duty to store or maintain a tenant's personal property removed from the premises, and even if you choose to store it you have no duty to inventory it, to determine who owns it, or to note its condition. Storing it creates neither an express nor an implied bailment, and the statute makes you immune from liability for loss or damage. A landlord who follows the lawful directions of the officer executing the writ is immune from both civil and criminal liability for acts or omissions involving the removed property. If you do elect to store, § 13-40-122(4) lets you charge the tenant reasonable storage costs, recovered either through your lien rights under title 38 or by requiring payment before the tenant reclaims the property. If you do not store it, the property must remain available for the tenant to reclaim from the public right-of-way. Two timing rules bind the officer, not you, but affect your schedule: a writ may only be executed between sunrise and sunset, no earlier than ten days after judgment — and no earlier than thirty days if the tenant receives SSI or Social Security disability benefits.",RECOMMENDED,LANDLORD_EDUCATION,VERIFIED,"CO added (2026-09-03) — RESOLVES the post-writ property question flagged by the eviction-duty screen, and CORRECTS the citation. THE FLAGGED SECTION §38-12-126 DOES NOT EXIST. Taylor confirmed no active section carries that number. The real provision is C.R.S. §13-40-122, in Title 13 Article 40 (Forcible Entry and Detainer), not Title 38. The junk-removal-site source that produced '§38-12-126' was fabricating — same error class as the WY (Hemlane, LeaseWisely) and NE (misattributed $15 payday-loan fee) incidents. Declining to ship a row on that source was correct. Text confirmed consistent across Justia codifications 2016-2024 and FindLaw, plus a county sheriff's own writ-execution requirements document. COLORADO IS THE POLAR OPPOSITE OF MINNESOTA HERE. MN §504B.365 imposes a mandatory signed inventory prepared in the officer's presence, dual-channel notice, a care standard with liability for loss, and two disposal tracks. CO §13-40-122(3) expressly negates every one of those: no storage duty, no inventory duty, no ownership or condition determination, no bailment, and statutory immunity for loss or damage. WY sits between them with simple silence (§1-21-1211(a), no duties stated). Three screened states, three genuinely different architectures — which is itself the answer to whether this area was worth screening. Timing rules from subd. (1)(b): daylight execution only, 10 days after judgment, extended to 30 days where the tenant receives SSI or SSDI. Recorded because it changes a landlord's turnover schedule even though it binds the officer. NOTE the immunity is conditioned on complying with the officer's lawful directions — it is not unconditional. See edu-writ-pet-animal-duties-co for the one place Colorado does impose affirmative duties.",2026-09-03,2026-09-03
edu-writ-pet-animal-duties-co,Default & Termination,Pets Are the One Post-Eviction Duty Colorado Does Impose,CO,TRUE,,"Colorado relieves you of almost every duty toward a tenant's belongings after a writ is executed — but pet animals are the exception, and the duties are affirmative. Under C.R.S. § 13-40-122 you must give the local animal control authority access to the premises to remove or secure any pet animals in a timely manner, and provide the tenant's name and contact information if you have it. You must post notice at the premises, in a visible place, naming the organization the animals were taken to and how to contact it, and give the tenant that same information on request. No pet animal may be removed from the premises during execution of the writ and left unattended on public or private property. This is a genuine carve-out from the broad immunity elsewhere in the section: the statute treats leaving a pet on the curb the way it does not treat leaving furniture there.",REQUIRED,LANDLORD_EDUCATION,VERIFIED,"CO added (2026-09-03) — found while resolving the post-writ property question. THE ONLY AFFIRMATIVE LANDLORD DUTY located in C.R.S. §13-40-122, and it stands in sharp contrast to subd. (3)'s sweeping negation of duties for inanimate property. Confirmed via FindLaw's current codification. THIS IS WHY THE EVICTION-DUTY SCREEN WAS WORTH RUNNING. Colorado's post-writ regime reads at first glance as pure landlord immunity — no storage, no inventory, no bailment, immunity from loss. A screen that stopped at 'CO imposes no post-writ duties' would have recorded the opposite of the truth for the one category where getting it wrong is most likely to produce a headline and an animal-cruelty referral rather than a damages claim. NOT FULLY CHARACTERIZED, FLAGGED: the precise subsection number for the pet-animal provisions was not isolated in the sources reached (FindLaw renders the paragraphs without the enclosing subsection label), and the definition of 'pet animal' — likely cross-referenced to another title — was not read. Confirm both before this row is relied on operationally.",2026-09-03,2026-09-03
edu-holdover-damages-nd,Default & Termination,Holdover Damages: Two Statutory Double-Damages Measures,ND,TRUE,,"If a tenant gave you notice they intended to leave and then failed to give up the premises, the measure of damages is double the rent they would otherwise owe. Separately, if a tenant willfully holds over after the end of the term, and after you have duly given notice of intention to evict and made demand for possession, the measure is double the yearly value of the property for the time of withholding, plus compensation for the detriment caused. Outside those two specific situations an evicted tenant simply remains liable for rent for the remainder of the term, and your duty to mitigate applies throughout.",CONDITIONAL,LANDLORD_EDUCATION,VERIFIED,"N.D.C.C. §§ 32-03-27, 32-03-28, read from primary text at ND re-audit 2026-09-06 (ndlegis.gov/cencode/t32c03.pdf, whole chapter). CORRECTS A RECORDED ABSENCE. ND's row in the consolidated named-topic checklist read 'Holdover damages formula | New architecture -- § 47-16-13.7 imposes straight rent liability through the lease term (subject to mitigation), no multiplier at all, unlike CO's double-rent, KS's 1.5x, or NE's 3x.' That is wrong. ND has TWO double-damages measures; they sit in Title 32 (Judicial Remedies) rather than Title 47, which is exactly the adjacent-chapter failure the checklist's own instruction warns about, committed by this project in ND's original pass. WORDING DISCIPLINE (per the NE re-audit's 'three months periodic rent' vs '3x periodic rent' finding): 32-03-28 is 'double the YEARLY VALUE of the property for the time of withholding' -- a rate measure annualised then prorated, NOT 'double the rent.' 32-03-27 is 'double the rent which the tenant otherwise ought to pay.' The two are different measures with different triggers and must not be merged. 32-03-27 triggers on the TENANT's own notice of intention to leave; 32-03-28 triggers on willfulness plus LANDLORD's notice of intention to evict plus demand for possession. 32-03-21 supplies the residual measure (value of use, not exceeding six years) for wrongful occupation not covered by 32-03-22, -27, -28 or -29. Interacts with § 47-16-13.7 (evicted lessee liable for rent for remainder of term) and § 47-16-13.5 (mitigation duty). NOT propagated to the generic `holdover` clause: ND is untagged there, and per the holdover provenance finding the removed 'double the Monthly Rent' figure must not be reintroduced -- ND's measures are statutory, differently worded, and trigger-gated, so they belong in this ND-specific row rather than in generic clause text.",2026-09-06,2026-09-06
edu-eviction-hardship-stay-nd,Default & Termination,The Court Can Stay Execution for Hardship,ND,TRUE,,"If the court rules for you it must enter judgment for immediate restitution of the premises. But if the tenant shows that immediate restitution would work a substantial hardship on them or their family, the court may stay the special execution for up to five days. That stay is unavailable if the eviction judgment rests in whole or in part on a disturbance of the peace.",CONSTRAINED,LANDLORD_EDUCATION,VERIFIED,"N.D.C.C. § 47-32-04, primary text confirmed at ND re-audit 2026-09-06. Found by the eviction-duty screen, which had never run against ND. Landlord-facing timing expectation: the five-day cap is a ceiling, and the peace-disturbance carve-out ties back to 47-32-01(7), which is itself a no-notice ground. Same section also bars joining an eviction with other actions except for accrued rents and profits or damages arising from the defendant's possession, and bars counterclaims except as setoff to such a demand.",2026-09-06,2026-09-06
edu-no-utility-shutoff-statute-nd,Default & Termination,No Separate Utility-Shutoff Penalty (But Shutoff Is Still Exposure),ND,TRUE,,"North Dakota has no statute making a landlord's utility shutoff its own offence with its own penalty. That does not make it safe: cutting utilities to force a tenant out is exposure under the general forcible-exclusion measure, which is treble damages. You also have an affirmative duty to supply running water, reasonable hot water, and reasonable heat.",PROHIBITED,LANDLORD_EDUCATION,VERIFIED,"CONFIRMED ABSENCE recorded as a row per the standing rule that log-only absences are invisible to future canvasses. Eviction-duty screen, ND re-audit 2026-09-06. Whole of ch. 47-32 read from primary text: contains no landlord-conduct prohibition of any kind. No distinct utility-interruption tort or offence located in ND law. Exposure routes through § 32-03-29 (treble damages, forcible ejection or exclusion) -- see edu-self-help-eviction-ban-nd. Affirmative supply duty is § 47-16-13.1(1)(f), subject to its stated exceptions (building not required by law to be so equipped; heat or hot water within tenant's exclusive control via direct utility connection; utility supply failure).",2026-09-06,2026-09-06
edu-post-writ-property-duties-nd,Default & Termination,After the Writ: What You May Do With Belongings Left Behind,ND,TRUE,,"North Dakota imposes no post-writ inventory, storage, notice, or care-standard duty on you or the sheriff for a tenant's remaining belongings. The abandoned-property rules govern instead. One provision applies specifically after eviction: if you remove abandoned property from the unit after obtaining a judgment of eviction and after the special execution has been served, you have a lien on that property for the reasonable amount of storage and moving expenses, and may keep possession until those charges are paid. That lien does not have priority over a prior perfected security interest in the property.",CONDITIONAL,LANDLORD_EDUCATION,VERIFIED,"N.D.C.C. § 47-16-30.1, final two sentences. Eviction-duty screen, ND re-audit 2026-09-06. PROMOTED FROM NOTES TO A ROW: this post-writ lien was already recorded, but only inside abandoned-property-nd's notes field, where no canvass could see it -- the self-sealing shape the MN session found three times. The screen's baseline count for ND on post-writ duties was 0 rows precisely because of this. CONFIRMED ABSENCE of everything else: ch. 47-32 read in full from primary text and imposes no post-writ property duty; no separate storage/inventory/notice statute located. § 11-15-11 covers a sheriff's expense of preserving property taken under attachment or execution generally, not an eviction-specific tenant-property duty. Note the interaction the original row missed: 47-16-30.1's self-help disposal route (value not more than $2,500, 28-day wait) is the general path, while this lien route is specifically post-judgment-and-post-special-execution. They are different procedures keyed to different triggers, and the lien route carries no stated value ceiling.",2026-09-06,2026-09-06
edu-no-post-writ-animal-duty-nd,Default & Termination,No Statutory Procedure for Animals Left After an Eviction,ND,TRUE,,"North Dakota law says nothing about what happens to a tenant's animals after an eviction -- no animal-control notification route, no notice-posting requirement, no unattended-animal rule, and no duty assigned to you or the sheriff.",RECOMMENDED,LANDLORD_EDUCATION,VERIFIED,"CONFIRMED ABSENCE recorded as a row. Eviction-duty screen, ND re-audit 2026-09-06. Ch. 47-32 read in full from primary text; no animal provision. Ch. 47-16 likewise. ND's animal-cruelty provisions (ch. 36-21.2) are of general applicability and are not triggered by, or tailored to, eviction. SCOPE DECISION 2026-09-06: an earlier draft of this row closed with the sentence 'General animal-cruelty law still applies to you as it does to anyone, and an animal is not property you can simply leave in a locked unit.' That was Claude's legal INFERENCE, not a located rule -- no ND statute says cruelty law survives an eviction judgment, because no ND statute addresses the intersection at all. Removed on Taylor's review so the row states only the verified absence. The underlying practical exposure is real but unsourced and therefore not recorded as verified content.",2026-09-06,2026-09-06
dv-lease-release-nd,Default & Termination,Domestic Violence Early Termination (North Dakota),ND,TRUE,,"If Tenant is a victim of domestic violence by a family or household member, or fears imminent domestic violence against Tenant or Tenant's minor children by such a person should they remain on the premises, Tenant may terminate this Lease without penalty or liability by giving Landlord advance written notice stating that Tenant fears imminent domestic violence from a person named in a court order, an order prohibiting contact, a civil protection order, or other record filed with a court; that Tenant needs to terminate the tenancy; and the specific date the tenancy will terminate. Notice must be delivered by mail, facsimile, or in person before the tenancy terminates. Tenant remains responsible for rent for the full month in which the tenancy terminates plus an additional amount equal to one month's rent, subject to Landlord's duty to mitigate, and that additional amount must be paid on or before termination for Tenant to be relieved of the remaining term. Tenant remains liable for rent and other amounts already owed before termination. The tenancy, including the right of possession, ends on the date stated in Tenant's notice. If other tenants are bound by this Lease, the tenancy continues for them.",REQUIRED,LEASE_CLAUSE,VERIFIED,"N.D.C.C. § 47-16-17.1(1)-(3),(5)-(7),(9). Full primary text supplied directly by Taylor 2026-09-06 during the ND re-audit. FILLS AN ASSERTED-BUT-NONEXISTENT COVERAGE GAP. The consolidated named-topic checklist recorded ND as 'Present -- §47-16-17.1, full mechanics confirmed (advance notice, non-disclosure, 1-month-rent liability cap, $1,000 statutory damages remedy)', but NO CSV ROW WAS EVER WRITTEN. ND was the only state carrying a DV-termination statute with no clause: CO (dv-stalking-termination-co), WY (dv-safe-homes-wy), KS (dv-housing-protections-ks), NE (dv-lease-release-ne), and SD (dv-lease-release-sd) all have one. This is the MN-session shape -- a log/checklist asserting coverage that does not exist -- and it hid a REQUIRED lease clause for the entire life of the state's entry. ND ARCHITECTURE NOTES, distinct from every other state so far: (a) the trigger includes prospective FEAR of imminent domestic violence, not only past victimisation; (b) documentation is a statement referencing a court order or 'other record filed with a court' -- ND does NOT accept the police-report or health-care-provider affidavit routes SD and others allow, and does not impose SD's 30-day recency window; (c) the tenant's exit cost is the termination month's rent PLUS one additional month's rent, expressly subject to the landlord's mitigation duty -- a liability cap, not a penalty, and materially different from SD's 'no rent for the month following'; (d) § 47-16-17.1(7) makes payment of that additional month a CONDITION PRECEDENT to release from the remaining term; (e) § 47-16-17.1(9) keeps the tenancy alive for co-tenants. 'Domestic violence' takes its § 14-07.1-01 definition. Deposit-return timing under § 47-16-07.1 is separately triggered per § 47-16-17.1(8) -- see edu-dv-deposit-timing-nd. Non-disclosure duty and remedies are at edu-dv-confidentiality-nd. CURRENCY: this text cites 'chapter 14-07.7' for civil protection orders, matching the text read in ND's original pass, which RESOLVES the outstanding question of whether a 2025 protection-order bill had updated the cross-reference. It had not, on the text supplied. Currency rests on Taylor's source being the current-cite chapter PDF; the vLex 'Effective 1/1/2026' index entry remains unexplained and is recorded rather than reconciled. | SCOPE CORRECTED 2026-09-06 after reading § 14-07.1-01 from primary text (ndlegis.gov/cencode/t14c07-1.pdf), previously cited but never read. The definition is materially NARROWER than the row conveyed. § 14-07.1-01(2): ""'Domestic violence' INCLUDES physical harm, bodily injury, sexual activity compelled by physical force, assault, or the infliction of fear of imminent physical harm, bodily injury, sexual activity compelled by physical force, or assault, not committed in self-defense, ON THE COMPLAINING FAMILY OR HOUSEHOLD MEMBERS."" The perpetrator must be a FAMILY OR HOUSEHOLD MEMBER. § 14-07.1-01(4) defines that term as a spouse, family member, former spouse, parent, child, individuals related by blood or marriage, individuals who are or were in a DATING RELATIONSHIP, individuals presently residing together or who have resided together in the past, and individuals who have a child in common regardless of marriage or cohabitation. CONSEQUENCE: a tenant threatened by a stranger, a neighbour, a landlord, a co-worker, or any non-cohabiting non-dating acquaintance has NO right to terminate under § 47-16-17.1. The original row said only 'a victim of domestic violence' and would have led such a tenant, and the landlord assessing their notice, to the wrong answer. Two further precision points: the definition is non-exhaustive ('includes'), and it expressly excludes conduct committed IN SELF-DEFENSE. SHARPENS THE CONTRAST WITH dv-state-housing-program-protection-nd: § 14-02.5-02(3) reaches domestic violence, DATING VIOLENCE, SEXUAL ASSAULT and STALKING with no family-or-household-member limitation, so a stalking victim in state-programme housing is protected against eviction while having no § 47-16-17.1 termination right. Genuinely different scopes, not redundant rows.",2026-09-06,2026-09-06
edu-dv-confidentiality-nd,Notices & General,Domestic Violence Information: Non-Disclosure Duty and Damages,ND,TRUE,,"If a tenant gives you information documenting domestic violence in support of a lease termination, you may not disclose it. It may not be entered into any shared database or given to any person. You may use it as evidence in an eviction proceeding, in a claim for unpaid rent or damages arising out of the tenancy, or where the law otherwise requires. You also may not refuse to rent to someone, refuse to negotiate for a rental with them, otherwise make a dwelling unavailable to them, or retaliate, solely because they or a household member exercised this termination right. That duty reaches applicants, not just current tenants, so it applies at the screening stage as well as during a tenancy. A court may award $1,000 in statutory damages for a violation, plus actual damages, reasonable attorney's fees, costs, and disbursements.",PROHIBITED,LANDLORD_EDUCATION,VERIFIED,"N.D.C.C. § 47-16-17.1(4),(10),(11). Full primary text supplied directly by Taylor 2026-09-06. The $1,000 figure is STATUTORY DAMAGES the court 'may award' -- discretionary, not automatic, and stacked on top of actual damages plus fees and costs rather than in lieu of them. Wording preserved per the NE re-audit's paraphrase finding: 'may award statutory damages of one thousand dollars', not 'a $1,000 penalty'. The (10) anti-retaliation duty reaches APPLICANTS as well as tenants ('refuse to rent, refuse to negotiate for the rental of'), so it is a screening-stage duty, not only a tenancy-stage one. OVERLAP NOTE: edu-limited-retaliation-protection-nd already references § 47-16-17.1(10) as one of ND's two narrow retaliation protections. That row remains correct and is not edited; this row records the operative duty and its remedy, which that row does not. Flagged for Taylor in case a single consolidated retaliation row is preferred. | 2026-09-06, Taylor's direction: THIS ROW IS NOW CANONICAL for N.D.C.C. § 47-16-17.1(10). The duty was previously stated in near-identical words here and in edu-limited-retaliation-protection-nd. No display collision arises (both are education rows on different topics and both render), but duplicated substance drifts -- if (10) is amended, two rows need changing and only one might get it, the same shape as the log-says-one-thing-CSV-says-another failures found elsewhere in this re-audit. This row carries the duty and its remedy; the retaliation row now points here. APPLICANT-STAGE REACH SURFACED INTO THE BODY: (10)'s 'refuse to rent, refuse to negotiate for the rental of' language reaches APPLICANTS. That was previously recorded only in notes on both rows, so a landlord reading either body would reasonably have concluded the duty bit only once someone was a tenant.",2026-09-06,2026-09-06
edu-dv-deposit-timing-nd,Security Deposit,Deposit Return Timing After a Domestic Violence Termination,ND,TRUE,,"When a tenant terminates under North Dakota's domestic violence provision, the clock for returning the security deposit does not start the way it normally would. If the departing victim is the only tenant (counting their minor children), the deposit timing is triggered on the first day of the month following the date they vacate. If other tenants remain bound by the lease, it is triggered on expiration of the lease instead.",REQUIRED,LANDLORD_EDUCATION,VERIFIED,"N.D.C.C. § 47-16-17.1(8), full primary text supplied directly by Taylor 2026-09-06. INTERACTION THE LIBRARY PREVIOUSLY MISSED: security-deposit-return-nd states the ordinary § 47-16-07.1 rule (30 days after termination of the lease and delivery of possession). § 47-16-17.1(8) displaces that trigger in DV terminations, and in the co-tenant case pushes it out to LEASE EXPIRATION -- potentially far later than 30 days after the victim vacates. Recorded as landlord education rather than folded into the clause text, since the clause is tenant-facing and this is a conditional timing rule; flagged for Taylor if a cross-reference in security-deposit-return-nd is preferred.",2026-09-06,2026-09-06
termination-notice-nd,Default & Termination,Notice to Terminate the Tenancy,ND,TRUE,,"For a month-to-month tenancy, either party may terminate at any time by giving at least one calendar month's written notice, unless the parties have agreed in writing to a longer notice period or a different notice time. Rent is due and payable to and including the date of termination. If the term of this Lease is not specified, either party may terminate by giving notice as long before the end of the term as the term of the hiring itself, up to a maximum of one calendar month. If this Lease converts to a month-to-month tenancy, either party may terminate on the last day of a month with at least one calendar month's notice.",REQUIRED,LEASE_CLAUSE,VERIFIED,"N.D.C.C. § 47-16-15(1),(2),(5). Primary text (full ch. 47-16 supplied by Taylor). GAP FILLED: ND had NO termination-notice row of any kind before this session, despite it being basic lease content. Not discovered by the original canvass because the checklist has no generic 'termination notice period' topic row -- the canvass can only find what it lists. CRITICAL DRAFTING POINT (see edu-tenancy-type-notice-nd): the one-calendar-month rule in 47-16-15(2) applies to MONTH-TO-MONTH tenancies specifically, NOT to all periodic tenancies. 47-16-15(1) scales notice to the length of the term for unspecified-term leases, capped at one calendar month. Stating a flat 'one calendar month' for every tenancy would overstate the notice a weekly tenant owes by roughly fourfold. 47-16-15(2)'s 'unless the parties have otherwise agreed in writing to a longer notice period or a different notice time' is what makes a longer contractual notice period enforceable -- but only subject to the 47-16-15(4) initialling requirement, see lease-notice-initial-requirement-nd.",2026-09-06,2026-09-06
lease-notice-initial-requirement-nd,Notices & General,Extended Notice Requirement Must Be Initialled,ND,TRUE,,"Tenant's initials: ______   Tenant acknowledges the notice requirement stated in this Lease for terminating the tenancy, which exceeds one calendar month from the end of a month.",CONDITIONAL,LEASE_CLAUSE,VERIFIED,"N.D.C.C. § 47-16-15(4): 'Any agreement that requires a lessee to give notice that exceeds one month from the end of a month to terminate a lease of real property for residential purposes must state the notice requirement and provide space for the lessee to initial next to the notice requirement. If the notice is not initialed by the lessee at the time of executing the lease, the lessee may terminate the lease on the last day of a month with at least one calendar month's notice.' FIRST LAYOUT/PLACEMENT REQUIREMENT ROWED IN THIS PROJECT. This is not a content rule -- it dictates that a physical initialling space must sit NEXT TO the notice requirement, and the sanction for omission is that the extended notice period is simply unenforceable and reverts to one calendar month. A generated lease that states a 60-day notice requirement without an adjacent initial box silently loses that term. CONDITIONAL: include only when the lease's tenant-side termination notice exceeds one month from the end of a month. PRODUCT FLAG for Taylor: the builder currently has no mechanism for an initialling field, nor for conditioning a clause's inclusion on the value of another clause's field. Recorded as a real product gap, not just a clause.",2026-09-06,2026-09-06
edu-tenancy-type-notice-nd,Default & Termination,Weekly and Room Tenancies Follow Different Rules,ND,TRUE,,"North Dakota does not treat every residential tenancy the same way. If you rent lodgings for an unspecified term, the tenancy is presumed to run for whatever period you use to set the rent -- rent at a weekly rate presumes a one-week tenancy. Termination notice for an unspecified-term lease is measured by the length of the term itself, capped at one calendar month, so a weekly tenancy takes roughly a week's notice, not a month's. Only where there is no agreement about the rent period does the tenancy default to monthly. The automatic-renewal notice rule applies only to leases with a specified term of two months or more, and the mid-tenancy term-change right applies only to month-to-month tenancies.",CONSTRAINED,LANDLORD_EDUCATION,VERIFIED,"N.D.C.C. §§ 47-16-05, 47-16-15(1)-(2), 47-16-19, 47-16-20, 47-16-06.1, 47-16-07. Primary text. THIS IS THE ADDENDUM K.2 RESULT FOR THE ND RE-AUDIT. Boundary re-examined: tenancy type -- the inherited assumption that ch. 47-16 is one undifferentiated residential regime and that every ND answer could be given as though the tenancy were a whole-dwelling month-to-month or fixed-term lease. VERDICT: BOUNDARY WRONG. ND draws tenancy-type distinctions in at least six places, and the original pass recorded none of them: (1) 47-16-05 presumes a one-year term for leases of real property OTHER THAN LODGINGS; (2) 47-16-19 presumes a lodgings tenancy runs for the rent-estimation period, expressly 'renting at a weekly rate of rent is presumed to be for one week'; (3) 47-16-20 sets three different default rent-payment regimes -- agricultural yearly, lodgings monthly, other rents quarterly; (4) 47-16-15(1) scales termination notice to the term of the hiring, capped at one calendar month, whereas 47-16-15(2)'s flat one-calendar-month rule is expressly limited to month-to-month tenancies; (5) 47-16-06.1's automatic-renewal notice duty applies only to leases 'of a specified term of two months or more'; (6) 47-16-07's term-change right applies only to leases 'from month to month'. MATERIALITY: this is the same error shape as the NE re-audit's 'three months periodic rent' vs '3x periodic rent' finding -- measures that coincide in a monthly tenancy and diverge sharply outside one. Had ND's termination-notice clause been written during the original pass it would almost certainly have stated a flat one calendar month, overstating a weekly tenant's notice obligation roughly fourfold. The clause was never written, so no shipped row carried the error -- the boundary produced an omission rather than a misstatement. CROSS-STATE: no other state has been examined for tenancy-type sensitivity. CO, WY, KS, NE, MN and SD rows all rest on the same untested inherited assumption. Recommended as a candidate screen, not actioned here.",2026-09-06,2026-09-06
edu-automatic-renewal-notice-nd,Notices & General,Automatic Renewal Clauses Require 30 Days Written Notice,ND,TRUE,,"If your lease has a specified term of two months or more and contains an automatic renewal clause, you cannot enforce that clause unless you notified the tenant in writing of the automatic renewal provision -- personally or by first-class mail -- at least thirty days before the current lease expires. If you don't give that notice, the lease simply expires and the terms convert to a month-to-month tenancy.",REQUIRED,LANDLORD_EDUCATION,VERIFIED,"N.D.C.C. § 47-16-06.1. Primary text. GAP FILLED: this section was READ during ND's original statute walk and explicitly listed in that session's own notes as a section on the map, but was never converted into a row. A second instance of the same failure as the DV clause (R.10) in the same state -- read, summarised, never committed. The sanction is unusual and worth landlord attention: non-compliance does not void the lease, it defeats the renewal and drops the parties into month-to-month on the latest lease's terms. Tenancy-type gated: 'specified term of two months or more' -- see edu-tenancy-type-notice-nd. Interacts with 47-16-06, which separately provides that a residential lessee who holds over and pays accepted rent is presumed to have converted to month-to-month (non-residential: renewed on the same terms, not exceeding one year).",2026-09-06,2026-09-06
edu-term-change-notice-nd,Notices & General,Changing Lease Terms Mid-Tenancy,ND,TRUE,,"In a month-to-month tenancy you may change the terms of the lease -- including rent -- effective at the expiration of the month, by giving written notice at least thirty days before the end of that month. Notice may be served in any reasonable manner that actually informs the tenant of the changes. If the tenant stays past the end of the month, the new terms become part of the lease. A tenant who receives such a notice may instead terminate at the end of the month by giving at least twenty-five days' notice.",CONSTRAINED,LANDLORD_EDUCATION,VERIFIED,"N.D.C.C. §§ 47-16-07 and 47-16-15(3). Primary text. GAP FILLED: no ND row addressed mid-tenancy term changes or rent increases. NOTE THE ASYMMETRY, which is easy to misread: the landlord's change notice is THIRTY DAYS before the end of the month (47-16-07), while the tenant's responsive termination notice is TWENTY-FIVE DAYS (47-16-15(3)). The tenant's shorter window is deliberate -- it lets a tenant who receives a 30-day change notice still exit at the same month-end rather than being locked into the new terms for a further month. Tenancy-type gated: 47-16-07 applies to leases 'from month to month' only. RENT-INCREASE INTERACTION: this is ND's rent-increase notice rule by operation, since rent is a term of the lease. § 47-16-02.1 separately preempts political subdivisions from rent control, so no local rule can shorten or lengthen this. Recorded here because ND has no separate rent-increase statute and a canvass looking for one would find nothing.",2026-09-06,2026-09-06
edu-fair-housing-exemptions-nd,Disclosures,You May Be Exempt From Parts of North Dakota Fair Housing Law,ND,TRUE,,"North Dakota's housing discrimination chapter exempts some small landlords. If you rent rooms or units in a building with no more than four families living independently, and you occupy one of those units as your own residence, the sale-or-rental prohibitions do not apply to you. There is also an owner-occupied single-family exemption: it covers an owner of no more than three single-family houses who does not use a broker or agent, and it is limited to one sale or rental in any twenty-four-month period where you were not the most recent resident. Two warnings. The advertising prohibition is NOT exempted -- you may not publish a notice or advertisement indicating any discriminatory preference, whatever your exemption. And federal fair housing law applies separately and does not necessarily exempt you on the same terms.",CONDITIONAL,LANDLORD_EDUCATION,VERIFIED,"N.D.C.C. § 14-02.5-09(1)-(2), full chapter primary text read 2026-09-06 (ndlegis.gov/cencode/t14c02-5.pdf). MATERIAL OMISSION IN SHIPPED WORK. edu-fair-housing-additions-nd and edu-housing-voucher-protection-nd both stated flat, unqualified prohibitions. Neither mentioned that ch. 14-02.5 carries exemptions, and the exemptions land precisely on Steinoak's core customer: an owner-occupant of a small multi-unit, or an owner of three or fewer single-family houses. Telling that landlord they are unconditionally bound is a substantive error in a landlord-facing library, not a nuance. EXEMPTION SCOPE IS ASYMMETRIC AND EASY TO MISREAD, which is why it is spelled out in the body: 14-02.5-09(2) exempts § 14-02.5-02 and §§ 14-02.5-04 through -08, but conspicuously NOT § 14-02.5-03 (Publication). An exempt landlord who advertises 'no children' or 'Christian tenants preferred' still violates the chapter. 14-02.5-09(1) has four cumulative conditions (ownership cap of three single-family houses; no broker/agent/dealer involvement; no prohibited advertising; one sale-or-rental per 24 months where the owner was not the most recent resident) plus a definitional trap: a person is 'in the business' -- and so outside the exemption -- if they own any dwelling designed for or occupied by FIVE OR MORE families, or hit the 3-transaction/2-agency thresholds in 12 months. FEDERAL OVERLAY NOT ANALYSED. The federal FHA has its own, differently-drawn exemptions. This row deliberately warns of the overlay without characterising it; a federal analysis has never been in this project's scope.",2026-09-06,2026-09-06
dv-state-housing-program-protection-nd,Default & Termination,Victims in State Housing Programs Cannot Be Denied or Evicted On That Basis,ND,TRUE,,"If your rental is part of a state housing program, you may not deny admission to, deny assistance under, terminate participation of, or evict an applicant or tenant on the basis that they are or have been a victim of domestic violence, dating violence, sexual assault, or stalking, provided they otherwise qualify.",PROHIBITED,LANDLORD_EDUCATION,VERIFIED,"N.D.C.C. § 14-02.5-02(3), primary text read 2026-09-06. NEVER PREVIOUSLY ROWED, and not discoverable from ch. 47-16: it sits in the housing discrimination chapter. DISTINCT FROM § 47-16-17.1 (dv-lease-release-nd), which is a TENANT'S termination right of general application. This is a LANDLORD PROHIBITION limited to housing that is part of a state housing program -- different trigger, different duty-holder, different scope. Both apply where the property is in such a program. The four enumerated categories (domestic violence, dating violence, sexual assault, stalking) are broader than § 47-16-17.1's 'domestic violence' alone -- notably 'dating violence' and 'stalking' appear here and not there. 'State housing program' is not defined in the chapter; scope of that term is UNRESOLVED and flagged rather than assumed. Enforcement runs through the ch. 14-02.5 machinery, so the penalties in edu-fair-housing-enforcement-nd attach. Whether the § 14-02.5-09 exemptions can reach a state-programme property is not addressed by the text.",2026-09-06,2026-09-06
edu-disability-modification-nd,Landlord Responsibilities,Reasonable Modifications and Accommodations for Disability,ND,TRUE,,"You may not refuse to permit a reasonable modification of the premises made at the tenant's own expense where it may be necessary for them to fully enjoy the property -- though in a rental you may, where reasonable, condition permission on the tenant restoring the interior to its prior condition afterwards, ordinary wear and tear excepted. Separately, you may not refuse a reasonable accommodation in your rules, policies, practices, or services where the accommodation may be necessary to give the tenant equal opportunity to use and enjoy the dwelling. Neither duty requires you to house someone whose tenancy would be a direct threat to others' health or safety.",REQUIRED,LANDLORD_EDUCATION,VERIFIED,"N.D.C.C. § 14-02.5-06(3)(a)-(b), (6), primary text read 2026-09-06. NEVER PREVIOUSLY ROWED FOR ND. The modification/accommodation split matters and is the same distinction the NE library already draws (edu-no-modification-duty-ne): MODIFICATION is physical and at the TENANT's expense -- you must permit, not fund; ACCOMMODATION is a change to rules or policies and carries no expense carve-out in the text. Supports assistance-animal-accommodation-nd, which relies on the accommodation duty but cited only § 47-16-07.5/07.6 (the documentation-limits sections) and never the underlying state accommodation obligation. 14-02.5-06(3)(c) adds adaptive-design construction requirements for covered multifamily dwellings (4+ units with an elevator, or ground-floor units in other 4+ unit buildings), inapplicable to buildings first occupied on or before 1991-03-13, with ANSI A117.1 (1986) compliance deemed sufficient. Construction-stage duty, out of lease scope, recorded here rather than rowed separately.",2026-09-06,2026-09-06
edu-fair-housing-enforcement-nd,Disclosures,What a Fair Housing Violation Actually Costs,ND,TRUE,,"A tenant or applicant can complain to the Department of Labor and Human Rights within one year of the discriminatory practice, or file a civil action in district court within two years. In court, a judge may award actual and punitive damages, reasonable attorney's fees, and court costs. Through the administrative route the Department may order actual damages, fees and costs, and on top of that assess civil penalties rising with your history of prior findings. Using force or threat of force to intimidate or interfere with someone exercising these housing rights is a class A misdemeanour, and coercing, intimidating, threatening or interfering with anyone exercising rights under the chapter is itself a discriminatory practice.",PROHIBITED,LANDLORD_EDUCATION,VERIFIED,"N.D.C.C. §§ 14-02.5-18(1), 14-02.5-32, 14-02.5-37, 14-02.5-39(1), 14-02.5-41, 14-02.5-44, 14-02.5-45. Primary text 2026-09-06. NEVER PREVIOUSLY ROWED: ND's fair housing rows stated duties with no consequence attached. FIGURES DELIBERATELY KEPT OUT OF bodyText and recorded here instead, because the tiering is intricate enough that a paraphrase would misstate it -- the exact NE-re-audit failure mode. § 14-02.5-32(2): up to $11,000 where the respondent has a prior finding; up to $27,000 for one other discriminatory housing practice in the five-year period ending on the filing of charges; up to $55,000 for two or more in the seven-year period ending on filing. § 14-02.5-32(3) removes the lookback windows entirely where the same INDIVIDUAL committed the earlier acts. § 14-02.5-37(2) pattern-or-practice penalties are separate: up to $50,000 first violation, $100,000 second or subsequent. § 14-02.5-44 fee-shifting is MUTUAL ('prevailing party'), consistent with ND's § 47-16-13.6 posture -- a second data point for the standing cross-state fee-shifting-mutuality question. § 14-02.5-41 allows PUNITIVE damages in the civil route; the administrative route (14-02.5-32(1)) does not mention them. Materially different exposure depending on the forum the complainant elects under § 14-02.5-30.",2026-09-06,2026-09-06
edu-smoke-alarm-portfolio-exemption-nd,Landlord Responsibilities,When You Are Exempt From the Visual Alarm Requirement,ND,TRUE,,"You must provide an approved visual smoke detection system or other visual fire alarm if a deaf tenant requests one in writing. You are exempt from that requirement only if your rental property does not exceed one building and that building does not exceed four residential dwelling units. Both conditions must be met -- owning a single six-unit building does not exempt you, and neither does owning two four-unit buildings. Separately, lodging establishments and assisted living facilities are outside this statute altogether and follow the Department of Health's rules instead.",CONDITIONAL,LANDLORD_EDUCATION,VERIFIED,"N.D.C.C. §§ 23-13-15(1)-(2), 23-09-02.1. Primary text 2026-09-06. Split out of smoke-detector-duty-nd, where the exemption had been recited in TENANT-FACING clause text. It is a fact about the landlord's portfolio, not a term of the tenancy, and belongs in landlord education. The conjunctive reading ('does not exceed one building AND that building does not exceed four residential dwelling units') is stated explicitly in the body because the two-limb structure is the kind of thing a landlord reads as either/or. No ND case law located construing it; the conjunctive reading is the plain text.",2026-09-06,2026-09-06
edu-postdated-check-forfeits-remedies-nd,Rent & Payment,Accepting a Postdated Check Forfeits Your Bad-Check Remedies,ND,TRUE,,"If you knowingly accept a postdated rent check, or agree with the tenant that a check will not be presented until a specified time, North Dakota's bad-check statute does not apply to that check at all. You lose the $40 collection fee, the civil penalty, and the ability to refer the matter for criminal prosecution. If you want those remedies available, do not agree to hold a check.",CONSTRAINED,LANDLORD_EDUCATION,VERIFIED,"N.D.C.C. § 6-08-16(3), primary text 2026-09-06. Split into its own row because it is a behaviour rule the landlord acts on BEFORE a breach occurs, not a remedy they look up afterwards -- the same reasoning behind the reservation-of-rights item on the Steinoak feature backlog. Buried in a definitional subsection ('The word credit as used in this section means...'), which is why a subsection-targeted read misses it. Applies to the § 6-08-16 insufficient-funds offence. Whether the same carve-out reaches § 6-08-16.2 (no-account instruments) is NOT stated in that section and has not been resolved -- flagged, not assumed.",2026-09-06,2026-09-06
edu-alarm-requirements-by-building-type-nd,Landlord Responsibilities,Alarm Requirements Differ by Building Type,ND,TRUE,,"North Dakota's electrical code sets alarm requirements that vary with the kind of building you own. Smoke alarms are required in each sleeping room, outside each separate sleeping area near the bedrooms, and on each additional story including basements and habitable attics; where more than one is required in a unit they must be interconnected. If you own a two-family dwelling -- a duplex -- each unit must additionally have a notification device connected to the smoke alarm system in the other unit. Apartment houses, hotels, and congregate residences must have a manual and automatic fire alarm system. In new construction, an approved heat alarm must be installed in an attached single-tenant garage and interconnected with the residence's smoke alarms.",REQUIRED,LANDLORD_EDUCATION,VERIFIED,"N.D. Admin. Code § 24.1-06-01-40, chapeau and subsections (1), (1)(b), (2). Official ndlegis.gov PDF, 2026-09-06. NEVER PREVIOUSLY ROWED, and a genuine gap: smoke-detector-duty-nd rests on N.D.C.C. § 23-13-15, which says only that systems must comply with 'applicable national fire protection standards as defined by rules adopted by the state fire marshal' and specifies NO PLACEMENT AT ALL. The electrical code supplies the actual placement rules. A landlord reading only the statute learns that alarms are required but not where to put them. THE DUPLEX RULE IS THE STANDOUT for Steinoak's customer base: § 24.1-06-01-40(2)'s second sentence -- 'For two-family dwellings, a notification device connected to a smoke alarm system in the other dwelling unit must be provided in each dwelling unit' -- means a duplex owner must cross-connect notification between units. Easy to miss and squarely aimed at the small-multi-unit owner. SOURCE-OF-LAW CAUTION: this is a State Electrical Board rule (General Authority NDCC 43-09-05; Law Implemented NDCC 43-09-21, 43-09-22), enforced through electrical licensing and inspection, not through landlord-tenant law. It creates no tenant remedy under ch. 47-16 and is landlord education only -- deliberately NOT drafted as lease clause text. Whether local codes impose more (the rule repeatedly defers to 'locally adopted codes or the State Building Code and state fire code') is the municipal-ordinance layer, which remains out of scope by standing product decision.",2026-09-06,2026-09-06
edu-unclaimed-deposit-holder-duties-nd,Security Deposit,What You Must Do With an Unclaimed Security Deposit,ND,TRUE,,"A security deposit, including its interest, that stays unclaimed for more than one year after the lease ends is presumed abandoned and you become a holder under North Dakota's unclaimed property act. That carries real duties. If you have a usable address for the tenant and the deposit is worth $25 or more, you must mail them notice by first-class mail no more than 120 days before you file your report, using the wording the statute prescribes. You must file the report electronically before November 1 each year, covering the twelve months ending the previous July 1, and pay the money over when you file. You must keep the records for ten years. If you miss the deadlines the state can charge interest and a civil penalty for each day you are late, and deliberately evading the duty carries far steeper penalties. Paying over in good faith after giving proper notice releases you from further liability to the tenant.",REQUIRED,LANDLORD_EDUCATION,VERIFIED,"N.D.C.C. §§ 47-30.2-04(15), 47-30.2-21, 47-30.2-22, 47-30.2-23, 47-30.2-24, 47-30.2-26, 47-30.2-27, 47-30.2-32, 47-30.2-33, 47-30.2-65, 47-30.2-66. Primary text 2026-09-06. NEVER PREVIOUSLY ROWED. The entire escheat obligation existed in this library as a single trailing sentence inside security-deposit-return-nd's tenant-facing clause text ('Landlord will report and remit it as required by North Dakota's unclaimed property law'). That sentence is accurate and useless -- it tells the landlord a duty exists and nothing about what it is. A landlord holding an unclaimed deposit is a statutory HOLDER with reporting, notice, record-retention and remittance duties and day-rate penalties. FIGURES KEPT IN NOTES, not body, per the NE paraphrase discipline: § 47-30.2-65 interest accrues at an annual rate of one percent of the sum for each thirty-day period of delinquency or fraction thereof; civil penalty $200 per day to a cumulative maximum of $5,000. § 47-30.2-66: willful evasion or failure to perform, $1,000 per day to a cumulative maximum of $25,000 PLUS twenty-five percent of the amount that should have been reported; fraudulent report, same day-rate and cap plus twenty-five percent. § 47-30.2-67 allows a waiver request within thirty days of the assessment notice; the commissioner may waive up to $25,000, above which the board decides. DRAFTING OPPORTUNITY FLAGGED FOR TAYLOR: § 47-30.2-31 permits a holder to deduct a DORMANCY CHARGE from property before remitting, but ONLY if an enforceable WRITTEN CONTRACT between holder and apparent owner authorises the charge for failure to claim within a specified time, AND the holder regularly imposes it and regularly does not reverse or cancel it. That is a lease-drafting hook -- a clause could create the authorisation -- but it also imposes a consistency-of-practice condition a landlord can fail by being lenient. Not drafted as a clause; surfaced for decision. § 47-30.2-33 good-faith safe harbour: paying or delivering in full in good faith with substantial compliance with the notice sections relieves the holder of liability to the extent of the value delivered, and the state indemnifies.",2026-09-06,2026-09-06
edu-dv-protection-order-chapter-moved-nd,Notices & General,North Dakota Moved Its Protection Order Law in 2025,ND,TRUE,,"North Dakota's domestic violence protection order provisions were repealed from the domestic violence chapter in 2025 and now live in the civil protection orders chapter. The definition of domestic violence itself did not move and still sits in the domestic violence chapter, so a lease that cites it remains correct. If you rely on any guidance written before 2025 that cites the old protection order sections, those citations are dead.",RECOMMENDED,LANDLORD_EDUCATION,VERIFIED,"N.D.C.C. ch. 14-07.1 read from primary text 2026-09-06. §§ 14-07.1-02 (Domestic violence protection order), 14-07.1-03, 14-07.1-03.1, 14-07.1-04, 14-07.1-05, 14-07.1-05.1, 14-07.1-06, 14-07.1-07 and 14-07.1-08 were all REPEALED by S.L. 2025, ch. 145, § 17. The protection-order machinery now sits in ch. 14-07.7 (Civil Protection Orders). § 14-07.1-01 (Definitions) SURVIVES. THIS DEFINITIVELY CLOSES the § 47-16-17.1 currency question that was open from ND's original session through most of this re-audit. The vLex 'Effective 1/1/2026' index entry is now explained: S.L. 2025 ch. 145 is the 2025 protection-order act. § 47-16-17.1's own cross-references are CORRECT and CURRENT as written -- it cites ch. 14-07.7 for civil protection orders (the new home) and § 14-07.1-01 for the definition (which did not move). No amendment to § 47-16-17.1 was needed and none is outstanding. Recorded as a row rather than log-only because a landlord or advisor working from pre-2025 material will hit dead citations, and because this library's own ND rows cite § 14-07.1-01 in three places.",2026-09-06,2026-09-06
edu-no-cash-receipt-duty-nd,Rent & Payment,No Duty to Give a Receipt for Cash Rent,ND,TRUE,,"North Dakota does not require you to give a tenant a written receipt for rent paid in cash. Giving one anyway is worth doing: without a receipt a cash payment leaves no record either party can produce, and in a nonpayment dispute the absence cuts against whoever carries the burden on that point.",RECOMMENDED,LANDLORD_EDUCATION,VERIFIED,"CONFIRMED ABSENCE recorded as a row per the standing rule that log-only absences are invisible to future canvasses. Whole of ch. 47-16 read from primary text this session; no receipt provision anywhere. § 47-16-20.1 bans charging a FEE to accept cash, a check or a money order, but imposes no receipt duty -- adjacent subject, different rule, and the pair is easy to conflate. Canvass topic inherited from the MN session; ND had never been checked against it. One secondary source (real-estate.laws.com) asserts a ND cash-receipt requirement. Unsupported by any primary text and expressly rejected here. The closing sentence of the body is practical advice, not a legal duty, and is phrased so it cannot be read as one.",2026-09-06,2026-09-06
edu-no-lease-copy-duty-nd,Notices & General,No Statutory Duty to Give the Tenant a Copy of the Lease,ND,TRUE,,"North Dakota does not require you to deliver a copy of the signed lease to the tenant, and failing to do so is not a defence the tenant can raise against enforcement. You are separately required to provide a signed statement describing the condition of the premises at the time the rental agreement is entered into.",RECOMMENDED,LANDLORD_EDUCATION,VERIFIED,"CONFIRMED ABSENCE recorded as a row. Whole of ch. 47-16 read from primary text; no lease-copy delivery duty and no consequence attached to its absence. Canvass topic inherited from the MN session (which asks both whether the duty exists and whether failure is a defence to enforcement) -- ND had never been checked against either limb. The one adjacent affirmative duty is § 47-16-07.2's move-in condition statement, which must be agreed and signed by both parties at the time of entering the rental agreement and is prima facie proof of condition. That is a document the tenant participates in signing, not a copy of the lease, and its sanction is evidentiary (loss of the prima-facie benefit) rather than a bar to enforcement -- see security-deposit-return-nd and the move-in inventory row. | CROSS-REFERENCE 2026-09-07: this row's closing sentence carried N.D.C.C. 47-16-07.2's signed-condition-statement duty. That duty now has its own row, `edu-condition-statement-nd`, because a REQUIRED affirmative duty producing prima facie proof should not be discoverable only under a heading about the absence of a lease-copy duty. **This row's text is unchanged and remains accurate** - the sentence is retained deliberately, since the two duties genuinely sit side by side in the statute and a reader arriving here should still learn of the other.",2026-09-06,2026-09-07
edu-no-disclosure-bar-to-eviction-nd,Default & Termination,A Disclosure Failure Does Not Block Your Eviction,ND,TRUE,,North Dakota has no general rule that failing to make a required disclosure bars you from bringing an eviction. There is also no repair-and-deduct defence to a nonpayment eviction: a tenant cannot resist eviction for unpaid rent on the ground that you failed to make repairs. The one statutory exception is narrow and concerns mobile home parks.,CONDITIONAL,LANDLORD_EDUCATION,VERIFIED,"CONFIRMED ABSENCE (general) recorded as a row. Ch. 47-32 read in full from primary text: the only defence the chapter creates is § 47-32-01.1 (mobile home park). No disclosure-failure bar exists. Canvass topic from the MN session -- 'whether a landlord disclosure failure bars the eviction action itself' -- ND never checked. The no-repair-defence point is supported by the ND Courts' own eviction self-help guide rather than by an express statutory negative; recorded at that confidence level and NOT as primary-verified. It is consistent with the structure of ch. 47-32, which enumerates grounds and creates only the one defence, and with § 47-16-13's repair-and-deduct remedy being framed as an affirmative tenant remedy rather than a defence to possession. Flagged as the weakest-sourced claim in ND's current row set.",2026-09-06,2026-09-06
edu-mobile-home-park-eviction-defence-nd,Default & Termination,Mobile Home Park Evictions Carry a Statutory Tenant Defence,ND,TRUE,,"If you evict from a mobile home park, the tenant may raise as a defence that you violated the mobile home park requirements in the mobile home chapter. If the court finds you did, it may not order the eviction. In a second or later eviction proceeding the tenant may only raise violations arising after a prior order between you was entered, or violations the court did not know about when it made that order.",CONDITIONAL,LANDLORD_EDUCATION,VERIFIED,"N.D.C.C. § 47-32-01.1, primary text read this session, cross-referencing § 47-10-28. NEVER PREVIOUSLY ROWED. SCOPE: mobile home parks are a deprioritized product layer by standing decision, not a gap. Rowed anyway under the over-include-with-reasoning rule because (a) it lives in ch. 47-32, the general eviction chapter every ND landlord is subject to, not in the mobile home chapter, so a landlord reading the eviction law encounters it; and (b) it is the ONLY statutory defence to eviction anywhere in ND law, which makes it load-bearing for edu-no-disclosure-bar-to-eviction-nd's claim that no general bar exists. § 47-10-28 itself NOT READ -- the substance of the mobile-home-park requirements is out of scope. This row records the existence and structure of the defence, not its content. The second-proceeding limitation is an issue-preclusion rule and is stated in the body because a landlord facing a repeat filing needs to know the tenant cannot re-litigate old violations.",2026-09-06,2026-09-06
edu-fire-code-standard-nd,Landlord Responsibilities,"What ""Fire Marshal Standards"" Actually Means",ND,TRUE,,"When North Dakota law says your smoke detection system must comply with fire marshal standards, that resolves to the State Fire Code: the fire-safe construction and operation provisions of the State Building Code, plus the International Fire Code, 2021 edition, as modified by the state. Those are privately published model codes -- you obtain them from the International Code Council or the National Fire Protection Association, not from a free state webpage. The fire code supplements the statutes rather than replacing them, and where the two conflict the Century Code wins. Two points worth knowing: sprinklers are not required in single-family dwellings or residential buildings of no more than two dwelling units with no higher-risk occupancy in the same building; and a condition that was lawful when the code was adopted may continue even if it no longer strictly complies, but only so long as the state fire marshal does not consider it a distinct hazard to life or property.",REQUIRED,LANDLORD_EDUCATION,VERIFIED,"N.D. Admin. Code §§ 45-18-01-01 through 45-18-01-05, primary text 2026-09-06, effective 2024-01-01. CLOSES the incorporation-by-reference gap in smoke-detector-duty-nd, whose compliance standard (N.D.C.C. § 23-13-15's 'applicable national fire protection standards as defined by rules adopted by the state fire marshal') had never been traced to an actual document in this project. MATERIAL POINT FOR A LANDLORD-FACING LIBRARY: the operative standard is NOT publicly readable. § 45-18-01-05 lists the ICC and NFPA as the sources. A landlord told to 'comply with fire marshal standards' cannot look them up for free. Steinoak can state the duty and its source but cannot reproduce the standard; flagged so no future session mistakes the absence of quotable text for absence of a rule. § 45-18-01-02(3): where the chapter conflicts with the Century Code, the CENTURY CODE PREVAILS -- so § 23-13-15's single-family tenant-maintenance split is not displaced by anything in the fire code. § 45-18-01-02(1): supplements all NDCC fire-safety law and applies to all persons unless specifically exempted. GRANDFATHERING, § 45-18-01-02(2): conditions legally in existence at adoption and not in strict compliance may continue ONLY IF, in the state fire marshal's opinion, they do not constitute a distinct hazard to life or property. That is a discretionary, revocable safe harbour, not a vested right -- stated in the body because a landlord will otherwise read 'grandfathered' as permanent. SPRINKLER EXEMPTION, IFC 903.2.8 as modified: 'Sprinklers are not required in single family dwellings or residential buildings that contain no more than two dwelling units and no higher risk occupancy within the same building.' Directly relevant to Steinoak's small-landlord customer; note the third condition (no higher-risk occupancy in the same building) which a landlord with a ground-floor commercial unit could fail. ALSO MODIFIED, not rowed: IFC 112.4 (Violation penalties) 'Does not apply' -- the model code's own penalty provision is struck, so enforcement runs through NDCC, not the IFC. IFC 907.8.3 (fire alarm system interface) deleted entirely. NOT A SMOKE-ALARM PLACEMENT SOURCE: ch. 45-18-01's enumerated ND modifications contain no dwelling smoke-alarm placement rule. Placement comes from N.D. Admin. Code § 24.1-06-01-40 (State Electrical Board) -- see edu-alarm-requirements-by-building-type-nd -- and from the unmodified IFC/IBC text itself.",2026-09-06,2026-09-06
edu-no-state-military-termination-nd,Default & Termination,Military Lease Termination Runs on Federal Law Only,ND,TRUE,,"North Dakota has no state military lease-termination statute and no state analogue to the federal Servicemembers Civil Relief Act. A servicemember tenant's rights come entirely from the federal Act: written notice with a copy of the orders, and termination effective thirty days after the next rent due date. North Dakota adds nothing on top -- no shortened notice period for periodic tenancies, no state-law supplement of the kind some other states provide.",CONDITIONAL,LANDLORD_EDUCATION,VERIFIED,"CONFIRMED ABSENCE recorded as a row. Two canvass topics resolved together -- KS's 'military-shortened termination notice for periodic tenancies' (K.S.A. 58-2570(b), 15 days, tenant-only) and NE's 'state SCRA analog' (Neb. Rev. Stat. § 55-702). ND has neither. EVIDENCE: ch. 47-16 read in full from primary text this session -- no military provision anywhere. Corroborated by two independent 2026 secondary sources making AFFIRMATIVE negative statements rather than merely omitting the topic: tenantrightsinfo.com ('North Dakota does not have a separate state-level military lease termination statute beyond the federal SCRA protections') and docdraft.ai ('North Dakota servicemembers do not get the supplemental state protections available in Washington (RCW 38.42.160)'). An affirmative negative from an independent source is a stronger evidentiary posture than absence-of-mention, per the WY-session standard. Federal SCRA (50 U.S.C. §§ 3901-4043, termination at § 3955) applies of its own force and is not restated as ND law. MISCITATION LOGGED: payrent.com attributes ND's domestic-violence termination right to '§ 47-16-07.1'. That is the SECURITY DEPOSIT section; the DV right is § 47-16-17.1. Same shape as the § 14-02.5-07 and § 47-32-06 miscitations already logged for ND -- three distinct fabricated or misplaced cites from ND secondary sources this session.",2026-09-06,2026-09-06
edu-no-electronic-notice-regime-nd,Notices & General,No Statutory Framework for Electronic Notice,ND,TRUE,,"North Dakota has no statutory regime governing electronic notice or delivery between landlord and tenant -- nothing requiring affirmative consent, pre-consent disclosures, a hardware and software statement, or re-consent when your systems change. Where the statutes do address delivery they are permissive: a landlord's change-of-terms notice may be served in any reasonable manner that actually informs the tenant, and a domestic violence termination notice may be delivered by mail, facsimile, or in person.",CONDITIONAL,LANDLORD_EDUCATION,VERIFIED,"CONFIRMED ABSENCE recorded as a row. Canvass topic from the NE re-audit (Neb. Rev. Stat. § 76-1413, Laws 2025 -- affirmative consent, pre-consent disclosures, hardware/software statement, re-consent on material change). ND has no equivalent. Ch. 47-16 read in full from primary text; no electronic-notice provision. The two delivery provisions that do exist point the opposite way: § 47-16-07 ('notice may be served in any reasonable manner which actually informs the tenant of the changes') is a functional standard, not a formal one; § 47-16-17.1(3) enumerates mail, facsimile communication, or in person for a DV termination notice -- and notably does NOT list email, so a DV notice by email alone may not satisfy the statute even though the general standard is permissive. That asymmetry is the practically important point and is why this is a row rather than a log line. § 47-16-07's permissive standard has NOT been tested against email in any ND case located; recorded as untested.",2026-09-06,2026-09-06
edu-frozen-standard-incorporation-nd,Landlord Responsibilities,Some Duties Are Frozen to a Specific Edition of an Outside Standard,ND,TRUE,,"Several North Dakota requirements are defined by reference to an outside technical standard fixed at a particular edition rather than to whatever the current version happens to be. Accessible-design requirements for covered multifamily dwellings are measured against the 1986 ANSI standard, and the state fire code adopts the 2021 edition of the International Fire Code. Reading the current edition of one of those standards can give you the wrong answer about what North Dakota actually requires.",CONSTRAINED,LANDLORD_EDUCATION,VERIFIED,"Canvass topic from the NE re-audit ('statutory freeze-date incorporation by reference'), where NE freezes 'service animal' to the 2008 C.F.R. ND's answer is PRESENT BUT IN DIFFERENT PLACES -- not in its animal provisions. § 14-02.5-06(3)(c): compliance with 'ANSI A117.1 (1986)' is deemed to satisfy the adaptive-design requirements for covered multifamily dwellings; the same subsection excludes buildings first occupied on or before 1991-03-13. N.D. Admin. Code § 45-18-01-04: the State Fire Code adopts the International Fire Code, 2021 edition, and the State Building Code effective 2023-01-01 -- fixed editions, advanced only by rulemaking. ND's service/assistance animal provisions (§§ 47-16-07.5, -07.6) contain NO frozen federal definition, so the specific NE trap does not exist here. Recorded because the GENERAL trap does: a landlord or a future session reading a current edition of ANSI A117.1 or the IFC will not be reading the standard ND enforces. NOT EXHAUSTIVE: only chapters read from primary this session were screened for frozen incorporations (47-16, 47-32, 32-03, 14-02.4, 14-02.5, 23-13, 6-08, 47-30.2, 14-07.1, 24.1-06-01, 45-18-01). Other titles unscreened.",2026-09-06,2026-09-06
edu-no-protected-class-inquiry-ban-nd,Disclosures,No Separate Ban on Asking About Protected Characteristics,ND,TRUE,,"North Dakota has no statute separately prohibiting you from asking an applicant about a protected characteristic, or from recording one. What is prohibited is discriminating on the basis of one, and publishing any notice, statement, or advertisement indicating a preference or limitation. The practical effect is much the same: an inquiry that has no lawful purpose is evidence of the discrimination itself, and a written record of the answer is evidence a complainant can use. The absence of a separate inquiry ban is not permission to ask.",PROHIBITED,LANDLORD_EDUCATION,VERIFIED,"CONFIRMED ABSENCE recorded as a row. Canvass topic from the NE re-audit, where Neb. Rev. Stat. § 20-318(5) makes it unlawful to 'cause to be made any written or oral inquiry' concerning a protected class -- a duty distinct from, and additional to, the discrimination ban itself. ND has no analogue. Verified two ways: ch. 14-02.5 read in full from primary text this session, and the chapter's section list confirmed structurally (14-02.5-01 Definitions, -02 Sale or rental, -03 Publication, -04 Inspection, -05 Entry into neighborhood, -06 Disability, -07 Residential real estate-related transaction, -08 Brokerage services, -09/-10/-11 exemptions, -12 Effect on other law, -13 onward administrative). No inquiry or record-keeping section exists anywhere in the chapter. The nearest provision is § 14-02.5-03 (Publication), which reaches notices, statements and advertisements rather than inquiries. The closing sentence of the body is a deliberate guard: recording a bare absence here without it would invite a landlord to read 'no inquiry ban' as 'inquiries are safe', when an unexplained inquiry into a protected characteristic is ordinary evidence of discriminatory intent under § 14-02.5-02. Framing chosen because this row's content_type is LANDLORD_EDUCATION and its rule_type PROHIBITED -- the absence is real but the practical advice is not permissive.",2026-09-06,2026-09-06
edu-exemption-does-not-reach-animal-rules-nd,Pets,The Small-Landlord Exemption and the Assistance Animal Rules,ND,TRUE,,"The small-landlord exemption in North Dakota's housing discrimination chapter does not switch off the state's assistance animal documentation rules, because those rules sit in a different title and the exemption only lists sections of its own chapter. But the two do not actually collide. The documentation rules govern how you may verify a request for an assistance animal that some other law requires you to consider -- they apply where a tenant asserts an accommodation is required under any provision of law. If you are genuinely exempt from both the state and federal accommodation duties, there is no request you are obliged to grant, and the documentation limits have nothing to operate on. If you are not exempt, they apply in full. Do not treat the exemption as a general licence around assistance animals: the federal exemption is drawn differently from the state one, and this has not been analysed.",CONDITIONAL,LANDLORD_EDUCATION,VERIFIED,"RESOLVES the carve-out misalignment flagged earlier in this re-audit (§ 14-02.5-09(2) exempts owner-occupied <=4-family landlords, while §§ 47-16-07.5/-07.6 carry no carve-out). Resolved STRUCTURALLY from primary text rather than by further searching; one search was run and returned only sources conflating the FEDERAL Mrs. Murphy exemption with the state one, none addressing the interaction. ANSWER: not a conflict, a level distinction. (1) § 14-02.5-09(2) exempts '§ 14-02.5-02 and §§ 14-02.5-04 through -08' -- an enumeration of sections WITHIN ITS OWN CHAPTER. On its face it cannot reach Title 47. (2) §§ 47-16-07.5/-07.6 do not CREATE an accommodation duty. § 47-16-07.5 is a LIMIT on landlord verification, and is expressly conditional: it operates 'if the tenant asserts a disability requiring a service animal or assistance animal be allowed as an accommodation on the rented premises UNDER ANY PROVISION OF LAW.' § 47-16-07.6 penalises the tenant's fraud. So the documentation rules presuppose an accommodation obligation arising elsewhere; where none exists they have no work to do, and where one exists they apply regardless of the ch. 14-02.5 exemption. FEDERAL LIMB EXPRESSLY NOT ANALYSED. Whether an owner-occupant ends up with NO accommodation duty at all turns on the federal FHA exemption (42 U.S.C. § 3603(b)), which is drawn differently from § 14-02.5-09 and has never been in this project's scope. The body therefore warns against reading the state exemption as a general licence rather than asserting an outcome. SECONDARY-SOURCE HAZARD LOGGED: every ESA guide located (fastesaletter, animalofthings, pettable, usaservicedogs, mypetcerts) recites 'owner-occupied buildings with four or fewer units are exempt from FHA requirements' as though the federal and ND exemptions were one rule. They are separate provisions in separate bodies of law that happen to share a unit threshold. Do not let their agreement read as corroboration.",2026-09-06,2026-09-06
edu-fixed-term-nonrenewal-notice-co,Default & Termination,You Can No Longer Skip Notice Just Because the Lease Ends on a Set Date,CO,TRUE,,"Colorado used to excuse both parties from giving notice where the lease term ended at a time certain. Since the 2024 amendments, only the tenant is excused: no written termination notice is necessary from a tenant with a fixed-term tenancy that ends at an agreed time. As a landlord, electing not to renew a fixed-term tenancy is something you must do by written notice that expires at the end of the term, with the notice period scaled to how long the tenancy has run -- which for a tenancy of a year or longer is at least 91 days.",REQUIRED,LANDLORD_EDUCATION,VERIFIED,"C.R.S. § 13-40-107(1) and (4) as amended by HB24-1098, effective 2024-04-19. Primary text 2026-09-06. SURFACED BY THE CROSS-STATE TENANCY-TYPE SCREEN, not previously rowed. The pre-2024 text read 'No notice to quit shall be necessary FROM OR TO a tenant whose term is, by agreement, to end at a time certain.' The current § 13-40-107(4) reads 'No written notice under subsection (1) of this section is necessary FROM A TENANT with a fixed-term tenancy that is, by agreement, to end at a time certain.' The words 'or to' are gone. CONSEQUENCE: the common landlord assumption that a fixed-term lease simply expires with no notice required is no longer correct in Colorado. § 13-40-107(1) expressly covers electing 'to not renew a fixed term tenancy at the end of the fixed term', and subsection (2)'s tiers apply to it. For a tenancy that has run a year or more that is at least 91 days' notice to decline renewal. Edited from the ND re-audit session at Taylor's express direction; Addendum E scoping applies -- notice-period holdings only, not a CO re-audit. § 38-12-1301 et seq. not read, so any interaction with the for-cause regime is unanalysed.",2026-09-06,2026-09-06
edu-no-statutory-termination-notice-wy,Default & Termination,No Statutory Notice Period to End a Periodic Tenancy,WY,TRUE,,"Wyoming sets no statutory notice period for ending a periodic tenancy -- not for month-to-month, not for week-to-week, and not for a periodic tenancy of a year or more. The widely repeated ""30 days"" is common-law practice and the expectation of Wyoming courts, not a statute you can cite. The common-law rule scales with the tenancy: one full rental period's notice, with the termination date falling at the start of a new period. So month-to-month runs about thirty days and week-to-week about seven. Because there is no statute, the lease itself is doing the work -- state the notice period in writing rather than relying on a default that does not exist.",RECOMMENDED,LANDLORD_EDUCATION,VERIFIED,"CONFIRMED ABSENCE recorded as a row. Found by the cross-state tenancy-type screen 2026-09-06: WY had NO termination-notice row of any kind. EVIDENCE, and it is affirmative rather than absence-of-mention: apartments.com's structured WY chart returns 'No statute' for all four categories -- fixed end date, periodic of a year or more, month-to-month, and week-to-week. Nolo states 'Neither the landlord nor the tenant is required by statute to give notice to end a month-to-month tenancy.' Consistent with WY's general statutory thinness already established in this project. THE COMMON-LAW RULE IS TENANCY-TYPE SCALED, which is why this row exists rather than a bare 'no statute' line: one full rental period, terminating at the start of a new period. A landlord told only '30 days' will apply it to a weekly tenancy and be wrong by a factor of four -- the same error shape the ND K.2 finding exposed. The 30-day figure is NOT statutory and the row says so expressly. No WY case fixing the common-law rule was located and none is cited; the rule is stated at practice-level confidence, not primary-source confidence. DISTINGUISH the 3-day notice under Wyo. Stat. § 1-21-1002/1003, which is the pre-suit eviction notice for nonpayment or lease violation, NOT a periodic-tenancy termination period. Added from the ND re-audit session at Taylor's direction following the cross-state tenancy-type screen; per Addendum E this is a targeted addition on the termination-notice topic only. It is NOT a re-audit of this state, no other holding was reviewed, and this state's last_checked should not be read as a full re-verification date.",2026-09-06,2026-09-06
edu-tenancy-at-will-termination-notice-mn,Default & Termination,Notice to End a Tenancy at Will Scales With the Rent Interval,MN,TRUE,,"A tenancy at will -- which includes an ordinary month-to-month tenancy -- may be ended by either you or the tenant with written notice. The notice must be at least as long as the interval between the times rent is due, or three months, whichever is less. So a month-to-month tenancy takes a month's notice and a week-to-week tenancy takes a week's, while the three-month figure operates only as a ceiling for unusually long rent intervals. Length is only half of it: the notice must also run a FULL rental period and take effect at the END of one. Serving a ""30-day notice"" on the tenth of the month does not end the tenancy on the ninth of the next -- it runs through the following full rental period. Note also that the old fourteen-day notice to quit for unpaid rent on a tenancy at will was repealed and no longer exists.",REQUIRED,LANDLORD_EDUCATION,VERIFIED,"Minn. Stat. § 504B.135, read from the Revisor's official publication (revisor.mn.gov/statutes/cite/504B.135/pdf, MINNESOTA STATUTES 2025). Found by the cross-state tenancy-type screen 2026-09-06: MN had NO termination-notice row of any kind. THIS IS THE PUREST EXAMPLE THE SCREEN FOUND of why a flat figure cannot work. The statute states no number at all -- 'at least as long as the interval between the time rent is due or three months, whichever is less' is a FORMULA. Any row stating 'MN requires X days' would be wrong for every tenancy whose rent interval is not X. 'WHICHEVER IS LESS' means three months is a CEILING, not a floor -- a common misreading in the other direction. REPEAL RECORDED: the section formerly carried a second paragraph ('If a tenant neglects or refuses to pay rent due on a tenancy at will, the landlord may terminate the tenancy by giving the tenant 14 days notice to quit in writing'), struck by 2023 Minn. Laws ch. 52, art. 19, § 97, effective 2024-01-01 and applying to leases entered into or renewed on or after that date. The current official text has no subdivision designations at all, confirming the deletion; the history line reads '1999 c 199 art 1 s 8; 2023 c 52 art 19 s 97'. Any secondary source still citing a MN 14-day notice to quit on a tenancy at will is stale. K.4 archived-version trap: Justia's 2013/2016 versions still show the '(a)' designation and would mislead. COUNTING RULE ADDED TO BODY 2026-09-06, at secondary-source confidence, expressly flagged as such. The substance is corroborated by three independent sources including two Minnesota attorney publications: notice must equal a FULL rental period AND expire at the END of a rental period, so service mid-month does not terminate thirty days later but at the close of the following full period. One source states the rule has been settled since 1891 and characterises it as 'the half everyone gets wrong'. THE 1891 AUTHORITY WAS NOT LOCATED. Two searches were run and neither surfaced the case name or its text; per the standing rule this was escalated to Taylor rather than searched a third time. The rule is therefore recorded WITHOUT a citation and must not be represented as primary-verified. It is stated in the body notwithstanding, because the alternative -- a landlord satisfying the length requirement and still serving ineffective notice -- is a worse failure than citing at secondary confidence, and because the practical instruction ('run a full period, end at a period boundary') is safe even if the underlying authority is later found to be narrower than described. OUTSTANDING: Taylor to supply the 1891 case, or a session to locate it, before this row is treated as primary-sourced. Added from the ND re-audit session at Taylor's direction following the cross-state tenancy-type screen; per Addendum E this is a targeted addition on the termination-notice topic only. It is NOT a re-audit of this state, no other holding was reviewed, and this state's last_checked should not be read as a full re-verification date.",2026-09-06,2026-09-06
landlords-access-nd,Access & Entry,Landlord Access to the Property,ND,TRUE,landlords-access,"Landlord may enter the property at any time in an emergency, or if Landlord reasonably believes Tenant has abandoned the premises or is in substantial violation of this Lease. Otherwise Landlord may enter only during reasonable hours and in a reasonable manner, and only to inspect the property, make necessary or agreed repairs, decorations, alterations or improvements, supply necessary or agreed services, or show the property to actual or prospective purchasers, insurers, mortgagees, real estate agents, tenants, workers or contractors. Unless it is impractical to do so, Landlord will first notify Tenant and obtain Tenant's consent, which Tenant will not unreasonably withhold, and the notice will identify a specific time. Consent is presumed if Tenant does not object after receiving notice of a specific entry time. Notice may be given personally, by posting it conspicuously in or about the property for a reasonable period, or by any other method that results in actual notice to Tenant. Landlord will not abuse the right of access or use it to harass or intimidate Tenant.",CONSTRAINED,LEASE_CLAUSE,VERIFIED,"N.D.C.C. § 47-16-07.3, full primary text. ND is deliberately NOT tagged on the generic landlords-access, which states 'at least 24 hours' notice' -- ND HAS NO NOTICE-HOURS REQUIREMENT. Its mechanism is different in kind: actual consent (not unreasonably withheld) tied to a 'time certain', with consent PRESUMED from failure to object. Extending the generic would have told ND landlords to satisfy a 24-hour rule that does not exist while omitting the consent step that does. Found by the exhaustive generic-clause audit 2026-09-06. Emergency, abandonment and substantial-violation entry under § 47-16-07.3(1) is unconditional -- no notice or consent -- and is stated first because it is the landlord's practical question. The enumerated purpose list in (2) is exhaustive on its face and is reproduced rather than summarised. Companion landlord-facing row: edu-entry-notice-content-nd.",2026-09-06,2026-09-06
edu-exculpatory-clause-limit-sd,Compliance & Prohibited Terms,Limits on Exculpatory and Indemnity Clauses (South Dakota),SD,TRUE,,"South Dakota has no enumerated list of prohibited lease provisions, but a general contract statute limits how far an exculpatory, hold-harmless, or indemnification clause can reach. SDCL 53-9-3 provides that all contracts whose object is, directly or indirectly, to exempt anyone from responsibility for their own fraud, willful injury to the person or property of another, or violation of law whether willful or negligent, are against the policy of the law. In practice a clause releasing the landlord for ordinary negligence is generally enforceable if clear and unambiguous, but the same clause is void to the extent it reaches fraud, willful or wanton conduct, or a violation of law. A blanket release for any and all claims risks being read against the landlord. Separately, no exculpatory language can waive the landlord's repair and habitability duty, which SDCL 43-32-8 makes non-waivable.",CONSTRAINED,LANDLORD_EDUCATION,VERIFIED,"SD re-audit 2026-09-07. SDCL 53-9-3 verbatim: 'All contracts which have for their object, directly or indirectly, to exempt anyone from responsibility for his own fraud or willful injury to the person or property of another or from violation of law whether willful or negligent, are against the policy of the law.' Source: CivC 1877 S954 ... SDC 1939 S10.0702 - unamended since 1939, no currency risk. SD's counterpart to Cal. Civ. Code S1668 and, critically for this project, to N.D.C.C. 9-08-02 - so the ND ground for extending the exculpatory clause family TRANSFERS to SD rather than being defeated. Enforceable-for-ordinary-negligence / void-for-willful from Holzer v. Dakota Speedway, 2000 S.D. 65, 610 N.W.2d 787, 793 para 16, applied in Domson v. Kadrmas Lee & Jackson, 2018 S.D. 67, 918 N.W.2d 396 para 16. OPEN QUESTION recorded: no SD appellate decision applies 53-9-3 to a LANDLORD'S exculpatory clause in a RESIDENTIAL LEASE - Holzer is a motorsport spectator release, Domson an engineering contract, and Davies v. GPHC, 2022 S.D. 55 is landlord premises-liability with no exculpatory clause. The ordinary-negligence half is an extrapolation, not a holding. Cases carried at secondary confidence. CHECKED AND EXCLUDED: SDCL 56-3-18 voids certain sole-negligence indemnity provisions but is construction-contract specific.",2026-09-07,2026-09-07
edu-attorney-fee-clause-limit-sd,Compliance & Prohibited Terms,Attorney Fee Clauses Are Restricted (South Dakota),SD,TRUE,,"South Dakota follows a strict American Rule, and it places the limit on attorney fee clauses in the costs chapter rather than the landlord-tenant chapter. SDCL 15-17-38 leaves attorney compensation to the agreement of the parties, but allows fees to be taxed as disbursements only where a specific statute permits it - and the statutory list of recoverable disbursements in SDCL 15-17-37 does not include attorney fees. The specific authorizations SDCL 15-17-38 does give are for family law matters, trusts, probate and guardianship, and mortgage foreclosures; none covers a residential lease. SDCL 15-17-39 then makes any provision in a note, bond, mortgage, or other evidence of debt providing for attorney fees on default or foreclosure against public policy and void, except as authorized by specific statute. Whether a residential lease is an evidence of debt for this purpose has not been squarely decided, so a fee-on-default clause in a lease carries real risk of being unenforceable. Note where fees ARE available: SDCL 21-16-11 lets a court tax reasonable attorney fees to the prevailing party in an eviction, either party, if represented by a licensed attorney; and SDCL 43-32-28 lets a court award a prevailing tenant reasonable fees in a retaliatory-conduct action. Both are the kind of specific statute SDCL 15-17-38 contemplates. A landlord gains little from a lease fee clause that may be void, when the eviction statute already supplies a mutual fee remedy.",CONSTRAINED,LANDLORD_EDUCATION,VERIFIED,"SD re-audit 2026-09-07. SDCL 15-17-38 and 15-17-39, found via gap-discovery source 4 during the prohibited-provisions ground check; neither had any SD row before this write. The evidence-of-debt question is genuinely open: Credit Collection Services v. Pesicka, 2006 S.D. 81, 721 N.W.2d 474, 476 restates that fees are recoverable when stipulated by contract OR statutorily authorized, and reversed a denial of contractually-stipulated fees on a contract that was not an evidence of debt - implying leases may fall outside 15-17-39, but not holding it. Recorded as risk, not prohibition. Pesicka at secondary confidence. CROSS-STATE: KS and NE ban lease attorney-fee clauses outright and the CSV carries a standing assertion that zero LEASE_CLAUSE rows tagged KS or NE contain fee language. SD is a THIRD posture - not a flat ban but a void-if-evidence-of-debt risk. If a fee clause is ever added to the generic library, SD needs its own treatment rather than inheriting either the KS/NE ban or an unrestricted default. | L.12 ADJACENT-PROVISION SWEEP 2026-09-07, run before escalating: the SDCL ch. 15-17 section index was retrieved from sdlegislature.gov's own chapter endpoint. Section TEXT for 15-17-38 and 15-17-39 remains unretrieved after two attempts (the chapter endpoint returns titles only for this chapter, unlike ch. 20-13 which returned full text) - escalated to Taylor under S5a.2 rather than attempted a third time. THE SWEEP ITSELF PRODUCED FINDINGS: three adjacent sections bear on this row and none has been read. **15-17-42 'Application of chapter'** is the most important - it may scope whether ch. 15-17 reaches a residential lease fee clause at all, which is the precise open question this row records as undecided. If 15-17-42 limits the chapter to taxation of disbursements in litigation, the evidence-of-debt analysis in this row may be misdirected. **15-17-37 'Prevailing party recovery--Taxation'** and **15-17-40 'Recovery limited'** also bear directly on what a prevailing landlord can actually recover and were never considered. Also unread and potentially relevant: 15-17-36 (costs not an indemnity) and 15-17-44 (taxation discretionary). This row's substantive claims are unchanged and remain accurate as far as they go - 15-17-38 and 15-17-39 were quoted from a reliable reproduction - but the row should be treated as INCOMPLETE rather than merely unverified: it states a rule without having established the rule's scope. Recorded as an open dependency rather than silently carried. NOTE the sweep is doing what L.12 predicts: run on a chapter reached for one reason, it surfaced a scope question nobody had asked. | COMPLETED 2026-09-07 with full ch. 15-17 primary text supplied by Taylor. The row moves from INCOMPLETE to complete; the earlier scope worry is resolved, and three refinements are added. (1) 15-17-37's enumerated disbursements list - telephonic hearings, fax, witness fees, interpreter, officers, printers, service of process, filing, telephone, copying, transcripts and reporter's attendance, court-appointed experts - CONTAINS NO ATTORNEY FEES. Combined with 15-17-36 abolishing costs-as-indemnity, this makes SD's American Rule stricter than the row previously conveyed: fees are not a default recoverable cost at all, only a statutory exception. (2) 15-17-38's specific authorizations are enumerated - divorce, annulment, paternity, custody, visitation, separate maintenance, support, alimony; trusts administered through the court; probate and guardianship; and mortgage foreclosures by action or advertisement. NONE reaches a residential lease. That absence is now recorded affirmatively rather than left implicit. (3) 15-17-42 'Application of chapter' - THE SCOPE QUESTION, RESOLVED BUT WORTH RECORDING. Its literal text reads: 'This chapter applies to any civil action or special proceeding in which the State of South Dakota or any of its divisions, departments or political subdivisions is a party including counties, municipalities, school districts, townships, and other governmental entities.' Read as a LIMIT, the chapter would not reach a private landlord-tenant dispute at all and this row would be misdirected. Read as an EXTENSION - confirming governmental parties are not exempt from disbursement taxation - the chapter applies generally. The extension reading is correct, on two grounds: every other operative section (15-17-36, -37, -38, -39, -40) is drafted generally, speaking of 'a civil action or special proceeding' with no governmental qualifier, which would be incoherent drafting if -42 confined the chapter; and the South Dakota Supreme Court applied 15-17-38 in Credit Collection Services v. Pesicka, 2006 S.D. 81, a purely private dispute with no governmental party. Recorded rather than silently resolved because the literal text is genuinely odd and a future reader encountering -42 alone could reasonably reach the opposite conclusion. The evidence-of-debt question for leases REMAINS open - Pesicka reversed a denial of contractually-stipulated fees on a contract that was not an evidence of debt, implying leases may fall outside 15-17-39, but does not hold it. Unchanged from the prior version of this row. L.12 NOTE: sections -36, -37, -40 and -42 were all reached only by sweeping the chapter index rather than by retrieving the two sections originally sought. The sweep changed the row's substance in three places.",2026-09-07,2026-09-07
edu-termination-notice-scaling-sd,Default & Termination,Termination Notice Scales to the Length of the Term (South Dakota),SD,TRUE,,"Where a South Dakota tenancy runs for a term the parties never specified, the notice required to end it scales to the length of the term rather than being a fixed number of days. SDCL 43-32-15 provides that such a hiring is deemed renewed at the end of the term implied by law unless one of the parties gives the other notice of intent to terminate at least as long before expiration as the term of the hiring itself, not exceeding one month. The length of that term comes from SDCL 43-32-4: a hiring of lodgings for an unspecified term is presumed to run for whatever period the parties adopt to estimate the rent, so a weekly rent rate presumes a one-week term, and a hiring is presumed monthly only where no rent interval was agreed. A month-to-month tenancy therefore takes about a month's notice, a week-to-week tenancy takes about a week's, and the one-month ceiling means no unspecified-term tenancy ever requires more than a month. The rule runs both ways - either party may give the notice. This is separate from the modification-notice mechanics of SDCL 43-32-13 and from the fifteen-day rule for a tenancy at will under SDCL 43-8-8.",CONSTRAINED,LANDLORD_EDUCATION,VERIFIED,"SD re-audit 2026-09-07. SDCL 43-32-15 supplied by Taylor after two failed retrievals (S5a.2): 'A hiring of real property for a term not specified by the parties is deemed to be renewed as stated in S 43-32-14 at the end of the term implied by law unless one of the parties gives notice to the other of his intention to terminate the same at least as long before the expiration thereof as the term of the hiring itself, not exceeding one month.' Source CivC 1877 S1119 ... SDC 1939 S38.0416, unamended. WHY THIS ROW EXISTS: the library carried NO termination-notice clause for any tenancy type except tenancy at will (15 days). The inherited 'every tenancy is monthly' assumption meant a week-to-week SD tenancy had its notice period represented nowhere - an OMISSION, not a misstatement; the same failure shape as ND's K.2 tenancy-type verdict and the 46 untagged generics. SECTION-NUMBER CORRECTION: DocDraft and another secondary source cite 43-32-14 for this rule; the official chapter index titles -14 'Retention of possession... Acceptance of rent... Renewal' and -15 'Renewal of hiring of real property presumed unless notice given of termination'. -15 supplies the notice rule and points back to -14. DEPENDENCY CLOSED: 43-32-4 read - 'A hiring of lodgings for an unspecified term is presumed to have been made for such length of time as the parties adopt for the estimation of the rent. Thus a hiring at a weekly rate of rent is presumed to be for one week...' 43-32-3 also read: non-lodgings hirings presumed for ONE YEAR. The 43-32-4 + 43-32-15 chain is primary-verified end to end. LOG ERROR CORRECTED: the original SD statute walk described SS43-32-1 to -5 as including the lodgings/rent-interval presumption AND the statute of frauds. 43-32-5 is ONLY the statute of frauds; the presumption is 43-32-4. The walk compressed five sections into one bullet and fused two. [Source-integrity: full ch.43-32 text via consumer.sd.gov/docs/LLTen_Statutes43-32.pdf, CONFIRMED STALE as to 43-32-24 (prints 'two weeks', source line omits SL 2026 ch 179). All other sections used carry source lines ending 1939-2022 and were unamended 2024-2026. See Addendum L.8.]",2026-09-07,2026-09-07
landlords-access-sd,Access & Entry,Landlord Access and Entry (South Dakota),SD,TRUE,landlords-access,"Landlord, its agents, and contractors will have the right of reasonable access to the property to perform maintenance and repair obligations and to show the property to prospective tenants or purchasers. Except in an emergency or where it is impracticable to do so, Landlord will give Tenant reasonable notice of Landlord's intent to enter and will enter only at reasonable times. Twenty-four hours' written notice is presumed reasonable. Each notice of entry will specify the date or dates of entry, a period of time during normal business hours for the entry, the purpose of the intended entry, and a means by which Tenant may request to reschedule the entry.",REQUIRED,LEASE_CLAUSE,VERIFIED,"SD re-audit 2026-09-07 (Tier B resolved). Supersedes generic `landlords-access`, withheld from SD because it carries a flat 24-hour period and none of SDCL 43-32-32's mandatory notice CONTENT: 'The notice shall specify date or dates of entry, a period of time during normal business hours for entry, and the purpose of intended entry. The notice shall also specify a means for which the tenant may request to reschedule the entry.' (SL 2014 ch 191 S4.) Four mandatory elements, all 'shall'; the generic supplies none, so tagging it would have shipped an SD entry clause omitting every element SD requires. Same override pattern ND uses (landlords-access-nd), drafted from SD's own statute rather than adapted from ND's per the Dakota-ancestry rule. NUANCE PRESERVED: SD's 24 hours is a PRESUMPTION of reasonableness, not a floor, and 43-32-32 allows 'alternate methods of notification or times for entry... mutually agreed upon between the landlord and tenant in the lease' - hence 'presumed reasonable' rather than 'at least'. Also unblocks `inspection-rights`, which defers to the lease's Access & Entry terms and pointed at nothing for SD until now. [Source-integrity: full ch.43-32 text via consumer.sd.gov/docs/LLTen_Statutes43-32.pdf, CONFIRMED STALE as to 43-32-24 (prints 'two weeks', source line omits SL 2026 ch 179). All other sections used carry source lines ending 1939-2022 and were unamended 2024-2026. See Addendum L.8.]",2026-09-07,2026-09-07
holdover-sd,Default & Termination,Holdover (South Dakota),SD,TRUE,holdover,"If Tenant does not vacate the property by the end of the Term, Landlord may pursue any remedy allowed by applicable law to recover possession. If Tenant remains in possession and Landlord accepts Rent, this Lease will be presumed renewed on the same terms and for the same period as the original Term, not exceeding one year. Where the renewed term is one the parties did not specify, either party may terminate it by giving the other notice at least as long before its expiration as the length of the term itself, not exceeding one month.",RECOMMENDED,LEASE_CLAUSE,VERIFIED,"SD re-audit 2026-09-07 (Tier B resolved). Supersedes generic `holdover`, withheld from SD because it promises 'holdover damages in the maximum amount permitted by applicable law for each day Tenant remains in possession'. SD HAS NO HOLDOVER DAMAGES MULTIPLIER - no double rent, no per-diem penalty (see edu-holdover-mechanics-sd). In SD that phrase resolves to zero, so the generic would promise the landlord a remedy that does not exist - the inverse of the usual defect: not a misstated rule but a clause whose operative term is NULL in this jurisdiction. Replaced with SDCL 43-32-14's actual mechanic: 'If a lessee of real property remains in possession thereof after the expiration of the hiring and the lessor accepts rent from him, the parties are presumed to have renewed the hiring on the same terms and for the same time, not exceeding one year.' The generic's 'month-to-month basis' fallback was also wrong for SD - 43-32-14 renews for the SAME TIME as the original term, not monthly. Final sentence carries 43-32-15's scaling so the renewed term is terminable. ND is excluded from the generic and has no override; SD gets one rather than an exclusion because leaving SD clause-less would reproduce the omission failure mode this session exists to correct. [Source-integrity: full ch.43-32 text via consumer.sd.gov/docs/LLTen_Statutes43-32.pdf, CONFIRMED STALE as to 43-32-24 (prints 'two weeks', source line omits SL 2026 ch 179). All other sections used carry source lines ending 1939-2022 and were unamended 2024-2026. See Addendum L.8.]",2026-09-07,2026-09-07
landlord-maintenance-sd,Landlord Responsibilities,Landlord Maintenance and Repair (South Dakota),SD,TRUE,landlord-maintenance,"Landlord will keep the property and all common areas in reasonable repair, fit for human habitation, and in good and safe working order throughout the Term, and will maintain in good and safe working order and condition all electrical, plumbing, and heating systems, except where the disrepair has been caused by the negligent, willful, or malicious conduct of Tenant or a person under Tenant's direction or control. Tenant will notify Landlord promptly of any condition requiring repair, and Landlord will undertake required repairs within a reasonable time. Landlord and Tenant may not waive or modify Landlord's obligations under this section, except that Landlord and Tenant may agree that Tenant will perform specified repairs or maintenance in lieu of rent. Nothing in this Lease limits Tenant's remedies if Landlord fails to make required repairs within a reasonable time after notice.",REQUIRED,LEASE_CLAUSE,VERIFIED,"SD re-audit 2026-09-07 (Tier B resolved). Supersedes generic `landlord-maintenance` (tagged CO only), which opens 'Subject to Tenant's own maintenance obligations under this Lease, Landlord will maintain...'. That subordination is the problem in SD: SDCL 43-32-8 allocates the repair duty to the lessor and states expressly 'The parties to a lease or hiring of residential premises may not waive or modify the requirements imposed by this section'. A clause making the lessor's duty subject to the tenant's obligations is arguably a modification and void pro tanto. Drafted to track 43-32-8's own language and to state the non-waiver and the repairs-in-lieu-of-rent exception on the face of the clause. Closing sentence preserves the 43-32-9 remedies (repair-and-deduct, vacate-and-discharge, rent escrow where repair cost exceeds one month's rent) without restating them. CROSS-STATE BACKLOG: the CO;WY-only scoping of the generic maintenance pair has been open since the MN session; this resolves SD's instance only, by override rather than extension. Why the generic is CO-only remains open for CO/WY. [Source-integrity: full ch.43-32 text via consumer.sd.gov/docs/LLTen_Statutes43-32.pdf, CONFIRMED STALE as to 43-32-24 (prints 'two weeks', source line omits SL 2026 ch 179). All other sections used carry source lines ending 1939-2022 and were unamended 2024-2026. See Addendum L.8.]",2026-09-07,2026-09-07
edu-post-writ-property-duties-sd,Notices & General,Tenant Belongings After an Eviction (South Dakota),SD,TRUE,,"South Dakota imposes no post-writ inventory, storage, notice, or care-standard duty specific to eviction. The general abandoned-property rules govern instead, and they are triggered by the tenant having quit the premises rather than by service of a writ. Property with a total reasonable value of five hundred dollars or less, left for ten days after the tenant has quit, is presumed abandoned and may be disposed of. Property worth more than five hundred dollars must be stored, and Landlord has a lien on it to the extent of the costs of handling and storing the property; after storing it for thirty days or more, Landlord may treat it as abandoned and dispose of it. Because the trigger is the tenant quitting rather than the writ, the same timeline applies whether the tenant leaves voluntarily or is removed.",CONDITIONAL,LANDLORD_EDUCATION,VERIFIED,"SD re-audit 2026-09-07, eviction-duty screen (item 7, never run against SD before). The screen found CO and KS carrying ZERO self-help rows despite substantial remedies; against SD it found self-help/ouster covered, willful utility shutoff covered by the same row via 43-32-6's 'willfully diminishes services' limb, and writ-execution timing covered - but NO row on post-writ property duties and none on post-writ animal duties. Primary text: SDCL 43-32-25 and 43-32-26. CROSS-STATE COMPARISON recorded as comparison not inheritance (Dakota-ancestry rule): ND's equivalent describes a materially similar structure, but ND's lien is expressly subordinated to a prior perfected security interest and SD's 43-32-26 contains NO such priority carve-out. Similar architecture, non-identical text. CONFIDENCE CAVEAT: the ch.43-32 half is primary-verified (43-32-25/26 read in full; source lines end SL 2008 ch 227, unaffected by the L.8 staleness). The TITLE 21-16 half - that SD's eviction chapter imposes no post-writ duty of its own - now rests on the full 21-16 text supplied by Taylor, which contains no post-writ property or animal provision across 21-16-1 to 21-16-12.",2026-09-07,2026-09-07
edu-no-post-writ-animal-duty-sd,Notices & General,No Rules for Tenant Animals After an Eviction (South Dakota),SD,TRUE,,"South Dakota law says nothing about what happens to a tenant's animals after an eviction. There is no animal-control notification route, no notice-posting requirement, no unattended-animal rule, and no duty assigned to Landlord or to the sheriff. The abandoned-property provisions are written for property and are a poor fit for a live animal, so a landlord facing this situation has no statutory procedure to follow and should contact local animal control.",RECOMMENDED,LANDLORD_EDUCATION,VERIFIED,"SD re-audit 2026-09-07, eviction-duty screen. Confirmed absence, given its own row per the standing rule that a log-only absence is invisible to every future canvass. Coverage: the full ch.43-32 was read section-by-section this session and contains no animal provision outside the service-animal group at 43-32-33 to -36, which concerns accommodation and fraudulent-claim damages, not post-eviction custody. Matches ND's edu-no-post-writ-animal-duty-nd; CO is the outlier with an affirmative duty, so the absence is the regional norm. The closing practical note is guidance, not a statement of law, because no law exists to state. CONFIDENCE CAVEAT: the ch.43-32 half is primary-verified (43-32-25/26 read in full; source lines end SL 2008 ch 227, unaffected by the L.8 staleness). The TITLE 21-16 half - that SD's eviction chapter imposes no post-writ duty of its own - now rests on the full 21-16 text supplied by Taylor, which contains no post-writ property or animal provision across 21-16-1 to 21-16-12.",2026-09-07,2026-09-07
pet-policy-sd,Pets,Pet Policy (South Dakota),SD,TRUE,pet-policy,"Tenant may keep only pets identified in writing to and approved by Landlord. Tenant will pay Landlord a pet deposit, if applicable, and pet rent of {{pet_rent_amount}} per month. Tenant is responsible for all damage, waste removal, odor, and disturbance caused by a pet, and will indemnify Landlord from claims arising from Tenant's pet(s). Landlord may revoke approval of a pet that becomes a nuisance or safety concern. If the pet becomes vicious or displays symptoms of severe illness, or if Tenant dies, becomes incapacitated, or is otherwise unable to care for the pet and Landlord believes in good faith that the pet is being abused or neglected, Landlord may enter the property and remove the pet. Any such entry will be made in accordance with the Access and Entry section of this Lease, except that in an emergency, or where giving notice is impracticable, Landlord may enter without prior notice.",RECOMMENDED,LEASE_CLAUSE,VERIFIED,"SD re-audit 2026-09-07. Supersedes the generic `pet-policy` (CO;WY;ND), which was the last Tier B item held back from the L.2 generic-clause audit. Option C of three presented to Taylor and approved by him. TWO CHANGES from the generic, both narrow: (1) The phrase 'without liability to Tenant' is STRUCK. SDCL 53-9-3 voids any contract term whose object is to exempt a party from responsibility for 'violation of law whether willful or negligent'. A blanket no-liability exemption attached to an entry-and-remove right reaches the tail cases where the entry is not clearly lawful - tenant incapacitated but the animal in no distress, or a good-faith belief that turns out wrong - and in SD an unlawful entry is expensive: SDCL 43-32-6 gives the tenant two months' rent plus return of any advance rent and deposit. Striking the phrase costs the landlord nothing they actually had, because the exemption would not have been enforced that far anyway. (2) Entry is now tied to the lease's Access and Entry section, with the statutory emergency/impracticability exception stated on the face of the clause. This closes an internal inconsistency created earlier in the same session: `landlords-access-sd` was written to carry SDCL 43-32-32's four mandatory notice elements (date(s), a period during normal business hours, purpose, and a means to request rescheduling), while the generic pet-policy granted a separate entry right that mentioned none of them. Two entry rights in one lease on different terms is a drafting defect independent of any statute. ASSESSMENT CORRECTED IN THE OPEN: this row was originally flagged as a clear 53-9-3 third-prong violation. On re-reading, the enumerated entry grounds - a vicious animal, a severely ill animal - are mostly genuine emergencies, and 43-32-32 expressly excepts emergencies from the notice requirement, so the entry itself is usually lawful. The risk is narrower than first stated and is confined to the non-emergency tail. Recorded because the earlier framing overstated it and the overstatement is part of the record. DOWNSIDE OF THE ALTERNATIVE, for the record: SD has no enumerated prohibited-terms statute (edu-no-prohibited-terms-list-sd), so an overbroad exculpatory phrase is not unlawful in SD - it simply would not be enforced to that extent. Tagging the generic as-is was a defensible option; the override was chosen for the entry-consistency reason as much as the 53-9-3 one. CROSS-STATE CANDIDATE, not acted on: ND is tagged on the generic and has N.D.C.C. 9-08-02, the direct counterpart to 53-9-3, so the same 'without liability' phrase plausibly has the same limit in ND. Per L.4 and the Dakota-ancestry rule this is recorded as a candidate for ND's next pass, NOT an inherited conclusion, and no ND row was touched. CO and WY unexamined for this point. S5a.1: this is a new override row, not an edit to the shared generic - the generic's text and its CO;WY;ND tags are unchanged, so no other state's rendering is affected and no propagation is owed.",2026-09-07,2026-09-07
edu-reasonable-accommodation-duty-sd,Landlord Responsibilities,Reasonable Accommodation of Disabled Tenants (South Dakota),SD,TRUE,,"South Dakota imposes its own reasonable-accommodation duty in housing, separate from federal fair housing law. SDCL 20-13-23.7 provides that for purposes of employment, public accommodation, public service, and education or housing, good faith efforts shall be made to reasonably accommodate a disabled person unless the accommodation would impose undue hardship. The standard is framed as good faith efforts subject to an undue-hardship limit, and the statute does not define either term or set out a request-and-response procedure, so in practice a landlord should document what was requested, what was considered, and why any accommodation was or was not made.",REQUIRED,LANDLORD_EDUCATION,VERIFIED,"SD re-audit 2026-09-07. SDCL 20-13-23.7 verbatim: 'For purposes of employment, public accommodation, public service, and education or housing, good faith efforts shall be made to reasonably accommodate the disabled person unless the accommodation would impose undue hardship.' Source: SL 1986 ch 170 S4, unamended. Primary text supplied by Taylor. GENUINELY NEW - nothing in the library recorded a STATE-level reasonable-accommodation duty for SD; the assistance-animal rows carry SD's animal-specific documentation rules (43-32-33 to -36) and the fair-housing row carries the protected classes, but neither reaches accommodation generally. Found only because the chapter index was finally swept after the third L.12 failure - i.e. the sweep that was overdue produced a second finding beyond the one it was run for. SCOPE NOTE: the section is a general Title 20 human-rights provision covering five contexts at once, of which housing is one. Recorded as LANDLORD_EDUCATION rather than a lease clause because it states a standard of conduct, not a term the parties agree to - and because a lease clause purporting to define 'undue hardship' in the landlord's favour would be a poor idea in a state whose only limit on such terms is the general 53-9-3 / unconscionability backstop. RELATIONSHIP TO FEDERAL LAW: the FHA's reasonable-accommodation requirement is broader and better developed; this row records that SD ALSO has one at state level, not that it displaces or narrows the federal duty. No attempt is made here to map where the two diverge - that is a real question and is NOT answered by this row.",2026-09-07,2026-09-07
edu-deposit-documentation-co,Security Deposit,Deposit Documentation on Tenant Request (Colorado),CO,TRUE,,"From January 1, 2026, a Colorado tenant may make a written request for the documentation behind any amount you retained from a security deposit, and you must provide it within 14 days. The duty covers documentation in your possession relevant to the retention - photographs, inspection forms or reports, receipts, invoices, and estimates. Keep this material as you go rather than assembling it after a dispute starts: the same statute deems a withholding wrongful where your written statement fails to list exact reasons, and the landlord carries the burden of proving both that a retention was not wrongful and what the actual damages were.",REQUIRED,LANDLORD_EDUCATION,VERIFIED,"Added 2026-09-07 (cross-state core-obligations canvass, run during the SD re-audit). C.R.S. 38-12-103(8), added by HB 25-1249 (ch. 401, pp. 2273, 2277, SS 2, 3), effective January 1, 2026 and applying to conduct on or after that date. **GENUINE GAP: no CO row covered this.** CO's re-audit captured five other HB 25-1249 elements - the 125% bad-faith presumption, the walkthrough right, the ten-year carpet rule, pet caps, and the 38-12-103(7) non-waiver - but not the documentation duty. WHY IT MATTERS BEYOND ITS OWN TERMS: 38-12-103(3)(b) and (3.5)(c) put the burden on the LANDLORD to prove both that a retention was not wrongful and the amount of actual damages, and 38-12-103(2.5) deems a withholding wrongful where the written statement omits exact reasons. A landlord who has not retained photographs, invoices and estimates therefore faces a 14-day production duty they cannot satisfy and an evidentiary burden they cannot discharge, with treble damages plus attorney fees and costs at stake. CROSS-STATE NOTE: **no other canvassed state requires supporting EVIDENCE rather than a statement of reasons.** ND 47-16-07.1(3) and NE 76-1416(2) require mandatory itemization; SD 43-32-24 requires an itemized accounting on request within 45 days; KS 58-2550(b) requires written itemized notice; MN 504B.178 subd.3 requires only a statement of specific reasons but places the burden of proof on the landlord. Colorado alone requires the underlying documents. S5a.1: new CO-only row, no shared clause touched, no propagation owed.",2026-09-07,2026-09-07
edu-condition-statement-nd,Disclosures,Signed Condition Statement Required at Move-In (North Dakota),ND,TRUE,,"North Dakota requires you to provide the tenant, at the time the rental agreement is entered into, a statement describing the condition of the premises and of any furnishings or appliances you supply. The statement must be agreed to and signed by both you and the tenant, and each of you keeps a copy. **It then constitutes prima facie proof of the condition of the premises at the start of the tenancy** — which makes it the single most useful document you will have in any later dispute about damage, because without it you are arguing about the starting condition from memory while the tenant does the same. Complete it carefully and specifically rather than treating it as a formality, and keep it with the lease.",REQUIRED,LANDLORD_EDUCATION,VERIFIED,"Added 2026-09-07 (cross-state core-obligations canvass, run during the SD re-audit). N.D.C.C. 47-16-07.2, read in full from the official chapter PDF at ndlegis.gov/cencode/t47c16.pdf. **NOT A CORRECTNESS FIX - A FINDABILITY FIX, and recorded as such.** The duty was already in the library, but as the closing sentence of `edu-no-lease-copy-duty-nd`, a row titled 'No Duty to Give a Lease Copy'. That row is accurate and is unchanged. The problem is that a REQUIRED affirmative duty, whose output is PRIMA FACIE PROOF in exactly the deposit and damage disputes where it matters, was filed under a heading announcing the ABSENCE of a different duty. A landlord reading ND guidance on deposits or move-in would not reach it. ND's own decision log records this failure shape from the ND re-audit - an entire escheat regime under ch. 47-30.2 that 'existed in the library as one trailing sentence of clause text'. Same shape, smaller scale. WHY IT MATTERS EVIDENTIALLY: the prima facie effect shifts who has to prove what. ND's deposit remedy is TREBLE damages for withholding without reasonable justification (47-16-07.1(4)), so a landlord without a signed condition statement faces the worst combination available - a high penalty and no presumption. CROSS-STATE CONTEXT from the canvass: three of seven states mandate a move-in document - ND 47-16-07.2, MN 504B.182 (initial and final inspections, with a deposit-DOUBLING penalty attached to the notice failure), KS 58-2548 (joint five-day inventory). SD and WY have none; CO's 38-12-103(1.5) walkthrough right is on-request rather than mandatory. S5a.1: new ND-only row; no shared clause touched; no propagation owed. ALSO CHECKED THIS PASS AND FOUND ALREADY COVERED - no action taken: N.D.C.C. 47-16-20.1's payment-method fee ban is fully carried by edu-payment-method-fee-ban-nd and cross-cited in returned-payments and acceptable-payment-methods. That flag from the canvass was a FALSE POSITIVE, raised because the canvass looked for a dedicated row and reasoned from its absence. Recorded so the flag is not re-raised.",2026-09-07,2026-09-07
edu-lease-copy-duty-co,Disclosures,You Must Give the Tenant a Signed Copy Within Seven Days (Colorado),CO,TRUE,,"If there is a written rental agreement, you must give the tenant a copy signed by both you and the tenant no later than the seventh day after the tenant signs. An electronic copy is sufficient unless the tenant asks for a paper copy, in which case you must provide one on paper. The agreement must also state the name and address of the landlord or the landlord's authorized agent.",REQUIRED,LANDLORD_EDUCATION,VERIFIED,"Added 2026-09-07 (SD re-audit session, cross-state follow-up). C.R.S. 38-12-801(1), with the identity requirement from (2). **GENUINE GAP: no CO row cited or covered subsection (1).** Found by running the L.12 adjacent-provision sweep across all subsections of 38-12-801 rather than stopping at the two amendments the escalation was raised about - both of which turned out to be already covered. The sweep is what produced the finding; the escalation itself was a false positive. CROSS-STATE CONTEXT from the core-obligations canvass: **ND expressly has NO lease-copy duty** (edu-no-lease-copy-duty-nd records that failing to deliver a copy is not a defence a tenant can raise); **MN S504B.115 requires a copy and makes failure a DEFENCE IN EVICTION**; **CO requires it within seven days with an electronic-unless-requested rule.** Three states, three postures, and the duty is the kind of universal obligation L.10 identified as systematically missing from the checklist. The (2) identity requirement is already carried separately by edu-identity-change-notice-co, which covers the one-business-day notice on change of landlord or agent; restated here only because (1) and (2) together are what a landlord must get right at signing. Primary text of the whole of C.R.S. 38-12-801 supplied by Taylor from Colorado Revised Statutes Annotated, current through July 1 2026 of the 2026 Regular Session. Full history: L. 2018 SB 18-010 (part added); L. 2019 HB 19-1170; L. 2021 SB 21-173 ((3) added); L. 2023 HB 23-1120 ((2.5) added) and HB 23-1095 ((4)-(8) added), harmonized on revision; L. 2025 HB 25-1108 ((3.5) added, eff. 2025-09-01) and HB 25-1090 ((3)(a)(VI) amended, eff. 2026-01-01).",2026-09-07,2026-09-07
edu-eviction-penalty-clause-ban-co,Compliance & Prohibited Terms,No Penalty Clause Tied to an Eviction (Colorado),CO,TRUE,,A Colorado written rental agreement must not include a clause that assigns a penalty to a party stemming from an eviction notice or an eviction action resulting from a violation of the rental agreement. Any provision included in violation of this rule is void and unenforceable. This is separate from the rent and damages a court may award in an eviction proceeding - what is prohibited is a lease term imposing its own penalty because a notice was served or an action was filed.,PROHIBITED,LANDLORD_EDUCATION,VERIFIED,"Added 2026-09-07 (SD re-audit session, cross-state follow-up). C.R.S. 38-12-801(3)(a)(I), with the voiding rule at 38-12-801(3)(b): 'Any provision that is included in a written rental agreement in violation of this subsection (3) is void and unenforceable.' **GENUINE GAP: several CO rows cite 38-12-801(3)(a) generally - nsf-fee-limit-co, default-by-tenant, edu-fee-shifting-co, edu-rubs-uncertainty-co - but none cites or covers (3)(a)(I) specifically.** The library carried (3)(a)(II) fee-shifting, (3)(a)(V) rent-mischaracterisation, (3)(a)(VI) markups and (3)(a)(VII) voucher/utility evictions, and skipped the first item on the list. APPLICABILITY CARVE-OUTS, which do NOT reach this subsection and are recorded to prevent over-reading: 38-12-801(4) disapplies (3)(a)(III)(A),(C),(D),(IV),(V),(VI),(VII) to mobile homes in mobile home parks, and 38-12-801(8) disapplies (3)(a)(III),(IV),(V),(VI),(VII) to owner-occupied duplexes, triplexes and ADUs. **Neither carve-out lists (3)(a)(I) or (3)(a)(II)** - so the eviction-penalty ban and the one-way fee-shifting ban apply to ALL Colorado residential rental agreements including owner-occupied duplexes and mobile homes. That asymmetry is easy to miss and is the reason this row states the carve-outs explicitly. Primary text of the whole of C.R.S. 38-12-801 supplied by Taylor from Colorado Revised Statutes Annotated, current through July 1 2026 of the 2026 Regular Session. Full history: L. 2018 SB 18-010 (part added); L. 2019 HB 19-1170; L. 2021 SB 21-173 ((3) added); L. 2023 HB 23-1120 ((2.5) added) and HB 23-1095 ((4)-(8) added), harmonized on revision; L. 2025 HB 25-1108 ((3.5) added, eff. 2025-09-01) and HB 25-1090 ((3)(a)(VI) amended, eff. 2026-01-01).",2026-09-07,2026-09-07
