clause_id,content_type,state,citation,citation_status,verification_status,effective_from,last_checked,supersedes,notes
rent-payment,LEASE_CLAUSE,MA,"Mass. Gen. Laws ch. 111, § 127L; Mass. Gen. Laws ch. 186, § 15B(2)(a); Mass. Gen. Laws ch. 239, § 8A",CITED,VERIFIED,2026-08-21,2026-10-08,,[Full trail in lease-clauses.csv notes and lease-clause-decision-log-MA.md.]
application-of-payments,LEASE_CLAUSE,MA,"Mass. Gen. Laws ch. 186, § 11-12",CITED,VERIFIED,2026-08-21,2026-10-08,,[Full trail in lease-clauses.csv notes and lease-clause-decision-log-MA.md.]
residential-use-only,LEASE_CLAUSE,MA,,GENERIC,VERIFIED,2026-08-21,2026-10-08,,[Full trail in lease-clauses.csv notes and lease-clause-decision-log-MA.md.]
permitted-occupants,LEASE_CLAUSE,MA,"Mass. Gen. Laws ch. 186, § 16",CITED,VERIFIED,2026-08-21,2026-10-08,,[Full trail in lease-clauses.csv notes and lease-clause-decision-log-MA.md.]
no-disturbance,LEASE_CLAUSE,MA,,GENERIC,VERIFIED,2026-08-21,2026-10-08,,[Full trail in lease-clauses.csv notes and lease-clause-decision-log-MA.md.]
utility-service-continuity,LEASE_CLAUSE,MA,105 Mass. Code Regs. 410.200-410,CITED,VERIFIED,2026-08-21,2026-10-08,,[Full trail in lease-clauses.csv notes and lease-clause-decision-log-MA.md.]
utility-payment-evidence,LEASE_CLAUSE,MA,,GENERIC,VERIFIED,2026-08-21,2026-10-08,,[Full trail in lease-clauses.csv notes and lease-clause-decision-log-MA.md.]
acceptable-payment-methods,LEASE_CLAUSE,MA,,GENERIC,VERIFIED,2026-08-21,2026-10-08,,[Full trail in lease-clauses.csv notes and lease-clause-decision-log-MA.md.]
tenant-maintenance,LEASE_CLAUSE,MA,105 Mass. Code Regs. 410.240(B),CITED,VERIFIED,2026-08-21,2026-10-08,,[Full trail in lease-clauses.csv notes and lease-clause-decision-log-MA.md.]
no-sublet-assign,LEASE_CLAUSE,MA,,GENERIC,VERIFIED,2026-08-21,2026-10-08,,[Full trail in lease-clauses.csv notes and lease-clause-decision-log-MA.md.]
no-alterations,LEASE_CLAUSE,MA,"Mass. Gen. Laws ch. 151B, § 4(7A)(1); Mass. Gen. Laws ch. 186, § 26",CITED,VERIFIED,2026-08-21,2026-10-08,,[Full trail in lease-clauses.csv notes and lease-clause-decision-log-MA.md.]
joint-liability,LEASE_CLAUSE,MA,"Mass. Gen. Laws ch. 186, § 24; Mass. Gen. Laws ch. 186, § 24(d)",CITED,VERIFIED,2026-08-21,2026-10-08,,[Full trail in lease-clauses.csv notes and lease-clause-decision-log-MA.md.]
utilities-paid-by-landlord,LEASE_CLAUSE,MA,105 Mass. Code Regs. 410.200,CITED,VERIFIED,2026-08-21,2026-10-08,,[Full trail in lease-clauses.csv notes and lease-clause-decision-log-MA.md.]
appliances-included,LEASE_CLAUSE,MA,105 Mass. Code Regs. 410.235(B),CITED,VERIFIED,2026-08-21,2026-10-08,,[Full trail in lease-clauses.csv notes and lease-clause-decision-log-MA.md.]
landlord-maintenance,LEASE_CLAUSE,MA,"105 Mass. Code Regs. 410.235; Mass. Gen. Laws ch. 239, § 8A; Mass. Gen. Laws ch. 111, § 127L",CITED,VERIFIED,2026-08-21,2026-10-08,,[Full trail in lease-clauses.csv notes and lease-clause-decision-log-MA.md.]
landlords-access,LEASE_CLAUSE,MA,"Mass. Gen. Laws ch. 186, § 15B(1)(a); 940 Mass. Code Regs. 3.17(6)(e); Mass. Gen. Laws ch. 186, § 15B(1)(a)(i); 105 Mass. Code Regs. 410.003(E)",CITED,VERIFIED,2026-08-21,2026-10-08,,[Full trail in lease-clauses.csv notes and lease-clause-decision-log-MA.md.]
possession-delay,LEASE_CLAUSE,MA,940 Mass. Code Regs. 3.17(6)(d),CITED,VERIFIED,2026-08-21,2026-10-08,,[Full trail in lease-clauses.csv notes and lease-clause-decision-log-MA.md.]
default-by-tenant,LEASE_CLAUSE,MA,"Mass. Gen. Laws ch. 186, § 11; Mass. Gen. Laws ch. 186, § 12; Mass. Gen. Laws ch. 186, § 15A",CITED,VERIFIED,2026-08-20,2026-10-08,,[Full trail in lease-clauses.csv notes and lease-clause-decision-log-MA.md.]
surrender-end-of-term,LEASE_CLAUSE,MA,"Mass. Gen. Laws ch. 239, § 3-4; Mass. Gen. Laws ch. 186, § 24(d); Mass. Gen. Laws ch. 186, § 30",CITED,VERIFIED,2026-08-21,2026-10-08,,[Full trail in lease-clauses.csv notes and lease-clause-decision-log-MA.md.]
notices,LEASE_CLAUSE,MA,"Mass. Gen. Laws ch. 186, § 11-12; 940 Mass. Code Regs. 3.17(3)(b); 940 Mass. Code Regs. 3.17(2)(b)",CITED,VERIFIED,2026-08-21,2026-10-08,,[Full trail in lease-clauses.csv notes and lease-clause-decision-log-MA.md.]
governing-law,LEASE_CLAUSE,MA,,GENERIC,VERIFIED,2026-08-21,2026-10-08,,[Full trail in lease-clauses.csv notes and lease-clause-decision-log-MA.md.]
severability,LEASE_CLAUSE,MA,"Mass. Gen. Laws ch. 186, § 15; Mass. Gen. Laws ch. 186, § 15A; Mass. Gen. Laws ch. 186, § 15B(8); Mass. Gen. Laws ch. 186, § 15F; Mass. Gen. Laws ch. 186, § 16",CITED,VERIFIED,2026-08-21,2026-10-08,,[Full trail in lease-clauses.csv notes and lease-clause-decision-log-MA.md.]
entire-agreement,LEASE_CLAUSE,MA,"Mass. Gen. Laws ch. 186, § 15D; 940 Mass. Code Regs. 3.17(3)(c)",CITED,VERIFIED,2026-08-21,2026-10-08,,[Full trail in lease-clauses.csv notes and lease-clause-decision-log-MA.md.]
addendum-precedence,LEASE_CLAUSE,MA,105 Mass. Code Regs. 460.725(C),CITED,VERIFIED,2026-08-21,2026-10-08,,[Full trail in lease-clauses.csv notes and lease-clause-decision-log-MA.md.]
electronic-signatures,LEASE_CLAUSE,MA,"Mass. Gen. Laws ch. 110G, § 7(a)",CITED,VERIFIED,2026-08-21,2026-10-08,,[Full trail in lease-clauses.csv notes and lease-clause-decision-log-MA.md.]
pet-insurance-requirement,LEASE_CLAUSE,MA,"Mass. Gen. Laws ch. 151B, § 4(7A)",CITED,VERIFIED,2026-08-21,2026-10-08,,[Full trail in lease-clauses.csv notes and lease-clause-decision-log-MA.md.]
assigned-parking-space,LEASE_CLAUSE,MA,"Mass. Gen. Laws ch. 186, § 18",CITED,VERIFIED,2026-08-21,2026-10-08,,[Full trail in lease-clauses.csv notes and lease-clause-decision-log-MA.md.]
keys,LEASE_CLAUSE,MA,"Mass. Gen. Laws ch. 186, § 15B(1)(b)(iv); Mass. Gen. Laws ch. 186, § 15B(4)",CITED,VERIFIED,2026-08-21,2026-10-08,,[Full trail in lease-clauses.csv notes and lease-clause-decision-log-MA.md.]
guest-policy,LEASE_CLAUSE,MA,105 Mass. Code Regs. 410.420(D),CITED,VERIFIED,2026-08-21,2026-10-08,,[Full trail in lease-clauses.csv notes and lease-clause-decision-log-MA.md.]
guest-policy-day-limit,LEASE_CLAUSE,MA,"Mass. Gen. Laws ch. 186, § 16; Mass. Gen. Laws ch. 151B, § 4(11)",CITED,VERIFIED,2026-08-21,2026-10-08,,[Full trail in lease-clauses.csv notes and lease-clause-decision-log-MA.md.]
common-area-use,LEASE_CLAUSE,MA,"Mass. Gen. Laws ch. 151B, § 4(7A); Mass. Gen. Laws ch. 184, § 23C",CITED,VERIFIED,2026-08-21,2026-10-08,,[Full trail in lease-clauses.csv notes and lease-clause-decision-log-MA.md.]
fire-safety-grilling,LEASE_CLAUSE,MA,527 Mass. Code Regs. 1.00,CITED,VERIFIED,2026-08-21,2026-10-08,,[Full trail in lease-clauses.csv notes and lease-clause-decision-log-MA.md.]
landscaping-irrigation,LEASE_CLAUSE,MA,105 Mass. Code Regs. 410.570(A),CITED,VERIFIED,2026-08-21,2026-10-08,,[Full trail in lease-clauses.csv notes and lease-clause-decision-log-MA.md.]
inspection-rights,LEASE_CLAUSE,MA,"Mass. Gen. Laws ch. 186, § 15B(1)(a)",CITED,VERIFIED,2026-08-21,2026-10-08,,[Full trail in lease-clauses.csv notes and lease-clause-decision-log-MA.md.]
lead-based-paint,LEASE_CLAUSE,MA,"40 C.F.R. 745.113; Mass. Gen. Laws ch. 111, § 197A(d)(2); 105 Mass. Code Regs. 460.725",CITED,VERIFIED,2026-08-21,2026-10-08,,[Full trail in lease-clauses.csv notes and lease-clause-decision-log-MA.md.]
hoa-compliance,LEASE_CLAUSE,MA,"Mass. Gen. Laws ch. 186, § 15B(1)(b); Mass. Gen. Laws ch. 186, § 15B(4); 940 Mass. Code Regs. 3.17(6)(c)",CITED,VERIFIED,2026-08-21,2026-10-08,,[Full trail in lease-clauses.csv notes and lease-clause-decision-log-MA.md.]
assistance-animal-accommodation,LEASE_CLAUSE,MA,"Mass. Gen. Laws ch. 151B, § 4(7A)(2); Mass. Gen. Laws ch. 151B, § 4(7A)",CITED,VERIFIED,2026-08-21,2026-10-08,,[Full trail in lease-clauses.csv notes and lease-clause-decision-log-MA.md.]
extended-absence-notice-ks,LEASE_CLAUSE,MA,,GENERIC,VERIFIED,2026-08-22,2026-10-08,,[Full trail in lease-clauses.csv notes and lease-clause-decision-log-MA.md.]
early-termination-ks,LEASE_CLAUSE,MA,"940 Mass. Code Regs. 3.17(6)(c); Mass. Gen. Laws ch. 186, § 24; Mass. Gen. Laws ch. 111, § 127L; Mass. Gen. Laws ch. 33, § 13A",CITED,VERIFIED,2026-08-22,2026-10-08,early-termination,[Full trail in lease-clauses.csv notes and lease-clause-decision-log-MA.md.]
holdover-ca,LEASE_CLAUSE,MA,"Mass. Gen. Laws ch. 186, § 3; Mass. Gen. Laws ch. 239, § 1",CITED,VERIFIED,1994-01-01,2026-10-08,holdover,[Full trail in lease-clauses.csv notes and lease-clause-decision-log-MA.md.]
tenant-forward-proceedings-ca,LEASE_CLAUSE,MA,,GENERIC,VERIFIED,1989-01-01,2026-10-08,,[Full trail in lease-clauses.csv notes and lease-clause-decision-log-MA.md.]
storage-space-ks-oh-ca,LEASE_CLAUSE,MA,"Mass. Gen. Laws ch. 186, § 15",CITED,VERIFIED,1976-01-01,2026-10-08,storage-space,[Full trail in lease-clauses.csv notes and lease-clause-decision-log-MA.md.]
parking-ks-oh-ca,LEASE_CLAUSE,MA,"Mass. Gen. Laws ch. 186, § 15",CITED,VERIFIED,1976-01-01,2026-10-08,parking,[Full trail in lease-clauses.csv notes and lease-clause-decision-log-MA.md.]
tenants-property-insurance-ks-oh-ca,LEASE_CLAUSE,MA,"Mass. Gen. Laws ch. 186, § 15",CITED,VERIFIED,1976-01-01,2026-10-08,tenants-property-insurance,[Full trail in lease-clauses.csv notes and lease-clause-decision-log-MA.md.]
services-utilities-provided-ks-oh,LEASE_CLAUSE,MA,"Mass. Gen. Laws ch. 186, § 14",CITED,VERIFIED,2026-08-22,2026-10-08,services-utilities-provided,[Full trail in lease-clauses.csv notes and lease-clause-decision-log-MA.md.]
edu-cares-act-notice,LANDLORD_EDUCATION,MA,"15 U.S.C. § 9058(a), (b), (c)",CITED,VERIFIED,2026-10-04,2026-10-08,,[Full trail in lease-clauses.csv notes and lease-clause-decision-log-MA.md.]
due-at-signing-ma,LEASE_CLAUSE,MA,"Mass. Gen. Laws ch. 186, § 15B(1)(b); 2025 Mass. Acts ch. 9, §§ 54; Mass. Gen. Laws ch. 186, § 15B(1)(d); 940 Mass. Code Regs. 3.17(4)(a); Mass. Gen. Laws ch. 112, § 87DDD; 2024 Mass. Acts ch. 150, § 50",CITED,VERIFIED,2026-10-08,2026-10-08,due-at-signing,[Full trail in lease-clauses.csv notes and lease-clause-decision-log-MA.md.]
late-fee-ma,LEASE_CLAUSE,MA,"Mass. Gen. Laws ch. 186, § 15B(1)(c); 940 Mass. Code Regs. 3.17(6)(a); Mass. Gen. Laws ch. 186, § 15B(8); 2025 Mass. Acts ch. 73, § 54; Mass. Gen. Laws ch. 239, § 17(e)",CITED,VERIFIED,2026-10-08,2026-10-08,late-fee,[Full trail in lease-clauses.csv notes and lease-clause-decision-log-MA.md.]
security-deposit-use-ma,LEASE_CLAUSE,MA,"940 Mass. Code Regs. 3.17(3)(b); Mass. Gen. Laws ch. 186, § 15B(1)(b)(iii); Mass. Gen. Laws ch. 186, § 15B(3)(a); Mass. Gen. Laws ch. 186, § 15B(3)(b); Mass. Gen. Laws ch. 186, § 15B(2)(c)",CITED,VERIFIED,2026-10-08,2026-10-08,security-deposit-use,[Full trail in lease-clauses.csv notes and lease-clause-decision-log-MA.md.]
security-deposit-return-ma,LEASE_CLAUSE,MA,"940 Mass. Code Regs. 3.17(3)(b); Mass. Gen. Laws ch. 186, § 15B(4)(i); Mass. Gen. Laws ch. 186, § 15B(4); Mass. Gen. Laws ch. 186, § 15B(2)(a)",CITED,VERIFIED,2026-10-08,2026-10-08,security-deposit-return,[Full trail in lease-clauses.csv notes and lease-clause-decision-log-MA.md.]
owner-contact-disclosure-ma,LEASE_CLAUSE,MA,940 Mass. Code Regs. 3.17(3)(b); 940 Mass. Code Regs. 3.17(2)(b); 105 Mass. Code Regs. 410.400(A),CITED,VERIFIED,2026-10-08,2026-10-08,,[Full trail in lease-clauses.csv notes and lease-clause-decision-log-MA.md.]
utilities-responsibility-ma,LEASE_CLAUSE,MA,"105 Mass. Code Regs. 410.200(A); Mass. Gen. Laws ch. 186, § 22; Mass. Gen. Laws ch. 186, § 14; 105 Mass. Code Regs. 410.300(F)",CITED,VERIFIED,2026-10-08,2026-10-08,utilities-responsibility,[Full trail in lease-clauses.csv notes and lease-clause-decision-log-MA.md.]
water-submetering-ma,LEASE_CLAUSE,MA,"Mass. Gen. Laws ch. 186, § 22(f); Mass. Gen. Laws ch. 186, § 22(g); Mass. Gen. Laws ch. 186, § 22(j); Mass. Gen. Laws ch. 186, § 22(l); Mass. Gen. Laws ch. 186, § 22(n); Mass. Gen. Laws ch. 186, § 22(o); Mass. Gen. Laws ch. 186, § 22(i); Mass. Gen. Laws ch. 186, § 22(c); 105 Mass. Code Regs. 410.130(C)(4); Mass. Gen. Laws ch. 186, § 22(s); Mass. Gen. Laws ch. 186, § 22(p)",CITED,VERIFIED,2026-10-08,2026-10-08,,[Full trail in lease-clauses.csv notes and lease-clause-decision-log-MA.md.]
tenant-provided-appliances-ma,LEASE_CLAUSE,MA,105 Mass. Code Regs. 410.100(A)(5),CITED,VERIFIED,2026-10-08,2026-10-08,,[Full trail in lease-clauses.csv notes and lease-clause-decision-log-MA.md.]
smoking-policy-ma,LEASE_CLAUSE,MA,"Mass. Gen. Laws ch. 94G, § 2(d)(1); Mass. Gen. Laws ch. 270, § 22",CITED,VERIFIED,2026-10-08,2026-10-08,smoking-policy,[Full trail in lease-clauses.csv notes and lease-clause-decision-log-MA.md.]
existing-condition-ma,LEASE_CLAUSE,MA,"Mass. Gen. Laws ch. 186, § 15B(2)(c); 940 Mass. Code Regs. 3.17(1)(d); Mass. Gen. Laws ch. 186, § 15B(8); Mass. Gen. Laws ch. 186, § 15B(6)(c); 940 Mass. Code Regs. 3.17(1)(a)",CITED,VERIFIED,2026-10-08,2026-10-08,existing-condition,[Full trail in lease-clauses.csv notes and lease-clause-decision-log-MA.md.]
lead-law-certification-ma,LEASE_CLAUSE,MA,"Mass. Gen. Laws ch. 111, § 197A(d)(2); 105 Mass. Code Regs. 460.725(A); Mass. Gen. Laws ch. 111, § 197A(e)",CITED,VERIFIED,2026-10-08,2026-10-08,,[Full trail in lease-clauses.csv notes and lease-clause-decision-log-MA.md.]
pet-policy-ma,LEASE_CLAUSE,MA,"Mass. Gen. Laws ch. 186, § 15B(1)(b)",CITED,VERIFIED,2026-10-08,2026-10-08,pet-policy,[Full trail in lease-clauses.csv notes and lease-clause-decision-log-MA.md.]
parking-vehicle-rules-ma,LEASE_CLAUSE,MA,"Mass. Gen. Laws ch. 186, § 15B(1)(b); Mass. Gen. Laws ch. 266, § 120D; Mass. Gen. Laws ch. 186, § 14",CITED,VERIFIED,2026-10-08,2026-10-08,parking-vehicle-rules,[Full trail in lease-clauses.csv notes and lease-clause-decision-log-MA.md.]
returned-payments-ma,LEASE_CLAUSE,MA,"Mass. Gen. Laws ch. 93, § 40A; Mass. Gen. Laws ch. 186, § 15B(1)(c)",CITED,VERIFIED,2026-10-08,2026-10-08,returned-payments,[Full trail in lease-clauses.csv notes and lease-clause-decision-log-MA.md.]
tax-escalation-ma,LEASE_CLAUSE,MA,"Mass. Gen. Laws ch. 186, § 15C; 940 Mass. Code Regs. 3.17(3)(a); Mass. Gen. Laws ch. 186, § 15B(4)(ii)",CITED,VERIFIED,2026-10-08,2026-10-08,,[Full trail in lease-clauses.csv notes and lease-clause-decision-log-MA.md.]
rent-increase-terms-ma,LEASE_CLAUSE,MA,"940 Mass. Code Regs. 3.17(3)(a); Mass. Gen. Laws ch. 186, § 18; Mass. Gen. Laws ch. 239, § 2A",CITED,VERIFIED,2026-10-08,2026-10-08,,[Full trail in lease-clauses.csv notes and lease-clause-decision-log-MA.md.]
tenant-repair-covenant-ma,LEASE_CLAUSE,MA,"Mass. Gen. Laws ch. 111, § 127L; Mass. Gen. Laws ch. 111, § 127K; Mass. Gen. Laws ch. 111, § 127C-127I",CITED,VERIFIED,2026-10-08,2026-10-08,,[Full trail in lease-clauses.csv notes and lease-clause-decision-log-MA.md.]
cannabis-cultivation-ma,LEASE_CLAUSE,MA,"Mass. Gen. Laws ch. 94G, § 2(d)(1); Mass. Gen. Laws ch. 94G, § 7",CITED,VERIFIED,2026-10-08,2026-10-08,,[Full trail in lease-clauses.csv notes and lease-clause-decision-log-MA.md.]
tenant-caused-damage-ma,LEASE_CLAUSE,MA,"Mass. Gen. Laws ch. 239, § 8A(2); Mass. Gen. Laws ch. 111, § 127L; 940 Mass. Code Regs. 3.17(1)(b); Mass. Gen. Laws ch. 186, § 24; Mass. Gen. Laws ch. 186, § 15B(4)(iii)",CITED,VERIFIED,2026-10-08,2026-10-08,,[Full trail in lease-clauses.csv notes and lease-clause-decision-log-MA.md.]
casualty-termination-ma,LEASE_CLAUSE,MA,"Mass. Gen. Laws ch. 186, § 8-9; Mass. Gen. Laws ch. 186, § 15B(4); 105 Mass. Code Regs. 410.650",CITED,VERIFIED,2026-10-08,2026-10-08,,[Full trail in lease-clauses.csv notes and lease-clause-decision-log-MA.md.]
electronic-notice-ma,LEASE_CLAUSE,MA,"Mass. Gen. Laws ch. 110G, § 5(b); Mass. Gen. Laws ch. 186, § 11-12",CITED,VERIFIED,2026-10-08,2026-10-08,,[Full trail in lease-clauses.csv notes and lease-clause-decision-log-MA.md.]
rules-ma,LEASE_CLAUSE,MA,"Mass. Gen. Laws ch. 186, § 18; 940 Mass. Code Regs. 3.17(3)(a)",CITED,VERIFIED,2026-10-08,2026-10-08,,[Full trail in lease-clauses.csv notes and lease-clause-decision-log-MA.md.]
rent-concession-ma,LEASE_CLAUSE,MA,940 Mass. Code Regs. 3.17(3)(a); 940 Mass. Code Regs. 3.17(6)(c),CITED,VERIFIED,2026-10-08,2026-10-08,,[Full trail in lease-clauses.csv notes and lease-clause-decision-log-MA.md.]
criminal-activity-ma,LEASE_CLAUSE,MA,"Mass. Gen. Laws ch. 139, § 19; Mass. Gen. Laws ch. 186, § 14; Mass. Gen. Laws ch. 186, § 15F; Mass. Gen. Laws ch. 186, § 23-29; Mass. Gen. Laws ch. 239, § 2A",CITED,VERIFIED,2026-10-08,2026-10-08,,[Full trail in lease-clauses.csv notes and lease-clause-decision-log-MA.md.]
holdover-rate-ma,LEASE_CLAUSE,MA,"Mass. Gen. Laws ch. 186, § 3; 940 Mass. Code Regs. 3.17(6)(c); Mass. Gen. Laws ch. 239, § 9-11",CITED,VERIFIED,2026-10-08,2026-10-08,,[Full trail in lease-clauses.csv notes and lease-clause-decision-log-MA.md.]
rental-application-accuracy-ma,LEASE_CLAUSE,MA,"Mass. Gen. Laws ch. 239, § 16(j); 2024 Mass. Acts ch. 150, § 144; Mass. Gen. Laws ch. 276, § 100A; Mass. Gen. Laws ch. 276, § 100N",CITED,VERIFIED,2026-10-08,2026-10-08,rental-application-accuracy,[Full trail in lease-clauses.csv notes and lease-clause-decision-log-MA.md.]
fire-relocation-benefit-notice-ma,LEASE_CLAUSE,MA,"Mass. Gen. Laws ch. 175, § 99",CITED,VERIFIED,2026-10-08,2026-10-08,,[Full trail in lease-clauses.csv notes and lease-clause-decision-log-MA.md.]
common-area-lighting-ma,LEASE_CLAUSE,MA,105 Mass. Code Regs. 410.300(F),CITED,VERIFIED,2026-10-08,2026-10-08,,[Full trail in lease-clauses.csv notes and lease-clause-decision-log-MA.md.]
sanitary-code-variance-ma,LEASE_CLAUSE,MA,105 Mass. Code Regs. 410.700(D),CITED,VERIFIED,2026-10-08,2026-10-08,,[Full trail in lease-clauses.csv notes and lease-clause-decision-log-MA.md.]
condo-repair-contact-ma,LEASE_CLAUSE,MA,"Mass. Gen. Laws ch. 183A, § 10(k); Mass. Gen. Laws ch. 183A, § 4",CITED,VERIFIED,2026-10-08,2026-10-08,,[Full trail in lease-clauses.csv notes and lease-clause-decision-log-MA.md.]
activity-use-limitation-ma,LEASE_CLAUSE,MA,310 Mass. Code Regs. 40.1074(5),CITED,VERIFIED,2026-10-08,2026-10-08,,[Full trail in lease-clauses.csv notes and lease-clause-decision-log-MA.md.]
snow-removal-ma,LEASE_CLAUSE,MA,105 Mass. Code Regs. 410.260(D)(4),CITED,VERIFIED,2026-10-08,2026-10-08,snow-removal,[Full trail in lease-clauses.csv notes and lease-clause-decision-log-MA.md.]
collection-costs-ma,LEASE_CLAUSE,MA,"940 Mass. Code Regs. 7.07(16); 940 Mass. Code Regs. 7.03; Mass. Gen. Laws ch. 186, § 15B(1)(c); Mass. Gen. Laws ch. 186, § 20",CITED,VERIFIED,2026-10-08,2026-10-08,,[Full trail in lease-clauses.csv notes and lease-clause-decision-log-MA.md.]
edu-credit-card-surcharge-ma,LANDLORD_EDUCATION,MA,"Mass. Gen. Laws ch. 140D, § 28A(a)(2); Mass. Gen. Laws ch. 140D, § 1; Mass. Gen. Laws ch. 140D, § 28A; Mass. Gen. Laws ch. 93, § 48B",CITED,NEEDS_REVIEW,2026-10-08,2026-10-08,,[Full trail in lease-clauses.csv notes and lease-clause-decision-log-MA.md.]
edu-no-payment-method-rule-ma,LANDLORD_EDUCATION,MA,"Mass. Gen. Laws ch. 171, § 75; 254 Mass. Code Regs. 7.00; Mass. Gen. Laws ch. 105A, § 3; Mass. Gen. Laws ch. 235, § 34; 803 Mass. Code Regs. 1.000; Mass. Gen. Laws ch. 140D, § 28A; Absence: MA batteries named in the row's notes (MA log §17, §18)",CONFIRMED_ABSENT,VERIFIED,2026-10-08,2026-10-08,,[Full trail in lease-clauses.csv notes and lease-clause-decision-log-MA.md.]
edu-no-algorithmic-rent-ban-ma,LANDLORD_EDUCATION,MA,"Mass. Gen. Laws ch. 93, § 4; Mass. Gen. Laws ch. 93, § 1; Absence: MA batteries named in the row's notes (MA log §17, §18)",CONFIRMED_ABSENT,VERIFIED,2026-10-08,2026-10-08,,[Full trail in lease-clauses.csv notes and lease-clause-decision-log-MA.md.]
edu-no-application-fee-ma,LANDLORD_EDUCATION,MA,"Mass. Gen. Laws ch. 186, § 15B(1)(b); Mass. Gen. Laws ch. 186, § 15B(8); 940 Mass. Code Regs. 3.17(4)(a); 940 Mass. Code Regs. 10.00; Absence: MA batteries named in the row's notes (MA log §17, §18)",CONFIRMED_ABSENT,VERIFIED,2026-10-08,2026-10-08,,[Full trail in lease-clauses.csv notes and lease-clause-decision-log-MA.md.]
edu-eviction-record-question-ma,LANDLORD_EDUCATION,MA,"Mass. Gen. Laws ch. 239, § 16(j)",CITED,VERIFIED,2026-10-08,2026-10-08,,[Full trail in lease-clauses.csv notes and lease-clause-decision-log-MA.md.]
edu-no-payment-application-order-ma,LANDLORD_EDUCATION,MA,"Mass. Gen. Laws ch. 186, § 15B(1)(c); Absence: MA batteries named in the row's notes (MA log §17, §18)",CONFIRMED_ABSENT,VERIFIED,2026-10-08,2026-10-08,,[Full trail in lease-clauses.csv notes and lease-clause-decision-log-MA.md.]
edu-collection-fees-ma,LANDLORD_EDUCATION,MA,"940 Mass. Code Regs. 7.03; 940 Mass. Code Regs. 7.07(16); Mass. Gen. Laws ch. 186, § 15B(1)(c); 940 Mass. Code Regs. 3.17(6)(c)",CITED,VERIFIED,2026-10-08,2026-10-08,,[Full trail in lease-clauses.csv notes and lease-clause-decision-log-MA.md.]
edu-total-price-advertising-ma,LANDLORD_EDUCATION,MA,940 Mass. Code Regs. 38.03; 940 Mass. Code Regs. 38.04(1); 940 Mass. Code Regs. 38.04; 940 Mass. Code Regs. 38.09,CITED,VERIFIED,2026-10-08,2026-10-08,,[Full trail in lease-clauses.csv notes and lease-clause-decision-log-MA.md.]
edu-fee-disclosure-before-signing-ma,LANDLORD_EDUCATION,MA,"940 Mass. Code Regs. 38.04(2)(a); 940 Mass. Code Regs. 38.04(3); 940 Mass. Code Regs. 38.04(5); 940 Mass. Code Regs. 38.03; 940 Mass. Code Regs. 7.07(16); Mass. Gen. Laws ch. 93, § 48; Mass. Gen. Laws ch. 93, § 255; Mass. Gen. Laws ch. 255D, § 9; Mass. Gen. Laws ch. 255D, § 94; 940 Mass. Code Regs. 7.000; Mass. Gen. Laws ch. 186, § 15B",CITED,VERIFIED,2026-10-08,2026-10-08,,[Full trail in lease-clauses.csv notes and lease-clause-decision-log-MA.md.]
edu-promised-services-ma,LANDLORD_EDUCATION,MA,940 Mass. Code Regs. 3.17(1)(f); 940 Mass. Code Regs. 3.17(1)(g); 940 Mass. Code Regs. 10.00,CITED,VERIFIED,2026-10-08,2026-10-08,,[Full trail in lease-clauses.csv notes and lease-clause-decision-log-MA.md.]
edu-no-fees-as-rent-rule-ma,LANDLORD_EDUCATION,MA,"Mass. Gen. Laws ch. 186, § 15B; Mass. Gen. Laws ch. 186, § 20; 760 Mass. Code Regs. 6.00; Mass. Gen. Laws ch. 186, § 15B(5); Mass. Gen. Laws ch. 186, § 15B(1)(c); Absence: MA batteries named in the row's notes (MA log §17, §18)",CONFIRMED_ABSENT,NEEDS_REVIEW,2026-10-08,2026-10-08,,[Full trail in lease-clauses.csv notes and lease-clause-decision-log-MA.md.]
edu-government-charges-passthrough-ma,LANDLORD_EDUCATION,MA,"Mass. Gen. Laws ch. 186, § 15C; 940 Mass. Code Regs. 3.17(2)(c); Mass. Gen. Laws ch. 59, § 12C; 940 Mass. Code Regs. 38.03",CITED,VERIFIED,2026-10-08,2026-10-08,,[Full trail in lease-clauses.csv notes and lease-clause-decision-log-MA.md.]
edu-late-fee-limits-ma,LANDLORD_EDUCATION,MA,"Mass. Gen. Laws ch. 186, § 15B(1)(c); 940 Mass. Code Regs. 3.17(3)(a); 940 Mass. Code Regs. 3.17(6)(a); 940 Mass. Code Regs. 7.07(16); Mass. Gen. Laws ch. 186, § 15B; Mass. Gen. Laws ch. 186, § 18; Mass. Gen. Laws ch. 186, § 22; Mass. Gen. Laws ch. 186, § 94; 940 Mass. Code Regs. 3.000; 760 Mass. Code Regs. 6.00",CITED,VERIFIED,2026-10-08,2026-10-08,,[Full trail in lease-clauses.csv notes and lease-clause-decision-log-MA.md.]
edu-no-lease-type-parity-ma,LANDLORD_EDUCATION,MA,"Mass. Gen. Laws ch. 186, § 8; Mass. Gen. Laws ch. 186, § 12; Mass. Gen. Laws ch. 186, § 15B(4); Absence: MA batteries named in the row's notes (MA log §17, §18)",CONFIRMED_ABSENT,VERIFIED,2026-10-08,2026-10-08,,[Full trail in lease-clauses.csv notes and lease-clause-decision-log-MA.md.]
edu-no-notice-fee-rule-ma,LANDLORD_EDUCATION,MA,"760 Mass. Code Regs. 6.00; 940 Mass. Code Regs. 40.00; Mass. Gen. Laws ch. 186, § 15B(1)(c); 940 Mass. Code Regs. 7.07(16); Mass. Gen. Laws ch. 186, § 11; Absence: MA batteries named in the row's notes (MA log §17, §18)",CONFIRMED_ABSENT,VERIFIED,2026-10-08,2026-10-08,,[Full trail in lease-clauses.csv notes and lease-clause-decision-log-MA.md.]
edu-rent-concession-limits-ma,LANDLORD_EDUCATION,MA,"Mass. Gen. Laws ch. 186, § 15B(1)(c); 940 Mass. Code Regs. 38.04",CITED,NEEDS_REVIEW,2026-10-08,2026-10-08,,[Full trail in lease-clauses.csv notes and lease-clause-decision-log-MA.md.]
edu-rent-control-prohibited-ma,LANDLORD_EDUCATION,MA,"Mass. Gen. Laws ch. 40P, § 4; Mass. Gen. Laws ch. 40P, § 3; Mass. Gen. Laws ch. 40P, § 5",CITED,VERIFIED,2026-10-08,2026-10-08,,[Full trail in lease-clauses.csv notes and lease-clause-decision-log-MA.md.]
edu-local-rules-and-code-actions-ma,LANDLORD_EDUCATION,MA,"Mass. Gen. Laws ch. 111, § 127I; Mass. Const. amend. art. 89, § 7; Mass. Gen. Laws ch. 111, § 7(5)",CITED,VERIFIED,2026-10-08,2026-10-08,,[Full trail in lease-clauses.csv notes and lease-clause-decision-log-MA.md.]
edu-rent-escalation-retaliation-ma,LANDLORD_EDUCATION,MA,"940 Mass. Code Regs. 3.17(3)(a); Mass. Gen. Laws ch. 186, § 15C; Mass. Gen. Laws ch. 186, § 18; Mass. Gen. Laws ch. 239, § 2A",CITED,VERIFIED,2026-10-08,2026-10-08,,[Full trail in lease-clauses.csv notes and lease-clause-decision-log-MA.md.]
edu-rent-increase-notice-ma,LANDLORD_EDUCATION,MA,"Mass. Gen. Laws ch. 186, § 12; 940 Mass. Code Regs. 3.17(3)(a); Mass. Gen. Laws ch. 186, § 18; Mass. Gen. Laws ch. 140, § 32L; Mass. Gen. Laws ch. 140, § 94; 940 Mass. Code Regs. 10.00; 760 Mass. Code Regs. 6.00; 940 Mass. Code Regs. 3.18(3)",CITED,VERIFIED,2026-10-08,2026-10-08,,[Full trail in lease-clauses.csv notes and lease-clause-decision-log-MA.md.]
edu-no-rent-installment-rule-ma,LANDLORD_EDUCATION,MA,"Mass. Gen. Laws ch. 106, § 2A-522; Mass. Gen. Laws ch. 183A, § 6; Mass. Gen. Laws ch. 186, § 15B(1)(d); Absence: MA batteries named in the row's notes (MA log §17, §18)",CONFIRMED_ABSENT,VERIFIED,2026-10-08,2026-10-08,,[Full trail in lease-clauses.csv notes and lease-clause-decision-log-MA.md.]
edu-no-advance-rent-ma,LANDLORD_EDUCATION,MA,"Mass. Gen. Laws ch. 186, § 15B(1)(d); 940 Mass. Code Regs. 3.17(4)(a); Mass. Gen. Laws ch. 111, § 127L; Mass. Gen. Laws ch. 239, § 8A",CITED,VERIFIED,2026-10-08,2026-10-08,,[Full trail in lease-clauses.csv notes and lease-clause-decision-log-MA.md.]
edu-no-monthly-rent-receipt-rule-ma,LANDLORD_EDUCATION,MA,"Mass. Gen. Laws ch. 186, § 15B; Mass. Gen. Laws ch. 186, § 12; Mass. Gen. Laws ch. 140, § 32P; Mass. Gen. Laws ch. 186, § 15B(2)(a); Mass. Gen. Laws ch. 186, § 15B(2)(b); Absence: MA batteries named in the row's notes (MA log §17, §18)",CONFIRMED_ABSENT,VERIFIED,2026-10-08,2026-10-08,,[Full trail in lease-clauses.csv notes and lease-clause-decision-log-MA.md.]
edu-no-rent-reporting-rule-ma,LANDLORD_EDUCATION,MA,"Mass. Gen. Laws ch. 221, § 17; Mass. Gen. Laws ch. 239, § 17; 2025 Mass. Acts ch. 73, § 54; Mass. Gen. Laws ch. 239, § 17(e); Absence: MA batteries named in the row's notes (MA log §17, §18)",CONFIRMED_ABSENT,VERIFIED,2026-10-08,2026-10-08,,[Full trail in lease-clauses.csv notes and lease-clause-decision-log-MA.md.]
edu-rent-tax-ma,LANDLORD_EDUCATION,MA,"Mass. Gen. Laws ch. 64H, § 1; Mass. Gen. Laws ch. 64G, § 1; Mass. Gen. Laws ch. 64G, § 3",CITED,NEEDS_REVIEW,2026-10-08,2026-10-08,,[Full trail in lease-clauses.csv notes and lease-clause-decision-log-MA.md.]
edu-dishonored-check-remedy-ma,LANDLORD_EDUCATION,MA,"Mass. Gen. Laws ch. 93, § 40A; Mass. Gen. Laws ch. 266, § 37; Mass. Gen. Laws ch. 186, § 15B(1)(c)",CITED,NEEDS_REVIEW,2026-10-08,2026-10-08,,[Full trail in lease-clauses.csv notes and lease-clause-decision-log-MA.md.]
edu-postdated-check-arrears-ma,LANDLORD_EDUCATION,MA,940 Mass. Code Regs. 7.07(17); 940 Mass. Code Regs. 7.03,CITED,VERIFIED,2026-10-08,2026-10-08,,[Full trail in lease-clauses.csv notes and lease-clause-decision-log-MA.md.]
edu-shutdown-late-fee-ma,LANDLORD_EDUCATION,MA,"2025 Mass. Acts ch. 73, § 54; Mass. Gen. Laws ch. 239, § 17; Mass. Gen. Laws ch. 221, § 17; 2026 Mass. Acts ch. 137, § 84",CITED,VERIFIED,2026-10-08,2026-10-08,,[Full trail in lease-clauses.csv notes and lease-clause-decision-log-MA.md.]
edu-shutdown-eviction-limits-ma,LANDLORD_EDUCATION,MA,"2025 Mass. Acts ch. 73, § 54; Mass. Gen. Laws ch. 239, § 17; Mass. Gen. Laws ch. 221, § 17; 2026 Mass. Acts ch. 137, § 84",CITED,VERIFIED,2026-10-08,2026-10-08,,[Full trail in lease-clauses.csv notes and lease-clause-decision-log-MA.md.]
edu-shutdown-last-month-rent-ma,LANDLORD_EDUCATION,MA,"2025 Mass. Acts ch. 73, § 54; Mass. Gen. Laws ch. 239, § 17; Mass. Gen. Laws ch. 221, § 17; 2026 Mass. Acts ch. 137, § 84",CITED,VERIFIED,2026-10-08,2026-10-08,,[Full trail in lease-clauses.csv notes and lease-clause-decision-log-MA.md.]
edu-subsidy-payment-delays-ma,LANDLORD_EDUCATION,MA,"Mass. Gen. Laws ch. 186, § 15B(1)(c); Mass. Gen. Laws ch. 186, § 11; Mass. Gen. Laws ch. 186, § 12",CITED,VERIFIED,2026-10-08,2026-10-08,,[Full trail in lease-clauses.csv notes and lease-clause-decision-log-MA.md.]
edu-interest-on-unpaid-amounts-ma,LANDLORD_EDUCATION,MA,"Mass. Gen. Laws ch. 107, § 3; Mass. Gen. Laws ch. 186, § 15B(1)(c); Mass. Gen. Laws ch. 231, § 6C; 940 Mass. Code Regs. 7.07(16)",CITED,VERIFIED,2026-10-08,2026-10-08,,[Full trail in lease-clauses.csv notes and lease-clause-decision-log-MA.md.]
edu-veteran-rent-arrears-ma,LANDLORD_EDUCATION,MA,108 Mass. Code Regs. 7.00; 803 Mass. Code Regs. 5.00; 108 Mass. Code Regs. 7.07(2),CITED,NEEDS_REVIEW,2026-10-08,2026-10-08,,[Full trail in lease-clauses.csv notes and lease-clause-decision-log-MA.md.]
edu-no-acceptance-waiver-statute-ma,LANDLORD_EDUCATION,MA,"760 Mass. Code Regs. 6.00; Mass. Gen. Laws ch. 186, § 11; Mass. Gen. Laws ch. 186, § 12; Absence: MA batteries named in the row's notes (MA log §17, §18)",CONFIRMED_ABSENT,VERIFIED,2026-10-08,2026-10-08,,[Full trail in lease-clauses.csv notes and lease-clause-decision-log-MA.md.]
edu-statement-of-condition-ma,LANDLORD_EDUCATION,MA,"Mass. Gen. Laws ch. 186, § 15B(2)(c); Mass. Gen. Laws ch. 186, § 15B(1)(b)(iii); 940 Mass. Code Regs. 3.17(4)(e); Mass. Gen. Laws ch. 186, § 15B(4); Mass. Gen. Laws ch. 186, § 15B(9)",CITED,VERIFIED,2026-10-08,2026-10-08,,[Full trail in lease-clauses.csv notes and lease-clause-decision-log-MA.md.]
edu-move-out-inspection-ma,LANDLORD_EDUCATION,MA,"Mass. Gen. Laws ch. 186, § 15B(1)(a)(iii); Mass. Gen. Laws ch. 186, § 15B(4)",CITED,VERIFIED,2026-10-08,2026-10-08,,[Full trail in lease-clauses.csv notes and lease-clause-decision-log-MA.md.]
edu-no-preset-deposit-charges-ma,LANDLORD_EDUCATION,MA,"Mass. Gen. Laws ch. 186, § 15B(4); Mass. Gen. Laws ch. 186, § 15B(6)(c); Mass. Gen. Laws ch. 186, § 15B(8)",CITED,VERIFIED,2026-10-08,2026-10-08,,[Full trail in lease-clauses.csv notes and lease-clause-decision-log-MA.md.]
edu-unclaimed-deposit-refund-ma,LANDLORD_EDUCATION,MA,"Mass. Gen. Laws ch. 200A, § 1; Mass. Gen. Laws ch. 200A, § 5; Mass. Gen. Laws ch. 200A, § 7(d); Mass. Gen. Laws ch. 200A, § 8A; Mass. Gen. Laws ch. 200A, § 12(c); Mass. Gen. Laws ch. 186, § 15B(8); Mass. Gen. Laws ch. 200A, § 15C",CITED,NEEDS_REVIEW,2026-10-08,2026-10-08,,[Full trail in lease-clauses.csv notes and lease-clause-decision-log-MA.md.]
edu-no-deposit-installment-right-ma,LANDLORD_EDUCATION,MA,"Mass. Gen. Laws ch. 239, § 8A; Mass. Gen. Laws ch. 239, § 11; Mass. Gen. Laws ch. 186, § 15B(1)(b)(iii); Absence: MA batteries named in the row's notes (MA log §17, §18)",CONFIRMED_ABSENT,VERIFIED,2026-10-08,2026-10-08,,[Full trail in lease-clauses.csv notes and lease-clause-decision-log-MA.md.]
edu-last-month-rent-receipt-ma,LANDLORD_EDUCATION,MA,"Mass. Gen. Laws ch. 186, § 15B(2)(a); 940 Mass. Code Regs. 3.17(4)(b)",CITED,VERIFIED,2026-10-08,2026-10-08,,[Full trail in lease-clauses.csv notes and lease-clause-decision-log-MA.md.]
edu-last-month-rent-interest-ma,LANDLORD_EDUCATION,MA,"Mass. Gen. Laws ch. 186, § 15B(2)(a)",CITED,VERIFIED,2026-10-08,2026-10-08,,[Full trail in lease-clauses.csv notes and lease-clause-decision-log-MA.md.]
edu-no-refund-conditions-ma,LANDLORD_EDUCATION,MA,"Mass. Gen. Laws ch. 186, § 15B(4); Mass. Gen. Laws ch. 186, § 15B(8); Mass. Gen. Laws ch. 186, § 15B(6)(c); Mass. Gen. Laws ch. 186, § 15B(2)(a); Absence: MA batteries named in the row's notes (MA log §17, §18)",CONFIRMED_ABSENT,VERIFIED,2026-10-08,2026-10-08,,[Full trail in lease-clauses.csv notes and lease-clause-decision-log-MA.md.]
edu-dv-termination-deposit-ma,LANDLORD_EDUCATION,MA,"Mass. Gen. Laws ch. 186, § 24(c); Mass. Gen. Laws ch. 186, § 24(d)",CITED,VERIFIED,2026-10-08,2026-10-08,,[Full trail in lease-clauses.csv notes and lease-clause-decision-log-MA.md.]
edu-no-expedited-deposit-fee-ma,LANDLORD_EDUCATION,MA,"Mass. Gen. Laws ch. 186, § 15B(4); Mass. Gen. Laws ch. 186, § 15B(8); Absence: MA batteries named in the row's notes (MA log §17, §18)",CONFIRMED_ABSENT,VERIFIED,2026-10-08,2026-10-08,,[Full trail in lease-clauses.csv notes and lease-clause-decision-log-MA.md.]
edu-fee-in-lieu-of-deposit-ma,LANDLORD_EDUCATION,MA,"Mass. Gen. Laws ch. 186, § 15B(1)(b)(iii); 2024 Mass. Acts ch. 150, § 50",CITED,VERIFIED,2026-10-08,2026-10-08,,[Full trail in lease-clauses.csv notes and lease-clause-decision-log-MA.md.]
edu-holding-deposit-ma,LANDLORD_EDUCATION,MA,"Mass. Gen. Laws ch. 186, § 15B(1)(b); Mass. Gen. Laws ch. 186, § 15B(3)(a); 940 Mass. Code Regs. 3.17(6)(c); 940 Mass. Code Regs. 3.17; Mass. Gen. Laws ch. 40T, § 4; Mass. Gen. Laws ch. 186, § 15B(2)(b); Mass. Gen. Laws ch. 186, § 15B(2)(c)",CITED,NEEDS_REVIEW,2026-10-08,2026-10-08,,[Full trail in lease-clauses.csv notes and lease-clause-decision-log-MA.md.]
edu-no-nonrefundable-deposit-ma,LANDLORD_EDUCATION,MA,"Mass. Gen. Laws ch. 186, § 15B(1)(e); Mass. Gen. Laws ch. 186, § 15B(4); Mass. Gen. Laws ch. 186, § 15B(1)(b); Mass. Gen. Laws ch. 186, § 15B(1)(b)(iii)",CITED,VERIFIED,2026-10-08,2026-10-08,,[Full trail in lease-clauses.csv notes and lease-clause-decision-log-MA.md.]
edu-deposit-bank-account-ma,LANDLORD_EDUCATION,MA,"Mass. Gen. Laws ch. 186, § 15B(3)(a); Mass. Gen. Laws ch. 186, § 15B(1)(e); Mass. Gen. Laws ch. 186, § 15B(6)(a); 940 Mass. Code Regs. 3.17(4)(d); Mass. Gen. Laws ch. 186, § 15B(9)",CITED,VERIFIED,2026-10-08,2026-10-08,,[Full trail in lease-clauses.csv notes and lease-clause-decision-log-MA.md.]
edu-deposit-receipt-and-records-ma,LANDLORD_EDUCATION,MA,"Mass. Gen. Laws ch. 186, § 15B(2)(b); Mass. Gen. Laws ch. 186, § 15B(2)(d); 940 Mass. Code Regs. 3.17(4)(b)",CITED,VERIFIED,2026-10-08,2026-10-08,,[Full trail in lease-clauses.csv notes and lease-clause-decision-log-MA.md.]
edu-deposit-interest-ma,LANDLORD_EDUCATION,MA,"Mass. Gen. Laws ch. 186, § 15B(3)(b); 940 Mass. Code Regs. 3.17(4)(c)",CITED,VERIFIED,2026-10-08,2026-10-08,,[Full trail in lease-clauses.csv notes and lease-clause-decision-log-MA.md.]
edu-deposit-rights-nonwaivable-ma,LANDLORD_EDUCATION,MA,"Mass. Gen. Laws ch. 186, § 15B(8); Mass. Gen. Laws ch. 186, § 15B(6)(c); Mass. Gen. Laws ch. 186, § 15B(6)",CITED,VERIFIED,2026-10-08,2026-10-08,,[Full trail in lease-clauses.csv notes and lease-clause-decision-log-MA.md.]
edu-deposit-transfer-on-sale-ma,LANDLORD_EDUCATION,MA,"Mass. Gen. Laws ch. 186, § 15B(5); Mass. Gen. Laws ch. 186, § 15B(7A); 940 Mass. Code Regs. 3.17(4)(i)",CITED,VERIFIED,2026-10-08,2026-10-08,,[Full trail in lease-clauses.csv notes and lease-clause-decision-log-MA.md.]
edu-deposit-duties-on-purchase-ma,LANDLORD_EDUCATION,MA,"Mass. Gen. Laws ch. 186, § 15B(5); Mass. Gen. Laws ch. 186, § 15B(7A); 940 Mass. Code Regs. 3.17(4)(j)",CITED,VERIFIED,2026-10-08,2026-10-08,,[Full trail in lease-clauses.csv notes and lease-clause-decision-log-MA.md.]
edu-deposit-penalties-ma,LANDLORD_EDUCATION,MA,"Mass. Gen. Laws ch. 186, § 15B(6); Mass. Gen. Laws ch. 186, § 15B(7); Mass. Gen. Laws ch. 186, § 15B(3)(a); 940 Mass. Code Regs. 3.00; 940 Mass. Code Regs. 3.17(4)",CITED,VERIFIED,2026-10-08,2026-10-08,,[Full trail in lease-clauses.csv notes and lease-clause-decision-log-MA.md.]
edu-deposit-return-clock-ma,LANDLORD_EDUCATION,MA,"Mass. Gen. Laws ch. 186, § 15B(4); 940 Mass. Code Regs. 3.17(4)(f)",CITED,VERIFIED,2026-10-08,2026-10-08,,[Full trail in lease-clauses.csv notes and lease-clause-decision-log-MA.md.]
edu-no-deposit-standards-rule-ma,LANDLORD_EDUCATION,MA,"Mass. Gen. Laws ch. 186, § 15B(1)(b)(iii); 940 Mass. Code Regs. 3.17(3)(b); Absence: MA batteries named in the row's notes (MA log §17, §18)",CONFIRMED_ABSENT,VERIFIED,2026-10-08,2026-10-08,,[Full trail in lease-clauses.csv notes and lease-clause-decision-log-MA.md.]
edu-no-utility-deposit-ma,LANDLORD_EDUCATION,MA,"Mass. Gen. Laws ch. 186, § 15B(1)(b); Mass. Gen. Laws ch. 186, § 15B(1)(d); Mass. Gen. Laws ch. 186, § 15B(4)",CITED,VERIFIED,2026-10-08,2026-10-08,,[Full trail in lease-clauses.csv notes and lease-clause-decision-log-MA.md.]
edu-disability-modifications-ma,LANDLORD_EDUCATION,MA,"Mass. Gen. Laws ch. 151B, § 4(7A)(1); Mass. Gen. Laws ch. 111, § 127L; Mass. Gen. Laws ch. 111, § 4(7A); Mass. Gen. Laws ch. 111, § 4(7)",CITED,VERIFIED,2026-10-08,2026-10-08,,[Full trail in lease-clauses.csv notes and lease-clause-decision-log-MA.md.]
edu-pest-treatment-cooperation-ma,LANDLORD_EDUCATION,MA,105 Mass. Code Regs. 410.003(E); 105 Mass. Code Regs. 410.550(D)(1); 105 Mass. Code Regs. 410.010,CITED,VERIFIED,2026-10-08,2026-10-08,,[Full trail in lease-clauses.csv notes and lease-clause-decision-log-MA.md.]
edu-pest-responsibility-ma,LANDLORD_EDUCATION,MA,105 Mass. Code Regs. 410.550(A); 105 Mass. Code Regs. 410.550(E),CITED,VERIFIED,2026-10-08,2026-10-08,,[Full trail in lease-clauses.csv notes and lease-clause-decision-log-MA.md.]
edu-no-cold-weather-vacate-notice-ma,LANDLORD_EDUCATION,MA,"Mass. Gen. Laws ch. 186, § 15A; Absence: MA batteries named in the row's notes (MA log §17, §18)",CONFIRMED_ABSENT,VERIFIED,2026-10-08,2026-10-08,,[Full trail in lease-clauses.csv notes and lease-clause-decision-log-MA.md.]
edu-tenant-improvement-liens-ma,LANDLORD_EDUCATION,MA,"Mass. Gen. Laws ch. 254, § 1; Mass. Gen. Laws ch. 254, § 2; Mass. Gen. Laws ch. 254, § 25; Mass. Gen. Laws ch. 254, § 32",CITED,NEEDS_REVIEW,2026-10-08,2026-10-08,,[Full trail in lease-clauses.csv notes and lease-clause-decision-log-MA.md.]
edu-disclose-code-violations-ma,LANDLORD_EDUCATION,MA,940 Mass. Code Regs. 3.17(1)(c); 940 Mass. Code Regs. 3.17(1)(d); 940 Mass. Code Regs. 3.17(1)(a),CITED,NEEDS_REVIEW,2026-10-08,2026-10-08,,[Full trail in lease-clauses.csv notes and lease-clause-decision-log-MA.md.]
edu-no-extended-absence-notice-ma,LANDLORD_EDUCATION,MA,"205 Mass. Code Regs. 4.000; Mass. Gen. Laws ch. 186, § 15B(1)(a); Absence: MA batteries named in the row's notes (MA log §17, §18)",CONFIRMED_ABSENT,VERIFIED,2026-10-08,2026-10-08,,[Full trail in lease-clauses.csv notes and lease-clause-decision-log-MA.md.]
edu-no-family-child-care-rule-ma,LANDLORD_EDUCATION,MA,"Mass. Gen. Laws ch. 40A, § 3; 105 Mass. Code Regs. 460.000; 606 Mass. Code Regs. 7.00; Absence: MA batteries named in the row's notes (MA log §17, §18)",CONFIRMED_ABSENT,VERIFIED,2026-10-08,2026-10-08,,[Full trail in lease-clauses.csv notes and lease-clause-decision-log-MA.md.]
edu-no-home-business-statute-ma,LANDLORD_EDUCATION,MA,"Mass. Gen. Laws ch. 40C, § 8; 540 Mass. Code Regs. 18.000; Absence: MA batteries named in the row's notes (MA log §17, §18)",CONFIRMED_ABSENT,VERIFIED,2026-10-08,2026-10-08,,[Full trail in lease-clauses.csv notes and lease-clause-decision-log-MA.md.]
edu-joint-liability-dv-release-ma,LANDLORD_EDUCATION,MA,"Mass. Gen. Laws ch. 186, § 24(c); Mass. Gen. Laws ch. 186, § 24(d); Mass. Gen. Laws ch. 186, § 28; Mass. Gen. Laws ch. 186, § 23; Mass. Gen. Laws ch. 186, § 24(a)",CITED,VERIFIED,2026-10-08,2026-10-08,,[Full trail in lease-clauses.csv notes and lease-clause-decision-log-MA.md.]
edu-yard-work-code-duty-ma,LANDLORD_EDUCATION,MA,"105 Mass. Code Regs. 410.570(A); 105 Mass. Code Regs. 410.003(B); Mass. Gen. Laws ch. 111, § 127L",CITED,NEEDS_REVIEW,2026-10-08,2026-10-08,,[Full trail in lease-clauses.csv notes and lease-clause-decision-log-MA.md.]
edu-water-sewer-lien-ma,LANDLORD_EDUCATION,MA,"Mass. Gen. Laws ch. 40, § 42A; Mass. Gen. Laws ch. 40, § 42B; Mass. Gen. Laws ch. 40, § 42F; Mass. Gen. Laws ch. 83, § 16A; Mass. Gen. Laws ch. 83, § 16F; Mass. Gen. Laws ch. 83, § 42A-42F; Mass. Gen. Laws ch. 83, § 16A-16F",CITED,VERIFIED,2026-10-08,2026-10-08,,[Full trail in lease-clauses.csv notes and lease-clause-decision-log-MA.md.]
edu-municipal-charges-lien-ma,LANDLORD_EDUCATION,MA,"Mass. Gen. Laws ch. 40, § 58",CITED,VERIFIED,2026-10-08,2026-10-08,,[Full trail in lease-clauses.csv notes and lease-clause-decision-log-MA.md.]
edu-occupancy-space-standard-ma,LANDLORD_EDUCATION,MA,105 Mass. Code Regs. 410.420(D)(1); 105 Mass. Code Regs. 410.003(A); 105 Mass. Code Regs. 410.600(B),CITED,VERIFIED,2026-10-08,2026-10-08,,[Full trail in lease-clauses.csv notes and lease-clause-decision-log-MA.md.]
edu-children-occupancy-ma,LANDLORD_EDUCATION,MA,"Mass. Gen. Laws ch. 186, § 16; Mass. Gen. Laws ch. 151B, § 4; Mass. Gen. Laws ch. 151B, § 4(11)",CITED,VERIFIED,2026-10-08,2026-10-08,,[Full trail in lease-clauses.csv notes and lease-clause-decision-log-MA.md.]
edu-code-prohibited-tenant-acts-ma,LANDLORD_EDUCATION,MA,"105 Mass. Code Regs. 410.003(C); 105 Mass. Code Regs. 410.260(B); 105 Mass. Code Regs. 410.003(E); 105 Mass. Code Regs. 410.930; Mass. Gen. Laws ch. 121B, § 32C; Mass. Gen. Laws ch. 186, § 15B(4)",CITED,VERIFIED,2026-10-08,2026-10-08,,[Full trail in lease-clauses.csv notes and lease-clause-decision-log-MA.md.]
edu-tenant-code-duties-ma,LANDLORD_EDUCATION,MA,105 Mass. Code Regs. 410.003(F); 105 Mass. Code Regs. 410.510; 105 Mass. Code Regs. 410.240(A); 105 Mass. Code Regs. 410.550(A); 105 Mass. Code Regs. 410.560(A),CITED,VERIFIED,2026-10-08,2026-10-08,,[Full trail in lease-clauses.csv notes and lease-clause-decision-log-MA.md.]
edu-no-purpose-limitation-ma,LANDLORD_EDUCATION,MA,"Mass. Gen. Laws ch. 139, § 19; Absence: MA batteries named in the row's notes (MA log §17, §18)",CONFIRMED_ABSENT,VERIFIED,2026-10-08,2026-10-08,,[Full trail in lease-clauses.csv notes and lease-clause-decision-log-MA.md.]
edu-sublet-short-term-rental-ma,LANDLORD_EDUCATION,MA,"Mass. Gen. Laws ch. 64G, § 15; Mass. Gen. Laws ch. 64G, § 1; Mass. Gen. Laws ch. 64G, § 14; 105 Mass. Code Regs. 460.000; 740 Mass. Code Regs. 21.000; 760 Mass. Code Regs. 6.000; 940 Mass. Code Regs. 10.000",CITED,VERIFIED,2026-10-08,2026-10-08,,[Full trail in lease-clauses.csv notes and lease-clause-decision-log-MA.md.]
edu-marijuana-vaping-limit-ma,LANDLORD_EDUCATION,MA,"Mass. Gen. Laws ch. 94G, § 2(d)(1); Mass. Gen. Laws ch. 270, § 22",CITED,VERIFIED,2026-10-08,2026-10-08,,[Full trail in lease-clauses.csv notes and lease-clause-decision-log-MA.md.]
edu-no-smoke-drift-statute-ma,LANDLORD_EDUCATION,MA,"940 Mass. Code Regs. 3.17(1)(f); Absence: MA batteries named in the row's notes (MA log §17, §18)",CONFIRMED_ABSENT,NEEDS_REVIEW,2026-10-08,2026-10-08,,[Full trail in lease-clauses.csv notes and lease-clause-decision-log-MA.md.]
edu-no-forward-proceedings-duty-ma,LANDLORD_EDUCATION,MA,"Mass. Gen. Laws ch. 183, § 54B; Absence: MA batteries named in the row's notes (MA log §17, §18)",CONFIRMED_ABSENT,VERIFIED,2026-10-08,2026-10-08,,[Full trail in lease-clauses.csv notes and lease-clause-decision-log-MA.md.]
edu-well-septic-owner-duty-ma,LANDLORD_EDUCATION,MA,"105 Mass. Code Regs. 410.130(A); 105 Mass. Code Regs. 410.235(A)(11); Mass. Gen. Laws ch. 111, § 127L; 105 Mass. Code Regs. 410.240(B); 310 Mass. Code Regs. 15.000",CITED,NEEDS_REVIEW,2026-10-08,2026-10-08,,[Full trail in lease-clauses.csv notes and lease-clause-decision-log-MA.md.]
edu-prior-occupant-utility-debt-ma,LANDLORD_EDUCATION,MA,"Mass. Gen. Laws ch. 164, § 125; Mass. Gen. Laws ch. 165, § 11C; Mass. Gen. Laws ch. 40, § 42A",CITED,VERIFIED,2026-10-08,2026-10-08,,[Full trail in lease-clauses.csv notes and lease-clause-decision-log-MA.md.]
edu-landlord-account-shutoff-ma,LANDLORD_EDUCATION,MA,"Mass. Gen. Laws ch. 164, § 124D; Mass. Gen. Laws ch. 165, § 11E; 940 Mass. Code Regs. 3.17(6)(g)",CITED,VERIFIED,2026-10-08,2026-10-08,,[Full trail in lease-clauses.csv notes and lease-clause-decision-log-MA.md.]
edu-no-electric-submeter-regime-ma,LANDLORD_EDUCATION,MA,"Mass. Gen. Laws ch. 23K, § 18; 105 Mass. Code Regs. 410.000; 105 Mass. Code Regs. 410.200(A); Mass. Gen. Laws ch. 186, § 22; Absence: MA batteries named in the row's notes (MA log §17, §18)",CONFIRMED_ABSENT,VERIFIED,2026-10-08,2026-10-08,,[Full trail in lease-clauses.csv notes and lease-clause-decision-log-MA.md.]
edu-no-utility-cutoff-ma,LANDLORD_EDUCATION,MA,"Mass. Gen. Laws ch. 186, § 14; 105 Mass. Code Regs. 410.003(C)",CITED,VERIFIED,2026-10-08,2026-10-08,,[Full trail in lease-clauses.csv notes and lease-clause-decision-log-MA.md.]
edu-smoke-detector-duty-ma,LANDLORD_EDUCATION,MA,"Mass. Gen. Laws ch. 148, § 26E(a); Mass. Gen. Laws ch. 148, § 26E(b); 105 Mass. Code Regs. 410.330(A); 105 Mass. Code Regs. 410.240(B)(5); Mass. Gen. Laws ch. 148, § 26A-26C; 527 Mass. Code Regs. 1.00",CITED,VERIFIED,2026-10-08,2026-10-08,,[Full trail in lease-clauses.csv notes and lease-clause-decision-log-MA.md.]
edu-co-alarm-duty-ma,LANDLORD_EDUCATION,MA,"Mass. Gen. Laws ch. 148, § 26F½(a); Mass. Gen. Laws ch. 148, § 26F½(e); 105 Mass. Code Regs. 410.330(A)",CITED,VERIFIED,2026-10-08,2026-10-08,,[Full trail in lease-clauses.csv notes and lease-clause-decision-log-MA.md.]
edu-no-alarm-tampering-fee-ma,LANDLORD_EDUCATION,MA,"105 Mass. Code Regs. 451.000; 310 Mass. Code Regs. 7.000; 940 Mass. Code Regs. 3.17(6)(c); 105 Mass. Code Regs. 410.330(A); Absence: MA batteries named in the row's notes (MA log §17, §18)",CONFIRMED_ABSENT,NEEDS_REVIEW,2026-10-08,2026-10-08,,[Full trail in lease-clauses.csv notes and lease-clause-decision-log-MA.md.]
edu-condemnation-alt-housing-ma,LANDLORD_EDUCATION,MA,105 Mass. Code Regs. 410.900(E),CITED,VERIFIED,2026-10-08,2026-10-08,,[Full trail in lease-clauses.csv notes and lease-clause-decision-log-MA.md.]
edu-owner-installed-appliances-ma,LANDLORD_EDUCATION,MA,105 Mass. Code Regs. 410.235(B); 105 Mass. Code Regs. 410.003(D); 105 Mass. Code Regs. 410.100(A)(5); 105 Mass. Code Regs. 410.240(A),CITED,VERIFIED,2026-10-08,2026-10-08,,[Full trail in lease-clauses.csv notes and lease-clause-decision-log-MA.md.]
edu-no-balcony-inspection-mandate-ma,LANDLORD_EDUCATION,MA,"105 Mass. Code Regs. 410.260(D)(2); 105 Mass. Code Regs. 410.630(A)(16); Absence: MA batteries named in the row's notes (MA log §17, §18)",CONFIRMED_ABSENT,VERIFIED,2026-10-08,2026-10-08,,[Full trail in lease-clauses.csv notes and lease-clause-decision-log-MA.md.]
edu-no-condemned-rent-bar-ma,LANDLORD_EDUCATION,MA,"940 Mass. Code Regs. 40.000; 105 Mass. Code Regs. 410.900(E); Mass. Gen. Laws ch. 239, § 8A; 940 Mass. Code Regs. 3.17(6)(d); Absence: MA batteries named in the row's notes (MA log §17, §18)",CONFIRMED_ABSENT,NEEDS_REVIEW,2026-10-08,2026-10-08,,[Full trail in lease-clauses.csv notes and lease-clause-decision-log-MA.md.]
edu-no-designated-repairer-ma,LANDLORD_EDUCATION,MA,"Mass. Gen. Laws ch. 111, § 127L; Absence: MA batteries named in the row's notes (MA log §17, §18)",CONFIRMED_ABSENT,NEEDS_REVIEW,2026-10-08,2026-10-08,,[Full trail in lease-clauses.csv notes and lease-clause-decision-log-MA.md.]
edu-accommodation-modification-ma,LANDLORD_EDUCATION,MA,"Mass. Gen. Laws ch. 151B, § 4; Mass. Gen. Laws ch. 151B, § 4(7); Mass. Gen. Laws ch. 151B, § 4(6)",CITED,VERIFIED,2026-10-08,2026-10-08,,[Full trail in lease-clauses.csv notes and lease-clause-decision-log-MA.md.]
edu-modification-restoration-ma,LANDLORD_EDUCATION,MA,"Mass. Gen. Laws ch. 151B, § 4; Mass. Gen. Laws ch. 151B, § 4(7A)",CITED,VERIFIED,2026-10-08,2026-10-08,,[Full trail in lease-clauses.csv notes and lease-clause-decision-log-MA.md.]
edu-accessible-unit-vacancy-ma,LANDLORD_EDUCATION,MA,"Mass. Gen. Laws ch. 151B, § 4; Mass. Gen. Laws ch. 151B, § 4(7A)",CITED,VERIFIED,2026-10-08,2026-10-08,,[Full trail in lease-clauses.csv notes and lease-clause-decision-log-MA.md.]
edu-fire-relocation-benefit-notice-ma,LANDLORD_EDUCATION,MA,"Mass. Gen. Laws ch. 175, § 99",CITED,VERIFIED,2026-10-08,2026-10-08,,[Full trail in lease-clauses.csv notes and lease-clause-decision-log-MA.md.]
edu-no-disaster-tenancy-rule-ma,LANDLORD_EDUCATION,MA,"Mass. Gen. Laws ch. 106, § 2A-221; Mass. Gen. Laws ch. 121B, § 32; Mass. Gen. Laws ch. 175, § 99; 105 Mass. Code Regs. 410.900(E); Absence: MA batteries named in the row's notes (MA log §17, §18)",CONFIRMED_ABSENT,VERIFIED,2026-10-08,2026-10-08,,[Full trail in lease-clauses.csv notes and lease-clause-decision-log-MA.md.]
edu-no-double-letting-rule-ma,LANDLORD_EDUCATION,MA,"Absence: MA batteries named in the row's notes (MA log §17, §18)",CONFIRMED_ABSENT,VERIFIED,2026-10-08,2026-10-08,,[Full trail in lease-clauses.csv notes and lease-clause-decision-log-MA.md.]
edu-posted-contact-monitoring-ma,LANDLORD_EDUCATION,MA,105 Mass. Code Regs. 410.400(A); 940 Mass. Code Regs. 3.17(3)(b),CITED,VERIFIED,2026-10-08,2026-10-08,,[Full trail in lease-clauses.csv notes and lease-clause-decision-log-MA.md.]
edu-applicable-codes-ma,LANDLORD_EDUCATION,MA,105 Mass. Code Regs. 410.002(A); 105 Mass. Code Regs. 410.330(A),CITED,VERIFIED,2026-10-08,2026-10-08,,[Full trail in lease-clauses.csv notes and lease-clause-decision-log-MA.md.]
edu-no-furnished-rental-rule-ma,LANDLORD_EDUCATION,MA,"Mass. Gen. Laws ch. 106, § 2A-103; Mass. Gen. Laws ch. 175, § 99; 105 Mass. Code Regs. 460.000; 108 Mass. Code Regs. 7.000; 130 Mass. Code Regs. 461.000; Mass. Gen. Laws ch. 186, § 15B(1)(b); Mass. Gen. Laws ch. 186, § 15B(4); Absence: MA batteries named in the row's notes (MA log §17, §18)",CONFIRMED_ABSENT,NEEDS_REVIEW,2026-10-08,2026-10-08,,[Full trail in lease-clauses.csv notes and lease-clause-decision-log-MA.md.]
edu-serious-code-conditions-ma,LANDLORD_EDUCATION,MA,"105 Mass. Code Regs. 410.630(A); Mass. Gen. Laws ch. 111, § 127L",CITED,VERIFIED,2026-10-08,2026-10-08,,[Full trail in lease-clauses.csv notes and lease-clause-decision-log-MA.md.]
edu-code-duties-written-agreement-ma,LANDLORD_EDUCATION,MA,"105 Mass. Code Regs. 410.200(A); 105 Mass. Code Regs. 410.210; 105 Mass. Code Regs. 410.100(A)(5); 105 Mass. Code Regs. 410.260(D)(4); 105 Mass. Code Regs. 410.300(F); 105 Mass. Code Regs. 410.130(C); Mass. Gen. Laws ch. 111, § 127L",CITED,VERIFIED,2026-10-08,2026-10-08,,[Full trail in lease-clauses.csv notes and lease-clause-decision-log-MA.md.]
edu-habitability-presumptions-ma,LANDLORD_EDUCATION,MA,"Mass. Gen. Laws ch. 239, § 8A",CITED,VERIFIED,2026-10-08,2026-10-08,,[Full trail in lease-clauses.csv notes and lease-clause-decision-log-MA.md.]
edu-no-habitability-lease-statement-ma,LANDLORD_EDUCATION,MA,"Mass. Gen. Laws ch. 121B, § 43; 105 Mass. Code Regs. 410.000; 940 Mass. Code Regs. 3.17(1)(a); 940 Mass. Code Regs. 3.17(1)(d); Absence: MA batteries named in the row's notes (MA log §17, §18)",CONFIRMED_ABSENT,VERIFIED,2026-10-08,2026-10-08,,[Full trail in lease-clauses.csv notes and lease-clause-decision-log-MA.md.]
edu-habitability-not-waivable-ma,LANDLORD_EDUCATION,MA,"Mass. Gen. Laws ch. 111, § 127K; Mass. Gen. Laws ch. 111, § 127L; Mass. Gen. Laws ch. 239, § 8A; 105 Mass. Code Regs. 410.700(A)(1)",CITED,VERIFIED,2026-10-08,2026-10-08,,[Full trail in lease-clauses.csv notes and lease-clause-decision-log-MA.md.]
edu-occupant-rights-notice-ma,LANDLORD_EDUCATION,MA,"105 Mass. Code Regs. 410.400(C); 105 Mass. Code Regs. 410.600(A); Mass. Gen. Laws ch. 111, § 127A",CITED,VERIFIED,2026-10-08,2026-10-08,,[Full trail in lease-clauses.csv notes and lease-clause-decision-log-MA.md.]
edu-heat-standards-ma,LANDLORD_EDUCATION,MA,105 Mass. Code Regs. 410.160(A); 105 Mass. Code Regs. 410.180(A); 105 Mass. Code Regs. 410.210; 105 Mass. Code Regs. 410.200(A),CITED,VERIFIED,2026-10-08,2026-10-08,,[Full trail in lease-clauses.csv notes and lease-clause-decision-log-MA.md.]
edu-tenant-condition-remedies-ma,LANDLORD_EDUCATION,MA,"Mass. Gen. Laws ch. 111, § 127L; Mass. Gen. Laws ch. 239, § 8A; Mass. Gen. Laws ch. 186, § 14; 940 Mass. Code Regs. 3.17(1)",CITED,VERIFIED,2026-10-08,2026-10-08,,[Full trail in lease-clauses.csv notes and lease-clause-decision-log-MA.md.]
edu-owner-repair-duty-ma,LANDLORD_EDUCATION,MA,105 Mass. Code Regs. 410.003(B); 105 Mass. Code Regs. 410.500(A); 105 Mass. Code Regs. 410.640(A); 940 Mass. Code Regs. 3.17(1)(b),CITED,VERIFIED,2026-10-08,2026-10-08,,[Full trail in lease-clauses.csv notes and lease-clause-decision-log-MA.md.]
edu-pest-inspection-new-tenancy-ma,LANDLORD_EDUCATION,MA,105 Mass. Code Regs. 410.550(F),CITED,VERIFIED,2026-10-08,2026-10-08,,[Full trail in lease-clauses.csv notes and lease-clause-decision-log-MA.md.]
edu-no-landlord-self-cure-ma,LANDLORD_EDUCATION,MA,"Mass. Gen. Laws ch. 186, § 15B(1)(a); 940 Mass. Code Regs. 3.17(6)(c); Mass. Gen. Laws ch. 186, § 15B(4); Absence: MA batteries named in the row's notes (MA log §17, §18)",CONFIRMED_ABSENT,NEEDS_REVIEW,2026-10-08,2026-10-08,,[Full trail in lease-clauses.csv notes and lease-clause-decision-log-MA.md.]
edu-locks-screens-keys-ma,LANDLORD_EDUCATION,MA,105 Mass. Code Regs. 410.270(A); 105 Mass. Code Regs. 410.540(A); 105 Mass. Code Regs. 410.410,CITED,VERIFIED,2026-10-08,2026-10-08,,[Full trail in lease-clauses.csv notes and lease-clause-decision-log-MA.md.]
edu-apartment-pool-rules-ma,LANDLORD_EDUCATION,MA,"105 Mass. Code Regs. 435.01; 105 Mass. Code Regs. 435.21; Mass. Gen. Laws ch. 140, § 206",CITED,VERIFIED,2026-10-08,2026-10-08,,[Full trail in lease-clauses.csv notes and lease-clause-decision-log-MA.md.]
edu-repair-promises-binding-ma,LANDLORD_EDUCATION,MA,940 Mass. Code Regs. 3.17(1)(e),CITED,VERIFIED,2026-10-08,2026-10-08,,[Full trail in lease-clauses.csv notes and lease-clause-decision-log-MA.md.]
edu-quiet-enjoyment-statute-ma,LANDLORD_EDUCATION,MA,"Mass. Gen. Laws ch. 186, § 14; Mass. Gen. Laws ch. 186, § 15F",CITED,VERIFIED,2026-10-08,2026-10-08,,[Full trail in lease-clauses.csv notes and lease-clause-decision-log-MA.md.]
edu-no-rent-demand-bar-ma,LANDLORD_EDUCATION,MA,"Mass. Gen. Laws ch. 186, § 15B(1)(d); Mass. Gen. Laws ch. 239, § 8A; Mass. Gen. Laws ch. 111, § 127F; Mass. Gen. Laws ch. 186A, § 3; Absence: MA batteries named in the row's notes (MA log §17, §18)",CONFIRMED_ABSENT,VERIFIED,2026-10-08,2026-10-08,,[Full trail in lease-clauses.csv notes and lease-clause-decision-log-MA.md.]
edu-housing-inspector-entry-ma,LANDLORD_EDUCATION,MA,"105 Mass. Code Regs. 400.100(A); Mass. Gen. Laws ch. 186, § 15B(1)(a)",CITED,NEEDS_REVIEW,2026-10-08,2026-10-08,,[Full trail in lease-clauses.csv notes and lease-clause-decision-log-MA.md.]
edu-no-repair-cost-termination-ma,LANDLORD_EDUCATION,MA,"Mass. Gen. Laws ch. 186, § 15B; 105 Mass. Code Regs. 410.003(B); Mass. Gen. Laws ch. 186, § 12; Mass. Gen. Laws ch. 239, § 2A; Absence: MA batteries named in the row's notes (MA log §17, §18)",CONFIRMED_ABSENT,VERIFIED,2026-10-08,2026-10-08,,[Full trail in lease-clauses.csv notes and lease-clause-decision-log-MA.md.]
edu-no-small-landlord-remedy-exemption-ma,LANDLORD_EDUCATION,MA,"Mass. Gen. Laws ch. 111, § 127L; Mass. Gen. Laws ch. 186, § 19; Absence: MA batteries named in the row's notes (MA log §17, §18)",CONFIRMED_ABSENT,VERIFIED,2026-10-08,2026-10-08,,[Full trail in lease-clauses.csv notes and lease-clause-decision-log-MA.md.]
edu-repair-notice-triggers-ma,LANDLORD_EDUCATION,MA,"Mass. Gen. Laws ch. 111, § 127L; Mass. Gen. Laws ch. 186, § 19; Mass. Gen. Laws ch. 239, § 8A; 940 Mass. Code Regs. 3.17(1)(i)",CITED,VERIFIED,2026-10-08,2026-10-08,,[Full trail in lease-clauses.csv notes and lease-clause-decision-log-MA.md.]
edu-repair-notice-lease-limits-ma,LANDLORD_EDUCATION,MA,"Mass. Gen. Laws ch. 239, § 8A; 940 Mass. Code Regs. 3.17(2)(b); Mass. Gen. Laws ch. 111, § 127L",CITED,VERIFIED,2026-10-08,2026-10-08,,[Full trail in lease-clauses.csv notes and lease-clause-decision-log-MA.md.]
edu-locks-and-keys-ma,LANDLORD_EDUCATION,MA,"105 Mass. Code Regs. 410.270(A); Mass. Gen. Laws ch. 143, § 3R",CITED,VERIFIED,2026-10-08,2026-10-08,,[Full trail in lease-clauses.csv notes and lease-clause-decision-log-MA.md.]
edu-no-rekey-peephole-rule-ma,LANDLORD_EDUCATION,MA,"105 Mass. Code Regs. 120.000; 760 Mass. Code Regs. 6.00; Mass. Gen. Laws ch. 186, § 26; 247 Mass. Code Regs. 11.00; Mass. Gen. Laws ch. 186, § 15B(1)(b); 760 Mass. Code Regs. 6.06(4)(a); Absence: MA batteries named in the row's notes (MA log §17, §18)",CONFIRMED_ABSENT,VERIFIED,2026-10-08,2026-10-08,,[Full trail in lease-clauses.csv notes and lease-clause-decision-log-MA.md.]
edu-no-senior-housing-work-card-ma,LANDLORD_EDUCATION,MA,"Mass. Gen. Laws ch. 6, § 172; 515 Mass. Code Regs. 11.00; 803 Mass. Code Regs. 5.00; Absence: MA batteries named in the row's notes (MA log §17, §18)",CONFIRMED_ABSENT,VERIFIED,2026-10-08,2026-10-08,,[Full trail in lease-clauses.csv notes and lease-clause-decision-log-MA.md.]
edu-no-key-control-mandate-ma,LANDLORD_EDUCATION,MA,"103 Mass. Code Regs. 915.00; 205 Mass. Code Regs. 143.00; 105 Mass. Code Regs. 410.270(A); Mass. Gen. Laws ch. 186, § 15B(1)(a); Absence: MA batteries named in the row's notes (MA log §17, §18)",CONFIRMED_ABSENT,VERIFIED,2026-10-08,2026-10-08,,[Full trail in lease-clauses.csv notes and lease-clause-decision-log-MA.md.]
edu-no-smart-lock-law-ma,LANDLORD_EDUCATION,MA,"105 Mass. Code Regs. 410.270(A)(5); Mass. Gen. Laws ch. 186, § 15B(1)(a); Absence: MA batteries named in the row's notes (MA log §17, §18)",CONFIRMED_ABSENT,VERIFIED,2026-10-08,2026-10-08,,[Full trail in lease-clauses.csv notes and lease-clause-decision-log-MA.md.]
edu-utility-allowance-limits-ma,LANDLORD_EDUCATION,MA,"105 Mass. Code Regs. 410.200(A); 105 Mass. Code Regs. 410.210; Mass. Gen. Laws ch. 186, § 22(c); 105 Mass. Code Regs. 410.130(C)",CITED,VERIFIED,2026-10-08,2026-10-08,,[Full trail in lease-clauses.csv notes and lease-clause-decision-log-MA.md.]
edu-no-ratio-utility-billing-ma,LANDLORD_EDUCATION,MA,"105 Mass. Code Regs. 410.200(A); Mass. Gen. Laws ch. 186, § 22(e); Mass. Gen. Laws ch. 186, § 14; Absence: MA batteries named in the row's notes (MA log §17, §18)",CONFIRMED_ABSENT,VERIFIED,2026-10-08,2026-10-08,,[Full trail in lease-clauses.csv notes and lease-clause-decision-log-MA.md.]
edu-water-submeter-certificate-copy-ma,LANDLORD_EDUCATION,MA,"105 Mass. Code Regs. 410.130(C)(3); Mass. Gen. Laws ch. 186, § 22(c)",CITED,VERIFIED,2026-10-08,2026-10-08,,[Full trail in lease-clauses.csv notes and lease-clause-decision-log-MA.md.]
edu-water-submetering-conditions-ma,LANDLORD_EDUCATION,MA,"Mass. Gen. Laws ch. 186, § 22(b); Mass. Gen. Laws ch. 186, § 22(s)",CITED,VERIFIED,2026-10-08,2026-10-08,,[Full trail in lease-clauses.csv notes and lease-clause-decision-log-MA.md.]
edu-utility-shutoff-protections-ma,LANDLORD_EDUCATION,MA,"Mass. Gen. Laws ch. 164, § 124F; Mass. Gen. Laws ch. 164, § 124A; Mass. Gen. Laws ch. 164, § 124H; Mass. Gen. Laws ch. 164, § 124E; Mass. Gen. Laws ch. 165, § 11B; 220 Mass. Code Regs. 25.00",CITED,VERIFIED,2026-10-08,2026-10-08,,[Full trail in lease-clauses.csv notes and lease-clause-decision-log-MA.md.]
edu-sanitary-code-receivership-ma,LANDLORD_EDUCATION,MA,"Mass. Gen. Laws ch. 111, § 127C; Mass. Gen. Laws ch. 111, § 127I; Mass. Gen. Laws ch. 111, § 127K",CITED,VERIFIED,2026-10-08,2026-10-08,,[Full trail in lease-clauses.csv notes and lease-clause-decision-log-MA.md.]
edu-court-rent-to-clerk-ma,LANDLORD_EDUCATION,MA,"Mass. Gen. Laws ch. 111, § 127F; Mass. Gen. Laws ch. 239, § 8A",CITED,VERIFIED,2026-10-08,2026-10-08,,[Full trail in lease-clauses.csv notes and lease-clause-decision-log-MA.md.]
edu-no-subsidy-proration-rule-ma,LANDLORD_EDUCATION,MA,"760 Mass. Code Regs. 38.00; Mass. Gen. Laws ch. 239, § 8A; Absence: MA batteries named in the row's notes (MA log §17, §18)",CONFIRMED_ABSENT,VERIFIED,2026-10-08,2026-10-08,,[Full trail in lease-clauses.csv notes and lease-clause-decision-log-MA.md.]
edu-cable-tv-access-ma,LANDLORD_EDUCATION,MA,"Mass. Gen. Laws ch. 166A, § 22; Mass. Gen. Laws ch. 93, § 24; 940 Mass. Code Regs. 10.00",CITED,VERIFIED,2026-10-08,2026-10-08,,[Full trail in lease-clauses.csv notes and lease-clause-decision-log-MA.md.]
edu-entry-purposes-notice-ma,LANDLORD_EDUCATION,MA,"Mass. Gen. Laws ch. 186, § 15B(1)(a); 940 Mass. Code Regs. 3.17(6)(e); 105 Mass. Code Regs. 410.003(E); 105 Mass. Code Regs. 410.000; Mass. Gen. Laws ch. 160, § 236",CITED,VERIFIED,2026-10-08,2026-10-08,,[Full trail in lease-clauses.csv notes and lease-clause-decision-log-MA.md.]
edu-entry-refusal-and-misuse-ma,LANDLORD_EDUCATION,MA,"105 Mass. Code Regs. 410.003(E); Mass. Gen. Laws ch. 111, § 127L; 940 Mass. Code Regs. 3.17(6)(e); Mass. Gen. Laws ch. 186, § 14",CITED,VERIFIED,2026-10-08,2026-10-08,,[Full trail in lease-clauses.csv notes and lease-clause-decision-log-MA.md.]
edu-no-periodic-services-entry-ma,LANDLORD_EDUCATION,MA,"Mass. Gen. Laws ch. 186, § 15B(1)(a); 105 Mass. Code Regs. 410.003(E); Absence: MA batteries named in the row's notes (MA log §17, §18)",CONFIRMED_ABSENT,VERIFIED,2026-10-08,2026-10-08,,[Full trail in lease-clauses.csv notes and lease-clause-decision-log-MA.md.]
edu-no-abandoned-property-procedure-ma,LANDLORD_EDUCATION,MA,"Mass. Gen. Laws ch. 186, § 24; Mass. Gen. Laws ch. 186, § 24(d); Mass. Gen. Laws ch. 186, § 15B(1)(a); Mass. Gen. Laws ch. 186, § 15F; Absence: MA batteries named in the row's notes (MA log §17, §18)",CONFIRMED_ABSENT,VERIFIED,2026-10-08,2026-10-08,,[Full trail in lease-clauses.csv notes and lease-clause-decision-log-MA.md.]
edu-vacated-unit-animal-check-ma,LANDLORD_EDUCATION,MA,"Mass. Gen. Laws ch. 186, § 30; Mass. Gen. Laws ch. 239, § 14",CITED,VERIFIED,2026-10-08,2026-10-08,,[Full trail in lease-clauses.csv notes and lease-clause-decision-log-MA.md.]
edu-no-mitigation-statute-ma,LANDLORD_EDUCATION,MA,"Mass. Gen. Laws ch. 186, § 8; 940 Mass. Code Regs. 3.17(6)(c); Absence: MA batteries named in the row's notes (MA log §17, §18)",CONFIRMED_ABSENT,VERIFIED,2026-10-08,2026-10-08,,[Full trail in lease-clauses.csv notes and lease-clause-decision-log-MA.md.]
edu-attorney-fee-reciprocity-ma,LANDLORD_EDUCATION,MA,"Mass. Gen. Laws ch. 186, § 20; Mass. Gen. Laws ch. 93, § 93; Mass. Gen. Laws ch. 106, § 2A-108; Mass. Gen. Laws ch. 186, § 15C; Mass. Gen. Laws ch. 186, § 15F",CITED,VERIFIED,2026-10-08,2026-10-08,,[Full trail in lease-clauses.csv notes and lease-clause-decision-log-MA.md.]
edu-breach-termination-tracks-ma,LANDLORD_EDUCATION,MA,"Mass. Gen. Laws ch. 186, § 11; Mass. Gen. Laws ch. 186, § 12; Mass. Gen. Laws ch. 239, § 16; Mass. Gen. Laws ch. 186, § 17",CITED,VERIFIED,2026-10-08,2026-10-08,,[Full trail in lease-clauses.csv notes and lease-clause-decision-log-MA.md.]
edu-casualty-clause-limits-ma,LANDLORD_EDUCATION,MA,"Mass. Gen. Laws ch. 186, § 15; Mass. Gen. Laws ch. 111, § 127L; Mass. Gen. Laws ch. 186, § 15F; Mass. Gen. Laws ch. 186, § 14",CITED,VERIFIED,2026-10-08,2026-10-08,,[Full trail in lease-clauses.csv notes and lease-clause-decision-log-MA.md.]
edu-criminal-use-voids-lease-ma,LANDLORD_EDUCATION,MA,"Mass. Gen. Laws ch. 139, § 19; Mass. Gen. Laws ch. 239, § 16(e)",CITED,VERIFIED,2026-10-08,2026-10-08,,[Full trail in lease-clauses.csv notes and lease-clause-decision-log-MA.md.]
edu-sober-home-certification-ma,LANDLORD_EDUCATION,MA,"Mass. Gen. Laws ch. 17, § 18A; Mass. Gen. Laws ch. 139, § 19",CITED,VERIFIED,2026-10-08,2026-10-08,,[Full trail in lease-clauses.csv notes and lease-clause-decision-log-MA.md.]
edu-dv-proof-documents-ma,LANDLORD_EDUCATION,MA,"Mass. Gen. Laws ch. 186, § 24(e); Mass. Gen. Laws ch. 186, § 23",CITED,VERIFIED,2026-10-08,2026-10-08,,[Full trail in lease-clauses.csv notes and lease-clause-decision-log-MA.md.]
edu-dv-lock-change-ma,LANDLORD_EDUCATION,MA,"Mass. Gen. Laws ch. 186, § 26(b); Mass. Gen. Laws ch. 186, § 27",CITED,VERIFIED,2026-10-08,2026-10-08,,[Full trail in lease-clauses.csv notes and lease-clause-decision-log-MA.md.]
edu-dv-eviction-protections-ma,LANDLORD_EDUCATION,MA,"Mass. Gen. Laws ch. 186, § 25; Mass. Gen. Laws ch. 239, § 2A; Mass. Gen. Laws ch. 186, § 24(d); Mass. Gen. Laws ch. 186, § 23-24",CITED,VERIFIED,2026-10-08,2026-10-08,,[Full trail in lease-clauses.csv notes and lease-clause-decision-log-MA.md.]
edu-dv-lease-termination-ma,LANDLORD_EDUCATION,MA,"Mass. Gen. Laws ch. 186, § 24(a); Mass. Gen. Laws ch. 186, § 28; Mass. Gen. Laws ch. 186, § 23",CITED,VERIFIED,2026-10-08,2026-10-08,,[Full trail in lease-clauses.csv notes and lease-clause-decision-log-MA.md.]
edu-early-termination-rights-ma,LANDLORD_EDUCATION,MA,"Mass. Gen. Laws ch. 186, § 24(a); Mass. Gen. Laws ch. 111, § 127L; 940 Mass. Code Regs. 3.17(6)(c); Mass. Gen. Laws ch. 186, § 15B(4)",CITED,VERIFIED,2026-10-08,2026-10-08,,[Full trail in lease-clauses.csv notes and lease-clause-decision-log-MA.md.]
edu-eminent-domain-tenancy-ma,LANDLORD_EDUCATION,MA,"Mass. Gen. Laws ch. 79, § 8B; Mass. Gen. Laws ch. 79, § 24; Mass. Gen. Laws ch. 79, § 23; Mass. Gen. Laws ch. 79, § 31",CITED,NEEDS_REVIEW,2026-10-08,2026-10-08,,[Full trail in lease-clauses.csv notes and lease-clause-decision-log-MA.md.]
edu-no-environmental-event-termination-ma,LANDLORD_EDUCATION,MA,"310 Mass. Code Regs. 15.00; 940 Mass. Code Regs. 10.00; 105 Mass. Code Regs. 410.900(E); Mass. Gen. Laws ch. 186, § 12; Absence: MA batteries named in the row's notes (MA log §17, §18)",CONFIRMED_ABSENT,VERIFIED,2026-10-08,2026-10-08,,[Full trail in lease-clauses.csv notes and lease-clause-decision-log-MA.md.]
edu-no-infirmity-termination-ma,LANDLORD_EDUCATION,MA,"760 Mass. Code Regs. 67.00; Mass. Gen. Laws ch. 186, § 8; Absence: MA batteries named in the row's notes (MA log §17, §18)",CONFIRMED_ABSENT,VERIFIED,2026-10-08,2026-10-08,,[Full trail in lease-clauses.csv notes and lease-clause-decision-log-MA.md.]
edu-guaranty-rules-ma,LANDLORD_EDUCATION,MA,"Mass. Gen. Laws ch. 259, § 1; Mass. Gen. Laws ch. 186, § 15B(1)(b)",CITED,NEEDS_REVIEW,2026-10-08,2026-10-08,,[Full trail in lease-clauses.csv notes and lease-clause-decision-log-MA.md.]
edu-landlord-money-remedies-ma,LANDLORD_EDUCATION,MA,"Mass. Gen. Laws ch. 239, § 2; Mass. Gen. Laws ch. 239, § 3; Mass. Gen. Laws ch. 186, § 5; Mass. Gen. Laws ch. 186, § 8; Mass. Gen. Laws ch. 186, § 3; Mass. Gen. Laws ch. 260, § 2",CITED,VERIFIED,2026-10-08,2026-10-08,,[Full trail in lease-clauses.csv notes and lease-clause-decision-log-MA.md.]
edu-holdover-liability-ma,LANDLORD_EDUCATION,MA,"Mass. Gen. Laws ch. 186, § 3; Mass. Gen. Laws ch. 186, § 13; Mass. Gen. Laws ch. 239, § 1; 940 Mass. Code Regs. 3.17(6)(c)",CITED,VERIFIED,2026-10-08,2026-10-08,,[Full trail in lease-clauses.csv notes and lease-clause-decision-log-MA.md.]
edu-early-holdover-action-ma,LANDLORD_EDUCATION,MA,"Mass. Gen. Laws ch. 239, § 1A",CITED,VERIFIED,2026-10-08,2026-10-08,,[Full trail in lease-clauses.csv notes and lease-clause-decision-log-MA.md.]
edu-no-fault-eviction-stay-ma,LANDLORD_EDUCATION,MA,"Mass. Gen. Laws ch. 239, § 9; Mass. Gen. Laws ch. 239, § 10; Mass. Gen. Laws ch. 239, § 11; Mass. Gen. Laws ch. 239, § 12",CITED,VERIFIED,2026-10-08,2026-10-08,,[Full trail in lease-clauses.csv notes and lease-clause-decision-log-MA.md.]
edu-eviction-record-sealing-ma,LANDLORD_EDUCATION,MA,"Mass. Gen. Laws ch. 239, § 16(b)",CITED,VERIFIED,2026-10-08,2026-10-08,,[Full trail in lease-clauses.csv notes and lease-clause-decision-log-MA.md.]
edu-notice-of-satisfaction-ma,LANDLORD_EDUCATION,MA,"Mass. Gen. Laws ch. 239, § 16(k)",CITED,VERIFIED,2026-10-08,2026-10-08,,[Full trail in lease-clauses.csv notes and lease-clause-decision-log-MA.md.]
edu-no-statewide-just-cause-ma,LANDLORD_EDUCATION,MA,"Mass. Gen. Laws ch. 186A, § 2-4; Mass. Gen. Laws ch. 40T, § 7; Mass. Gen. Laws ch. 121B, § 38D; Mass. Gen. Laws ch. 186, § 12; Mass. Gen. Laws ch. 186A, § 2; Mass. Gen. Laws ch. 239, § 9; Mass. Gen. Laws ch. 140, § 32J; Absence: MA batteries named in the row's notes (MA log §17, §18)",CONFIRMED_ABSENT,VERIFIED,2026-10-08,2026-10-08,,[Full trail in lease-clauses.csv notes and lease-clause-decision-log-MA.md.]
edu-foreclosure-lease-status-ma,LANDLORD_EDUCATION,MA,"Mass. Gen. Laws ch. 186, § 13A; Mass. Gen. Laws ch. 186, § 13; Mass. Gen. Laws ch. 244, § 15A",CITED,VERIFIED,2026-10-08,2026-10-08,,[Full trail in lease-clauses.csv notes and lease-clause-decision-log-MA.md.]
edu-foreclosing-owner-just-cause-ma,LANDLORD_EDUCATION,MA,"Mass. Gen. Laws ch. 186A, § 2; Mass. Gen. Laws ch. 186A, § 3; Mass. Gen. Laws ch. 186A, § 4(a); Mass. Gen. Laws ch. 186A, § 6; Mass. Gen. Laws ch. 186A, § 1",CITED,VERIFIED,2026-10-08,2026-10-08,,[Full trail in lease-clauses.csv notes and lease-clause-decision-log-MA.md.]
edu-eviction-timeline-ma,LANDLORD_EDUCATION,MA,"940 Mass. Code Regs. 3.17(5)(b); Mass. Gen. Laws ch. 239, § 5(a); Mass. Gen. Laws ch. 239, § 3",CITED,VERIFIED,2026-10-08,2026-10-08,,[Full trail in lease-clauses.csv notes and lease-clause-decision-log-MA.md.]
edu-no-exemption-waiver-ma,LANDLORD_EDUCATION,MA,"Mass. Gen. Laws ch. 235, § 34; Mass. Gen. Laws ch. 188, § 3; Absence: MA batteries named in the row's notes (MA log §17, §18)",CONFIRMED_ABSENT,VERIFIED,2026-10-08,2026-10-08,,[Full trail in lease-clauses.csv notes and lease-clause-decision-log-MA.md.]
edu-no-landlord-lien-ma,LANDLORD_EDUCATION,MA,"Mass. Gen. Laws ch. 140, § 14; Mass. Gen. Laws ch. 184, § 18; Mass. Gen. Laws ch. 186, § 15F; Mass. Gen. Laws ch. 235, § 34; Absence: MA batteries named in the row's notes (MA log §17, §18)",CONFIRMED_ABSENT,VERIFIED,2026-10-08,2026-10-08,,[Full trail in lease-clauses.csv notes and lease-clause-decision-log-MA.md.]
edu-liquidated-damages-ma,LANDLORD_EDUCATION,MA,"940 Mass. Code Regs. 3.17(6)(c); 940 Mass. Code Regs. 3.17(3)(a); Mass. Gen. Laws ch. 186, § 15B(4); Mass. Gen. Laws ch. 186, § 15B(1)(c); 940 Mass. Code Regs. 3.000; Mass. Gen. Laws ch. 106, § 2A-103",CITED,NEEDS_REVIEW,2026-10-08,2026-10-08,,[Full trail in lease-clauses.csv notes and lease-clause-decision-log-MA.md.]
edu-no-lockout-for-rent-ma,LANDLORD_EDUCATION,MA,"Mass. Gen. Laws ch. 184, § 18; Mass. Gen. Laws ch. 186, § 15F; Mass. Gen. Laws ch. 186, § 14; 940 Mass. Code Regs. 3.17(5)(a)",CITED,VERIFIED,2026-10-08,2026-10-08,,[Full trail in lease-clauses.csv notes and lease-clause-decision-log-MA.md.]
edu-no-minor-defendants-ma,LANDLORD_EDUCATION,MA,"Mass. Gen. Laws ch. 239, § 2; Absence: MA batteries named in the row's notes (MA log §17, §18)",CONFIRMED_ABSENT,VERIFIED,2026-10-08,2026-10-08,,[Full trail in lease-clauses.csv notes and lease-clause-decision-log-MA.md.]
edu-nonpayment-notice-to-quit-ma,LANDLORD_EDUCATION,MA,"Mass. Gen. Laws ch. 186, § 11; Mass. Gen. Laws ch. 186, § 12; Mass. Gen. Laws ch. 186, § 15A",CITED,VERIFIED,2026-10-08,2026-10-08,,[Full trail in lease-clauses.csv notes and lease-clause-decision-log-MA.md.]
edu-at-will-nonpayment-wording-ma,LANDLORD_EDUCATION,MA,"Mass. Gen. Laws ch. 186, § 12; Mass. Gen. Laws ch. 186, § 11",CITED,VERIFIED,2026-10-08,2026-10-08,,[Full trail in lease-clauses.csv notes and lease-clause-decision-log-MA.md.]
edu-nonpayment-notice-form-ma,LANDLORD_EDUCATION,MA,"Mass. Gen. Laws ch. 186, § 31(a); Mass. Gen. Laws ch. 186, § 31(b)",CITED,VERIFIED,2026-10-08,2026-10-08,,[Full trail in lease-clauses.csv notes and lease-clause-decision-log-MA.md.]
edu-notice-to-quit-not-waivable-ma,LANDLORD_EDUCATION,MA,"Mass. Gen. Laws ch. 186, § 15A; 940 Mass. Code Regs. 3.17(5)(b); Mass. Gen. Laws ch. 239, § 12; Mass. Gen. Laws ch. 186, § 11A",CITED,VERIFIED,2026-10-08,2026-10-08,,[Full trail in lease-clauses.csv notes and lease-clause-decision-log-MA.md.]
edu-tolerating-tenant-nuisance-ma,LANDLORD_EDUCATION,MA,"Mass. Gen. Laws ch. 139, § 20; Mass. Gen. Laws ch. 139, § 19",CITED,VERIFIED,2026-10-08,2026-10-08,,[Full trail in lease-clauses.csv notes and lease-clause-decision-log-MA.md.]
edu-nuisance-closure-exposure-ma,LANDLORD_EDUCATION,MA,"Mass. Gen. Laws ch. 139, § 16A; Mass. Gen. Laws ch. 139, § 9; Mass. Gen. Laws ch. 139, § 11; Mass. Gen. Laws ch. 111, § 127I",CITED,VERIFIED,2026-10-08,2026-10-08,,[Full trail in lease-clauses.csv notes and lease-clause-decision-log-MA.md.]
edu-no-owner-move-in-right-ma,LANDLORD_EDUCATION,MA,"Mass. Gen. Laws ch. 60A, § 1; Mass. Gen. Laws ch. 186, § 12; Mass. Gen. Laws ch. 239, § 9; Absence: MA batteries named in the row's notes (MA log §17, §18)",CONFIRMED_ABSENT,VERIFIED,2026-10-08,2026-10-08,,[Full trail in lease-clauses.csv notes and lease-clause-decision-log-MA.md.]
edu-no-possession-bond-ma,LANDLORD_EDUCATION,MA,"Mass. Gen. Laws ch. 231, § 13A; Mass. Gen. Laws ch. 239, § 5-6; 940 Mass. Code Regs. 3.09; Mass. Gen. Laws ch. 239, § 5(c); Mass. Gen. Laws ch. 239, § 5(e); Absence: MA batteries named in the row's notes (MA log §17, §18)",CONFIRMED_ABSENT,VERIFIED,2026-10-08,2026-10-08,,[Full trail in lease-clauses.csv notes and lease-clause-decision-log-MA.md.]
edu-no-possession-delay-statute-ma,LANDLORD_EDUCATION,MA,"940 Mass. Code Regs. 3.17(6)(d); 105 Mass. Code Regs. 410.900(E); 760 Mass. Code Regs. 27.000; 105 Mass. Code Regs. 410.000; Mass. Gen. Laws ch. 175, § 99; Absence: MA batteries named in the row's notes (MA log §17, §18)",CONFIRMED_ABSENT,VERIFIED,2026-10-08,2026-10-08,,[Full trail in lease-clauses.csv notes and lease-clause-decision-log-MA.md.]
edu-post-eviction-property-storage-ma,LANDLORD_EDUCATION,MA,"Mass. Gen. Laws ch. 239, § 3; Mass. Gen. Laws ch. 239, § 4(a); Mass. Gen. Laws ch. 239, § 4(c); Mass. Gen. Laws ch. 239, § 4(e); Mass. Gen. Laws ch. 239, § 4(f)",CITED,VERIFIED,2026-10-08,2026-10-08,,[Full trail in lease-clauses.csv notes and lease-clause-decision-log-MA.md.]
edu-paying-judgment-stops-eviction-ma,LANDLORD_EDUCATION,MA,"Mass. Gen. Laws ch. 239, § 3; Mass. Gen. Laws ch. 186, § 11",CITED,VERIFIED,2026-10-08,2026-10-08,,[Full trail in lease-clauses.csv notes and lease-clause-decision-log-MA.md.]
edu-rental-assistance-continuance-ma,LANDLORD_EDUCATION,MA,"Mass. Gen. Laws ch. 239, § 15(b); Mass. Gen. Laws ch. 239, § 15(a)",CITED,VERIFIED,2026-10-08,2026-10-08,,[Full trail in lease-clauses.csv notes and lease-clause-decision-log-MA.md.]
edu-condition-counterclaim-rent-into-court-ma,LANDLORD_EDUCATION,MA,"Mass. Gen. Laws ch. 239, § 8A; Mass. Gen. Laws ch. 239, § 5(e)",CITED,VERIFIED,2026-10-08,2026-10-08,,[Full trail in lease-clauses.csv notes and lease-clause-decision-log-MA.md.]
edu-no-application-fraud-termination-ma,LANDLORD_EDUCATION,MA,"Mass. Gen. Laws ch. 111, § 160F; Mass. Gen. Laws ch. 239, § 16(j); Mass. Gen. Laws ch. 184, § 18; Absence: MA batteries named in the row's notes (MA log §17, §18)",CONFIRMED_ABSENT,VERIFIED,2026-10-08,2026-10-08,,[Full trail in lease-clauses.csv notes and lease-clause-decision-log-MA.md.]
edu-retaliation-ban-ma,LANDLORD_EDUCATION,MA,"Mass. Gen. Laws ch. 186, § 18; Mass. Gen. Laws ch. 239, § 2A; 940 Mass. Code Regs. 3.17(6)(b)",CITED,VERIFIED,2026-10-08,2026-10-08,,[Full trail in lease-clauses.csv notes and lease-clause-decision-log-MA.md.]
edu-retaliation-presumption-ma,LANDLORD_EDUCATION,MA,"Mass. Gen. Laws ch. 186, § 18; Mass. Gen. Laws ch. 239, § 2A",CITED,VERIFIED,2026-10-08,2026-10-08,,[Full trail in lease-clauses.csv notes and lease-clause-decision-log-MA.md.]
edu-self-help-eviction-ban-ma,LANDLORD_EDUCATION,MA,"Mass. Gen. Laws ch. 184, § 18; Mass. Gen. Laws ch. 186, § 15F; Mass. Gen. Laws ch. 186, § 14; 940 Mass. Code Regs. 3.17(5)(a)",CITED,VERIFIED,2026-10-08,2026-10-08,,[Full trail in lease-clauses.csv notes and lease-clause-decision-log-MA.md.]
edu-state-scra-extension-ma,LANDLORD_EDUCATION,MA,"Mass. Gen. Laws ch. 33, § 13A(b); Mass. Gen. Laws ch. 33, § 13A(f); Mass. Gen. Laws ch. 33, § 13A(g); Mass. Gen. Laws ch. 33, § 13A",CITED,NEEDS_REVIEW,2026-10-08,2026-10-08,,[Full trail in lease-clauses.csv notes and lease-clause-decision-log-MA.md.]
edu-military-status-housing-bias-ma,LANDLORD_EDUCATION,MA,"Mass. Gen. Laws ch. 151B, § 4(6)",CITED,VERIFIED,2026-10-08,2026-10-08,,[Full trail in lease-clauses.csv notes and lease-clause-decision-log-MA.md.]
edu-benefit-delay-continuance-ma,LANDLORD_EDUCATION,MA,"Mass. Gen. Laws ch. 186, § 11; Mass. Gen. Laws ch. 186, § 12; Mass. Gen. Laws ch. 239, § 15; Mass. Gen. Laws ch. 239, § 17",CITED,VERIFIED,2026-10-08,2026-10-08,,[Full trail in lease-clauses.csv notes and lease-clause-decision-log-MA.md.]
edu-statutory-termination-rights-ma,LANDLORD_EDUCATION,MA,"Mass. Gen. Laws ch. 186, § 24(a); Mass. Gen. Laws ch. 186, § 15F; Mass. Gen. Laws ch. 111, § 127L; Mass. Gen. Laws ch. 33, § 13A(b); Mass. Gen. Laws ch. 93, § 91",CITED,VERIFIED,2026-10-08,2026-10-08,,[Full trail in lease-clauses.csv notes and lease-clause-decision-log-MA.md.]
edu-no-subsidy-inspection-refusal-ma,LANDLORD_EDUCATION,MA,"760 Mass. Code Regs. 38.000; 760 Mass. Code Regs. 65.000; Mass. Gen. Laws ch. 151B, § 4(10); Absence: MA batteries named in the row's notes (MA log §17, §18)",CONFIRMED_ABSENT,NEEDS_REVIEW,2026-10-08,2026-10-08,,[Full trail in lease-clauses.csv notes and lease-clause-decision-log-MA.md.]
edu-lease-end-no-good-cause-ma,LANDLORD_EDUCATION,MA,"Mass. Gen. Laws ch. 186A, § 2; Mass. Gen. Laws ch. 40T, § 7; Mass. Gen. Laws ch. 239, § 1; Mass. Gen. Laws ch. 186, § 3; Mass. Gen. Laws ch. 239, § 1A; Mass. Gen. Laws ch. 239, § 9",CITED,VERIFIED,2026-10-08,2026-10-08,,[Full trail in lease-clauses.csv notes and lease-clause-decision-log-MA.md.]
edu-tenancy-at-will-basics-ma,LANDLORD_EDUCATION,MA,"Mass. Gen. Laws ch. 183, § 3; Mass. Gen. Laws ch. 186, § 12; Mass. Gen. Laws ch. 186, § 13; Mass. Gen. Laws ch. 186, § 17; Mass. Gen. Laws ch. 186, § 13A",CITED,VERIFIED,2026-10-08,2026-10-08,,[Full trail in lease-clauses.csv notes and lease-clause-decision-log-MA.md.]
edu-tenant-caused-damage-scope-ma,LANDLORD_EDUCATION,MA,"Mass. Gen. Laws ch. 186, § 15B(4)(iii); Mass. Gen. Laws ch. 111, § 127L; Mass. Gen. Laws ch. 239, § 8A; 105 Mass. Code Regs. 410.510",CITED,VERIFIED,2026-10-08,2026-10-08,,[Full trail in lease-clauses.csv notes and lease-clause-decision-log-MA.md.]
edu-tenant-death-ma,LANDLORD_EDUCATION,MA,"Mass. Gen. Laws ch. 186, § 8; Mass. Gen. Laws ch. 239, § 9; Mass. Gen. Laws ch. 186, § 30; Absence: MA batteries named in the row's notes (MA log §17, §18)",CONFIRMED_ABSENT,VERIFIED,2026-10-08,2026-10-08,,[Full trail in lease-clauses.csv notes and lease-clause-decision-log-MA.md.]
edu-termination-notice-periods-ma,LANDLORD_EDUCATION,MA,"Mass. Gen. Laws ch. 186, § 12; Mass. Gen. Laws ch. 186, § 13; Mass. Gen. Laws ch. 186, § 15A; Mass. Gen. Laws ch. 239, § 1; Mass. Gen. Laws ch. 239, § 17",CITED,VERIFIED,2026-10-08,2026-10-08,,[Full trail in lease-clauses.csv notes and lease-clause-decision-log-MA.md.]
edu-rooming-house-notice-ma,LANDLORD_EDUCATION,MA,"Mass. Gen. Laws ch. 186, § 17; Mass. Gen. Laws ch. 186, § 13",CITED,VERIFIED,2026-10-08,2026-10-08,,[Full trail in lease-clauses.csv notes and lease-clause-decision-log-MA.md.]
edu-unauthorized-occupant-removal-ma,LANDLORD_EDUCATION,MA,"Mass. Gen. Laws ch. 231, § 85U; Mass. Gen. Laws ch. 266, § 120; Mass. Gen. Laws ch. 184, § 18; Absence: MA batteries named in the row's notes (MA log §17, §18)",CONFIRMED_ABSENT,VERIFIED,2026-10-08,2026-10-08,,[Full trail in lease-clauses.csv notes and lease-clause-decision-log-MA.md.]
edu-accessory-dwelling-unit-ma,LANDLORD_EDUCATION,MA,"Mass. Gen. Laws ch. 40A, § 3; Mass. Gen. Laws ch. 40A, § 1A",CITED,VERIFIED,2026-10-08,2026-10-08,,[Full trail in lease-clauses.csv notes and lease-clause-decision-log-MA.md.]
edu-no-actual-notice-rule-ma,LANDLORD_EDUCATION,MA,"940 Mass. Code Regs. 10.000; Mass. Gen. Laws ch. 186, § 12; Mass. Gen. Laws ch. 110G, § 5(b); Mass. Gen. Laws ch. 110G, § 3(b); Absence: MA batteries named in the row's notes (MA log §17, §18)",CONFIRMED_ABSENT,VERIFIED,2026-10-08,2026-10-08,,[Full trail in lease-clauses.csv notes and lease-clause-decision-log-MA.md.]
edu-foreclosure-tenant-notices-ma,LANDLORD_EDUCATION,MA,"Mass. Gen. Laws ch. 105A, § 4; Mass. Gen. Laws ch. 186A, § 1; Mass. Gen. Laws ch. 186A, § 3-4; Mass. Gen. Laws ch. 244, § 15A; Mass. Gen. Laws ch. 186A, § 3; Mass. Gen. Laws ch. 186A, § 2; Mass. Gen. Laws ch. 186, § 13A; Absence: MA batteries named in the row's notes (MA log §17, §18)",CONFIRMED_ABSENT,VERIFIED,2026-10-08,2026-10-08,,[Full trail in lease-clauses.csv notes and lease-clause-decision-log-MA.md.]
edu-automatic-renewal-rules-ma,LANDLORD_EDUCATION,MA,"940 Mass. Code Regs. 38.03; 940 Mass. Code Regs. 38.05(2); 940 Mass. Code Regs. 38.05(3); 940 Mass. Code Regs. 38.05(4); 940 Mass. Code Regs. 38.09; Mass. Gen. Laws ch. 93, § 90",CITED,NEEDS_REVIEW,2026-10-08,2026-10-08,,[Full trail in lease-clauses.csv notes and lease-clause-decision-log-MA.md.]
edu-confirmed-absences-misc-ma,LANDLORD_EDUCATION,MA,"Mass. Gen. Laws ch. 140D, § 28A; Absence: MA batteries named in the row's notes (MA log §17, §18)",CONFIRMED_ABSENT,VERIFIED,2026-10-08,2026-10-08,,[Full trail in lease-clauses.csv notes and lease-clause-decision-log-MA.md.]
edu-confirmed-absences-outside-title-ma,LANDLORD_EDUCATION,MA,"Mass. Gen. Laws ch. 186, § 15B; Mass. Gen. Laws ch. 186, § 94; 940 Mass. Code Regs. 3.17(4)(b); Mass. Gen. Laws ch. 140, § 32J; Mass. Gen. Laws ch. 140, § 94; 940 Mass. Code Regs. 10.000; Mass. Gen. Laws ch. 266, § 120; Absence: MA batteries named in the row's notes (MA log §17, §18)",CONFIRMED_ABSENT,VERIFIED,2026-10-08,2026-10-08,,[Full trail in lease-clauses.csv notes and lease-clause-decision-log-MA.md.]
edu-no-disaster-guest-rule-ma,LANDLORD_EDUCATION,MA,"Mass. Gen. Laws ch. 175, § 99; Absence: MA batteries named in the row's notes (MA log §17, §18)",CONFIRMED_ABSENT,VERIFIED,2026-10-08,2026-10-08,,[Full trail in lease-clauses.csv notes and lease-clause-decision-log-MA.md.]
edu-dv-law-citations-ma,LANDLORD_EDUCATION,MA,"Mass. Gen. Laws ch. 209A, § 1; Mass. Gen. Laws ch. 186, § 23; 105 Mass. Code Regs. 410.010; Mass. Gen. Laws ch. 239, § 2A; 105 Mass. Code Regs. 410.000; 2024 Mass. Acts ch. 118",CITED,VERIFIED,2026-10-08,2026-10-08,,[Full trail in lease-clauses.csv notes and lease-clause-decision-log-MA.md.]
edu-electronic-lease-signing-ma,LANDLORD_EDUCATION,MA,"Mass. Gen. Laws ch. 110G, § 7; Mass. Gen. Laws ch. 110G, § 5(b); Mass. Gen. Laws ch. 110G, § 5(c); Mass. Gen. Laws ch. 110G, § 3(b)",CITED,VERIFIED,2026-10-08,2026-10-08,,[Full trail in lease-clauses.csv notes and lease-clause-decision-log-MA.md.]
edu-police-calls-protection-ma,LANDLORD_EDUCATION,MA,"Mass. Gen. Laws ch. 239, § 2A; Absence: MA batteries named in the row's notes (MA log §17, §18)",CONFIRMED_ABSENT,VERIFIED,2026-10-08,2026-10-08,,[Full trail in lease-clauses.csv notes and lease-clause-decision-log-MA.md.]
edu-no-pre-suit-resolution-statute-ma,LANDLORD_EDUCATION,MA,"Mass. Gen. Laws ch. 251, § 1; Mass. Gen. Laws ch. 186, § 15F; Mass. Gen. Laws ch. 239, § 8A; Mass. Gen. Laws ch. 239, § 15(c); Absence: MA batteries named in the row's notes (MA log §17, §18)",CONFIRMED_ABSENT,NEEDS_REVIEW,2026-10-08,2026-10-08,,[Full trail in lease-clauses.csv notes and lease-clause-decision-log-MA.md.]
edu-landlord-insurance-rules-ma,LANDLORD_EDUCATION,MA,"Mass. Gen. Laws ch. 175, § 4F; 540 Mass. Code Regs. 2.000; Mass. Gen. Laws ch. 186, § 21; Mass. Gen. Laws ch. 175, § 99; Absence: MA batteries named in the row's notes (MA log §17, §18)",CONFIRMED_ABSENT,VERIFIED,2026-10-08,2026-10-08,,[Full trail in lease-clauses.csv notes and lease-clause-decision-log-MA.md.]
edu-rental-registration-licensing-ma,LANDLORD_EDUCATION,MA,"Mass. Gen. Laws ch. 64G, § 14; Mass. Gen. Laws ch. 186, § 22; Mass. Gen. Laws ch. 186, § 40; 400 Mass. Code Regs. 4.000; Mass. Gen. Laws ch. 140, § 22; Mass. Gen. Laws ch. 140, § 24; Mass. Gen. Laws ch. 64G, § 6; Mass. Gen. Laws ch. 175, § 4F; Absence: MA batteries named in the row's notes (MA log §17, §18)",CONFIRMED_ABSENT,VERIFIED,2026-10-08,2026-10-08,,[Full trail in lease-clauses.csv notes and lease-clause-decision-log-MA.md.]
edu-no-crime-free-lease-statute-ma,LANDLORD_EDUCATION,MA,"Mass. Gen. Laws ch. 143, § 6; Mass. Gen. Laws ch. 139, § 19; Mass. Gen. Laws ch. 139, § 20; Mass. Gen. Laws ch. 239, § 2A; Absence: MA batteries named in the row's notes (MA log §17, §18)",CONFIRMED_ABSENT,VERIFIED,2026-10-08,2026-10-08,,[Full trail in lease-clauses.csv notes and lease-clause-decision-log-MA.md.]
edu-no-blank-spaces-rule-ma,LANDLORD_EDUCATION,MA,"201 Mass. Code Regs. 18.000; 940 Mass. Code Regs. 3.17(3)(b); Absence: MA batteries named in the row's notes (MA log §17, §18)",CONFIRMED_ABSENT,VERIFIED,2026-10-08,2026-10-08,,[Full trail in lease-clauses.csv notes and lease-clause-decision-log-MA.md.]
edu-lease-copy-ma,LANDLORD_EDUCATION,MA,"Mass. Gen. Laws ch. 186, § 15D; 940 Mass. Code Regs. 3.17(3)(c)",CITED,VERIFIED,2026-10-08,2026-10-08,,[Full trail in lease-clauses.csv notes and lease-clause-decision-log-MA.md.]
edu-no-initials-requirement-ma,LANDLORD_EDUCATION,MA,"Mass. Gen. Laws ch. 186, § 12; Mass. Gen. Laws ch. 186, § 15A; Absence: MA batteries named in the row's notes (MA log §17, §18)",CONFIRMED_ABSENT,VERIFIED,2026-10-08,2026-10-08,,[Full trail in lease-clauses.csv notes and lease-clause-decision-log-MA.md.]
edu-lease-term-limits-ma,LANDLORD_EDUCATION,MA,"Mass. Gen. Laws ch. 183, § 3; Mass. Gen. Laws ch. 183, § 4; Mass. Gen. Laws ch. 186, § 1A; Mass. Gen. Laws ch. 259, § 1",CITED,VERIFIED,2026-10-08,2026-10-08,,[Full trail in lease-clauses.csv notes and lease-clause-decision-log-MA.md.]
edu-absentee-owner-contact-ma,LANDLORD_EDUCATION,MA,"Mass. Gen. Laws ch. 143, § 3S; 105 Mass. Code Regs. 410.400(A); 940 Mass. Code Regs. 3.17(3)(b); Absence: MA batteries named in the row's notes (MA log §17, §18)",CONFIRMED_ABSENT,VERIFIED,2026-10-08,2026-10-08,,[Full trail in lease-clauses.csv notes and lease-clause-decision-log-MA.md.]
edu-notice-delivery-ma,LANDLORD_EDUCATION,MA,"Mass. Gen. Laws ch. 186, § 11; Mass. Gen. Laws ch. 110G, § 3(b); 940 Mass. Code Regs. 3.17(2)(b); Mass. Gen. Laws ch. 239, § 3; Absence: MA batteries named in the row's notes (MA log §17, §18)",CONFIRMED_ABSENT,VERIFIED,2026-10-08,2026-10-08,,[Full trail in lease-clauses.csv notes and lease-clause-decision-log-MA.md.]
edu-notice-content-extra-terms-ma,LANDLORD_EDUCATION,MA,"Mass. Gen. Laws ch. 186, § 12; 310 Mass. Code Regs. 40.000; Absence: MA batteries named in the row's notes (MA log §17, §18)",CONFIRMED_ABSENT,VERIFIED,2026-10-08,2026-10-08,,[Full trail in lease-clauses.csv notes and lease-clause-decision-log-MA.md.]
edu-optional-lease-terms-ma,LANDLORD_EDUCATION,MA,"105 Mass. Code Regs. 410.200(A); 105 Mass. Code Regs. 410.210; 105 Mass. Code Regs. 410.100(A); 105 Mass. Code Regs. 410.260(D); Mass. Gen. Laws ch. 186, § 22(f); Mass. Gen. Laws ch. 186, § 15C; 940 Mass. Code Regs. 3.17(3)(a); Mass. Gen. Laws ch. 186, § 20; 940 Mass. Code Regs. 3.17(6)(d); Mass. Gen. Laws ch. 111, § 127L",CITED,VERIFIED,2026-10-08,2026-10-08,,[Full trail in lease-clauses.csv notes and lease-clause-decision-log-MA.md.]
edu-no-plain-language-lease-law-ma,LANDLORD_EDUCATION,MA,"Mass. Gen. Laws ch. 186, § 22; Mass. Gen. Laws ch. 186, § 94; 940 Mass. Code Regs. 3.000; 940 Mass. Code Regs. 38.000; 940 Mass. Code Regs. 3.17(3)(b); Mass. Gen. Laws ch. 186, § 22(f); 940 Mass. Code Regs. 3.17(3)(a); Absence: MA batteries named in the row's notes (MA log §17, §18)",CONFIRMED_ABSENT,VERIFIED,2026-10-08,2026-10-08,,[Full trail in lease-clauses.csv notes and lease-clause-decision-log-MA.md.]
edu-unit-count-thresholds-ma,LANDLORD_EDUCATION,MA,"Mass. Gen. Laws ch. 152, § 1; Mass. Gen. Laws ch. 183A, § 10; Mass. Gen. Laws ch. 151B, § 4; Mass. Gen. Laws ch. 186, § 19; 105 Mass. Code Regs. 410.550; 105 Mass. Code Regs. 410.560(A); Mass. Gen. Laws ch. 175, § 99; Mass. Gen. Laws ch. 140, § 22; Mass. Gen. Laws ch. 151B, § 4(7); Mass. Gen. Laws ch. 151B, § 4(6); Mass. Gen. Laws ch. 151B, § 4(10); Mass. Gen. Laws ch. 151B, § 4(11)(3)",CITED,VERIFIED,2026-10-08,2026-10-08,,[Full trail in lease-clauses.csv notes and lease-clause-decision-log-MA.md.]
edu-no-rent-receipt-anti-waiver-ma,LANDLORD_EDUCATION,MA,"105 Mass. Code Regs. 410.010; Mass. Gen. Laws ch. 239, § 8A; Absence: MA batteries named in the row's notes (MA log §17, §18)",CONFIRMED_ABSENT,VERIFIED,2026-10-08,2026-10-08,,[Full trail in lease-clauses.csv notes and lease-clause-decision-log-MA.md.]
edu-renters-insurance-requirement-ma,LANDLORD_EDUCATION,MA,"Mass. Gen. Laws ch. 175, § 4F; Mass. Gen. Laws ch. 175, § 162Y; Mass. Gen. Laws ch. 175, § 229; Mass. Gen. Laws ch. 186, § 15B(1)(b); Mass. Gen. Laws ch. 175, § 4F(d); 940 Mass. Code Regs. 38.000; Absence: MA batteries named in the row's notes (MA log §17, §18)",CONFIRMED_ABSENT,NEEDS_REVIEW,2026-10-08,2026-10-08,,[Full trail in lease-clauses.csv notes and lease-clause-decision-log-MA.md.]
edu-sale-management-change-ma,LANDLORD_EDUCATION,MA,"Mass. Gen. Laws ch. 186, § 13; Mass. Gen. Laws ch. 186, § 15B(5); 940 Mass. Code Regs. 3.17(4)(j); Mass. Gen. Laws ch. 143, § 3S",CITED,VERIFIED,2026-10-08,2026-10-08,,[Full trail in lease-clauses.csv notes and lease-clause-decision-log-MA.md.]
edu-scope-ma,LANDLORD_EDUCATION,MA,"Mass. Gen. Laws ch. 186, § 15B(9); Mass. Gen. Laws ch. 186, § 14; Mass. Gen. Laws ch. 186, § 17; Mass. Gen. Laws ch. 140, § 32F; 105 Mass. Code Regs. 410.002(B); Mass. Gen. Laws ch. 186, § 17A; Mass. Gen. Laws ch. 239, § 9; Mass. Gen. Laws ch. 140, § 32A-32S; Mass. Gen. Laws ch. 140, § 94; 940 Mass. Code Regs. 10.000",CITED,VERIFIED,2026-10-08,2026-10-08,,[Full trail in lease-clauses.csv notes and lease-clause-decision-log-MA.md.]
edu-prescribed-texts-forms-ma,LANDLORD_EDUCATION,MA,"Mass. Gen. Laws ch. 186, § 15B(2)(c); Mass. Gen. Laws ch. 186, § 12; Mass. Gen. Laws ch. 186, § 31(a); Mass. Gen. Laws ch. 239, § 16(j); Mass. Gen. Laws ch. 111, § 197A(d)(1); 105 Mass. Code Regs. 410.400(C); Mass. Gen. Laws ch. 186, § 15B; Mass. Gen. Laws ch. 186, § 31; Mass. Gen. Laws ch. 239, § 16; Mass. Gen. Laws ch. 140, § 32P; Mass. Gen. Laws ch. 111, § 197A(d)(2); Mass. Gen. Laws ch. 111, § 189A; Mass. Gen. Laws ch. 111, § 10; 105 Mass. Code Regs. 460.725(A)",CITED,VERIFIED,2026-10-08,2026-10-08,,[Full trail in lease-clauses.csv notes and lease-clause-decision-log-MA.md.]
edu-tenant-data-security-ma,LANDLORD_EDUCATION,MA,"Mass. Gen. Laws ch. 93H, § 1(a); 201 Mass. Code Regs. 17.03; 201 Mass. Code Regs. 17.01; Mass. Gen. Laws ch. 93H, § 3(b); Mass. Gen. Laws ch. 93I, § 2; 201 Mass. Code Regs. 17.02",CITED,VERIFIED,2026-10-08,2026-10-08,,[Full trail in lease-clauses.csv notes and lease-clause-decision-log-MA.md.]
edu-no-rent-ledger-duty-ma,LANDLORD_EDUCATION,MA,"Mass. Gen. Laws ch. 140D, § 1; Mass. Gen. Laws ch. 140D, § 94; 940 Mass. Code Regs. 40.000; Mass. Gen. Laws ch. 186, § 15B(2)(d); Absence: MA batteries named in the row's notes (MA log §17, §18)",CONFIRMED_ABSENT,VERIFIED,2026-10-08,2026-10-08,,[Full trail in lease-clauses.csv notes and lease-clause-decision-log-MA.md.]
edu-no-tenant-insurance-claim-rule-ma,LANDLORD_EDUCATION,MA,"Mass. Gen. Laws ch. 175, § 4F; Mass. Gen. Laws ch. 186, § 15; 105 Mass. Code Regs. 410.003(B); Mass. Gen. Laws ch. 111, § 127K; Absence: MA batteries named in the row's notes (MA log §17, §18)",CONFIRMED_ABSENT,VERIFIED,2026-10-08,2026-10-08,,[Full trail in lease-clauses.csv notes and lease-clause-decision-log-MA.md.]
edu-no-tenant-law-sunset-ma,LANDLORD_EDUCATION,MA,"Mass. Gen. Laws ch. 186, § 15B; Mass. Gen. Laws ch. 112, § 87DDD; Mass. Gen. Laws ch. 111, § 197; Mass. Gen. Laws ch. 239, § 17; Absence: MA batteries named in the row's notes (MA log §17, §18)",CONFIRMED_ABSENT,NEEDS_REVIEW,2026-10-08,2026-10-08,,[Full trail in lease-clauses.csv notes and lease-clause-decision-log-MA.md.]
edu-term-change-notice-ma,LANDLORD_EDUCATION,MA,"Mass. Gen. Laws ch. 186, § 12; Mass. Gen. Laws ch. 186, § 18; Mass. Gen. Laws ch. 186, § 15B(1)(b)",CITED,NEEDS_REVIEW,2026-10-08,2026-10-08,,[Full trail in lease-clauses.csv notes and lease-clause-decision-log-MA.md.]
edu-no-lease-translation-duty-ma,LANDLORD_EDUCATION,MA,"Mass. Gen. Laws ch. 186, § 31(b); 105 Mass. Code Regs. 410.670; Mass. Gen. Laws ch. 244, § 35A; Mass. Gen. Laws ch. 186, § 15B; Mass. Gen. Laws ch. 186, § 15B(2)(c); Absence: MA batteries named in the row's notes (MA log §17, §18)",CONFIRMED_ABSENT,VERIFIED,2026-10-08,2026-10-08,,[Full trail in lease-clauses.csv notes and lease-clause-decision-log-MA.md.]
edu-assistance-animals-state-law-ma,LANDLORD_EDUCATION,MA,"Mass. Gen. Laws ch. 151B, § 4(7A)(2); Mass. Gen. Laws ch. 151B, § 4(6)(b); Mass. Gen. Laws ch. 151B, § 4(7); Mass. Gen. Laws ch. 151B, § 1(13); Mass. Gen. Laws ch. 129, § 39F; 760 Mass. Code Regs. 6.07",CITED,NEEDS_REVIEW,2026-10-08,2026-10-08,,[Full trail in lease-clauses.csv notes and lease-clause-decision-log-MA.md.]
edu-pet-deposit-and-rent-ma,LANDLORD_EDUCATION,MA,"Mass. Gen. Laws ch. 186, § 15B(1)(b); Mass. Gen. Laws ch. 186, § 15B(1)(d); 940 Mass. Code Regs. 10.000; Mass. Gen. Laws ch. 151B, § 4(7A)(2)",CITED,NEEDS_REVIEW,2026-10-08,2026-10-08,,[Full trail in lease-clauses.csv notes and lease-clause-decision-log-MA.md.]
edu-pet-rules-limits-ma,LANDLORD_EDUCATION,MA,"Mass. Gen. Laws ch. 186, § 15B(1)(a); 940 Mass. Code Regs. 3.17(6)(e); Mass. Gen. Laws ch. 186, § 15; Mass. Gen. Laws ch. 186, § 30; 760 Mass. Code Regs. 6.07",CITED,VERIFIED,2026-10-08,2026-10-08,,[Full trail in lease-clauses.csv notes and lease-clause-decision-log-MA.md.]
edu-dog-guide-access-penalty-ma,LANDLORD_EDUCATION,MA,"Mass. Gen. Laws ch. 272, § 98A; Mass. Gen. Laws ch. 272, § 92A; Mass. Gen. Laws ch. 151B, § 4(6)(b)",CITED,NEEDS_REVIEW,2026-10-08,2026-10-08,,[Full trail in lease-clauses.csv notes and lease-clause-decision-log-MA.md.]
edu-no-service-animal-misrep-penalty-ma,LANDLORD_EDUCATION,MA,"Mass. Gen. Laws ch. 128A, § 13C; 330 Mass. Code Regs. 12.000; Mass. Gen. Laws ch. 151B, § 4(7A)(2); Absence: MA batteries named in the row's notes (MA log §17, §18)",CONFIRMED_ABSENT,VERIFIED,2026-10-08,2026-10-08,,[Full trail in lease-clauses.csv notes and lease-clause-decision-log-MA.md.]
edu-private-property-towing-ma,LANDLORD_EDUCATION,MA,"Mass. Gen. Laws ch. 266, § 120D; Mass. Gen. Laws ch. 159B, § 6B; Mass. Gen. Laws ch. 90, § 22B(a)",CITED,VERIFIED,2026-10-08,2026-10-08,,[Full trail in lease-clauses.csv notes and lease-clause-decision-log-MA.md.]
edu-no-tenant-ev-charging-right-ma,LANDLORD_EDUCATION,MA,"Mass. Gen. Laws ch. 183A, § 10; Mass. Gen. Laws ch. 183A, § 10A; Mass. Gen. Laws ch. 183A, § 10A(b); Mass. Gen. Laws ch. 183A, § 10A(a); Mass. Gen. Laws ch. 183A, § 10A(c); 225 Mass. Code Regs. 22.000-23; Absence: MA batteries named in the row's notes (MA log §17, §18)",CONFIRMED_ABSENT,VERIFIED,2026-10-08,2026-10-08,,[Full trail in lease-clauses.csv notes and lease-clause-decision-log-MA.md.]
edu-no-parking-statute-ma,LANDLORD_EDUCATION,MA,"Mass. Gen. Laws ch. 183A, § 1; Mass. Gen. Laws ch. 183B, § 23; 940 Mass. Code Regs. 10.000; Mass. Gen. Laws ch. 186, § 15B(1)(b); Mass. Gen. Laws ch. 266, § 120D; Absence: MA batteries named in the row's notes (MA log §17, §18)",CONFIRMED_ABSENT,VERIFIED,2026-10-08,2026-10-08,,[Full trail in lease-clauses.csv notes and lease-clause-decision-log-MA.md.]
edu-storage-space-ma,LANDLORD_EDUCATION,MA,"Mass. Gen. Laws ch. 105A, § 1; Mass. Gen. Laws ch. 105A, § 3",CITED,NEEDS_REVIEW,2026-10-08,2026-10-08,,[Full trail in lease-clauses.csv notes and lease-clause-decision-log-MA.md.]
edu-cannabis-lease-limits-ma,LANDLORD_EDUCATION,MA,"Mass. Gen. Laws ch. 94G, § 2(d)(1); Mass. Gen. Laws ch. 94G, § 7(a)(2); Mass. Gen. Laws ch. 94I, § 1-8",CITED,NEEDS_REVIEW,2026-10-08,2026-10-08,,[Full trail in lease-clauses.csv notes and lease-clause-decision-log-MA.md.]
edu-no-waterbed-statute-ma,LANDLORD_EDUCATION,MA,"760 Mass. Code Regs. 6.000; Mass. Gen. Laws ch. 186, § 15B(1)(b); Absence: MA batteries named in the row's notes (MA log §17, §18)",CONFIRMED_ABSENT,VERIFIED,2026-10-08,2026-10-08,,[Full trail in lease-clauses.csv notes and lease-clause-decision-log-MA.md.]
edu-no-tenant-display-right-ma,LANDLORD_EDUCATION,MA,"Mass. Gen. Laws ch. 151B, § 4(7)(b); Absence: MA batteries named in the row's notes (MA log §17, §18)",CONFIRMED_ABSENT,VERIFIED,2026-10-08,2026-10-08,,[Full trail in lease-clauses.csv notes and lease-clause-decision-log-MA.md.]
edu-no-candidate-access-rule-ma,LANDLORD_EDUCATION,MA,"950 Mass. Code Regs. 57.000; Absence: MA batteries named in the row's notes (MA log §17, §18)",CONFIRMED_ABSENT,VERIFIED,2026-10-08,2026-10-08,,[Full trail in lease-clauses.csv notes and lease-clause-decision-log-MA.md.]
edu-tenant-cameras-audio-ma,LANDLORD_EDUCATION,MA,"Mass. Gen. Laws ch. 64H, § 6; 400 Mass. Code Regs. 9.000; Mass. Gen. Laws ch. 272, § 99(B)(4); Absence: MA batteries named in the row's notes (MA log §17, §18)",CONFIRMED_ABSENT,VERIFIED,2026-10-08,2026-10-08,,[Full trail in lease-clauses.csv notes and lease-clause-decision-log-MA.md.]
edu-tenant-air-conditioners-ma,LANDLORD_EDUCATION,MA,"105 Mass. Code Regs. 410.240(A); 105 Mass. Code Regs. 410.235; Absence: MA batteries named in the row's notes (MA log §17, §18)",CONFIRMED_ABSENT,VERIFIED,2026-10-08,2026-10-08,,[Full trail in lease-clauses.csv notes and lease-clause-decision-log-MA.md.]
edu-solar-restriction-statute-ma,LANDLORD_EDUCATION,MA,"Mass. Gen. Laws ch. 184, § 23C; Mass. Gen. Laws ch. 40A, § 1A; Mass. Gen. Laws ch. 40A, § 3; Mass. Gen. Laws ch. 183A, § 10",CITED,NEEDS_REVIEW,2026-10-08,2026-10-08,,[Full trail in lease-clauses.csv notes and lease-clause-decision-log-MA.md.]
edu-no-firearm-lease-rule-ma,LANDLORD_EDUCATION,MA,"Mass. Gen. Laws ch. 140, § 121B-131A; Mass. Gen. Laws ch. 121B, § 32C; 501 Mass. Code Regs. 7.000; Absence: MA batteries named in the row's notes (MA log §17, §18)",CONFIRMED_ABSENT,VERIFIED,2026-10-08,2026-10-08,,[Full trail in lease-clauses.csv notes and lease-clause-decision-log-MA.md.]
edu-no-guest-statute-ma,LANDLORD_EDUCATION,MA,"Mass. Gen. Laws ch. 186, § 19; Mass. Gen. Laws ch. 111, § 127L; Mass. Gen. Laws ch. 183A, § 4; 760 Mass. Code Regs. 4.000; Mass. Gen. Laws ch. 151B, § 4(11); Absence: MA batteries named in the row's notes (MA log §17, §18)",CONFIRMED_ABSENT,VERIFIED,2026-10-08,2026-10-08,,[Full trail in lease-clauses.csv notes and lease-clause-decision-log-MA.md.]
edu-key-charges-ma,LANDLORD_EDUCATION,MA,"Mass. Gen. Laws ch. 186, § 15B(1)(b); Mass. Gen. Laws ch. 186, § 15B(4); Mass. Gen. Laws ch. 186, § 26",CITED,NEEDS_REVIEW,2026-10-08,2026-10-08,,[Full trail in lease-clauses.csv notes and lease-clause-decision-log-MA.md.]
edu-house-rules-ma,LANDLORD_EDUCATION,MA,"940 Mass. Code Regs. 3.17(3)(a); Mass. Gen. Laws ch. 186, § 12; Mass. Gen. Laws ch. 186, § 18; Mass. Gen. Laws ch. 140, § 32L; 760 Mass. Code Regs. 6.000; Mass. Gen. Laws ch. 93H, § 2; 940 Mass. Code Regs. 10.00; 105 Mass. Code Regs. 164.000",CITED,NEEDS_REVIEW,2026-10-08,2026-10-08,,[Full trail in lease-clauses.csv notes and lease-clause-decision-log-MA.md.]
edu-snow-ice-egress-ma,LANDLORD_EDUCATION,MA,105 Mass. Code Regs. 410.260(C); 105 Mass. Code Regs. 410.260(D)(1); 105 Mass. Code Regs. 410.260(D)(4),CITED,NEEDS_REVIEW,2026-10-08,2026-10-08,,[Full trail in lease-clauses.csv notes and lease-clause-decision-log-MA.md.]
edu-pest-history-disclosure-ma,LANDLORD_EDUCATION,MA,"105 Mass. Code Regs. 410.000; 105 Mass. Code Regs. 410.010; 105 Mass. Code Regs. 410.550(B); 105 Mass. Code Regs. 410.550(F); 940 Mass. Code Regs. 3.17(1)(c); Absence: MA batteries named in the row's notes (MA log §17, §18)",CONFIRMED_ABSENT,NEEDS_REVIEW,2026-10-08,2026-10-08,,[Full trail in lease-clauses.csv notes and lease-clause-decision-log-MA.md.]
edu-no-occupancy-certificate-disclosure-ma,LANDLORD_EDUCATION,MA,"Absence: MA batteries named in the row's notes (MA log §17, §18)",CONFIRMED_ABSENT,VERIFIED,2026-10-08,2026-10-08,,[Full trail in lease-clauses.csv notes and lease-clause-decision-log-MA.md.]
edu-no-drywall-disclosure-ma,LANDLORD_EDUCATION,MA,"940 Mass. Code Regs. 3.17(1)(c); Absence: MA batteries named in the row's notes (MA log §17, §18)",CONFIRMED_ABSENT,VERIFIED,2026-10-08,2026-10-08,,[Full trail in lease-clauses.csv notes and lease-clause-decision-log-MA.md.]
edu-no-flood-disclosure-ma,LANDLORD_EDUCATION,MA,"Mass. Gen. Laws ch. 186, § 21; 940 Mass. Code Regs. 3.17(1)(c); Absence: MA batteries named in the row's notes (MA log §17, §18)",CONFIRMED_ABSENT,VERIFIED,2026-10-08,2026-10-08,,[Full trail in lease-clauses.csv notes and lease-clause-decision-log-MA.md.]
edu-contamination-use-limitation-ma,LANDLORD_EDUCATION,MA,"310 Mass. Code Regs. 40.1074(5); 310 Mass. Code Regs. 40.1025; 310 Mass. Code Regs. 40.000; Mass. Gen. Laws ch. 21E, § 7",CITED,VERIFIED,2026-10-08,2026-10-08,,[Full trail in lease-clauses.csv notes and lease-clause-decision-log-MA.md.]
edu-condo-unit-rental-duties-ma,LANDLORD_EDUCATION,MA,"Mass. Gen. Laws ch. 183A, § 4(1); Mass. Gen. Laws ch. 183A, § 4(6); Mass. Gen. Laws ch. 183A, § 6; Mass. Gen. Laws ch. 183A, § 2; Mass. Gen. Laws ch. 188, § 1; Mass. Gen. Laws ch. 186, § 15B(4); Mass. Gen. Laws ch. 183A, § 10A",CITED,NEEDS_REVIEW,2026-10-08,2026-10-08,,[Full trail in lease-clauses.csv notes and lease-clause-decision-log-MA.md.]
edu-condo-association-rent-collection-ma,LANDLORD_EDUCATION,MA,"Mass. Gen. Laws ch. 183A, § 6",CITED,NEEDS_REVIEW,2026-10-08,2026-10-08,,[Full trail in lease-clauses.csv notes and lease-clause-decision-log-MA.md.]
edu-fair-housing-classes-ma,LANDLORD_EDUCATION,MA,"Mass. Gen. Laws ch. 151B, § 4(6)(a); Mass. Gen. Laws ch. 151B, § 4(10); Mass. Gen. Laws ch. 151B, § 4(11); Mass. Gen. Laws ch. 151B, § 4(7); Mass. Gen. Laws ch. 151B, § 1(11); Mass. Gen. Laws ch. 111, § 199A(a); Mass. Gen. Laws ch. 151B, § 1(13)",CITED,VERIFIED,2026-10-08,2026-10-08,,[Full trail in lease-clauses.csv notes and lease-clause-decision-log-MA.md.]
edu-fair-housing-advertising-ma,LANDLORD_EDUCATION,MA,"Mass. Gen. Laws ch. 151B, § 4(7B); Mass. Gen. Laws ch. 151B, § 4(7)",CITED,NEEDS_REVIEW,2026-10-08,2026-10-08,,[Full trail in lease-clauses.csv notes and lease-clause-decision-log-MA.md.]
edu-housing-subsidy-protection-ma,LANDLORD_EDUCATION,MA,"Mass. Gen. Laws ch. 151B, § 4(10); Mass. Gen. Laws ch. 151B, § 4(7B)",CITED,VERIFIED,2026-10-08,2026-10-08,,[Full trail in lease-clauses.csv notes and lease-clause-decision-log-MA.md.]
edu-tenant-sexual-harassment-ma,LANDLORD_EDUCATION,MA,"Mass. Gen. Laws ch. 151B, § 4(18); Mass. Gen. Laws ch. 151B, § 4(4A); Mass. Gen. Laws ch. 151B, § 4",CITED,VERIFIED,2026-10-08,2026-10-08,,[Full trail in lease-clauses.csv notes and lease-clause-decision-log-MA.md.]
edu-fair-housing-court-election-ma,LANDLORD_EDUCATION,MA,"Mass. Gen. Laws ch. 151B, § 5",CITED,VERIFIED,2026-10-08,2026-10-08,,[Full trail in lease-clauses.csv notes and lease-clause-decision-log-MA.md.]
edu-condo-rental-notices-ma,LANDLORD_EDUCATION,MA,"Mass. Gen. Laws ch. 183A, § 10(k); Mass. Gen. Laws ch. 183A, § 4",CITED,VERIFIED,2026-10-08,2026-10-08,,[Full trail in lease-clauses.csv notes and lease-clause-decision-log-MA.md.]
edu-condo-rules-tenants-ma,LANDLORD_EDUCATION,MA,"Mass. Gen. Laws ch. 183A, § 4; Mass. Gen. Laws ch. 183A, § 6; Mass. Gen. Laws ch. 166A, § 22; 105 Mass. Code Regs. 122.000; 266 Mass. Code Regs. 6.000",CITED,VERIFIED,2026-10-08,2026-10-08,,[Full trail in lease-clauses.csv notes and lease-clause-decision-log-MA.md.]
edu-condemned-unit-rerental-ma,LANDLORD_EDUCATION,MA,"105 Mass. Code Regs. 410.900(B); 940 Mass. Code Regs. 3.17(1)(c); Mass. Gen. Laws ch. 186, § 15B(2)(c); Mass. Gen. Laws ch. 94, § 189A",CITED,VERIFIED,2026-10-08,2026-10-08,,[Full trail in lease-clauses.csv notes and lease-clause-decision-log-MA.md.]
edu-lead-deleading-duty-ma,LANDLORD_EDUCATION,MA,"Mass. Gen. Laws ch. 111, § 189A; Mass. Gen. Laws ch. 111, § 197(a); Mass. Gen. Laws ch. 111, § 197(b); Mass. Gen. Laws ch. 111, § 197(f); Mass. Gen. Laws ch. 111, § 199(a); Mass. Gen. Laws ch. 111, § 199(b); 105 Mass. Code Regs. 460.100(A); Mass. Gen. Laws ch. 111, § 199B",CITED,VERIFIED,2026-10-08,2026-10-08,,[Full trail in lease-clauses.csv notes and lease-clause-decision-log-MA.md.]
edu-lead-no-family-discrimination-ma,LANDLORD_EDUCATION,MA,"Mass. Gen. Laws ch. 111, § 199A(a); Mass. Gen. Laws ch. 111, § 199A(b); Mass. Gen. Laws ch. 111, § 199A(c); Mass. Gen. Laws ch. 111, § 199B",CITED,VERIFIED,2026-10-08,2026-10-08,,[Full trail in lease-clauses.csv notes and lease-clause-decision-log-MA.md.]
edu-lead-work-notice-delay-ma,LANDLORD_EDUCATION,MA,"105 Mass. Code Regs. 460.150(A); Mass. Gen. Laws ch. 111, § 197(g); Mass. Gen. Laws ch. 111, § 197(h)",CITED,VERIFIED,2026-10-08,2026-10-08,,[Full trail in lease-clauses.csv notes and lease-clause-decision-log-MA.md.]
edu-no-meter-conservation-charge-ma,LANDLORD_EDUCATION,MA,"105 Mass. Code Regs. 410.200(A); 105 Mass. Code Regs. 410.130(C); Absence: MA batteries named in the row's notes (MA log §17, §18)",CONFIRMED_ABSENT,VERIFIED,2026-10-08,2026-10-08,,[Full trail in lease-clauses.csv notes and lease-clause-decision-log-MA.md.]
edu-no-meth-lab-disclosure-ma,LANDLORD_EDUCATION,MA,"Mass. Gen. Laws ch. 33A, § 112A; Mass. Gen. Laws ch. 94C, § 31; 760 Mass. Code Regs. 38.000; 940 Mass. Code Regs. 3.17(1)(c); Absence: MA batteries named in the row's notes (MA log §17, §18)",CONFIRMED_ABSENT,VERIFIED,2026-10-08,2026-10-08,,[Full trail in lease-clauses.csv notes and lease-clause-decision-log-MA.md.]
edu-no-military-zone-disclosure-ma,LANDLORD_EDUCATION,MA,"Mass. Gen. Laws ch. 6, § 216; Mass. Gen. Laws ch. 33A, § 62; Mass. Gen. Laws ch. 33A, § 85; Mass. Gen. Laws ch. 71, § 95; Mass. Gen. Laws ch. 175M, § 5; Mass. Gen. Laws ch. 221, § 17; Absence: MA batteries named in the row's notes (MA log §17, §18)",CONFIRMED_ABSENT,VERIFIED,2026-10-08,2026-10-08,,[Full trail in lease-clauses.csv notes and lease-clause-decision-log-MA.md.]
edu-no-mold-disclosure-ma,LANDLORD_EDUCATION,MA,"105 Mass. Code Regs. 410.000; 105 Mass. Code Regs. 410.500(A); 105 Mass. Code Regs. 410.620(E); 940 Mass. Code Regs. 3.17(1)(c); Absence: MA batteries named in the row's notes (MA log §17, §18)",CONFIRMED_ABSENT,VERIFIED,2026-10-08,2026-10-08,,[Full trail in lease-clauses.csv notes and lease-clause-decision-log-MA.md.]
edu-no-ordnance-demolition-disclosure-ma,LANDLORD_EDUCATION,MA,"Mass. Gen. Laws ch. 186, § 22; Mass. Gen. Laws ch. 186, § 10; 105 Mass. Code Regs. 410.000; 105 Mass. Code Regs. 410.200(A); Absence: MA batteries named in the row's notes (MA log §17, §18)",CONFIRMED_ABSENT,VERIFIED,2026-10-08,2026-10-08,,[Full trail in lease-clauses.csv notes and lease-clause-decision-log-MA.md.]
edu-no-pet-eviction-fact-sheet-ma,LANDLORD_EDUCATION,MA,"Absence: MA batteries named in the row's notes (MA log §17, §18)",CONFIRMED_ABSENT,VERIFIED,2026-10-08,2026-10-08,,[Full trail in lease-clauses.csv notes and lease-clause-decision-log-MA.md.]
edu-no-private-well-test-rule-ma,LANDLORD_EDUCATION,MA,"105 Mass. Code Regs. 410.130(A); 105 Mass. Code Regs. 410.010; Absence: MA batteries named in the row's notes (MA log §17, §18)",CONFIRMED_ABSENT,VERIFIED,2026-10-08,2026-10-08,,[Full trail in lease-clauses.csv notes and lease-clause-decision-log-MA.md.]
edu-no-tax-portion-statement-ma,LANDLORD_EDUCATION,MA,"Mass. Gen. Laws ch. 59, § 12C; Mass. Gen. Laws ch. 186, § 15B; Mass. Gen. Laws ch. 186, § 15C; Mass. Gen. Laws ch. 186, § 76; 761 Mass. Code Regs. 21.000; 801 Mass. Code Regs. 51.000; 940 Mass. Code Regs. 3.000; Absence: MA batteries named in the row's notes (MA log §17, §18)",CONFIRMED_ABSENT,VERIFIED,2026-10-08,2026-10-08,,[Full trail in lease-clauses.csv notes and lease-clause-decision-log-MA.md.]
edu-no-radon-disclosure-ma,LANDLORD_EDUCATION,MA,"Mass. Gen. Laws ch. 13, § 97; Mass. Gen. Laws ch. 112, § 222; 105 Mass. Code Regs. 120.000; 266 Mass. Code Regs. 6.000; 310 Mass. Code Regs. 22.000; Absence: MA batteries named in the row's notes (MA log §17, §18)",CONFIRMED_ABSENT,VERIFIED,2026-10-08,2026-10-08,,[Full trail in lease-clauses.csv notes and lease-clause-decision-log-MA.md.]
edu-recycling-refuse-duties-ma,LANDLORD_EDUCATION,MA,"105 Mass. Code Regs. 410.000; 310 Mass. Code Regs. 19.000; 105 Mass. Code Regs. 410.560(E); Absence: MA batteries named in the row's notes (MA log §17, §18)",CONFIRMED_ABSENT,VERIFIED,2026-10-08,2026-10-08,,[Full trail in lease-clauses.csv notes and lease-clause-decision-log-MA.md.]
edu-no-coverage-notice-ma,LANDLORD_EDUCATION,MA,"Mass. Gen. Laws ch. 140, § 32L; Mass. Gen. Laws ch. 40T, § 2; Mass. Gen. Laws ch. 40T, § 7; Mass. Gen. Laws ch. 40T, § 1; Absence: MA batteries named in the row's notes (MA log §17, §18)",CONFIRMED_ABSENT,VERIFIED,2026-10-08,2026-10-08,,[Full trail in lease-clauses.csv notes and lease-clause-decision-log-MA.md.]
edu-no-sex-offender-notice-ma,LANDLORD_EDUCATION,MA,"Mass. Gen. Laws ch. 6, § 178N; Absence: MA batteries named in the row's notes (MA log §17, §18)",CONFIRMED_ABSENT,VERIFIED,2026-10-08,2026-10-08,,[Full trail in lease-clauses.csv notes and lease-clause-decision-log-MA.md.]
edu-no-offender-occupancy-rule-ma,LANDLORD_EDUCATION,MA,"Absence: MA batteries named in the row's notes (MA log §17, §18)",CONFIRMED_ABSENT,VERIFIED,2026-10-08,2026-10-08,,[Full trail in lease-clauses.csv notes and lease-clause-decision-log-MA.md.]
edu-no-lease-font-rules-ma,LANDLORD_EDUCATION,MA,"Mass. Gen. Laws ch. 186, § 15B; Mass. Gen. Laws ch. 186, § 15B(2)(c); 105 Mass. Code Regs. 460.725(C); Absence: MA batteries named in the row's notes (MA log §17, §18)",CONFIRMED_ABSENT,VERIFIED,2026-10-08,2026-10-08,,[Full trail in lease-clauses.csv notes and lease-clause-decision-log-MA.md.]
edu-no-sprinkler-disclosure-ma,LANDLORD_EDUCATION,MA,"Mass. Gen. Laws ch. 25B, § 5; Mass. Gen. Laws ch. 146, § 88A; Mass. Gen. Laws ch. 148, § 27A; Absence: MA batteries named in the row's notes (MA log §17, §18)",CONFIRMED_ABSENT,VERIFIED,2026-10-08,2026-10-08,,[Full trail in lease-clauses.csv notes and lease-clause-decision-log-MA.md.]
edu-no-radiator-cover-rule-ma,LANDLORD_EDUCATION,MA,"Absence: MA batteries named in the row's notes (MA log §17, §18)",CONFIRMED_ABSENT,VERIFIED,2026-10-08,2026-10-08,,[Full trail in lease-clauses.csv notes and lease-clause-decision-log-MA.md.]
edu-psychologically-impacted-property-ma,LANDLORD_EDUCATION,MA,"Mass. Gen. Laws ch. 93, § 114",CITED,VERIFIED,2026-10-08,2026-10-08,,[Full trail in lease-clauses.csv notes and lease-clause-decision-log-MA.md.]
edu-no-tenant-purchase-right-ma,LANDLORD_EDUCATION,MA,"760 Mass. Code Regs. 23.000; Mass. Gen. Laws ch. 40T, § 2; Absence: MA batteries named in the row's notes (MA log §17, §18)",CONFIRMED_ABSENT,VERIFIED,2026-10-08,2026-10-08,,[Full trail in lease-clauses.csv notes and lease-clause-decision-log-MA.md.]
edu-consumer-protection-rentals-ma,LANDLORD_EDUCATION,MA,"Mass. Gen. Laws ch. 93A, § 2; 940 Mass. Code Regs. 3.17(1)(a)",CITED,VERIFIED,2026-10-08,2026-10-08,,[Full trail in lease-clauses.csv notes and lease-clause-decision-log-MA.md.]
edu-consumer-protection-remedies-ma,LANDLORD_EDUCATION,MA,"Mass. Gen. Laws ch. 93A, § 9(1); Mass. Gen. Laws ch. 93A, § 9(3); Mass. Gen. Laws ch. 93A, § 9(3A); Mass. Gen. Laws ch. 93A, § 9(4)",CITED,VERIFIED,2026-10-08,2026-10-08,,[Full trail in lease-clauses.csv notes and lease-clause-decision-log-MA.md.]
edu-unlawful-lease-term-liability-ma,LANDLORD_EDUCATION,MA,"940 Mass. Code Regs. 3.17(3)(a); Mass. Gen. Laws ch. 93A, § 9(3); Mass. Gen. Laws ch. 93A, § 9(4); 940 Mass. Code Regs. 3.000; Mass. Gen. Laws ch. 106, § 2A-103; Mass. Gen. Laws ch. 106, § 2A-108",CITED,VERIFIED,2026-10-08,2026-10-08,,[Full trail in lease-clauses.csv notes and lease-clause-decision-log-MA.md.]
edu-no-exculpatory-clauses-ma,LANDLORD_EDUCATION,MA,"Mass. Gen. Laws ch. 186, § 15; Mass. Gen. Laws ch. 186, § 15E; 940 Mass. Code Regs. 3.17(3)(a)",CITED,VERIFIED,2026-10-08,2026-10-08,,[Full trail in lease-clauses.csv notes and lease-clause-decision-log-MA.md.]
edu-no-jury-waiver-ma,LANDLORD_EDUCATION,MA,"Mass. Gen. Laws ch. 186, § 15F; 940 Mass. Code Regs. 3.17(3)(a); Absence: MA batteries named in the row's notes (MA log §17, §18)",CONFIRMED_ABSENT,VERIFIED,2026-10-08,2026-10-08,,[Full trail in lease-clauses.csv notes and lease-clause-decision-log-MA.md.]
edu-no-confession-of-judgment-ma,LANDLORD_EDUCATION,MA,"Mass. Gen. Laws ch. 231, § 13A; Absence: MA batteries named in the row's notes (MA log §17, §18)",CONFIRMED_ABSENT,VERIFIED,2026-10-08,2026-10-08,,[Full trail in lease-clauses.csv notes and lease-clause-decision-log-MA.md.]
edu-no-lease-unconscionability-statute-ma,LANDLORD_EDUCATION,MA,"Mass. Gen. Laws ch. 106, § 2-302; Mass. Gen. Laws ch. 106, § 2A-108; Mass. Gen. Laws ch. 106, § 2A-103; 940 Mass. Code Regs. 3.17(3)(a); Absence: MA batteries named in the row's notes (MA log §17, §18)",CONFIRMED_ABSENT,VERIFIED,2026-10-08,2026-10-08,,[Full trail in lease-clauses.csv notes and lease-clause-decision-log-MA.md.]
edu-void-lease-terms-ma,LANDLORD_EDUCATION,MA,"Mass. Gen. Laws ch. 186, § 15; Mass. Gen. Laws ch. 186, § 15F; Mass. Gen. Laws ch. 186, § 15A; Mass. Gen. Laws ch. 186, § 16; Mass. Gen. Laws ch. 231, § 13A; Mass. Gen. Laws ch. 186, § 15B(8); Mass. Gen. Laws ch. 186, § 14; Mass. Gen. Laws ch. 186, § 18; Mass. Gen. Laws ch. 186, § 20; Mass. Gen. Laws ch. 186, § 15C; Mass. Gen. Laws ch. 186, § 15B(1)(c)",CITED,VERIFIED,2026-10-08,2026-10-08,,[Full trail in lease-clauses.csv notes and lease-clause-decision-log-MA.md.]
edu-no-complete-banned-terms-list-ma,LANDLORD_EDUCATION,MA,"940 Mass. Code Regs. 3.17(3)(a); Mass. Gen. Laws ch. 186, § 28; Mass. Gen. Laws ch. 183A, § 6; Mass. Gen. Laws ch. 186, § 14; Absence: MA batteries named in the row's notes (MA log §17, §18)",CONFIRMED_ABSENT,VERIFIED,2026-10-08,2026-10-08,,[Full trail in lease-clauses.csv notes and lease-clause-decision-log-MA.md.]
edu-no-eviction-penalty-rule-ma,LANDLORD_EDUCATION,MA,"Mass. Gen. Laws ch. 239, § 4; Mass. Gen. Laws ch. 239, § 14; Mass. Gen. Laws ch. 239, § 16; Mass. Gen. Laws ch. 186, § 15B(1)(c); 940 Mass. Code Regs. 3.17(3)(a); 940 Mass. Code Regs. 3.17(6)(c); Mass. Gen. Laws ch. 186, § 20; Absence: MA batteries named in the row's notes (MA log §17, §18)",CONFIRMED_ABSENT,VERIFIED,2026-10-08,2026-10-08,,[Full trail in lease-clauses.csv notes and lease-clause-decision-log-MA.md.]
edu-written-notices-not-waivable-ma,LANDLORD_EDUCATION,MA,"Mass. Gen. Laws ch. 186, § 11; Mass. Gen. Laws ch. 186, § 12; Mass. Gen. Laws ch. 186, § 15A; Mass. Gen. Laws ch. 186, § 24(a)",CITED,VERIFIED,2026-10-08,2026-10-08,,[Full trail in lease-clauses.csv notes and lease-clause-decision-log-MA.md.]
edu-family-status-practices-ma,LANDLORD_EDUCATION,MA,"804 Mass. Code Regs. 2.02(2); 804 Mass. Code Regs. 2.02(3); Mass. Gen. Laws ch. 151B, § 4; Mass. Gen. Laws ch. 151B, § 4(11)",CITED,VERIFIED,2026-10-08,2026-10-08,,[Full trail in lease-clauses.csv notes and lease-clause-decision-log-MA.md.]
edu-source-of-income-ma,LANDLORD_EDUCATION,MA,"Mass. Gen. Laws ch. 151B, § 4(10); Mass. Gen. Laws ch. 151B, § 4(7B); 804 Mass. Code Regs. 2.01(4); Mass. Gen. Laws ch. 151B, § 4; Mass. Gen. Laws ch. 151B, § 80; 804 Mass. Code Regs. 2.000",CITED,VERIFIED,2026-10-08,2026-10-08,,[Full trail in lease-clauses.csv notes and lease-clause-decision-log-MA.md.]
edu-protected-class-inquiry-ban-ma,LANDLORD_EDUCATION,MA,"Mass. Gen. Laws ch. 151B, § 4(6)(c); Mass. Gen. Laws ch. 151B, § 4(7)(c); 804 Mass. Code Regs. 2.01(5)(c); Mass. Gen. Laws ch. 151B, § 4(10)",CITED,VERIFIED,2026-10-08,2026-10-08,,[Full trail in lease-clauses.csv notes and lease-clause-decision-log-MA.md.]
edu-no-immigration-status-rule-ma,LANDLORD_EDUCATION,MA,"Mass. Gen. Laws ch. 186, § 15B; Mass. Gen. Laws ch. 151B, § 4(6); Absence: MA batteries named in the row's notes (MA log §17, §18)",CONFIRMED_ABSENT,VERIFIED,2026-10-08,2026-10-08,,[Full trail in lease-clauses.csv notes and lease-clause-decision-log-MA.md.]
edu-cori-housing-screening-ma,LANDLORD_EDUCATION,MA,"Mass. Gen. Laws ch. 6, § 172(3); 803 Mass. Code Regs. 5.04; 803 Mass. Code Regs. 5.06; 803 Mass. Code Regs. 5.13; 803 Mass. Code Regs. 5.08",CITED,VERIFIED,2026-10-08,2026-10-08,,[Full trail in lease-clauses.csv notes and lease-clause-decision-log-MA.md.]
edu-criminal-history-adverse-action-ma,LANDLORD_EDUCATION,MA,"Mass. Gen. Laws ch. 6, § 171A; 803 Mass. Code Regs. 5.10; 803 Mass. Code Regs. 5.14",CITED,VERIFIED,2026-10-08,2026-10-08,,[Full trail in lease-clauses.csv notes and lease-clause-decision-log-MA.md.]
edu-dv-records-confidential-ma,LANDLORD_EDUCATION,MA,"Mass. Gen. Laws ch. 186, § 24(f); Mass. Gen. Laws ch. 186, § 25",CITED,VERIFIED,2026-10-08,2026-10-08,,[Full trail in lease-clauses.csv notes and lease-clause-decision-log-MA.md.]
edu-government-fines-passthrough-ma,LANDLORD_EDUCATION,MA,"Mass. Gen. Laws ch. 25A, § 20(h); Mass. Gen. Laws ch. 25A, § 20(a); 940 Mass. Code Regs. 3.17(6)(c); Mass. Gen. Laws ch. 186, § 15B(4); Mass. Gen. Laws ch. 25A, § 20; Mass. Gen. Laws ch. 25A, § 22; 225 Mass. Code Regs. 27.000",CITED,VERIFIED,2026-10-08,2026-10-08,,[Full trail in lease-clauses.csv notes and lease-clause-decision-log-MA.md.]
edu-no-foreign-ownership-limit-ma,LANDLORD_EDUCATION,MA,"Mass. Gen. Laws ch. 184, § 1; Mass. Gen. Laws ch. 23M, § 3; Absence: MA batteries named in the row's notes (MA log §17, §18)",CONFIRMED_ABSENT,VERIFIED,2026-10-08,2026-10-08,,[Full trail in lease-clauses.csv notes and lease-clause-decision-log-MA.md.]
edu-hot-water-temperature-ma,LANDLORD_EDUCATION,MA,105 Mass. Code Regs. 410.150; 105 Mass. Code Regs. 410.000; 105 Mass. Code Regs. 410.200-410,CITED,VERIFIED,2026-10-08,2026-10-08,,[Full trail in lease-clauses.csv notes and lease-clause-decision-log-MA.md.]
edu-no-window-guard-rule-ma,LANDLORD_EDUCATION,MA,"105 Mass. Code Regs. 150.000; 454 Mass. Code Regs. 22.000; Absence: MA batteries named in the row's notes (MA log §17, §18)",CONFIRMED_ABSENT,VERIFIED,2026-10-08,2026-10-08,,[Full trail in lease-clauses.csv notes and lease-clause-decision-log-MA.md.]
edu-sprinkler-requirements-ma,LANDLORD_EDUCATION,MA,"Mass. Gen. Laws ch. 148, § 26A; Mass. Gen. Laws ch. 148, § 26A½; Mass. Gen. Laws ch. 148, § 26H; Mass. Gen. Laws ch. 148, § 26I; Mass. Gen. Laws ch. 148, § 26G; Mass. Gen. Laws ch. 148, § 27A",CITED,VERIFIED,2026-10-08,2026-10-08,,[Full trail in lease-clauses.csv notes and lease-clause-decision-log-MA.md.]
