clause_id,content_type,state,citation,citation_status,verification_status,effective_from,last_checked,supersedes,notes
rent-payment,LEASE_CLAUSE,CT,Conn. Gen. Stat. § 47a-3a(a); Conn. Gen. Stat. § 47a-13(a)(1),CITED,VERIFIED,2026-08-21,2026-10-09,,[Full trail in lease-clauses.csv notes and lease-clause-decision-log-CT.md.]
security-deposit-interest-ct,LEASE_CLAUSE,CT,Conn. Gen. Stat. § 47a-21(h)(2)(D); Conn. Gen. Stat. § 47a-4(a)(4); Conn. Gen. Stat. § 47a-21(i),CITED,VERIFIED,2026-10-09,2026-10-09,,[Full trail in lease-clauses.csv notes and lease-clause-decision-log-CT.md.]
residential-use-only,LEASE_CLAUSE,CT,Conn. Gen. Stat. § 47a-17; Conn. Gen. Stat. § 47a-9a(b); Conn. Gen. Stat. § 47a-9a(d),CITED,VERIFIED,2026-08-21,2026-10-09,,[Full trail in lease-clauses.csv notes and lease-clause-decision-log-CT.md.]
permitted-occupants,LEASE_CLAUSE,CT,Conn. Gen. Stat. § 46a-64c,CITED,VERIFIED,2026-08-21,2026-10-09,,[Full trail in lease-clauses.csv notes and lease-clause-decision-log-CT.md.]
no-disturbance,LEASE_CLAUSE,CT,Conn. Gen. Stat. § 47a-11(g),CITED,VERIFIED,2026-08-21,2026-10-09,,[Full trail in lease-clauses.csv notes and lease-clause-decision-log-CT.md.]
smoking-policy,LEASE_CLAUSE,CT,Conn. Gen. Stat. § 47a-9a(b),CITED,VERIFIED,2026-08-21,2026-10-09,,[Full trail in lease-clauses.csv notes and lease-clause-decision-log-CT.md.]
utilities-responsibility,LEASE_CLAUSE,CT,"Conn. Gen. Stat. § 47a-4(a)(11); Conn. Pub. Act No. 26-113, § 1",CITED,VERIFIED,2026-08-21,2026-10-09,,[Full trail in lease-clauses.csv notes and lease-clause-decision-log-CT.md.]
utility-service-continuity,LEASE_CLAUSE,CT,Conn. Gen. Stat. § 47a-7(a)(6); Conn. Gen. Stat. § 47a-13,CITED,VERIFIED,2026-08-21,2026-10-09,,[Full trail in lease-clauses.csv notes and lease-clause-decision-log-CT.md.]
utility-payment-evidence,LEASE_CLAUSE,CT,,GENERIC,VERIFIED,2026-08-21,2026-10-09,,[Full trail in lease-clauses.csv notes and lease-clause-decision-log-CT.md.]
tenant-maintenance,LEASE_CLAUSE,CT,Conn. Gen. Stat. § 47a-11(b); Conn. Gen. Stat. § 47a-7,CITED,VERIFIED,2026-08-21,2026-10-09,,[Full trail in lease-clauses.csv notes and lease-clause-decision-log-CT.md.]
no-sublet-assign,LEASE_CLAUSE,CT,Conn. Gen. Stat. § 47a-21(a)(7)(C),CITED,VERIFIED,2026-08-21,2026-10-09,,[Full trail in lease-clauses.csv notes and lease-clause-decision-log-CT.md.]
no-alterations,LEASE_CLAUSE,CT,Conn. Gen. Stat. § 47a-13a; Conn. Gen. Stat. § 47a-13b; Conn. Gen. Stat. § 47a-7b; Conn. Gen. Stat. § 46a-64c,CITED,VERIFIED,2026-08-21,2026-10-09,,[Full trail in lease-clauses.csv notes and lease-clause-decision-log-CT.md.]
joint-liability,LEASE_CLAUSE,CT,Conn. Gen. Stat. § 47a-7b(e); Conn. Gen. Stat. § 47a-11e(c)(2),CITED,VERIFIED,2026-08-21,2026-10-09,,[Full trail in lease-clauses.csv notes and lease-clause-decision-log-CT.md.]
utilities-paid-by-landlord,LEASE_CLAUSE,CT,Conn. Gen. Stat. § 47a-12(a); Conn. Gen. Stat. § 47a-13; Conn. Gen. Stat. § 47a-4(a)(10),CITED,VERIFIED,2026-08-21,2026-10-09,,[Full trail in lease-clauses.csv notes and lease-clause-decision-log-CT.md.]
appliances-included,LEASE_CLAUSE,CT,Conn. Gen. Stat. § 47a-7(a)(4),CITED,VERIFIED,2026-08-21,2026-10-09,,[Full trail in lease-clauses.csv notes and lease-clause-decision-log-CT.md.]
possession-delay,LEASE_CLAUSE,CT,,GENERIC,VERIFIED,2026-08-21,2026-10-09,,[Full trail in lease-clauses.csv notes and lease-clause-decision-log-CT.md.]
surrender-end-of-term,LEASE_CLAUSE,CT,Conn. Gen. Stat. § 47a-11b; Conn. Gen. Stat. § 47a-42,CITED,VERIFIED,2026-08-21,2026-10-09,,[Full trail in lease-clauses.csv notes and lease-clause-decision-log-CT.md.]
notices,LEASE_CLAUSE,CT,Conn. Gen. Stat. § 47a-23(c); Conn. Gen. Stat. § 1-268(c)(2)(B),CITED,VERIFIED,2026-08-21,2026-10-09,,[Full trail in lease-clauses.csv notes and lease-clause-decision-log-CT.md.]
governing-law,LEASE_CLAUSE,CT,,GENERIC,VERIFIED,2026-08-21,2026-10-09,,[Full trail in lease-clauses.csv notes and lease-clause-decision-log-CT.md.]
severability,LEASE_CLAUSE,CT,,GENERIC,VERIFIED,2026-08-21,2026-10-09,,[Full trail in lease-clauses.csv notes and lease-clause-decision-log-CT.md.]
entire-agreement,LEASE_CLAUSE,CT,Conn. Gen. Stat. § 47a-9(b),CITED,VERIFIED,2026-08-21,2026-10-09,,[Full trail in lease-clauses.csv notes and lease-clause-decision-log-CT.md.]
addendum-precedence,LEASE_CLAUSE,CT,,GENERIC,VERIFIED,2026-08-21,2026-10-09,,[Full trail in lease-clauses.csv notes and lease-clause-decision-log-CT.md.]
electronic-signatures,LEASE_CLAUSE,CT,Conn. Gen. Stat. § 1-272; Conn. Gen. Stat. § 1-268(c)(2)(B),CITED,VERIFIED,2026-08-21,2026-10-09,,[Full trail in lease-clauses.csv notes and lease-clause-decision-log-CT.md.]
pet-insurance-requirement,LEASE_CLAUSE,CT,,GENERIC,VERIFIED,2026-08-21,2026-10-09,,[Full trail in lease-clauses.csv notes and lease-clause-decision-log-CT.md.]
assigned-parking-space,LEASE_CLAUSE,CT,,GENERIC,VERIFIED,2026-08-21,2026-10-09,,[Full trail in lease-clauses.csv notes and lease-clause-decision-log-CT.md.]
guest-policy,LEASE_CLAUSE,CT,,GENERIC,VERIFIED,2026-08-21,2026-10-09,,[Full trail in lease-clauses.csv notes and lease-clause-decision-log-CT.md.]
guest-policy-day-limit,LEASE_CLAUSE,CT,,GENERIC,VERIFIED,2026-08-21,2026-10-09,,[Full trail in lease-clauses.csv notes and lease-clause-decision-log-CT.md.]
common-area-use,LEASE_CLAUSE,CT,,GENERIC,VERIFIED,2026-08-21,2026-10-09,,[Full trail in lease-clauses.csv notes and lease-clause-decision-log-CT.md.]
fire-safety-grilling,LEASE_CLAUSE,CT,Conn. Gen. Stat. § 29-291a; Conn. Gen. Stat. § 29-292,CITED,VERIFIED,2026-08-21,2026-10-09,,[Full trail in lease-clauses.csv notes and lease-clause-decision-log-CT.md.]
landscaping-irrigation,LEASE_CLAUSE,CT,Conn. Gen. Stat. § 47a-7(c); Conn. Gen. Stat. § 47a-7(d),CITED,VERIFIED,2026-08-21,2026-10-09,,[Full trail in lease-clauses.csv notes and lease-clause-decision-log-CT.md.]
snow-removal,LEASE_CLAUSE,CT,Conn. Gen. Stat. § 47a-7(c); Conn. Gen. Stat. § 47a-7(d)(4),CITED,VERIFIED,2026-08-21,2026-10-09,,[Full trail in lease-clauses.csv notes and lease-clause-decision-log-CT.md.]
inspection-rights,LEASE_CLAUSE,CT,Conn. Gen. Stat. § 47a-16(a),CITED,VERIFIED,2026-08-21,2026-10-09,,[Full trail in lease-clauses.csv notes and lease-clause-decision-log-CT.md.]
lead-based-paint,LEASE_CLAUSE,CT,42 U.S.C. § 4852d; 40 C.F.R. § 745.113,CITED,VERIFIED,2026-08-21,2026-10-09,,[Full trail in lease-clauses.csv notes and lease-clause-decision-log-CT.md.]
hoa-compliance,LEASE_CLAUSE,CT,Conn. Gen. Stat. § 47a-4d(b); Conn. Gen. Stat. § 47a-3e,CITED,VERIFIED,2026-08-21,2026-10-09,,[Full trail in lease-clauses.csv notes and lease-clause-decision-log-CT.md.]
assistance-animal-accommodation,LEASE_CLAUSE,CT,Conn. Gen. Stat. § 46a-64c,CITED,VERIFIED,2026-08-21,2026-10-09,,[Full trail in lease-clauses.csv notes and lease-clause-decision-log-CT.md.]
extended-absence-notice-ks,LEASE_CLAUSE,CT,Conn. Gen. Stat. § 47a-16a,CITED,VERIFIED,2026-08-22,2026-10-09,,[Full trail in lease-clauses.csv notes and lease-clause-decision-log-CT.md.]
holdover-ca,LEASE_CLAUSE,CT,Conn. Gen. Stat. § 47a-3d; Conn. Gen. Stat. § 47a-26b,CITED,VERIFIED,1994-01-01,2026-10-09,holdover,[Full trail in lease-clauses.csv notes and lease-clause-decision-log-CT.md.]
tenant-forward-proceedings-ca,LEASE_CLAUSE,CT,,GENERIC,VERIFIED,1989-01-01,2026-10-09,,[Full trail in lease-clauses.csv notes and lease-clause-decision-log-CT.md.]
storage-space-ks-oh-ca,LEASE_CLAUSE,CT,Conn. Gen. Stat. § 47a-4(a)(3),CITED,VERIFIED,1976-01-01,2026-10-09,storage-space,[Full trail in lease-clauses.csv notes and lease-clause-decision-log-CT.md.]
parking-ks-oh-ca,LEASE_CLAUSE,CT,Conn. Gen. Stat. § 47a-4(a)(3),CITED,VERIFIED,1976-01-01,2026-10-09,parking,[Full trail in lease-clauses.csv notes and lease-clause-decision-log-CT.md.]
tenants-property-insurance-ks-oh-ca,LEASE_CLAUSE,CT,Conn. Gen. Stat. § 47a-4(a)(3),CITED,VERIFIED,1976-01-01,2026-10-09,tenants-property-insurance,[Full trail in lease-clauses.csv notes and lease-clause-decision-log-CT.md.]
services-utilities-provided-ks-oh,LEASE_CLAUSE,CT,Conn. Gen. Stat. § 47a-4(a)(3); Conn. Gen. Stat. § 47a-7(a)(6); Conn. Gen. Stat. § 47a-13,CITED,VERIFIED,2026-08-22,2026-10-09,services-utilities-provided,[Full trail in lease-clauses.csv notes and lease-clause-decision-log-CT.md.]
acceptable-payment-methods-nj,LEASE_CLAUSE,CT,Conn. Gen. Stat. § 47a-4c; Conn. Gen. Stat. § 47a-3a(c),CITED,VERIFIED,2026-09-26,2026-10-09,acceptable-payment-methods,[Full trail in lease-clauses.csv notes and lease-clause-decision-log-CT.md.]
rental-application-accuracy,LEASE_CLAUSE,CT,Conn. Gen. Stat. § 47a-9a(a); Conn. Gen. Stat. § 46a-80c,CITED,VERIFIED,2026-09-27,2026-10-09,,[Full trail in lease-clauses.csv notes and lease-clause-decision-log-CT.md.]
landlords-access-mi,LEASE_CLAUSE,CT,Conn. Gen. Stat. § 47a-16(a); Conn. Gen. Stat. § 47a-16(c),CITED,VERIFIED,2026-10-01,2026-10-09,landlords-access,[Full trail in lease-clauses.csv notes and lease-clause-decision-log-CT.md.]
rules-ia,LEASE_CLAUSE,CT,Conn. Gen. Stat. § 47a-9(a); Conn. Gen. Stat. § 47a-9(b),CITED,VERIFIED,2026-10-02,2026-10-09,,[Full trail in lease-clauses.csv notes and lease-clause-decision-log-CT.md.]
rent-concession-wi,LEASE_CLAUSE,CT,Conn. Gen. Stat. § 47a-7d; Conn. Gen. Stat. § 47a-4(a)(8),CITED,VERIFIED,2026-10-03,2026-10-09,,[Full trail in lease-clauses.csv notes and lease-clause-decision-log-CT.md.]
rent-installments-or,LEASE_CLAUSE,CT,Conn. Gen. Stat. § 47a-3a(b); Conn. Gen. Stat. § 47a-15a,CITED,VERIFIED,2026-10-04,2026-10-09,,[Full trail in lease-clauses.csv notes and lease-clause-decision-log-CT.md.]
edu-cares-act-notice,LANDLORD_EDUCATION,CT,"15 U.S.C. § 9058(a), (b), (c)",CITED,VERIFIED,2026-10-04,2026-10-09,,[Full trail in lease-clauses.csv notes and lease-clause-decision-log-CT.md.]
electronic-notice-ma,LEASE_CLAUSE,CT,Conn. Gen. Stat. § 1-270; Conn. Gen. Stat. § 1-268(c)(2)(B); Conn. Gen. Stat. § 47a-23(c); Conn. Gen. Stat. § 47a-11b; Conn. Gen. Stat. § 47a-11d,CITED,VERIFIED,2026-10-08,2026-10-09,,[Full trail in lease-clauses.csv notes and lease-clause-decision-log-CT.md.]
late-fee-ct,LEASE_CLAUSE,CT,"Conn. Gen. Stat. § 47a-19; Conn. Gen. Stat. § 47a-15a(a); Conn. Pub. Act No. 25-1 (Nov. Sp. Sess.), § 38; Conn. Gen. Stat. § 47a-15a(b); Conn. Gen. Stat. § 47a-4(a)(8); Conn. Gen. Stat. § 47a-15a; Conn. Gen. Stat. § 47a-4(b); Conn. Gen. Stat. § 47a-4; Conn. Pub. Act No. 26-113",CITED,VERIFIED,2026-10-09,2026-10-09,late-fee,[Full trail in lease-clauses.csv notes and lease-clause-decision-log-CT.md.]
due-at-signing-ct,LEASE_CLAUSE,CT,"Conn. Gen. Stat. § 47a-4d(b); Conn. Pub. Act No. 26-68, § 59; Conn. Gen. Stat. § 47a-21(a)(11); Conn. Gen. Stat. § 47a-21(b); Conn. Pub. Act No. 26-68; Conn. Gen. Stat. § 47a-4d(c)",CITED,VERIFIED,2026-10-09,2026-10-09,due-at-signing,[Full trail in lease-clauses.csv notes and lease-clause-decision-log-CT.md.]
application-of-payments-ct,LEASE_CLAUSE,CT,"Conn. Gen. Stat. § 47a-7d(e); Conn. Pub. Act No. 25-44, § 9; Conn. Gen. Stat. § 47a-7d; Conn. Gen. Stat. § 47a-7d(f)",CITED,VERIFIED,2026-10-09,2026-10-09,application-of-payments,[Full trail in lease-clauses.csv notes and lease-clause-decision-log-CT.md.]
returned-payments-ct,LEASE_CLAUSE,CT,Conn. Gen. Stat. § 52-565a(i); Conn. Gen. Stat. § 52-565a(a); Conn. Gen. Stat. § 52-565a(d)(2); Conn. Gen. Stat. § 47a-4c,CITED,VERIFIED,2026-10-09,2026-10-09,returned-payments,[Full trail in lease-clauses.csv notes and lease-clause-decision-log-CT.md.]
security-deposit-use-ct,LEASE_CLAUSE,CT,"Conn. Gen. Stat. § 47a-21(c); Conn. Gen. Stat. § 47a-21(a)(14); Conn. Gen. Stat. § 47a-21(d)(1); Conn. Gen. Stat. § 47a-11(f); Conn. Gen. Stat. § 47a-7a(b)(3)(B); Conn. Gen. Stat. § 47a-7c(b); Conn. Gen. Stat. § 47a-21; Conn. Pub. Act No. 25-145; Conn. Pub. Act No. 26-79, § 3; Conn. Gen. Stat. § 47a-21(j)(1)",CITED,VERIFIED,2026-10-09,2026-10-09,security-deposit-use,[Full trail in lease-clauses.csv notes and lease-clause-decision-log-CT.md.]
security-deposit-holding-ct,LEASE_CLAUSE,CT,"Conn. Gen. Stat. § 47a-21(h)(1); Conn. Gen. Stat. § 47a-21(a)(5); Conn. Gen. Stat. § 47a-21(h)(4)(A); Conn. Gen. Stat. § 47a-21(k)(2); Conn. Gen. Stat. § 47a-21(j)(1); Conn. Pub. Act No. 26-79, § 3",CITED,VERIFIED,2026-10-09,2026-10-09,,[Full trail in lease-clauses.csv notes and lease-clause-decision-log-CT.md.]
security-deposit-return-ct,LEASE_CLAUSE,CT,Conn. Gen. Stat. § 47a-21(d)(2),CITED,VERIFIED,2026-10-09,2026-10-09,security-deposit-return,[Full trail in lease-clauses.csv notes and lease-clause-decision-log-CT.md.]
existing-condition-ct,LEASE_CLAUSE,CT,Conn. Gen. Stat. § 47a-4(a)(3); Conn. Gen. Stat. § 47a-7c(a); Conn. Gen. Stat. § 47a-7c(b); Conn. Gen. Stat. § 47a-7c(d); Conn. Gen. Stat. § 47a-7(a)(2),CITED,VERIFIED,2026-10-09,2026-10-09,existing-condition,[Full trail in lease-clauses.csv notes and lease-clause-decision-log-CT.md.]
landlord-maintenance-ct,LEASE_CLAUSE,CT,Conn. Gen. Stat. § 47a-7(a)(2); Conn. Gen. Stat. § 47a-4(a)(3); Conn. Gen. Stat. § 47a-7(a)(1); Conn. Gen. Stat. § 47a-11(f); Conn. Gen. Stat. § 47a-12(a); Conn. Gen. Stat. § 47a-7; Conn. Gen. Stat. § 47a-7(a)(5),CITED,VERIFIED,2026-10-09,2026-10-09,landlord-maintenance,[Full trail in lease-clauses.csv notes and lease-clause-decision-log-CT.md.]
default-by-tenant-ct,LEASE_CLAUSE,CT,Conn. Gen. Stat. § 47a-15a(a); Conn. Gen. Stat. § 47a-23(a)(1)(D); Conn. Gen. Stat. § 47a-15; Conn. Gen. Stat. § 47a-11(h); Conn. Gen. Stat. § 47a-4(a)(7); Conn. Gen. Stat. § 42-150bb; Conn. Gen. Stat. § 47a-11a(a); Conn. Gen. Stat. § 47a-11c; Conn. Gen. Stat. § 47a-9; Conn. Gen. Stat. § 47a-1(8),CITED,VERIFIED,2026-10-09,2026-10-09,default-by-tenant,[Full trail in lease-clauses.csv notes and lease-clause-decision-log-CT.md.]
keys-ct,LEASE_CLAUSE,CT,"Conn. Gen. Stat. § 47a-4d(b); Conn. Pub. Act No. 26-68, § 59; Conn. Gen. Stat. § 47a-21(a)(11); Conn. Gen. Stat. § 47a-7d(b)(5); Conn. Gen. Stat. § 47a-21(a)(14); Conn. Gen. Stat. § 47a-11(f); Conn. Gen. Stat. § 47a-7b(a)",CITED,VERIFIED,2026-10-09,2026-10-09,keys,[Full trail in lease-clauses.csv notes and lease-clause-decision-log-CT.md.]
parking-vehicle-rules-ct,LEASE_CLAUSE,CT,"Conn. Gen. Stat. § 47a-4d(b); Conn. Pub. Act No. 26-68, § 59; Conn. Gen. Stat. § 47a-7d(b)(5); Conn. Gen. Stat. § 14-145(b)(1); Conn. Gen. Stat. § 14-145e; Conn. Gen. Stat. § 14-145(b)(2)",CITED,VERIFIED,2026-10-09,2026-10-09,parking-vehicle-rules,[Full trail in lease-clauses.csv notes and lease-clause-decision-log-CT.md.]
pet-policy-ct,LEASE_CLAUSE,CT,"Conn. Gen. Stat. § 47a-4d(b); Conn. Pub. Act No. 26-68, § 59; Conn. Gen. Stat. § 47a-1(8); Conn. Gen. Stat. § 47a-7d(b)(2); Conn. Gen. Stat. § 47a-4(a)(3); Conn. Gen. Stat. § 47a-16(d)",CITED,VERIFIED,2026-10-09,2026-10-09,pet-policy,[Full trail in lease-clauses.csv notes and lease-clause-decision-log-CT.md.]
sprinkler-notice-ct,LEASE_CLAUSE,CT,Conn. Gen. Stat. § 47a-3f(b); Conn. Gen. Stat. § 47a-3f(c); Conn. Gen. Stat. § 29-315,CITED,VERIFIED,2026-10-09,2026-10-09,,[Full trail in lease-clauses.csv notes and lease-clause-decision-log-CT.md.]
cic-notice-ct,LEASE_CLAUSE,CT,Conn. Gen. Stat. § 47a-3e,CITED,VERIFIED,2026-10-09,2026-10-09,,[Full trail in lease-clauses.csv notes and lease-clause-decision-log-CT.md.]
landlord-identification-ct,LEASE_CLAUSE,CT,Conn. Gen. Stat. § 47a-6(a); Conn. Gen. Stat. § 47a-6(b); Conn. Gen. Stat. § 47a-7; Conn. Gen. Stat. § 47a-13,CITED,VERIFIED,2026-10-09,2026-10-09,,[Full trail in lease-clauses.csv notes and lease-clause-decision-log-CT.md.]
bed-bug-disclosure-ct,LEASE_CLAUSE,CT,Conn. Gen. Stat. § 47a-7a(c); Conn. Gen. Stat. § 47a-7a(a)(7); Conn. Gen. Stat. § 47a-12; Conn. Gen. Stat. § 47a-14h; Conn. Gen. Stat. § 47a-7a(d)(1),CITED,VERIFIED,2026-10-09,2026-10-09,,[Full trail in lease-clauses.csv notes and lease-clause-decision-log-CT.md.]
bed-bug-cooperation-ct,LEASE_CLAUSE,CT,Conn. Gen. Stat. § 47a-7a(b); Conn. Gen. Stat. § 47a-7a(b)(3)(A); Conn. Gen. Stat. § 47a-7a,CITED,VERIFIED,2026-10-09,2026-10-09,,[Full trail in lease-clauses.csv notes and lease-clause-decision-log-CT.md.]
notice-to-quit-waiver-ct,LEASE_CLAUSE,CT,Conn. Gen. Stat. § 47a-25; Conn. Gen. Stat. § 47a-4(a)(1); Conn. Gen. Stat. § 47a-23(a)(1)(A); Conn. Gen. Stat. § 47a-36; Conn. Gen. Stat. § 47a-37; Conn. Gen. Stat. § 47a-38; Conn. Gen. Stat. § 47a-39; Conn. Gen. Stat. § 47a-40; Conn. Gen. Stat. § 47a-41; Conn. Gen. Stat. § 47a-23c; Conn. Gen. Stat. § 47a-23c(b)(1); Conn. Gen. Stat. § 47a-75(f)(2); Conn. Gen. Stat. § 47a-23(a); Conn. Gen. Stat. § 47a-3d; Conn. Gen. Stat. § 47a-23c(a)(1),CITED,VERIFIED,2026-10-09,2026-10-09,,[Full trail in lease-clauses.csv notes and lease-clause-decision-log-CT.md.]
casualty-termination-ct,LEASE_CLAUSE,CT,Conn. Gen. Stat. § 47a-14(a); Conn. Gen. Stat. § 47a-14(b); Conn. Gen. Stat. § 47a-23(a)(1)(B); Conn. Gen. Stat. § 47a-23c(b)(1); Conn. Gen. Stat. § 47a-14; Conn. Gen. Stat. § 47a-4(a)(1); Conn. Gen. Stat. § 47a-14(a)(2),CITED,NEEDS_REVIEW,2026-10-09,2026-10-09,,[Full trail in lease-clauses.csv notes and lease-clause-decision-log-CT.md.]
tenant-caused-damage-ct,LEASE_CLAUSE,CT,Conn. Gen. Stat. § 47a-11(f); Conn. Gen. Stat. § 47a-7(a)(2); Conn. Gen. Stat. § 47a-12(b); Conn. Gen. Stat. § 47a-13(c)(2); Conn. Gen. Stat. § 47a-14(a); Conn. Gen. Stat. § 47a-4(a)(1); Conn. Gen. Stat. § 47a-11c; Conn. Gen. Stat. § 47a-11a; Conn. Gen. Stat. § 47a-11e,CITED,NEEDS_REVIEW,2026-10-09,2026-10-09,,[Full trail in lease-clauses.csv notes and lease-clause-decision-log-CT.md.]
criminal-activity-ct,LEASE_CLAUSE,CT,Conn. Gen. Stat. § 47a-15; Conn. Gen. Stat. § 47a-23(a)(1)(G); Conn. Gen. Stat. § 47a-11(g); Conn. Gen. Stat. § 47a-23c(b)(1)(D); Conn. Gen. Stat. § 47a-9a(b); Conn. Gen. Stat. § 46a-64c,CITED,VERIFIED,2026-10-09,2026-10-09,,[Full trail in lease-clauses.csv notes and lease-clause-decision-log-CT.md.]
tenant-death-ct,LEASE_CLAUSE,CT,Conn. Gen. Stat. § 47a-11d(a); Conn. Gen. Stat. § 47a-11d; Conn. Gen. Stat. § 47a-11d(c); Conn. Gen. Stat. § 47a-11d(g),CITED,VERIFIED,2026-10-09,2026-10-09,,[Full trail in lease-clauses.csv notes and lease-clause-decision-log-CT.md.]
ev-charging-ct,LEASE_CLAUSE,CT,Conn. Gen. Stat. § 47a-13b(b); Conn. Gen. Stat. § 47a-13b(e); Conn. Gen. Stat. § 47a-13b(c); Conn. Gen. Stat. § 47a-13b(f),CITED,VERIFIED,2026-10-09,2026-10-09,,[Full trail in lease-clauses.csv notes and lease-clause-decision-log-CT.md.]
edu-holdover-ct,LANDLORD_EDUCATION,CT,Conn. Gen. Stat. § 47a-3d; Conn. Gen. Stat. § 47a-23(a)(1)(A); Conn. Gen. Stat. § 47a-25; Conn. Gen. Stat. § 47a-26b(a); Conn. Gen. Stat. § 47a-23(e); Conn. Gen. Stat. § 47a-19; Conn. Gen. Stat. § 47a-23c(b)(1),CITED,VERIFIED,2026-10-09,2026-10-09,,[Full trail in lease-clauses.csv notes and lease-clause-decision-log-CT.md.]
edu-holdover-rate-ct,LANDLORD_EDUCATION,CT,Conn. Gen. Stat. § 47a-26b(a); Conn. Gen. Stat. § 47a-39; Conn. Gen. Stat. § 47a-35a(a); Conn. Gen. Stat. § 47a-23c(b); Conn. Gen. Stat. § 42-150u,CITED,NEEDS_REVIEW,2026-10-09,2026-10-09,,[Full trail in lease-clauses.csv notes and lease-clause-decision-log-CT.md.]
edu-pet-fees-ct,LANDLORD_EDUCATION,CT,"Conn. Gen. Stat. § 47a-4d(b); Conn. Pub. Act No. 26-68, § 59; Conn. Gen. Stat. § 47a-21(a)(11); Conn. Gen. Stat. § 47a-1(8); Conn. Gen. Stat. § 47a-7d(b)(2); Conn. Gen. Stat. § 46a-64c",CITED,NEEDS_REVIEW,2026-10-09,2026-10-09,,[Full trail in lease-clauses.csv notes and lease-clause-decision-log-CT.md.]
edu-prepaid-rent-deposit-ct,LANDLORD_EDUCATION,CT,Conn. Gen. Stat. § 47a-21(a)(11); Conn. Gen. Stat. § 47a-21(b); Conn. Gen. Stat. § 47a-4d(b),CITED,VERIFIED,2026-10-09,2026-10-09,,[Full trail in lease-clauses.csv notes and lease-clause-decision-log-CT.md.]
edu-payment-methods-ct,LANDLORD_EDUCATION,CT,Conn. Gen. Stat. § 47a-4c; Conn. Gen. Stat. § 42-133ff(b); Conn. Gen. Stat. § 42-133ff(a)(6); Conn. Gen. Stat. § 42-133ff(a)(7)(A); Conn. Gen. Stat. § 42-133ff(f); Conn. Gen. Stat. § 47a-7d(b)(1); Conn. Gen. Stat. § 47a-7d(f); Conn. Gen. Stat. § 42-133ff(a)(7)(B)(v); Conn. Gen. Stat. § 47a-3a(c); Conn. Gen. Stat. § 47a-15a(a),CITED,NEEDS_REVIEW,2026-10-09,2026-10-09,,[Full trail in lease-clauses.csv notes and lease-clause-decision-log-CT.md.]
edu-algorithmic-rent-setting-ct,LANDLORD_EDUCATION,CT,"Conn. Gen. Stat. § 47a-4f(b); Conn. Gen. Stat. § 35-24; Conn. Gen. Stat. § 35-26; Conn. Gen. Stat. § 47a-4f(a)(1); Conn. Gen. Stat. § 47a-4f(a)(2); Conn. Gen. Stat. § 47a-4f(c); Conn. Pub. Act No. 25-1 (Nov. Sp. Sess.), § 32; Conn. Gen. Stat. § 35-34; Conn. Gen. Stat. § 35-35; Conn. Gen. Stat. § 35-36; Conn. Gen. Stat. § 35-37; Conn. Gen. Stat. § 35-38; Conn. Gen. Stat. § 35-39; Conn. Gen. Stat. § 35-40; Conn. Gen. Stat. § 35-41; Conn. Gen. Stat. § 35-42; Conn. Gen. Stat. § 35-43; Conn. Gen. Stat. § 35-44; Conn. Gen. Stat. § 35-45; Conn. Gen. Stat. § 35-46",CITED,VERIFIED,2026-10-09,2026-10-09,,[Full trail in lease-clauses.csv notes and lease-clause-decision-log-CT.md.]
edu-application-screening-fees-ct,LANDLORD_EDUCATION,CT,"Conn. Gen. Stat. § 47a-4d(b); Conn. Pub. Act No. 26-68, § 59; Conn. Gen. Stat. § 47a-4d(c); Conn. Gen. Stat. § 47a-4d(d); Conn. Gen. Stat. § 47a-4d(a); Conn. Pub. Act No. 23-207, § 6; Conn. Pub. Act No. 26-68",CITED,VERIFIED,2026-10-09,2026-10-09,,[Full trail in lease-clauses.csv notes and lease-clause-decision-log-CT.md.]
collection-fee-ct,LEASE_CLAUSE,CT,Conn. Gen. Stat. § 36a-805(a)(11); Conn. Agencies Regs. § 36a-809-12(1); Conn. Gen. Stat. § 36a-800(3); Conn. Gen. Stat. § 36a-645; Conn. Gen. Stat. § 36a-646; Conn. Gen. Stat. § 47a-4(a)(7); Conn. Gen. Stat. § 36a-647,CITED,NEEDS_REVIEW,2026-10-09,2026-10-09,,[Full trail in lease-clauses.csv notes and lease-clause-decision-log-CT.md.]
edu-fee-transparency-ct,LANDLORD_EDUCATION,CT,"Conn. Gen. Stat. § 47a-7d(a); Conn. Gen. Stat. § 47a-7d(b)(1); Conn. Gen. Stat. § 16-19ff; Conn. Gen. Stat. § 47a-7d(f); Conn. Gen. Stat. § 47a-7d(c); Conn. Pub. Act No. 25-44, § 9; Conn. Gen. Stat. § 47a-4(a)(10); Conn. Gen. Stat. § 47a-3a(d); Conn. Gen. Stat. § 42-110b",CITED,VERIFIED,2026-10-09,2026-10-09,,[Full trail in lease-clauses.csv notes and lease-clause-decision-log-CT.md.]
edu-no-fee-unprovided-service-ct,LANDLORD_EDUCATION,CT,"Conn. Gen. Stat. § 47a-4(a)(10); Conn. Gen. Stat. § 47a-4(a)(11); Conn. Pub. Act No. 26-113, § 1; Conn. Gen. Stat. § 47a-4(b); Conn. Gen. Stat. § 47a-4d(b); Conn. Gen. Stat. § 42-110b",CITED,VERIFIED,2026-10-09,2026-10-09,,[Full trail in lease-clauses.csv notes and lease-clause-decision-log-CT.md.]
edu-fees-as-rent-ct,LANDLORD_EDUCATION,CT,Conn. Gen. Stat. § 47a-1(8); Conn. Gen. Stat. § 47a-15a(b); Conn. Gen. Stat. § 47a-23(a)(1)(D); Conn. Gen. Stat. § 47a-7b(c); Conn. Gen. Stat. § 47a-7a(b)(3)(B); Conn. Gen. Stat. § 47a-4e; Conn. Gen. Stat. § 47a-7d(a),CITED,NEEDS_REVIEW,2026-10-09,2026-10-09,,[Full trail in lease-clauses.csv notes and lease-clause-decision-log-CT.md.]
edu-no-government-fee-passthrough-ct,LANDLORD_EDUCATION,CT,Conn. Gen. Stat. § 47a-1(8); Conn. Gen. Stat. § 47a-7d(a); Conn. Gen. Stat. § 47a-7d(c); Conn. Gen. Stat. § 47a-7d(f); Conn. Gen. Stat. § 47a-4e; Conn. Gen. Stat. § 47a-3,CITED,VERIFIED,2026-10-09,2026-10-09,,[Full trail in lease-clauses.csv notes and lease-clause-decision-log-CT.md.]
edu-late-charge-limits-ct,LANDLORD_EDUCATION,CT,"Conn. Gen. Stat. § 47a-15a(a); Conn. Pub. Act No. 25-1 (Nov. Sp. Sess.), § 38; Conn. Gen. Stat. § 47a-15a(b); Conn. Gen. Stat. § 47a-4(a)(8); Conn. Gen. Stat. § 47a-15a; Conn. Gen. Stat. § 47a-19; Conn. Gen. Stat. § 47a-21(i); Conn. Gen. Stat. § 47a-23(a)(1)(D)",CITED,VERIFIED,2026-10-09,2026-10-09,,[Full trail in lease-clauses.csv notes and lease-clause-decision-log-CT.md.]
edu-no-lease-type-parity-ct,LANDLORD_EDUCATION,CT,Conn. Gen. Stat. § 47a-3b; Conn. Gen. Stat. § 47a-4e; Conn. Gen. Stat. § 47a-12(c); Conn. Gen. Stat. § 7-148b,CITED,VERIFIED,2026-10-09,2026-10-09,,[Full trail in lease-clauses.csv notes and lease-clause-decision-log-CT.md.]
edu-no-notice-fee-rule-ct,LANDLORD_EDUCATION,CT,Conn. Gen. Stat. § 47a-23(c); Conn. Gen. Stat. § 47a-26d; Conn. Gen. Stat. § 47a-4(a)(7),CITED,VERIFIED,2026-10-09,2026-10-09,,[Full trail in lease-clauses.csv notes and lease-clause-decision-log-CT.md.]
notice-service-fee-ct,LEASE_CLAUSE,CT,Conn. Gen. Stat. § 47a-23(c); Conn. Gen. Stat. § 47a-26d,CITED,NEEDS_REVIEW,2026-10-09,2026-10-09,,[Full trail in lease-clauses.csv notes and lease-clause-decision-log-CT.md.]
edu-rent-concession-ct,LANDLORD_EDUCATION,CT,Conn. Gen. Stat. § 47a-4(a)(8); Conn. Gen. Stat. § 47a-4(b); Conn. Gen. Stat. § 47a-11c,CITED,NEEDS_REVIEW,2026-10-09,2026-10-09,,[Full trail in lease-clauses.csv notes and lease-clause-decision-log-CT.md.]
edu-fair-rent-commissions-ct,LANDLORD_EDUCATION,CT,"Conn. Gen. Stat. § 7-148b(b); Conn. Gen. Stat. § 7-148b(a); Conn. Gen. Stat. § 7-148b(c); Conn. Pub. Act No. 25-1 (Nov. Sp. Sess.), § 35; Conn. Gen. Stat. § 7-148c; Conn. Gen. Stat. § 7-148d(a); Conn. Gen. Stat. § 7-148d(b); Conn. Gen. Stat. § 7-148e; Conn. Gen. Stat. § 7-148f; Conn. Gen. Stat. § 47a-23c(c)(1); Conn. Gen. Stat. § 7-148b",CITED,VERIFIED,2026-10-09,2026-10-09,,[Full trail in lease-clauses.csv notes and lease-clause-decision-log-CT.md.]
edu-rent-increase-notice-ct,LANDLORD_EDUCATION,CT,"Conn. Gen. Stat. § 47a-4e; Conn. Pub. Act No. 24-143, § 17; Conn. Gen. Stat. § 47a-20; Conn. Gen. Stat. § 47a-20a(b); Conn. Gen. Stat. § 47a-23c(a)(1); Conn. Pub. Act No. 26-11, § 15",CITED,VERIFIED,2026-10-09,2026-10-09,,[Full trail in lease-clauses.csv notes and lease-clause-decision-log-CT.md.]
rent-increase-midterm-ct,LEASE_CLAUSE,CT,Conn. Gen. Stat. § 47a-3; Conn. Gen. Stat. § 47a-4e; Conn. Gen. Stat. § 47a-20; Conn. Gen. Stat. § 47a-20a(b); Conn. Gen. Stat. § 47a-23c(c); Conn. Gen. Stat. § 7-148b; Conn. Gen. Stat. § 7-148d; Conn. Gen. Stat. § 47a-7d(c); Conn. Gen. Stat. § 47a-4e(1),CITED,NEEDS_REVIEW,2026-10-09,2026-10-09,,[Full trail in lease-clauses.csv notes and lease-clause-decision-log-CT.md.]
edu-rent-escalation-ct,LANDLORD_EDUCATION,CT,"Conn. Gen. Stat. § 47a-4e; Conn. Gen. Stat. § 47a-3; Conn. Gen. Stat. § 47a-20; Conn. Gen. Stat. § 47a-20a(b); Conn. Gen. Stat. § 47a-23c(a)(1); Conn. Pub. Act No. 26-11, § 15; Conn. Gen. Stat. § 7-148b; Conn. Gen. Stat. § 7-148d",CITED,NEEDS_REVIEW,2026-10-09,2026-10-09,,[Full trail in lease-clauses.csv notes and lease-clause-decision-log-CT.md.]
edu-rent-receipts-ledger-ct,LANDLORD_EDUCATION,CT,"Conn. Gen. Stat. § 47a-3a(c); Conn. Gen. Stat. § 47a-3a(d); Conn. Pub. Act No. 25-146, § 3",CITED,VERIFIED,2026-10-09,2026-10-09,,[Full trail in lease-clauses.csv notes and lease-clause-decision-log-CT.md.]
edu-no-rent-reporting-rule-ct,LANDLORD_EDUCATION,CT,"Conn. Gen. Stat. § 47a-4d; Conn. Gen. Stat. § 47a-4d(b); Conn. Pub. Act No. 26-68, § 59; Absence: CT batteries named in the row's notes (CT log §17, §18)",CONFIRMED_ABSENT,VERIFIED,2026-10-09,2026-10-09,,[Full trail in lease-clauses.csv notes and lease-clause-decision-log-CT.md.]
edu-rent-tax-ct,LANDLORD_EDUCATION,CT,Conn. Gen. Stat. § 12-407(a)(2)(H); Conn. Gen. Stat. § 12-407; Conn. Gen. Stat. § 12-408(1)(B); Conn. Gen. Stat. § 12-408h; Conn. Gen. Stat. § 7-148qq,CITED,NEEDS_REVIEW,2026-10-09,2026-10-09,,[Full trail in lease-clauses.csv notes and lease-clause-decision-log-CT.md.]
edu-no-fee-listing-rule-ct,LANDLORD_EDUCATION,CT,"Conn. Gen. Stat. § 47a-15a(b); Conn. Gen. Stat. § 47a-7d(a); Conn. Gen. Stat. § 47a-4d(b); Conn. Pub. Act No. 26-68, § 59; Conn. Gen. Stat. § 47a-9(b)",CITED,VERIFIED,2026-10-09,2026-10-09,,[Full trail in lease-clauses.csv notes and lease-clause-decision-log-CT.md.]
edu-no-shutdown-protection-ct,LANDLORD_EDUCATION,CT,"Conn. Gen. Stat. § 54-56d; Conn. Gen. Stat. § 31-40aa; Conn. Gen. Stat. § 54-228; Conn. Gen. Stat. § 49-31s; Conn. Gen. Stat. § 47a-15a(a); Absence: CT batteries named in the row's notes (CT log §17, §18)",CONFIRMED_ABSENT,VERIFIED,2026-10-09,2026-10-09,,[Full trail in lease-clauses.csv notes and lease-clause-decision-log-CT.md.]
edu-statutory-caps-ct,LANDLORD_EDUCATION,CT,"Conn. Gen. Stat. § 47a-21(b)(1); Conn. Gen. Stat. § 47a-15a(b); Conn. Gen. Stat. § 47a-4d(b); Conn. Pub. Act No. 26-68, § 59; Conn. Gen. Stat. § 52-565a(i); Conn. Gen. Stat. § 47a-4(a)(7); Conn. Gen. Stat. § 47a-7b(c)(3)",CITED,VERIFIED,2026-10-09,2026-10-09,,[Full trail in lease-clauses.csv notes and lease-clause-decision-log-CT.md.]
edu-subsidy-late-charge-ct,LANDLORD_EDUCATION,CT,Conn. Gen. Stat. § 47a-15a(b); Conn. Gen. Stat. § 47a-4(a)(9); Conn. Gen. Stat. § 47a-15a,CITED,NEEDS_REVIEW,2026-10-09,2026-10-09,,[Full trail in lease-clauses.csv notes and lease-clause-decision-log-CT.md.]
edu-no-tax-escalation-rule-ct,LANDLORD_EDUCATION,CT,Conn. Gen. Stat. § 47a-20a(b)(2); Conn. Gen. Stat. § 47a-20; Conn. Gen. Stat. § 47a-4e; Conn. Gen. Stat. § 47a-20a; Conn. Gen. Stat. § 21-80a; Conn. Gen. Stat. § 7-148b,CITED,VERIFIED,2026-10-09,2026-10-09,,[Full trail in lease-clauses.csv notes and lease-clause-decision-log-CT.md.]
edu-interest-on-unpaid-amounts-ct,LANDLORD_EDUCATION,CT,Conn. Gen. Stat. § 37-1(a); Conn. Gen. Stat. § 37-1(b); Conn. Gen. Stat. § 37-3a(a); Conn. Gen. Stat. § 47a-15a(b); Conn. Gen. Stat. § 47a-4(a)(9); Conn. Gen. Stat. § 37-4,CITED,NEEDS_REVIEW,2026-10-09,2026-10-09,,[Full trail in lease-clauses.csv notes and lease-clause-decision-log-CT.md.]
unpaid-amounts-interest-ct,LEASE_CLAUSE,CT,Conn. Gen. Stat. § 37-1(a); Conn. Gen. Stat. § 37-3a(a); Conn. Gen. Stat. § 47a-15a(b); Conn. Gen. Stat. § 47a-4(a)(9); Conn. Gen. Stat. § 37-3a,CITED,NEEDS_REVIEW,2026-10-09,2026-10-09,,[Full trail in lease-clauses.csv notes and lease-clause-decision-log-CT.md.]
edu-veterans-housing-ct,LANDLORD_EDUCATION,CT,"Conn. Gen. Stat. § 8-339(a); Conn. Gen. Stat. § 8-339(b); Conn. Gen. Stat. § 46a-64c; Conn. Pub. Act No. 26-77, § 27; Conn. Pub. Act No. 26-110, § 6; Conn. Gen. Stat. § 8-339",CITED,NEEDS_REVIEW,2026-10-09,2026-10-09,,[Full trail in lease-clauses.csv notes and lease-clause-decision-log-CT.md.]
edu-waiver-by-acceptance-ct,LANDLORD_EDUCATION,CT,Conn. Gen. Stat. § 47a-19; Conn. Gen. Stat. § 47a-23(e); Conn. Gen. Stat. § 47a-4(a)(1); Conn. Gen. Stat. § 47a-26b,CITED,NEEDS_REVIEW,2026-10-09,2026-10-09,,[Full trail in lease-clauses.csv notes and lease-clause-decision-log-CT.md.]
edu-preoccupancy-walkthrough-ct,LANDLORD_EDUCATION,CT,Conn. Gen. Stat. § 47a-7c(a); Conn. Gen. Stat. § 47a-7c(b); Conn. Gen. Stat. § 47a-7c(d),CITED,VERIFIED,2026-10-09,2026-10-09,,[Full trail in lease-clauses.csv notes and lease-clause-decision-log-CT.md.]
edu-no-preset-deposit-charges-ct,LANDLORD_EDUCATION,CT,Conn. Gen. Stat. § 47a-21(d)(1)(A); Conn. Gen. Stat. § 47a-21(d)(2); Conn. Gen. Stat. § 47a-21(a)(14); Conn. Gen. Stat. § 47a-11(b); Conn. Gen. Stat. § 47a-7c(b); Conn. Gen. Stat. § 47a-21; Conn. Gen. Stat. § 47a-11,CITED,NEEDS_REVIEW,2026-10-09,2026-10-09,,[Full trail in lease-clauses.csv notes and lease-clause-decision-log-CT.md.]
edu-unclaimed-deposit-refund-ct,LANDLORD_EDUCATION,CT,"Conn. Gen. Stat. § 3-64a; Conn. Gen. Stat. § 3-56a; Conn. Pub. Act No. 26-94, § 1; Conn. Gen. Stat. § 3-65a(a); Conn. Pub. Act No. 26-94, § 4; Conn. Gen. Stat. § 3-65c; Conn. Gen. Stat. § 47a-21(c); Conn. Gen. Stat. § 3-65b; Conn. Gen. Stat. § 3-74a",CITED,NEEDS_REVIEW,2026-10-09,2026-10-09,,[Full trail in lease-clauses.csv notes and lease-clause-decision-log-CT.md.]
edu-deposit-installments-ct,LANDLORD_EDUCATION,CT,Conn. Gen. Stat. § 47a-22a(b); Conn. Gen. Stat. § 47a-21(a)(11); Conn. Gen. Stat. § 47a-21(h)(1),CITED,VERIFIED,2026-10-09,2026-10-09,,[Full trail in lease-clauses.csv notes and lease-clause-decision-log-CT.md.]
edu-no-deposit-refund-conditions-ct,LANDLORD_EDUCATION,CT,Conn. Gen. Stat. § 47a-21(d)(2); Conn. Gen. Stat. § 47a-4(a)(1); Conn. Gen. Stat. § 47a-21,CITED,VERIFIED,2026-10-09,2026-10-09,,[Full trail in lease-clauses.csv notes and lease-clause-decision-log-CT.md.]
edu-no-dv-deposit-timing-ct,LANDLORD_EDUCATION,CT,Conn. Gen. Stat. § 47a-11e(c); Conn. Gen. Stat. § 47a-21(d)(2); Conn. Gen. Stat. § 47a-11e,CITED,NEEDS_REVIEW,2026-10-09,2026-10-09,,[Full trail in lease-clauses.csv notes and lease-clause-decision-log-CT.md.]
edu-no-expedited-deposit-ct,LANDLORD_EDUCATION,CT,Conn. Gen. Stat. § 47a-21(h)(2)(F); Conn. Gen. Stat. § 47a-21(i); Conn. Gen. Stat. § 47a-21(a)(14),CITED,VERIFIED,2026-10-09,2026-10-09,,[Full trail in lease-clauses.csv notes and lease-clause-decision-log-CT.md.]
edu-fee-in-lieu-of-deposit-ct,LANDLORD_EDUCATION,CT,"Conn. Gen. Stat. § 47a-4d(b); Conn. Pub. Act No. 26-68, § 59; Conn. Gen. Stat. § 47a-1(8); Conn. Gen. Stat. § 47a-7d(a); Conn. Gen. Stat. § 8-339(a); Conn. Gen. Stat. § 8-339(b); Conn. Gen. Stat. § 8-339(g)",CITED,NEEDS_REVIEW,2026-10-09,2026-10-09,,[Full trail in lease-clauses.csv notes and lease-clause-decision-log-CT.md.]
edu-holding-deposit-ct,LANDLORD_EDUCATION,CT,"Conn. Gen. Stat. § 47a-4d(b); Conn. Pub. Act No. 26-68, § 59; Conn. Gen. Stat. § 47a-21(a)(11); Conn. Gen. Stat. § 47a-21(b)",CITED,NEEDS_REVIEW,2026-10-09,2026-10-09,,[Full trail in lease-clauses.csv notes and lease-clause-decision-log-CT.md.]
edu-no-nonrefundable-deposits-ct,LANDLORD_EDUCATION,CT,"Conn. Gen. Stat. § 47a-21(a)(11); Conn. Gen. Stat. § 47a-21(c); Conn. Gen. Stat. § 47a-21(d); Conn. Gen. Stat. § 47a-4d(b); Conn. Pub. Act No. 26-68, § 59",CITED,VERIFIED,2026-10-09,2026-10-09,,[Full trail in lease-clauses.csv notes and lease-clause-decision-log-CT.md.]
edu-security-deposit-cap-ct,LANDLORD_EDUCATION,CT,"Conn. Gen. Stat. § 47a-21(b)(1); Conn. Gen. Stat. § 47a-21(b)(2); Conn. Gen. Stat. § 47a-21(a)(11); Conn. Gen. Stat. § 47a-21(j)(1); Conn. Pub. Act No. 26-79, § 3",CITED,VERIFIED,2026-10-09,2026-10-09,,[Full trail in lease-clauses.csv notes and lease-clause-decision-log-CT.md.]
edu-no-inspection-notice-penalty-ct,LANDLORD_EDUCATION,CT,Conn. Gen. Stat. § 47a-7c(a); Conn. Gen. Stat. § 47a-7c(b); Conn. Gen. Stat. § 47a-7c,CITED,VERIFIED,2026-10-09,2026-10-09,,[Full trail in lease-clauses.csv notes and lease-clause-decision-log-CT.md.]
edu-security-deposit-escrow-ct,LANDLORD_EDUCATION,CT,"Conn. Gen. Stat. § 47a-21(h)(1); Conn. Gen. Stat. § 47a-21(a)(3); Conn. Gen. Stat. § 47a-21(h)(2)(A); Conn. Gen. Stat. § 47a-21(h)(4)(A); Conn. Gen. Stat. § 47a-21(k)(2); Conn. Gen. Stat. § 47a-21(c); Conn. Gen. Stat. § 47a-21(j)(1); Conn. Pub. Act No. 26-79, § 3",CITED,VERIFIED,2026-10-09,2026-10-09,,[Full trail in lease-clauses.csv notes and lease-clause-decision-log-CT.md.]
edu-security-deposit-interest-ct,LANDLORD_EDUCATION,CT,Conn. Gen. Stat. § 47a-21(i); Conn. Gen. Stat. § 36a-26; Conn. Gen. Stat. § 47a-21(d)(2); Conn. Gen. Stat. § 47a-21(k)(3); Conn. Gen. Stat. § 47a-4(a)(4),CITED,VERIFIED,2026-10-09,2026-10-09,,[Full trail in lease-clauses.csv notes and lease-clause-decision-log-CT.md.]
edu-deposit-nonwaiver-ct,LANDLORD_EDUCATION,CT,"Conn. Gen. Stat. § 47a-4(a); Conn. Gen. Stat. § 47a-4(b); Conn. Pub. Act No. 26-113, § 1; Conn. Gen. Stat. § 47a-4; Conn. Gen. Stat. § 47a-21(a)(11)",CITED,VERIFIED,2026-10-09,2026-10-09,,[Full trail in lease-clauses.csv notes and lease-clause-decision-log-CT.md.]
edu-deposit-on-sale-ct,LANDLORD_EDUCATION,CT,Conn. Gen. Stat. § 47a-21(c); Conn. Gen. Stat. § 47a-21(h)(3)(A); Conn. Gen. Stat. § 47a-21(e); Conn. Gen. Stat. § 47a-21(d)(1)(A); Conn. Gen. Stat. § 47a-21(h)(4)(A); Conn. Gen. Stat. § 47a-10(a); Conn. Gen. Stat. § 47a-6(a); Conn. Gen. Stat. § 47a-21(h)(3)(B),CITED,VERIFIED,2026-10-09,2026-10-09,,[Full trail in lease-clauses.csv notes and lease-clause-decision-log-CT.md.]
edu-security-deposit-return-penalty-ct,LANDLORD_EDUCATION,CT,"Conn. Gen. Stat. § 47a-21(d)(2); Conn. Gen. Stat. § 47a-21(k)(1); Conn. Gen. Stat. § 47a-21(g); Conn. Gen. Stat. § 47a-21(j)(1); Conn. Pub. Act No. 26-79, § 3; Conn. Gen. Stat. § 47a-21(k)(2)",CITED,VERIFIED,2026-10-09,2026-10-09,,[Full trail in lease-clauses.csv notes and lease-clause-decision-log-CT.md.]
edu-no-deposit-standards-rule-ct,LANDLORD_EDUCATION,CT,Conn. Gen. Stat. § 47a-21(b); Conn. Gen. Stat. § 46a-64c(a)(2); Conn. Gen. Stat. § 46a-64c(a)(6)(B),CITED,VERIFIED,2026-10-09,2026-10-09,,[Full trail in lease-clauses.csv notes and lease-clause-decision-log-CT.md.]
edu-no-utility-deposit-ct,LANDLORD_EDUCATION,CT,Conn. Gen. Stat. § 47a-21(a)(11); Conn. Gen. Stat. § 47a-21(a)(14)(A); Conn. Gen. Stat. § 47a-4d(b),CITED,VERIFIED,2026-10-09,2026-10-09,,[Full trail in lease-clauses.csv notes and lease-clause-decision-log-CT.md.]
edu-tenant-alterations-ct,LANDLORD_EDUCATION,CT,Conn. Gen. Stat. § 47a-13a(a); Conn. Gen. Stat. § 47a-13a(c); Conn. Gen. Stat. § 46a-64c(a)(6)(C)(i); Conn. Gen. Stat. § 47a-13b; Conn. Gen. Stat. § 47a-7(c),CITED,VERIFIED,2026-10-09,2026-10-09,,[Full trail in lease-clauses.csv notes and lease-clause-decision-log-CT.md.]
edu-bed-bug-duties-ct,LANDLORD_EDUCATION,CT,Conn. Gen. Stat. § 47a-7a(a)(7); Conn. Gen. Stat. § 47a-7a(b)(1); Conn. Gen. Stat. § 47a-7a(b)(2)(A); Conn. Gen. Stat. § 47a-16; Conn. Gen. Stat. § 47a-7a(b)(3); Conn. Gen. Stat. § 47a-7a(c); Conn. Gen. Stat. § 47a-7a(d)(1); Conn. Gen. Stat. § 47a-7a(d)(2); Conn. Gen. Stat. § 47a-18,CITED,VERIFIED,2026-10-09,2026-10-09,,[Full trail in lease-clauses.csv notes and lease-clause-decision-log-CT.md.]
edu-no-cold-weather-vacate-notice-ct,LANDLORD_EDUCATION,CT,Conn. Gen. Stat. § 47a-16a; Conn. Gen. Stat. § 15-140c; Conn. Gen. Stat. § 49-31s,CITED,VERIFIED,2026-10-09,2026-10-09,,[Full trail in lease-clauses.csv notes and lease-clause-decision-log-CT.md.]
edu-common-area-lighting-ct,LANDLORD_EDUCATION,CT,"Conn. Gen. Stat. § 47a-54d(b); Conn. Gen. Stat. § 47a-50(1); Conn. Gen. Stat. § 47a-7(a)(3); Conn. Gen. Stat. § 47a-4(a)(11); Conn. Pub. Act No. 26-113, § 1; Conn. Gen. Stat. § 47a-4(b); Conn. Gen. Stat. § 16-262e",CITED,NEEDS_REVIEW,2026-10-09,2026-10-09,,[Full trail in lease-clauses.csv notes and lease-clause-decision-log-CT.md.]
edu-construction-liens-ct,LANDLORD_EDUCATION,CT,Conn. Gen. Stat. § 49-33(a); Conn. Gen. Stat. § 49-33(h); Conn. Gen. Stat. § 47a-4(a)(3),CITED,NEEDS_REVIEW,2026-10-09,2026-10-09,,[Full trail in lease-clauses.csv notes and lease-clause-decision-log-CT.md.]
edu-family-child-care-ct,LANDLORD_EDUCATION,CT,Conn. Gen. Stat. § 8-3j(a); Conn. Gen. Stat. § 19a-87b(a); Conn. Gen. Stat. § 19a-77; Conn. Gen. Stat. § 47a-17,CITED,VERIFIED,2026-10-09,2026-10-09,,[Full trail in lease-clauses.csv notes and lease-clause-decision-log-CT.md.]
edu-no-home-business-rule-ct,LANDLORD_EDUCATION,CT,Conn. Gen. Stat. § 47a-17,CITED,VERIFIED,2026-10-09,2026-10-09,,[Full trail in lease-clauses.csv notes and lease-clause-decision-log-CT.md.]
edu-municipal-utility-lien-ct,LANDLORD_EDUCATION,CT,"Conn. Gen. Stat. § 7-239; Conn. Gen. Stat. § 7-258; Conn. Gen. Stat. § 49-72; Conn. Gen. Stat. § 47a-4(a)(11); Conn. Pub. Act No. 26-113, § 1",CITED,NEEDS_REVIEW,2026-10-09,2026-10-09,,[Full trail in lease-clauses.csv notes and lease-clause-decision-log-CT.md.]
edu-occupancy-limits-ct,LANDLORD_EDUCATION,CT,Conn. Gen. Stat. § 47a-54a; Conn. Gen. Stat. § 47a-50(1); Conn. Agencies Regs. § 8-37ee-902(b); Conn. Gen. Stat. § 46a-64c(a)(1),CITED,NEEDS_REVIEW,2026-10-09,2026-10-09,,[Full trail in lease-clauses.csv notes and lease-clause-decision-log-CT.md.]
edu-smoking-cannabis-ct,LANDLORD_EDUCATION,CT,"Conn. Gen. Stat. § 47a-9a(b); Conn. Gen. Stat. § 47a-9a(c); Conn. Gen. Stat. § 47a-9a(a); Conn. Gen. Stat. § 47a-9a(d); Conn. Gen. Stat. § 21a-408p(b)(2); Conn. Pub. Act No. 26-8, § 39; Conn. Gen. Stat. § 19a-342(b)(1)(H); Conn. Pub. Act No. 26-8, §§ 10; Conn. Gen. Stat. § 19a-342; Conn. Gen. Stat. § 19a-342a; Conn. Gen. Stat. § 21a-240",CITED,VERIFIED,2026-10-09,2026-10-09,,[Full trail in lease-clauses.csv notes and lease-clause-decision-log-CT.md.]
edu-no-tenant-insurance-claim-rule-ct,LANDLORD_EDUCATION,CT,Conn. Gen. Stat. § 47a-4(a)(3); Conn. Gen. Stat. § 47a-4(b); Conn. Gen. Stat. § 47a-7(a); Conn. Gen. Stat. § 8-339(g),CITED,NEEDS_REVIEW,2026-10-09,2026-10-09,,[Full trail in lease-clauses.csv notes and lease-clause-decision-log-CT.md.]
edu-well-septic-ct,LANDLORD_EDUCATION,CT,"Conn. Gen. Stat. § 47a-7(a)(4); Conn. Gen. Stat. § 47a-7(a)(6); Conn. Gen. Stat. § 47a-7(c); Conn. Gen. Stat. § 19a-37k; Conn. Pub. Act No. 26-142, § 6; Conn. Gen. Stat. § 19a-37",CITED,NEEDS_REVIEW,2026-10-09,2026-10-09,,[Full trail in lease-clauses.csv notes and lease-clause-decision-log-CT.md.]
edu-tenant-duties-ct,LANDLORD_EDUCATION,CT,Conn. Gen. Stat. § 47a-11(a); Conn. Gen. Stat. § 47a-15; Conn. Gen. Stat. § 47a-23; Conn. Gen. Stat. § 47a-23b; Conn. Gen. Stat. § 47a-23(a)(1)(F); Conn. Gen. Stat. § 47a-32,CITED,VERIFIED,2026-10-09,2026-10-09,,[Full trail in lease-clauses.csv notes and lease-clause-decision-log-CT.md.]
edu-tenant-paid-utilities-ct,LANDLORD_EDUCATION,CT,"Conn. Gen. Stat. § 16-262e(c); Conn. Gen. Stat. § 16-262e(d); Conn. Gen. Stat. § 16-262e(f); Conn. Gen. Stat. § 47a-4(a)(10); Conn. Gen. Stat. § 47a-4(a)(11); Conn. Pub. Act No. 26-113, § 1; Conn. Gen. Stat. § 16-19ff",CITED,NEEDS_REVIEW,2026-10-09,2026-10-09,,[Full trail in lease-clauses.csv notes and lease-clause-decision-log-CT.md.]
edu-no-landlord-utility-shutoff-ct,LANDLORD_EDUCATION,CT,Conn. Gen. Stat. § 16-19ff(a); Conn. Gen. Stat. § 16-19ff(b)(4); Conn. Gen. Stat. § 47a-13(a)(1); Conn. Gen. Stat. § 47a-43(a)(3); Conn. Gen. Stat. § 47a-46; Conn. Gen. Stat. § 53a-214; Conn. Gen. Stat. § 19a-109; Conn. Gen. Stat. § 47a-43,CITED,NEEDS_REVIEW,2026-10-09,2026-10-09,,[Full trail in lease-clauses.csv notes and lease-clause-decision-log-CT.md.]
edu-no-utility-transfer-cutoff-ct,LANDLORD_EDUCATION,CT,Conn. Gen. Stat. § 16-262e(a); Conn. Gen. Stat. § 16-262e(d); Conn. Gen. Stat. § 47a-13; Conn. Gen. Stat. § 19a-109,CITED,VERIFIED,2026-10-09,2026-10-09,,[Full trail in lease-clauses.csv notes and lease-clause-decision-log-CT.md.]
alarm-duties-ct,LEASE_CLAUSE,CT,Conn. Gen. Stat. § 47a-7(a)(1); Conn. Gen. Stat. § 29-292(a)(1); Conn. Agencies Regs. § 29-292-21e; Conn. Gen. Stat. § 53a-117a(a)(2); Conn. Gen. Stat. § 47a-7(c); Conn. Gen. Stat. § 47a-7(d)(3),CITED,NEEDS_REVIEW,2026-10-09,2026-10-09,,[Full trail in lease-clauses.csv notes and lease-clause-decision-log-CT.md.]
edu-alarm-requirements-ct,LANDLORD_EDUCATION,CT,"Conn. Gen. Stat. § 29-292(a)(1); Conn. Agencies Regs. § 29-292-21e; Conn. Gen. Stat. § 47a-7(a)(1); Conn. Gen. Stat. § 47a-11(a); Conn. Gen. Stat. § 53a-117a(a)(2); Conn. Gen. Stat. § 29-453; Conn. Pub. Act No. 26-58, §§ 2; Conn. Pub. Act No. 26-110, § 2; Conn. Gen. Stat. § 29-291a; Conn. Gen. Stat. § 29-292",CITED,NEEDS_REVIEW,2026-10-09,2026-10-09,,[Full trail in lease-clauses.csv notes and lease-clause-decision-log-CT.md.]
edu-no-alarm-tampering-fee-ct,LANDLORD_EDUCATION,CT,Conn. Gen. Stat. § 53a-117a(a)(2); Conn. Gen. Stat. § 47a-11(f); Conn. Gen. Stat. § 47a-21(a)(14)(B); Conn. Gen. Stat. § 47a-11,CITED,VERIFIED,2026-10-09,2026-10-09,,[Full trail in lease-clauses.csv notes and lease-clause-decision-log-CT.md.]
edu-alt-housing-ct,LANDLORD_EDUCATION,CT,Conn. Gen. Stat. § 47a-13(a)(2); Conn. Gen. Stat. § 47a-13(b); Conn. Gen. Stat. § 47a-13(c); Conn. Gen. Stat. § 8-266; Conn. Gen. Stat. § 8-268(a); Conn. Gen. Stat. § 8-270(a); Conn. Gen. Stat. § 8-270a; Conn. Gen. Stat. § 47a-7a(b)(3)(C); Conn. Gen. Stat. § 47a-14,CITED,VERIFIED,2026-10-09,2026-10-09,,[Full trail in lease-clauses.csv notes and lease-clause-decision-log-CT.md.]
edu-appliances-excluded-ct,LANDLORD_EDUCATION,CT,Conn. Gen. Stat. § 47a-7(a)(4); Conn. Gen. Stat. § 47a-4(a)(3),CITED,NEEDS_REVIEW,2026-10-09,2026-10-09,,[Full trail in lease-clauses.csv notes and lease-clause-decision-log-CT.md.]
edu-no-balcony-inspection-ct,LANDLORD_EDUCATION,CT,"Conn. Gen. Stat. § 47a-7(a)(1); Conn. Gen. Stat. § 29-305(b); Conn. Pub. Act No. 26-100, § 60",CITED,VERIFIED,2026-10-09,2026-10-09,,[Full trail in lease-clauses.csv notes and lease-clause-decision-log-CT.md.]
edu-no-condemned-rent-bar-ct,LANDLORD_EDUCATION,CT,Conn. Gen. Stat. § 47a-4a; Conn. Gen. Stat. § 47a-14(a); Conn. Gen. Stat. § 7-148d(a); Conn. Gen. Stat. § 47a-14h(h); Conn. Gen. Stat. § 8-268(a); Conn. Gen. Stat. § 8-270(a); Conn. Gen. Stat. § 8-270a; Conn. Gen. Stat. § 47a-13,CITED,NEEDS_REVIEW,2026-10-09,2026-10-09,,[Full trail in lease-clauses.csv notes and lease-clause-decision-log-CT.md.]
edu-habitability-remedies-ct,LANDLORD_EDUCATION,CT,Conn. Gen. Stat. § 47a-12(a); Conn. Gen. Stat. § 47a-13(a); Conn. Gen. Stat. § 47a-14; Conn. Gen. Stat. § 47a-14h(a); Conn. Gen. Stat. § 47a-4(a)(1); Conn. Gen. Stat. § 47a-13,CITED,NEEDS_REVIEW,2026-10-09,2026-10-09,,[Full trail in lease-clauses.csv notes and lease-clause-decision-log-CT.md.]
edu-disability-accommodation-ct,LANDLORD_EDUCATION,CT,"Conn. Gen. Stat. § 46a-64c(a)(6)(A); Conn. Gen. Stat. § 46a-64c(a)(6)(C); Conn. Gen. Stat. § 46a-64c(b)(1); Conn. Pub. Act No. 26-77, § 27; Conn. Pub. Act No. 26-110, § 6; Conn. Gen. Stat. § 46a-64c",CITED,VERIFIED,2026-10-09,2026-10-09,,[Full trail in lease-clauses.csv notes and lease-clause-decision-log-CT.md.]
edu-disaster-casualty-ct,LANDLORD_EDUCATION,CT,Conn. Gen. Stat. § 47a-14(a); Conn. Gen. Stat. § 47a-14(b); Conn. Gen. Stat. § 42-230(a); Conn. Gen. Stat. § 42-230(c); Conn. Gen. Stat. § 42-230,CITED,NEEDS_REVIEW,2026-10-09,2026-10-09,,[Full trail in lease-clauses.csv notes and lease-clause-decision-log-CT.md.]
edu-no-double-letting-ct,LANDLORD_EDUCATION,CT,"Conn. Gen. Stat. § 47a-23(a)(1)(A); Absence: CT batteries named in the row's notes (CT log §17, §18)",CONFIRMED_ABSENT,VERIFIED,2026-10-09,2026-10-09,,[Full trail in lease-clauses.csv notes and lease-clause-decision-log-CT.md.]
edu-applicable-codes-ct,LANDLORD_EDUCATION,CT,"Conn. Gen. Stat. § 47a-7(a)(1); Conn. Gen. Stat. § 47a-7(b); Conn. Gen. Stat. § 19a-355; Conn. Gen. Stat. § 29-292(a)(1); Conn. Pub. Act No. 26-58, § 3; Conn. Gen. Stat. § 29-305(b); Conn. Gen. Stat. § 29-291a; Conn. Pub. Act No. 26-58, § 2",CITED,NEEDS_REVIEW,2026-10-09,2026-10-09,,[Full trail in lease-clauses.csv notes and lease-clause-decision-log-CT.md.]
edu-no-furnished-rental-rule-ct,LANDLORD_EDUCATION,CT,Conn. Gen. Stat. § 47a-21(b); Conn. Gen. Stat. § 47a-7(a)(4); Conn. Gen. Stat. § 47a-11(f); Conn. Gen. Stat. § 47a-21(a)(14)(B); Conn. Gen. Stat. § 47a-11; Conn. Gen. Stat. § 47a-7c(b); Conn. Gen. Stat. § 7-148c(4); Conn. Gen. Stat. § 12-407(a)(2)(H),CITED,VERIFIED,2026-10-09,2026-10-09,,[Full trail in lease-clauses.csv notes and lease-clause-decision-log-CT.md.]
edu-tenant-maintenance-agreements-ct,LANDLORD_EDUCATION,CT,Conn. Gen. Stat. § 47a-7(c); Conn. Gen. Stat. § 47a-7(d); Conn. Gen. Stat. § 47a-1(11); Conn. Gen. Stat. § 47a-4(a)(1),CITED,VERIFIED,2026-10-09,2026-10-09,,[Full trail in lease-clauses.csv notes and lease-clause-decision-log-CT.md.]
edu-no-habitability-presumption-ct,LANDLORD_EDUCATION,CT,Conn. Gen. Stat. § 47a-33a; Conn. Gen. Stat. § 47a-33; Conn. Gen. Stat. § 47a-20,CITED,NEEDS_REVIEW,2026-10-09,2026-10-09,,[Full trail in lease-clauses.csv notes and lease-clause-decision-log-CT.md.]
edu-habitability-not-waivable-ct,LANDLORD_EDUCATION,CT,Conn. Gen. Stat. § 47a-4(a)(1); Conn. Gen. Stat. § 47a-4(a)(3); Conn. Gen. Stat. § 47a-4(b); Conn. Gen. Stat. § 47a-4a; Conn. Gen. Stat. § 47a-7(c),CITED,VERIFIED,2026-10-09,2026-10-09,,[Full trail in lease-clauses.csv notes and lease-clause-decision-log-CT.md.]
edu-local-health-code-ct,LANDLORD_EDUCATION,CT,Conn. Gen. Stat. § 47a-52(c); Conn. Gen. Stat. § 47a-53(a); Conn. Gen. Stat. § 47a-53(b); Conn. Gen. Stat. § 47a-14h(b); Conn. Gen. Stat. § 47a-7a(b)(1); Conn. Gen. Stat. § 19a-206,CITED,NEEDS_REVIEW,2026-10-09,2026-10-09,,[Full trail in lease-clauses.csv notes and lease-clause-decision-log-CT.md.]
edu-heat-ct,LANDLORD_EDUCATION,CT,Conn. Gen. Stat. § 47a-7(a)(6); Conn. Gen. Stat. § 47a-7(c); Conn. Gen. Stat. § 47a-13(a); Conn. Gen. Stat. § 19a-214; Conn. Gen. Stat. § 16-262e(c); Conn. Gen. Stat. § 19a-109,CITED,NEEDS_REVIEW,2026-10-09,2026-10-09,,[Full trail in lease-clauses.csv notes and lease-clause-decision-log-CT.md.]
edu-no-landlord-self-cure-ct,LANDLORD_EDUCATION,CT,Conn. Gen. Stat. § 47a-16(a); Conn. Gen. Stat. § 47a-16(c); Conn. Gen. Stat. § 47a-11(f); Conn. Gen. Stat. § 47a-15; Conn. Gen. Stat. § 47a-1(8); Conn. Gen. Stat. § 47a-21(a)(14)(B),CITED,VERIFIED,2026-10-09,2026-10-09,,[Full trail in lease-clauses.csv notes and lease-clause-decision-log-CT.md.]
edu-tenement-house-standards-ct,LANDLORD_EDUCATION,CT,Conn. Gen. Stat. § 47a-50(1); Conn. Gen. Stat. § 47a-51(a); Conn. Gen. Stat. § 47a-54b; Conn. Gen. Stat. § 47a-54c(a); Conn. Gen. Stat. § 47a-54d(b); Conn. Gen. Stat. § 47a-54e; Conn. Gen. Stat. § 47a-54f(b); Conn. Gen. Stat. § 19a-111c; Conn. Gen. Stat. § 47a-54a; Conn. Gen. Stat. § 47a-52; Conn. Gen. Stat. § 47a-53; Conn. Gen. Stat. § 47a-7(a)(1),CITED,VERIFIED,2026-10-09,2026-10-09,,[Full trail in lease-clauses.csv notes and lease-clause-decision-log-CT.md.]
edu-prohibited-lease-terms-ct,LANDLORD_EDUCATION,CT,"Conn. Gen. Stat. § 47a-4(a)(1); Conn. Gen. Stat. § 47a-4(b); Conn. Gen. Stat. § 47a-4(a)(11); Conn. Pub. Act No. 26-113, § 1; Conn. Gen. Stat. § 47a-4a",CITED,VERIFIED,2026-10-09,2026-10-09,,[Full trail in lease-clauses.csv notes and lease-clause-decision-log-CT.md.]
edu-pools-ct,LANDLORD_EDUCATION,CT,Conn. Gen. Stat. § 19a-36(c)(1); Conn. Gen. Stat. § 19a-36(c)(2),CITED,NEEDS_REVIEW,2026-10-09,2026-10-09,,[Full trail in lease-clauses.csv notes and lease-clause-decision-log-CT.md.]
edu-no-promises-to-repair-rule-ct,LANDLORD_EDUCATION,CT,Conn. Gen. Stat. § 47a-3; Conn. Gen. Stat. § 47a-12(a); Conn. Gen. Stat. § 47a-16(a),CITED,VERIFIED,2026-10-09,2026-10-09,,[Full trail in lease-clauses.csv notes and lease-clause-decision-log-CT.md.]
edu-quiet-possession-ct,LANDLORD_EDUCATION,CT,Conn. Practice Book § 10-21; Conn. Gen. Stat. § 47a-16(c); Conn. Gen. Stat. § 47a-18a; Conn. Gen. Stat. § 47a-43; Conn. Gen. Stat. § 47a-46; Conn. Gen. Stat. § 53a-214; Conn. Gen. Stat. § 19a-109,CITED,NEEDS_REVIEW,2026-10-09,2026-10-09,,[Full trail in lease-clauses.csv notes and lease-clause-decision-log-CT.md.]
edu-rental-inspections-ct,LANDLORD_EDUCATION,CT,"Conn. Gen. Stat. § 7-148(c)(7)(A)(i); Conn. Gen. Stat. § 29-305(b); Conn. Gen. Stat. § 29-305(d); Conn. Pub. Act No. 26-100, § 60; Conn. Gen. Stat. § 47a-16(a)",CITED,NEEDS_REVIEW,2026-10-09,2026-10-09,,[Full trail in lease-clauses.csv notes and lease-clause-decision-log-CT.md.]
edu-no-repair-cost-termination-ct,LANDLORD_EDUCATION,CT,Conn. Gen. Stat. § 47a-7(a)(2); Conn. Gen. Stat. § 47a-14,CITED,VERIFIED,2026-10-09,2026-10-09,,[Full trail in lease-clauses.csv notes and lease-clause-decision-log-CT.md.]
edu-repair-notice-ct,LANDLORD_EDUCATION,CT,Conn. Gen. Stat. § 47a-12(a); Conn. Gen. Stat. § 47a-13(c); Conn. Gen. Stat. § 47a-7a(b)(1); Conn. Gen. Stat. § 47a-14h(b); Conn. Gen. Stat. § 47a-4(a)(1),CITED,VERIFIED,2026-10-09,2026-10-09,,[Full trail in lease-clauses.csv notes and lease-clause-decision-log-CT.md.]
edu-no-lock-rekey-rule-ct,LANDLORD_EDUCATION,CT,"Conn. Gen. Stat. § 47a-7b; Absence: CT batteries named in the row's notes (CT log §17, §18)",CONFIRMED_ABSENT,VERIFIED,2026-10-09,2026-10-09,,[Full trail in lease-clauses.csv notes and lease-clause-decision-log-CT.md.]
edu-no-senior-housing-work-card-ct,LANDLORD_EDUCATION,CT,"Conn. Gen. Stat. § 8-114d; Conn. Gen. Stat. § 17b-451; Conn. Gen. Stat. § 17b-194; Conn. Gen. Stat. § 46a-80; Absence: CT batteries named in the row's notes (CT log §17, §18)",CONFIRMED_ABSENT,VERIFIED,2026-10-09,2026-10-09,,[Full trail in lease-clauses.csv notes and lease-clause-decision-log-CT.md.]
edu-no-stove-refrigerator-duty-ct,LANDLORD_EDUCATION,CT,Conn. Gen. Stat. § 47a-7(a)(4); Conn. Gen. Stat. § 47a-1(10),CITED,NEEDS_REVIEW,2026-10-09,2026-10-09,,[Full trail in lease-clauses.csv notes and lease-clause-decision-log-CT.md.]
edu-code-receivership-ct,LANDLORD_EDUCATION,CT,Conn. Gen. Stat. § 47a-56; Conn. Gen. Stat. § 47a-56a; Conn. Gen. Stat. § 47a-53; Conn. Gen. Stat. § 47a-55; Conn. Gen. Stat. § 47a-56c(b); Conn. Gen. Stat. § 16-262f; Conn. Gen. Stat. § 47a-56c(c); Conn. Gen. Stat. § 47a-56d(d); Conn. Gen. Stat. § 47a-56h; Conn. Gen. Stat. § 47a-56i; Conn. Gen. Stat. § 16-262f(a),CITED,NEEDS_REVIEW,2026-10-09,2026-10-09,,[Full trail in lease-clauses.csv notes and lease-clause-decision-log-CT.md.]
edu-cable-access-ct,LANDLORD_EDUCATION,CT,Conn. Gen. Stat. § 16-333a(a),CITED,VERIFIED,2026-10-09,2026-10-09,,[Full trail in lease-clauses.csv notes and lease-clause-decision-log-CT.md.]
tenant-repair-agreement-ct,LEASE_CLAUSE,CT,Conn. Gen. Stat. § 47a-7(c); Conn. Gen. Stat. § 47a-7(d); Conn. Gen. Stat. § 47a-1(11),CITED,VERIFIED,2026-10-09,2026-10-09,,[Full trail in lease-clauses.csv notes and lease-clause-decision-log-CT.md.]
edu-no-utility-overage-ct,LANDLORD_EDUCATION,CT,"Conn. Gen. Stat. § 47a-4(a)(10); Conn. Gen. Stat. § 47a-4(a)(11); Conn. Pub. Act No. 26-113, § 1; Conn. Gen. Stat. § 47a-4(b); Conn. Gen. Stat. § 16-262e(c)",CITED,NEEDS_REVIEW,2026-10-09,2026-10-09,,[Full trail in lease-clauses.csv notes and lease-clause-decision-log-CT.md.]
edu-no-utility-apportionment-ct,LANDLORD_EDUCATION,CT,"Conn. Gen. Stat. § 16-262e(c); Conn. Gen. Stat. § 47a-4(a)(11); Conn. Pub. Act No. 26-113, § 1; Conn. Gen. Stat. § 16-19ff; Conn. Gen. Stat. § 47a-7d(a)",CITED,NEEDS_REVIEW,2026-10-09,2026-10-09,,[Full trail in lease-clauses.csv notes and lease-clause-decision-log-CT.md.]
edu-no-utility-notice-authorization-ct,LANDLORD_EDUCATION,CT,Conn. Gen. Stat. § 16-262e(a); Conn. Gen. Stat. § 19a-109; Conn. Gen. Stat. § 16-262c(e),CITED,NEEDS_REVIEW,2026-10-09,2026-10-09,,[Full trail in lease-clauses.csv notes and lease-clause-decision-log-CT.md.]
edu-landlord-utility-account-ct,LANDLORD_EDUCATION,CT,Conn. Gen. Stat. § 16-262e(a); Conn. Gen. Stat. § 16-262e(c); Conn. Gen. Stat. § 16-262f; Conn. Gen. Stat. § 16-262f(a); Conn. Gen. Stat. § 16-262t(a); Conn. Gen. Stat. § 19a-214; Conn. Gen. Stat. § 19a-109,CITED,VERIFIED,2026-10-09,2026-10-09,,[Full trail in lease-clauses.csv notes and lease-clause-decision-log-CT.md.]
edu-utility-shutoff-rules-ct,LANDLORD_EDUCATION,CT,Conn. Gen. Stat. § 16-262c(a); Conn. Gen. Stat. § 16-262c(b)(1); Conn. Gen. Stat. § 16-262e; Conn. Gen. Stat. § 19a-109; Conn. Gen. Stat. § 19a-214; Conn. Gen. Stat. § 16-262c,CITED,NEEDS_REVIEW,2026-10-09,2026-10-09,,[Full trail in lease-clauses.csv notes and lease-clause-decision-log-CT.md.]
edu-submetering-ct,LANDLORD_EDUCATION,CT,"Conn. Gen. Stat. § 16-19ff(a); Conn. Gen. Stat. § 16-1; Conn. Gen. Stat. § 16-19ff; Conn. Gen. Stat. § 47a-7d(b)(3)(A); Conn. Gen. Stat. § 47a-4(a)(11); Conn. Pub. Act No. 26-113, § 1",CITED,NEEDS_REVIEW,2026-10-09,2026-10-09,,[Full trail in lease-clauses.csv notes and lease-clause-decision-log-CT.md.]
edu-landlord-entry-ct,LANDLORD_EDUCATION,CT,Conn. Gen. Stat. § 47a-16(a); Conn. Gen. Stat. § 47a-16a; Conn. Gen. Stat. § 47a-18; Conn. Gen. Stat. § 47a-18a; Conn. Gen. Stat. § 47a-16; Conn. Gen. Stat. § 47a-7a(b)(2)(A),CITED,VERIFIED,2026-10-09,2026-10-09,,[Full trail in lease-clauses.csv notes and lease-clause-decision-log-CT.md.]
edu-no-smart-lock-law-ct,LANDLORD_EDUCATION,CT,Conn. Gen. Stat. § 47a-7b(d); Conn. Gen. Stat. § 47a-16; Conn. Gen. Stat. § 42-515,CITED,VERIFIED,2026-10-09,2026-10-09,,[Full trail in lease-clauses.csv notes and lease-clause-decision-log-CT.md.]
abandoned-property-ct,LEASE_CLAUSE,CT,Conn. Gen. Stat. § 47a-11b; Conn. Gen. Stat. § 47a-11b(a); Conn. Gen. Stat. § 47a-11b(b); Conn. Gen. Stat. § 47a-11b(c); Conn. Gen. Stat. § 47a-11b(d); Conn. Gen. Stat. § 47a-11b(e); Conn. Gen. Stat. § 47a-43; Conn. Gen. Stat. § 47a-42; Conn. Gen. Stat. § 47a-11d,CITED,NEEDS_REVIEW,2026-10-09,2026-10-09,,[Full trail in lease-clauses.csv notes and lease-clause-decision-log-CT.md.]
edu-abandoned-property-ct,LANDLORD_EDUCATION,CT,Conn. Gen. Stat. § 47a-11b(a); Conn. Gen. Stat. § 47a-42(a); Conn. Gen. Stat. § 47a-4(a)(1); Conn. Gen. Stat. § 47a-43; Conn. Gen. Stat. § 47a-46; Conn. Gen. Stat. § 53a-214,CITED,VERIFIED,2026-10-09,2026-10-09,,[Full trail in lease-clauses.csv notes and lease-clause-decision-log-CT.md.]
edu-mitigation-ct,LANDLORD_EDUCATION,CT,Conn. Gen. Stat. § 47a-11a(a); Conn. Gen. Stat. § 47a-11a(b); Conn. Gen. Stat. § 47a-11c,CITED,VERIFIED,2026-10-09,2026-10-09,,[Full trail in lease-clauses.csv notes and lease-clause-decision-log-CT.md.]
edu-attorney-fees-ct,LANDLORD_EDUCATION,CT,Conn. Gen. Stat. § 47a-4(a)(7); Conn. Gen. Stat. § 42-150aa(a); Conn. Gen. Stat. § 42-150bb; Conn. Gen. Stat. § 47a-7a(d)(1); Conn. Gen. Stat. § 47a-7d(f); Conn. Gen. Stat. § 47a-13(b); Conn. Gen. Stat. § 47a-18; Conn. Gen. Stat. § 47a-18a,CITED,VERIFIED,2026-10-09,2026-10-09,,[Full trail in lease-clauses.csv notes and lease-clause-decision-log-CT.md.]
edu-condo-conversion-ct,LANDLORD_EDUCATION,CT,Conn. Gen. Stat. § 47-283(4); Conn. Gen. Stat. § 47-284(a); Conn. Gen. Stat. § 47-285(a); Conn. Gen. Stat. § 47-286; Conn. Gen. Stat. § 47-287(a); Conn. Gen. Stat. § 47-289; Conn. Gen. Stat. § 7-148c; Conn. Gen. Stat. § 47-290; Conn. Gen. Stat. § 47a-23c(b); Conn. Gen. Stat. § 47-291; Conn. Gen. Stat. § 47-288; Conn. Gen. Stat. § 47-88b; Conn. Gen. Stat. § 47-88d,CITED,NEEDS_REVIEW,2026-10-09,2026-10-09,,[Full trail in lease-clauses.csv notes and lease-clause-decision-log-CT.md.]
edu-criminal-activity-ct,LANDLORD_EDUCATION,CT,Conn. Gen. Stat. § 47a-15; Conn. Gen. Stat. § 47a-23(a)(1)(G); Conn. Gen. Stat. § 47a-11(g); Conn. Gen. Stat. § 47a-26h(c); Conn. Gen. Stat. § 47a-31; Conn. Gen. Stat. § 53a-89(a); Conn. Gen. Stat. § 19a-343(b); Conn. Gen. Stat. § 19a-343a; Conn. Gen. Stat. § 19a-343h,CITED,VERIFIED,2026-10-09,2026-10-09,,[Full trail in lease-clauses.csv notes and lease-clause-decision-log-CT.md.]
edu-tenant-noncompliance-notice-ct,LANDLORD_EDUCATION,CT,Conn. Gen. Stat. § 47a-15a(a); Conn. Gen. Stat. § 47a-15; Conn. Gen. Stat. § 47a-11(h); Conn. Gen. Stat. § 47a-23(a); Conn. Pub. Act No. 25-78; Conn. Gen. Stat. § 47a-32; Conn. Gen. Stat. § 47a-23c(b),CITED,VERIFIED,2026-10-09,2026-10-09,,[Full trail in lease-clauses.csv notes and lease-clause-decision-log-CT.md.]
edu-no-drug-free-addendum-ct,LANDLORD_EDUCATION,CT,Conn. Gen. Stat. § 47a-9a(b); Conn. Gen. Stat. § 17a-716(a),CITED,VERIFIED,2026-10-09,2026-10-09,,[Full trail in lease-clauses.csv notes and lease-clause-decision-log-CT.md.]
edu-dv-housing-protection-ct,LANDLORD_EDUCATION,CT,"Conn. Gen. Stat. § 46a-64c(a)(1); Conn. Pub. Act No. 26-77; Conn. Pub. Act No. 26-77, § 27; Conn. Pub. Act No. 26-77, § 16; Conn. Gen. Stat. § 46a-51(25)",CITED,VERIFIED,2026-10-09,2026-10-09,,[Full trail in lease-clauses.csv notes and lease-clause-decision-log-CT.md.]
edu-dv-lease-termination-ct,LANDLORD_EDUCATION,CT,Conn. Gen. Stat. § 47a-11e(a); Conn. Gen. Stat. § 46b-38a; Conn. Gen. Stat. § 53a-70; Conn. Gen. Stat. § 53a-70a; Conn. Gen. Stat. § 53a-71; Conn. Gen. Stat. § 53a-72a; Conn. Gen. Stat. § 53a-72b; Conn. Gen. Stat. § 53a-73a; Conn. Gen. Stat. § 53a-70c; Conn. Gen. Stat. § 46b-38a(1),CITED,VERIFIED,2026-10-09,2026-10-09,,[Full trail in lease-clauses.csv notes and lease-clause-decision-log-CT.md.]
edu-dv-lockchange-ct,LANDLORD_EDUCATION,CT,Conn. Gen. Stat. § 47a-7b(a),CITED,VERIFIED,2026-10-09,2026-10-09,,[Full trail in lease-clauses.csv notes and lease-clause-decision-log-CT.md.]
early-termination-ct,LEASE_CLAUSE,CT,Conn. Gen. Stat. § 42-150u(a); Conn. Gen. Stat. § 47a-4d(b); Conn. Gen. Stat. § 47a-11b(a); Conn. Gen. Stat. § 47a-4(a)(5); Conn. Gen. Stat. § 47a-11e; Conn. Gen. Stat. § 47a-11d,CITED,NEEDS_REVIEW,2026-10-09,2026-10-09,early-termination-ks,[Full trail in lease-clauses.csv notes and lease-clause-decision-log-CT.md.]
edu-no-eminent-domain-rent-rule-ct,LANDLORD_EDUCATION,CT,Conn. Gen. Stat. § 48-22; Conn. Gen. Stat. § 8-266,CITED,VERIFIED,2026-10-09,2026-10-09,,[Full trail in lease-clauses.csv notes and lease-clause-decision-log-CT.md.]
edu-eviction-stay-ct,LANDLORD_EDUCATION,CT,Conn. Gen. Stat. § 47a-35(a); Conn. Gen. Stat. § 47a-35a(a); Conn. Gen. Stat. § 47a-36; Conn. Gen. Stat. § 47a-37(a); Conn. Gen. Stat. § 47a-39; Conn. Gen. Stat. § 47a-41,CITED,VERIFIED,2026-10-09,2026-10-09,,[Full trail in lease-clauses.csv notes and lease-clause-decision-log-CT.md.]
edu-eviction-process-ct,LANDLORD_EDUCATION,CT,Conn. Gen. Stat. § 47a-23(a); Conn. Gen. Stat. § 47a-75(f)(2); Conn. Gen. Stat. § 47a-23a(a); Conn. Gen. Stat. § 47a-26; Conn. Gen. Stat. § 47a-26b(a); Conn. Gen. Stat. § 47a-26d; Conn. Gen. Stat. § 47a-35; Conn. Gen. Stat. § 47a-36; Conn. Gen. Stat. § 47a-37; Conn. Gen. Stat. § 47a-38; Conn. Gen. Stat. § 47a-39; Conn. Gen. Stat. § 47a-40; Conn. Gen. Stat. § 47a-41; Conn. Gen. Stat. § 47a-42; Conn. Gen. Stat. § 47a-19; Conn. Gen. Stat. § 47a-43; Conn. Gen. Stat. § 47a-46; Conn. Gen. Stat. § 53a-214; Conn. Practice Book § 13-12; Conn. Gen. Stat. § 47a-3a(d); Conn. Gen. Stat. § 47a-26a; Conn. Gen. Stat. § 47a-26c,CITED,VERIFIED,2026-10-09,2026-10-09,,[Full trail in lease-clauses.csv notes and lease-clause-decision-log-CT.md.]
edu-eviction-record-sealing-ct,LANDLORD_EDUCATION,CT,Conn. Gen. Stat. § 47a-26j(a); Conn. Pub. Act No. 23-207; Conn. Gen. Stat. § 47a-26j; Conn. Gen. Stat. § 47a-26h(a),CITED,NEEDS_REVIEW,2026-10-09,2026-10-09,,[Full trail in lease-clauses.csv notes and lease-clause-decision-log-CT.md.]
edu-for-cause-eviction-ct,LANDLORD_EDUCATION,CT,"Conn. Gen. Stat. § 47a-23c(a)(1); Conn. Gen. Stat. § 46a-64b(12); Conn. Pub. Act No. 26-11, § 15; Conn. Gen. Stat. § 7-148c; Conn. Gen. Stat. § 21-80; Conn. Gen. Stat. § 49-31q; Conn. Gen. Stat. § 47-290; Conn. Gen. Stat. § 47a-20",CITED,VERIFIED,2026-10-09,2026-10-09,,[Full trail in lease-clauses.csv notes and lease-clause-decision-log-CT.md.]
edu-protected-tenant-notice-ct,LANDLORD_EDUCATION,CT,Conn. Gen. Stat. § 47a-23c(e)(1),CITED,VERIFIED,2026-10-09,2026-10-09,,[Full trail in lease-clauses.csv notes and lease-clause-decision-log-CT.md.]
edu-foreclosure-tenants-ct,LANDLORD_EDUCATION,CT,Conn. Gen. Stat. § 47a-20e(a); Conn. Gen. Stat. § 47a-23; Conn. Gen. Stat. § 47a-31; Conn. Gen. Stat. § 49-31p(a); Conn. Gen. Stat. § 49-31q(a); Conn. Gen. Stat. § 47a-20f; Conn. Gen. Stat. § 49-22(a),CITED,VERIFIED,2026-10-09,2026-10-09,,[Full trail in lease-clauses.csv notes and lease-clause-decision-log-CT.md.]
edu-no-guarantor-renewal-ct,LANDLORD_EDUCATION,CT,Conn. Gen. Stat. § 52-550(a)(2); Conn. Gen. Stat. § 47a-21(a)(11),CITED,VERIFIED,2026-10-09,2026-10-09,,[Full trail in lease-clauses.csv notes and lease-clause-decision-log-CT.md.]
edu-no-exemption-waiver-ct,LANDLORD_EDUCATION,CT,Conn. Gen. Stat. § 52-352a; Conn. Gen. Stat. § 52-352b; Conn. Gen. Stat. § 52-352b(21); Conn. Gen. Stat. § 52-352a(5); Conn. Gen. Stat. § 47a-4(a)(1),CITED,VERIFIED,2026-10-09,2026-10-09,,[Full trail in lease-clauses.csv notes and lease-clause-decision-log-CT.md.]
edu-no-infirmity-termination-ct,LANDLORD_EDUCATION,CT,Conn. Gen. Stat. § 46a-64c(a)(6)(C)(ii); Conn. Gen. Stat. § 47a-11a; Conn. Gen. Stat. § 47a-11d,CITED,VERIFIED,2026-10-09,2026-10-09,,[Full trail in lease-clauses.csv notes and lease-clause-decision-log-CT.md.]
edu-no-landlord-lien-ct,LANDLORD_EDUCATION,CT,Conn. Gen. Stat. § 47a-4(a)(6); Conn. Gen. Stat. § 53a-214(a); Conn. Gen. Stat. § 47a-43(a)(3); Conn. Gen. Stat. § 47a-46; Conn. Gen. Stat. § 47a-42a; Conn. Gen. Stat. § 47a-11b; Conn. Gen. Stat. § 47a-11d; Conn. Gen. Stat. § 47a-42; Conn. Gen. Stat. § 52-352b; Conn. Gen. Stat. § 53a-214,CITED,VERIFIED,2026-10-09,2026-10-09,,[Full trail in lease-clauses.csv notes and lease-clause-decision-log-CT.md.]
edu-landlord-remedies-on-termination-ct,LANDLORD_EDUCATION,CT,Conn. Gen. Stat. § 47a-26d; Conn. Gen. Stat. § 47a-11c; Conn. Gen. Stat. § 47a-11a; Conn. Gen. Stat. § 47a-26b; Conn. Gen. Stat. § 47a-34; Conn. Gen. Stat. § 47a-4(a)(7); Conn. Gen. Stat. § 7-10,CITED,VERIFIED,2026-10-09,2026-10-09,,[Full trail in lease-clauses.csv notes and lease-clause-decision-log-CT.md.]
edu-liquidated-damages-ct,LANDLORD_EDUCATION,CT,Conn. Gen. Stat. § 42-150u; Conn. Gen. Stat. § 42-150u(a); Conn. Gen. Stat. § 42-421; Conn. Gen. Stat. § 47a-11c; Conn. Gen. Stat. § 47a-4d(b),CITED,NEEDS_REVIEW,2026-10-09,2026-10-09,,[Full trail in lease-clauses.csv notes and lease-clause-decision-log-CT.md.]
edu-no-lockout-ct,LANDLORD_EDUCATION,CT,Conn. Gen. Stat. § 47a-4(a)(5); Conn. Gen. Stat. § 47a-4(b); Conn. Gen. Stat. § 47a-4(a)(6); Conn. Gen. Stat. § 53a-214(a); Conn. Gen. Stat. § 53a-214(b); Conn. Gen. Stat. § 47a-43(a); Conn. Gen. Stat. § 47a-46; Conn. Gen. Stat. § 47a-42; Conn. Gen. Stat. § 53a-214,CITED,VERIFIED,2026-10-09,2026-10-09,,[Full trail in lease-clauses.csv notes and lease-clause-decision-log-CT.md.]
edu-minor-defendants-ct,LANDLORD_EDUCATION,CT,Conn. Gen. Stat. § 47a-26h(a),CITED,VERIFIED,2026-10-09,2026-10-09,,[Full trail in lease-clauses.csv notes and lease-clause-decision-log-CT.md.]
edu-nonpayment-notice-to-quit-ct,LANDLORD_EDUCATION,CT,Conn. Gen. Stat. § 47a-15a(a); Conn. Gen. Stat. § 47a-23(a)(1)(D); Conn. Gen. Stat. § 47a-23(a); Conn. Gen. Stat. § 47a-23(b); Conn. Gen. Stat. § 47a-23(c); Conn. Gen. Stat. § 47a-23(d); Conn. Gen. Stat. § 47a-23(e); Conn. Gen. Stat. § 47a-19; Conn. Gen. Stat. § 47a-15; Conn. Gen. Stat. § 47a-75(f)(2); Conn. Gen. Stat. § 47a-25,CITED,VERIFIED,2026-10-09,2026-10-09,,[Full trail in lease-clauses.csv notes and lease-clause-decision-log-CT.md.]
edu-public-nuisance-abatement-ct,LANDLORD_EDUCATION,CT,Conn. Gen. Stat. § 19a-343(b); Conn. Gen. Stat. § 19a-343(c); Conn. Gen. Stat. § 19a-343a(f); Conn. Gen. Stat. § 19a-343a(i); Conn. Gen. Stat. § 19a-343b; Conn. Gen. Stat. § 19a-343d(e); Conn. Gen. Stat. § 19a-343e(a); Conn. Gen. Stat. § 19a-343f(a); Conn. Gen. Stat. § 47a-32; Conn. Gen. Stat. § 47a-15; Conn. Gen. Stat. § 47a-31; Conn. Gen. Stat. § 47a-11(g); Conn. Gen. Stat. § 47a-56,CITED,VERIFIED,2026-10-09,2026-10-09,,[Full trail in lease-clauses.csv notes and lease-clause-decision-log-CT.md.]
edu-owner-move-in-reservation-ct,LANDLORD_EDUCATION,CT,"Conn. Gen. Stat. § 47a-33a; Conn. Gen. Stat. § 47a-23(a)(1)(B); Conn. Gen. Stat. § 47a-3; Conn. Gen. Stat. § 47a-4(a); Conn. Gen. Stat. § 47a-23c(b)(1)(G); Conn. Gen. Stat. § 47a-23c(a)(1); Conn. Pub. Act No. 26-11, § 15; Conn. Gen. Stat. § 47a-20a(a)(2)",CITED,NEEDS_REVIEW,2026-10-09,2026-10-09,,[Full trail in lease-clauses.csv notes and lease-clause-decision-log-CT.md.]
edu-no-possession-bond-ct,LANDLORD_EDUCATION,CT,"Conn. Gen. Stat. § 47a-4; Conn. Gen. Stat. § 47a-4(a)(2); Conn. Gen. Stat. § 21-83; Conn. Gen. Stat. § 42-408; Conn. Pub. Act No. 26-16; Conn. Pub. Act No. 26-113; Conn. Gen. Stat. § 47a-7b; Conn. Gen. Stat. § 47a-25; Absence: CT batteries named in the row's notes (CT log §17, §18)",CONFIRMED_ABSENT,VERIFIED,2026-10-09,2026-10-09,,[Full trail in lease-clauses.csv notes and lease-clause-decision-log-CT.md.]
edu-no-possession-delay-statute-ct,LANDLORD_EDUCATION,CT,"Conn. Gen. Stat. § 47a-1; Conn. Gen. Stat. § 47a-20f; Conn. Gen. Stat. § 47a-4(a)(3); Absence: CT batteries named in the row's notes (CT log §17, §18)",CONFIRMED_ABSENT,VERIFIED,2026-10-09,2026-10-09,,[Full trail in lease-clauses.csv notes and lease-clause-decision-log-CT.md.]
edu-post-eviction-property-ct,LANDLORD_EDUCATION,CT,"Conn. Gen. Stat. § 47a-42(a); Conn. Gen. Stat. § 47a-42(b); Conn. Gen. Stat. § 47a-42(c); Conn. Gen. Stat. § 47a-26h(c); Conn. Pub. Act No. 26-80, § 3; Conn. Gen. Stat. § 52-261; Conn. Gen. Stat. § 47a-11b; Conn. Gen. Stat. § 47a-11d",CITED,VERIFIED,2026-10-09,2026-10-09,,[Full trail in lease-clauses.csv notes and lease-clause-decision-log-CT.md.]
edu-paying-after-nonpayment-judgment-ct,LANDLORD_EDUCATION,CT,Conn. Gen. Stat. § 47a-37(a); Conn. Gen. Stat. § 47a-39; Conn. Gen. Stat. § 47a-35(a); Conn. Gen. Stat. § 47a-19; Conn. Gen. Stat. § 47a-23(e); Conn. Gen. Stat. § 47a-41; Conn. Gen. Stat. § 47a-36; Conn. Gen. Stat. § 47a-37; Conn. Gen. Stat. § 47a-38; Conn. Gen. Stat. § 47a-40; Conn. Gen. Stat. § 47a-26i,CITED,VERIFIED,2026-10-09,2026-10-09,,[Full trail in lease-clauses.csv notes and lease-clause-decision-log-CT.md.]
edu-rent-into-court-ct,LANDLORD_EDUCATION,CT,Conn. Gen. Stat. § 47a-33a; Conn. Gen. Stat. § 47a-26b(a); Conn. Gen. Stat. § 47a-14h(b); Conn. Gen. Stat. § 47a-11; Conn. Gen. Stat. § 47a-35a; Conn. Gen. Stat. § 47a-26e; Conn. Gen. Stat. § 47a-14h,CITED,VERIFIED,2026-10-09,2026-10-09,,[Full trail in lease-clauses.csv notes and lease-clause-decision-log-CT.md.]
edu-retaliation-ct,LANDLORD_EDUCATION,CT,Conn. Gen. Stat. § 47a-20; Conn. Gen. Stat. § 47a-20a(a); Conn. Gen. Stat. § 47a-33; Conn. Gen. Stat. § 7-148b,CITED,VERIFIED,2026-10-09,2026-10-09,,[Full trail in lease-clauses.csv notes and lease-clause-decision-log-CT.md.]
edu-no-self-help-eviction-ct,LANDLORD_EDUCATION,CT,Conn. Gen. Stat. § 47a-4(a)(5); Conn. Gen. Stat. § 53a-214; Conn. Gen. Stat. § 47a-43(a); Conn. Gen. Stat. § 47a-46; Conn. Gen. Stat. § 47a-13(a)(3); Conn. Gen. Stat. § 47a-13(b); Conn. Gen. Stat. § 47a-18a; Conn. Gen. Stat. § 16-262e,CITED,VERIFIED,2026-10-09,2026-10-09,,[Full trail in lease-clauses.csv notes and lease-clause-decision-log-CT.md.]
edu-servicemember-rights-ct,LANDLORD_EDUCATION,CT,"Conn. Gen. Stat. § 21-82; Conn. Gen. Stat. § 21-82(a); Conn. Practice Book § 17-21(a); Conn. Gen. Stat. § 46a-64c(a)(1); Conn. Pub. Act No. 26-77, § 27; Conn. Pub. Act No. 26-110, § 6; Conn. Gen. Stat. § 46a-64c; 50 U.S.C. § 3955; Absence: CT batteries named in the row's notes (CT log §17, §18)",CONFIRMED_ABSENT,VERIFIED,2026-10-09,2026-10-09,,[Full trail in lease-clauses.csv notes and lease-clause-decision-log-CT.md.]
edu-no-benefit-delay-defense-ct,LANDLORD_EDUCATION,CT,"Conn. Gen. Stat. § 47-244; Conn. Agencies Regs. § 8-68f-3; Conn. Gen. Stat. § 47a-15a(a); Conn. Gen. Stat. § 47a-37(a); Conn. Gen. Stat. § 47a-39; Absence: CT batteries named in the row's notes (CT log §17, §18)",CONFIRMED_ABSENT,VERIFIED,2026-10-09,2026-10-09,,[Full trail in lease-clauses.csv notes and lease-clause-decision-log-CT.md.]
edu-statutory-early-termination-ct,LANDLORD_EDUCATION,CT,Conn. Gen. Stat. § 47a-11e(a); Conn. Gen. Stat. § 47a-12(a); Conn. Gen. Stat. § 47a-13(a)(3); Conn. Gen. Stat. § 47a-14(a); Conn. Gen. Stat. § 47a-18a,CITED,VERIFIED,2026-10-09,2026-10-09,,[Full trail in lease-clauses.csv notes and lease-clause-decision-log-CT.md.]
edu-end-of-term-possession-ct,LANDLORD_EDUCATION,CT,Conn. Gen. Stat. § 47a-23(a)(1)(A); Conn. Gen. Stat. § 47a-25; Conn. Gen. Stat. § 47a-23c(a)(1); Conn. Gen. Stat. § 47a-3d; Conn. Gen. Stat. § 47a-42; Conn. Gen. Stat. § 47a-11b,CITED,VERIFIED,2026-10-09,2026-10-09,,[Full trail in lease-clauses.csv notes and lease-clause-decision-log-CT.md.]
edu-no-tenancy-at-will-ct,LANDLORD_EDUCATION,CT,"Conn. Gen. Stat. § 47a-3b; Conn. Gen. Stat. § 21-82; Conn. Gen. Stat. § 47a-23(d); Conn. Gen. Stat. § 47a-3c; Conn. Gen. Stat. § 49-31p; Conn. Gen. Stat. § 47a-3d; Conn. Gen. Stat. § 47a-23; Absence: CT batteries named in the row's notes (CT log §17, §18)",CONFIRMED_ABSENT,VERIFIED,2026-10-09,2026-10-09,,[Full trail in lease-clauses.csv notes and lease-clause-decision-log-CT.md.]
edu-tenant-death-ct,LANDLORD_EDUCATION,CT,Conn. Gen. Stat. § 47a-11d(a),CITED,VERIFIED,2026-10-09,2026-10-09,,[Full trail in lease-clauses.csv notes and lease-clause-decision-log-CT.md.]
edu-periodic-tenancy-termination-ct,LANDLORD_EDUCATION,CT,"Conn. Gen. Stat. § 47a-23(a); Conn. Gen. Stat. § 47a-3b; Conn. Gen. Stat. § 47a-75(f)(2); Conn. Gen. Stat. § 47a-23c(a)(1); Conn. Pub. Act No. 26-11, § 15; Conn. Gen. Stat. § 47a-20; Conn. Gen. Stat. § 47a-20a(a)(4); Conn. Gen. Stat. § 47a-4e",CITED,NEEDS_REVIEW,2026-10-09,2026-10-09,,[Full trail in lease-clauses.csv notes and lease-clause-decision-log-CT.md.]
periodic-tenancy-notice-ct,LEASE_CLAUSE,CT,Conn. Gen. Stat. § 47a-23(a); Conn. Gen. Stat. § 47a-23(c); Conn. Gen. Stat. § 47a-23c(b)(1); Conn. Gen. Stat. § 47a-23c(a)(1),CITED,NEEDS_REVIEW,2026-10-09,2026-10-09,,[Full trail in lease-clauses.csv notes and lease-clause-decision-log-CT.md.]
edu-unauthorized-occupant-removal-ct,LANDLORD_EDUCATION,CT,Conn. Gen. Stat. § 47a-23(a)(2); Conn. Gen. Stat. § 47a-23a(a); Conn. Gen. Stat. § 47a-26h(a); Conn. Gen. Stat. § 53a-107(a)(1); Conn. Gen. Stat. § 53a-214,CITED,VERIFIED,2026-10-09,2026-10-09,,[Full trail in lease-clauses.csv notes and lease-clause-decision-log-CT.md.]
edu-no-actual-notice-rule-ct,LANDLORD_EDUCATION,CT,"Conn. Gen. Stat. § 16-262e; Conn. Gen. Stat. § 47-252; Conn. Agencies Regs. § 16-3-100; Conn. Gen. Stat. § 47a-16(c); Conn. Gen. Stat. § 47a-23(c); Conn. Gen. Stat. § 47a-11b(b); Conn. Gen. Stat. § 47a-11d(a); Conn. Gen. Stat. § 47a-6; Absence: CT batteries named in the row's notes (CT log §17, §18)",CONFIRMED_ABSENT,VERIFIED,2026-10-09,2026-10-09,,[Full trail in lease-clauses.csv notes and lease-clause-decision-log-CT.md.]
edu-no-adverse-proceeding-notice-ct,LANDLORD_EDUCATION,CT,"Conn. Practice Book § 4-2; Conn. Gen. Stat. § 47a-11; Conn. Gen. Stat. § 47a-20e(b); Conn. Gen. Stat. § 47a-10; Absence: CT batteries named in the row's notes (CT log §17, §18)",CONFIRMED_ABSENT,VERIFIED,2026-10-09,2026-10-09,,[Full trail in lease-clauses.csv notes and lease-clause-decision-log-CT.md.]
edu-automatic-renewal-ct,LANDLORD_EDUCATION,CT,"Conn. Gen. Stat. § 42-158ff(a)(1); Conn. Gen. Stat. § 42-158ff; Conn. Pub. Act No. 25-44, § 7; Conn. Gen. Stat. § 42-158ff(d)(1); Conn. Gen. Stat. § 42-158ff(f); Conn. Gen. Stat. § 42-126b(c)(1); Conn. Gen. Stat. § 47a-3d; Conn. Gen. Stat. § 47a-4e; Conn. Gen. Stat. § 47a-23c",CITED,NEEDS_REVIEW,2026-10-09,2026-10-09,,[Full trail in lease-clauses.csv notes and lease-clause-decision-log-CT.md.]
edu-confirmed-absences-misc-ct,LANDLORD_EDUCATION,CT,"Conn. Agencies Regs. § 8-68f-12; Conn. Gen. Stat. § 8-72; Conn. Gen. Stat. § 8-116a; Conn. Gen. Stat. § 47a-15; Conn. Gen. Stat. § 47a-23(a)(1)(C); Absence: CT batteries named in the row's notes (CT log §17, §18)",CONFIRMED_ABSENT,VERIFIED,2026-10-09,2026-10-09,,[Full trail in lease-clauses.csv notes and lease-clause-decision-log-CT.md.]
edu-confirmed-absences-outside-title-ct,LANDLORD_EDUCATION,CT,Conn. Gen. Stat. § 47a-23; Conn. Gen. Stat. § 47-288; Conn. Gen. Stat. § 47a-23(a)(2); Conn. Gen. Stat. § 47a-6a(b); Conn. Gen. Stat. § 47a-6b; Conn. Gen. Stat. § 47a-3a(c); Conn. Gen. Stat. § 47a-5; Conn. Gen. Stat. § 47a-57,CITED,VERIFIED,2026-10-09,2026-10-09,,[Full trail in lease-clauses.csv notes and lease-clause-decision-log-CT.md.]
edu-dv-law-citations-ct,LANDLORD_EDUCATION,CT,"Conn. Gen. Stat. § 47a-7b(a)(1); Conn. Gen. Stat. § 47a-11e(a); Conn. Gen. Stat. § 53a-70b; Conn. Gen. Stat. § 47a-7b; Conn. Gen. Stat. § 47a-11e; Conn. Pub. Act No. 26-92; Conn. Gen. Stat. § 46b-15; Conn. Gen. Stat. § 46b-15a; Conn. Gen. Stat. § 46b-16a; Conn. Gen. Stat. § 46b-38a; Conn. Gen. Stat. § 53a-40e; Conn. Gen. Stat. § 54-1k; Conn. Gen. Stat. § 54-82r; Conn. Pub. Act No. 26-92, § 5; Conn. Gen. Stat. § 46b-38c(c)",CITED,VERIFIED,2026-10-09,2026-10-09,,[Full trail in lease-clauses.csv notes and lease-clause-decision-log-CT.md.]
edu-electronic-records-ct,LANDLORD_EDUCATION,CT,Conn. Gen. Stat. § 1-270(b); Conn. Gen. Stat. § 1-272(c); Conn. Gen. Stat. § 1-268(c)(2); Conn. Gen. Stat. § 1-268(d); Conn. Gen. Stat. § 1-284(b); Conn. Gen. Stat. § 1-286; 15 U.S.C. § 7001; Conn. Gen. Stat. § 47a-23(c); Conn. Gen. Stat. § 1-268,CITED,VERIFIED,2026-10-09,2026-10-09,,[Full trail in lease-clauses.csv notes and lease-clause-decision-log-CT.md.]
edu-no-right-to-call-police-statute-ct,LANDLORD_EDUCATION,CT,"Conn. Gen. Stat. § 28-30; Conn. Gen. Stat. § 47a-20(1); Conn. Gen. Stat. § 46a-64c(a)(1); Conn. Pub. Act No. 26-77, § 27; Conn. Pub. Act No. 26-110, § 6; Conn. Gen. Stat. § 46a-64c; Absence: CT batteries named in the row's notes (CT log §17, §18)",CONFIRMED_ABSENT,VERIFIED,2026-10-09,2026-10-09,,[Full trail in lease-clauses.csv notes and lease-clause-decision-log-CT.md.]
edu-no-pre-suit-resolution-statute-ct,LANDLORD_EDUCATION,CT,"Conn. Gen. Stat. § 8-206e; Conn. Gen. Stat. § 8-347a; Conn. Gen. Stat. § 47-244; Conn. Gen. Stat. § 47-258; Conn. Gen. Stat. § 47a-75; Conn. Gen. Stat. § 47a-69(c); Conn. Gen. Stat. § 47a-70(a); Conn. Gen. Stat. § 47a-4(a)(1); Absence: CT batteries named in the row's notes (CT log §17, §18)",CONFIRMED_ABSENT,VERIFIED,2026-10-09,2026-10-09,,[Full trail in lease-clauses.csv notes and lease-clause-decision-log-CT.md.]
edu-no-landlord-liability-insurance-ct,LANDLORD_EDUCATION,CT,"Conn. Gen. Stat. § 10a-91; Conn. Gen. Stat. § 42-404; Conn. Gen. Stat. § 47-244; Conn. Gen. Stat. § 47a-13b; Conn. Pub. Act No. 26-100; Conn. Gen. Stat. § 47a-13b(e)(6); Absence: CT batteries named in the row's notes (CT log §17, §18)",CONFIRMED_ABSENT,VERIFIED,2026-10-09,2026-10-09,,[Full trail in lease-clauses.csv notes and lease-clause-decision-log-CT.md.]
edu-landlord-registration-ct,LANDLORD_EDUCATION,CT,Conn. Gen. Stat. § 47a-6a(b); Conn. Gen. Stat. § 47a-6b; Conn. Gen. Stat. § 7-148qq; Conn. Gen. Stat. § 47a-57(a); Conn. Gen. Stat. § 47a-6a,CITED,VERIFIED,2026-10-09,2026-10-09,,[Full trail in lease-clauses.csv notes and lease-clause-decision-log-CT.md.]
edu-no-crime-free-lease-statute-ct,LANDLORD_EDUCATION,CT,"Conn. Gen. Stat. § 47a-15; Conn. Gen. Stat. § 47a-9a(b); Conn. Gen. Stat. § 46a-64c(a)(1); Absence: CT batteries named in the row's notes (CT log §17, §18)",CONFIRMED_ABSENT,VERIFIED,2026-10-09,2026-10-09,,[Full trail in lease-clauses.csv notes and lease-clause-decision-log-CT.md.]
edu-no-lease-completeness-rule-ct,LANDLORD_EDUCATION,CT,"Conn. Gen. Stat. § 7-147b; Conn. Gen. Stat. § 42-403; Conn. Gen. Stat. § 47a-7d(d); Absence: CT batteries named in the row's notes (CT log §17, §18)",CONFIRMED_ABSENT,VERIFIED,2026-10-09,2026-10-09,,[Full trail in lease-clauses.csv notes and lease-clause-decision-log-CT.md.]
edu-no-lease-copy-duty-ct,LANDLORD_EDUCATION,CT,"Conn. Gen. Stat. § 47a-7d(d); Conn. Gen. Stat. § 47a-7c(a); Conn. Gen. Stat. § 47a-23c(e)(1); Conn. Gen. Stat. § 47a-3a(c); Conn. Gen. Stat. § 47a-9(a)(5); Absence: CT batteries named in the row's notes (CT log §17, §18)",CONFIRMED_ABSENT,VERIFIED,2026-10-09,2026-10-09,,[Full trail in lease-clauses.csv notes and lease-clause-decision-log-CT.md.]
edu-no-initials-requirement-ct,LANDLORD_EDUCATION,CT,"Conn. Gen. Stat. § 42-150u; Conn. Gen. Stat. § 42-407; Conn. Gen. Stat. § 42-150u(a); Conn. Gen. Stat. § 47a-25; Absence: CT batteries named in the row's notes (CT log §17, §18)",CONFIRMED_ABSENT,VERIFIED,2026-10-09,2026-10-09,,[Full trail in lease-clauses.csv notes and lease-clause-decision-log-CT.md.]
edu-lease-term-limits-ct,LANDLORD_EDUCATION,CT,"Conn. Gen. Stat. § 47-19; Conn. Gen. Stat. § 47a-3d; Conn. Gen. Stat. § 47a-3b; Conn. Gen. Stat. § 52-550(a)(5); Conn. Gen. Stat. § 52-550; Conn. Gen. Stat. § 22a-134tt; Conn. Gen. Stat. § 47a-4e; Conn. Gen. Stat. § 47a-20e; Conn. Gen. Stat. § 47a-39; Conn. Gen. Stat. § 49-31p; Absence: CT batteries named in the row's notes (CT log §17, §18)",CONFIRMED_ABSENT,VERIFIED,2026-10-09,2026-10-09,,[Full trail in lease-clauses.csv notes and lease-clause-decision-log-CT.md.]
edu-nonresident-landlord-process-agent-ct,LANDLORD_EDUCATION,CT,Conn. Gen. Stat. § 47a-21(f); Conn. Gen. Stat. § 47a-21(a)(7); Conn. Gen. Stat. § 47a-6(a); Conn. Gen. Stat. § 47a-6a; Conn. Gen. Stat. § 47a-21,CITED,VERIFIED,2026-10-09,2026-10-09,,[Full trail in lease-clauses.csv notes and lease-clause-decision-log-CT.md.]
edu-no-notice-to-vacate-terms-rule-ct,LANDLORD_EDUCATION,CT,"Conn. Gen. Stat. § 20-10d; Conn. Gen. Stat. § 49-31p; Conn. Gen. Stat. § 49-31q; Conn. Gen. Stat. § 47a-4(a)(1); Absence: CT batteries named in the row's notes (CT log §17, §18)",CONFIRMED_ABSENT,VERIFIED,2026-10-09,2026-10-09,,[Full trail in lease-clauses.csv notes and lease-clause-decision-log-CT.md.]
edu-optional-lease-terms-ct,LANDLORD_EDUCATION,CT,Conn. Gen. Stat. § 47a-3a(b); Conn. Gen. Stat. § 47a-15a(b); Conn. Gen. Stat. § 47a-16a; Conn. Gen. Stat. § 47a-17; Conn. Gen. Stat. § 47a-10(a); Conn. Gen. Stat. § 47a-7(c); Conn. Gen. Stat. § 47a-7(a)(5); Conn. Gen. Stat. § 47a-25; Conn. Gen. Stat. § 47a-11d(a); Conn. Gen. Stat. § 47a-23(a)(1)(B); Conn. Gen. Stat. § 47-287(b),CITED,VERIFIED,2026-10-09,2026-10-09,,[Full trail in lease-clauses.csv notes and lease-clause-decision-log-CT.md.]
edu-portfolio-thresholds-ct,LANDLORD_EDUCATION,CT,Conn. Gen. Stat. § 47a-23c(a)(1); Conn. Gen. Stat. § 47a-13b(b)(1); Conn. Gen. Stat. § 47a-7(c); Conn. Gen. Stat. § 47a-1(11); Conn. Gen. Stat. § 47a-7a(a)(7); Conn. Gen. Stat. § 47a-57(a); Conn. Gen. Stat. § 46a-64c(b)(1); Conn. Gen. Stat. § 47a-1(13); Conn. Gen. Stat. § 47a-3f,CITED,VERIFIED,2026-10-09,2026-10-09,,[Full trail in lease-clauses.csv notes and lease-clause-decision-log-CT.md.]
edu-renters-insurance-unregulated-ct,LANDLORD_EDUCATION,CT,"Conn. Gen. Stat. § 38a-316h; Conn. Pub. Act No. 25-33, § 1; Conn. Gen. Stat. § 14-36m; Conn. Practice Book § 25-5; Conn. Gen. Stat. § 47a-4(a)(3); Absence: CT batteries named in the row's notes (CT log §17, §18)",CONFIRMED_ABSENT,VERIFIED,2026-10-09,2026-10-09,,[Full trail in lease-clauses.csv notes and lease-clause-decision-log-CT.md.]
edu-selling-rented-property-ct,LANDLORD_EDUCATION,CT,Conn. Gen. Stat. § 47a-10(a); Conn. Gen. Stat. § 47a-6(a); Conn. Gen. Stat. § 47a-21(c); Conn. Gen. Stat. § 47a-16(a); Conn. Gen. Stat. § 47a-20e; Conn. Gen. Stat. § 47a-20f; Conn. Gen. Stat. § 49-31p; Conn. Gen. Stat. § 49-31q,CITED,VERIFIED,2026-10-09,2026-10-09,,[Full trail in lease-clauses.csv notes and lease-clause-decision-log-CT.md.]
edu-scope-ct,LANDLORD_EDUCATION,CT,"Conn. Gen. Stat. § 47a-2(a); Conn. Gen. Stat. § 47a-36; Conn. Gen. Stat. § 47a-30; Conn. Gen. Stat. § 47a-4e; Conn. Gen. Stat. § 47a-7c(d); Conn. Gen. Stat. § 47a-11e; Conn. Gen. Stat. § 47a-13b(b); Conn. Gen. Stat. § 47a-4c; Conn. Pub. Act No. 26-113, § 1; Conn. Gen. Stat. § 47a-4(a)(11)",CITED,VERIFIED,2026-10-09,2026-10-09,,[Full trail in lease-clauses.csv notes and lease-clause-decision-log-CT.md.]
edu-statutory-forms-ct,LANDLORD_EDUCATION,CT,Conn. Gen. Stat. § 47a-23(b); Conn. Gen. Stat. § 47a-7d(c); Conn. Gen. Stat. § 47a-7c(a); Conn. Gen. Stat. § 47a-23c(e)(1); Conn. Gen. Stat. § 8-37ttt(a); Conn. Gen. Stat. § 47a-75(f)(1); Conn. Gen. Stat. § 20-327b(a); Conn. Gen. Stat. § 20-327h(b); Conn. Gen. Stat. § 47a-3f; Conn. Gen. Stat. § 42-156(a),CITED,VERIFIED,2026-10-09,2026-10-09,,[Full trail in lease-clauses.csv notes and lease-clause-decision-log-CT.md.]
edu-tenant-portal-ct,LANDLORD_EDUCATION,CT,Conn. Gen. Stat. § 47a-4c; Conn. Gen. Stat. § 47a-15a(a); Conn. Gen. Stat. § 47a-23(a)(1)(D); Conn. Gen. Stat. § 47a-7d(b)(1); Conn. Gen. Stat. § 1-270(c); Conn. Gen. Stat. § 1-268(c)(2)(B),CITED,VERIFIED,2026-10-09,2026-10-09,,[Full trail in lease-clauses.csv notes and lease-clause-decision-log-CT.md.]
edu-tenant-records-ct,LANDLORD_EDUCATION,CT,"Conn. Gen. Stat. § 47a-3a(d); Conn. Pub. Act No. 25-146, § 3; Conn. Gen. Stat. § 42-471(a); Conn. Gen. Stat. § 36a-701b(b)(1); Conn. Gen. Stat. § 42-471; Conn. Gen. Stat. § 36a-701b",CITED,VERIFIED,2026-10-09,2026-10-09,,[Full trail in lease-clauses.csv notes and lease-clause-decision-log-CT.md.]
edu-term-change-notice-ct,LANDLORD_EDUCATION,CT,Conn. Gen. Stat. § 47a-4e; Conn. Gen. Stat. § 47a-1(8); Conn. Gen. Stat. § 47a-1; Conn. Pub. Act No. 24-143; Conn. Gen. Stat. § 47a-9(b); Conn. Gen. Stat. § 47a-20; Conn. Gen. Stat. § 47a-20a(b); Conn. Gen. Stat. § 47a-23c(c); Conn. Gen. Stat. § 7-148b,CITED,NEEDS_REVIEW,2026-10-09,2026-10-09,,[Full trail in lease-clauses.csv notes and lease-clause-decision-log-CT.md.]
edu-no-tenant-law-sunset-ct,LANDLORD_EDUCATION,CT,"Conn. Gen. Stat. § 47a-8; Conn. Gen. Stat. § 47a-22; Conn. Gen. Stat. § 47a-71; Conn. Pub. Act No. 26-11, § 15; Conn. Gen. Stat. § 47a-23c(a)(1); Conn. Pub. Act No. 26-68, § 59; Conn. Gen. Stat. § 47a-4d; Conn. Pub. Act No. 26-79, § 3; Conn. Gen. Stat. § 47a-21(j)(1); Conn. Pub. Act No. 26-113, § 1; Conn. Gen. Stat. § 47a-4(a)(11); Conn. Pub. Act No. 26-11; Absence: CT batteries named in the row's notes (CT log §17, §18)",CONFIRMED_ABSENT,VERIFIED,2026-10-09,2026-10-09,,[Full trail in lease-clauses.csv notes and lease-clause-decision-log-CT.md.]
edu-no-translation-duty-ct,LANDLORD_EDUCATION,CT,"Conn. Gen. Stat. § 47a-23c; Conn. Gen. Stat. § 47a-7d(c); Conn. Gen. Stat. § 47a-23c(e)(2); Conn. Gen. Stat. § 8-37ttt(a); Conn. Pub. Act No. 26-84, § 2; Conn. Gen. Stat. § 47a-7d(d); Conn. Agencies Regs. § 16-3-101; Conn. Pub. Act No. 26-76; Absence: CT batteries named in the row's notes (CT log §17, §18)",CONFIRMED_ABSENT,VERIFIED,2026-10-09,2026-10-09,,[Full trail in lease-clauses.csv notes and lease-clause-decision-log-CT.md.]
edu-assistance-animals-ct,LANDLORD_EDUCATION,CT,"Conn. Gen. Stat. § 46a-64c(a)(6)(A); Conn. Gen. Stat. § 46a-64d; Conn. Gen. Stat. § 46a-44(c); Conn. Gen. Stat. § 22-345; Conn. Pub. Act No. 26-110, § 6; Conn. Gen. Stat. § 46a-64c(a)(6)(C)(iii); Conn. Pub. Act No. 26-77, § 27; Conn. Gen. Stat. § 46a-64c(g)",CITED,VERIFIED,2026-10-09,2026-10-09,,[Full trail in lease-clauses.csv notes and lease-clause-decision-log-CT.md.]
edu-service-animal-denial-penalty-ct,LANDLORD_EDUCATION,CT,"Conn. Gen. Stat. § 46a-44(c); Conn. Gen. Stat. § 46a-64c(g); Conn. Pub. Act No. 26-77, § 27; Conn. Pub. Act No. 26-77, § 16; Conn. Gen. Stat. § 46a-64c(b)(1)",CITED,VERIFIED,2026-10-09,2026-10-09,,[Full trail in lease-clauses.csv notes and lease-clause-decision-log-CT.md.]
edu-no-service-animal-misrepresentation-penalty-ct,LANDLORD_EDUCATION,CT,"Conn. Gen. Stat. § 46a-44(d); Conn. Gen. Stat. § 46a-64d; Conn. Gen. Stat. § 22-345; Absence: CT batteries named in the row's notes (CT log §17, §18)",CONFIRMED_ABSENT,VERIFIED,2026-10-09,2026-10-09,,[Full trail in lease-clauses.csv notes and lease-clause-decision-log-CT.md.]
edu-ev-charging-ct,LANDLORD_EDUCATION,CT,Conn. Gen. Stat. § 47a-13b(a)(1); Conn. Gen. Stat. § 47a-21; Conn. Gen. Stat. § 8-40,CITED,VERIFIED,2026-10-09,2026-10-09,,[Full trail in lease-clauses.csv notes and lease-clause-decision-log-CT.md.]
edu-parking-rules-notice-ct,LANDLORD_EDUCATION,CT,Conn. Gen. Stat. § 47a-9(a); Conn. Gen. Stat. § 14-145e(a)(2); Conn. Gen. Stat. § 14-145(c)(3),CITED,VERIFIED,2026-10-09,2026-10-09,,[Full trail in lease-clauses.csv notes and lease-clause-decision-log-CT.md.]
edu-private-towing-ct,LANDLORD_EDUCATION,CT,"Conn. Gen. Stat. § 14-145(b)(1); Conn. Gen. Stat. § 14-145e(a)(2); Conn. Gen. Stat. § 14-145a; Conn. Gen. Stat. § 14-145c; Conn. Pub. Act No. 26-24, § 38; Conn. Gen. Stat. § 14-145(f)",CITED,VERIFIED,2026-10-09,2026-10-09,,[Full trail in lease-clauses.csv notes and lease-clause-decision-log-CT.md.]
edu-no-unbundled-parking-rule-ct,LANDLORD_EDUCATION,CT,"Conn. Gen. Stat. § 8-2; Conn. Gen. Stat. § 8-2o; Conn. Gen. Stat. § 8-3n; Conn. Pub. Act No. 26-7; Conn. Gen. Stat. § 47a-13b; Conn. Gen. Stat. § 47a-7d(a); Conn. Gen. Stat. § 47a-1(8); Conn. Gen. Stat. § 47a-4e; Conn. Gen. Stat. § 47a-4d(b); Absence: CT batteries named in the row's notes (CT log §17, §18)",CONFIRMED_ABSENT,VERIFIED,2026-10-09,2026-10-09,,[Full trail in lease-clauses.csv notes and lease-clause-decision-log-CT.md.]
edu-cannabis-ct,LANDLORD_EDUCATION,CT,"Conn. Gen. Stat. § 47a-9a(a); Conn. Gen. Stat. § 21a-408p(b)(2); Conn. Pub. Act No. 26-8, § 39; Conn. Gen. Stat. § 21a-278c; Conn. Gen. Stat. § 21a-408d(b); Conn. Gen. Stat. § 47a-9a(b)",CITED,VERIFIED,2026-10-09,2026-10-09,,[Full trail in lease-clauses.csv notes and lease-clause-decision-log-CT.md.]
edu-no-disaster-guest-rule-ct,LANDLORD_EDUCATION,CT,"Conn. Gen. Stat. § 8-64a; Conn. Gen. Stat. § 47a-2(a)(4); Conn. Gen. Stat. § 46a-64c(a)(2); Absence: CT batteries named in the row's notes (CT log §17, §18)",CONFIRMED_ABSENT,VERIFIED,2026-10-09,2026-10-09,,[Full trail in lease-clauses.csv notes and lease-clause-decision-log-CT.md.]
edu-no-firearms-lease-statute-ct,LANDLORD_EDUCATION,CT,"Conn. Gen. Stat. § 53-206; Conn. Gen. Stat. § 29-35; Conn. Gen. Stat. § 29-38; Conn. Gen. Stat. § 33-213; Conn. Gen. Stat. § 53-202a; Conn. Gen. Stat. § 53a-32; Conn. Gen. Stat. § 54-64f; Conn. Gen. Stat. § 29-161y; Conn. Gen. Stat. § 53-202; Conn. Gen. Stat. § 29-35(a)(1); Conn. Gen. Stat. § 47a-9; Absence: CT batteries named in the row's notes (CT log §17, §18)",CONFIRMED_ABSENT,VERIFIED,2026-10-09,2026-10-09,,[Full trail in lease-clauses.csv notes and lease-clause-decision-log-CT.md.]
edu-guest-rights-ct,LANDLORD_EDUCATION,CT,Conn. Gen. Stat. § 46a-44(c); Conn. Gen. Stat. § 47a-11(f); Conn. Gen. Stat. § 47a-9; Conn. Gen. Stat. § 46a-44; Conn. Agencies Regs. § 8-68f-5,CITED,VERIFIED,2026-10-09,2026-10-09,,[Full trail in lease-clauses.csv notes and lease-clause-decision-log-CT.md.]
edu-no-candidate-access-rule-ct,LANDLORD_EDUCATION,CT,"Conn. Gen. Stat. § 8-30g; Conn. Gen. Stat. § 9-601a; Conn. Gen. Stat. § 9-601b; Conn. Gen. Stat. § 9-610; Conn. Gen. Stat. § 9-612; Conn. Gen. Stat. § 9-613; Conn. Gen. Stat. § 12-724a; Conn. Pub. Act No. 26-42; Conn. Gen. Stat. § 8-68f; Conn. Agencies Regs. § 8-37ee-704; Conn. Gen. Stat. § 47-261b(d); Absence: CT batteries named in the row's notes (CT log §17, §18)",CONFIRMED_ABSENT,VERIFIED,2026-10-09,2026-10-09,,[Full trail in lease-clauses.csv notes and lease-clause-decision-log-CT.md.]
edu-no-portable-cooling-right-ct,LANDLORD_EDUCATION,CT,"Conn. Gen. Stat. § 47a-11(e); Conn. Gen. Stat. § 8-240a; Conn. Gen. Stat. § 47a-9(a); Conn. Gen. Stat. § 47a-7(a)(4); Absence: CT batteries named in the row's notes (CT log §17, §18)",CONFIRMED_ABSENT,VERIFIED,2026-10-09,2026-10-09,,[Full trail in lease-clauses.csv notes and lease-clause-decision-log-CT.md.]
edu-portable-solar-ct,LANDLORD_EDUCATION,CT,"Conn. Pub. Act No. 26-127; Conn. Pub. Act No. 26-127, § 9; Absence: CT batteries named in the row's notes (CT log §17, §18)",CONFIRMED_ABSENT,VERIFIED,2026-10-09,2026-10-09,,[Full trail in lease-clauses.csv notes and lease-clause-decision-log-CT.md.]
edu-religious-door-display-ct,LANDLORD_EDUCATION,CT,Conn. Gen. Stat. § 47-230a(a); Conn. Gen. Stat. § 47-230a; Conn. Gen. Stat. § 46a-64c(a)(2),CITED,VERIFIED,2026-10-09,2026-10-09,,[Full trail in lease-clauses.csv notes and lease-clause-decision-log-CT.md.]
edu-landlord-rules-ct,LANDLORD_EDUCATION,CT,Conn. Gen. Stat. § 47a-9(a)(1); Conn. Gen. Stat. § 47a-1(9); Conn. Gen. Stat. § 47a-15; Conn. Gen. Stat. § 47a-23(a)(1)(C); Conn. Gen. Stat. § 47a-23c(b)(1)(E),CITED,VERIFIED,2026-10-09,2026-10-09,,[Full trail in lease-clauses.csv notes and lease-clause-decision-log-CT.md.]
edu-no-smoke-drift-waiver-ct,LANDLORD_EDUCATION,CT,"Conn. Gen. Stat. § 47a-9a; Conn. Gen. Stat. § 4-28f; Conn. Gen. Stat. § 47a-4(a)(3); Conn. Gen. Stat. § 19a-342(b)(1)(H); Conn. Gen. Stat. § 31-40q(a)(4); Conn. Gen. Stat. § 47a-9a(b); Conn. Gen. Stat. § 31-40q; Absence: CT batteries named in the row's notes (CT log §17, §18)",CONFIRMED_ABSENT,VERIFIED,2026-10-09,2026-10-09,,[Full trail in lease-clauses.csv notes and lease-clause-decision-log-CT.md.]
edu-snow-removal-ct,LANDLORD_EDUCATION,CT,Conn. Gen. Stat. § 47a-7(a)(3); Conn. Gen. Stat. § 7-163a(a); Conn. Gen. Stat. § 7-148; Conn. Gen. Stat. § 7-163a,CITED,VERIFIED,2026-10-09,2026-10-09,,[Full trail in lease-clauses.csv notes and lease-clause-decision-log-CT.md.]
edu-no-tenant-flag-display-rule-ct,LANDLORD_EDUCATION,CT,"Conn. Gen. Stat. § 47-261b; Conn. Gen. Stat. § 19a-297; Conn. Gen. Stat. § 8-273a; Conn. Gen. Stat. § 47a-75; Conn. Gen. Stat. § 47-261b(d); Absence: CT batteries named in the row's notes (CT log §17, §18)",CONFIRMED_ABSENT,VERIFIED,2026-10-09,2026-10-09,,[Full trail in lease-clauses.csv notes and lease-clause-decision-log-CT.md.]
edu-no-tenant-camera-rule-ct,LANDLORD_EDUCATION,CT,"Conn. Gen. Stat. § 20-327b; Conn. Gen. Stat. § 20-334a; Conn. Pub. Act No. 26-23; Conn. Gen. Stat. § 47a-9; Conn. Gen. Stat. § 47a-11(f); Absence: CT batteries named in the row's notes (CT log §17, §18)",CONFIRMED_ABSENT,VERIFIED,2026-10-09,2026-10-09,,[Full trail in lease-clauses.csv notes and lease-clause-decision-log-CT.md.]
edu-no-waterbed-rule-ct,LANDLORD_EDUCATION,CT,"Conn. Gen. Stat. § 22a-905; Conn. Gen. Stat. § 47a-9; Absence: CT batteries named in the row's notes (CT log §17, §18)",CONFIRMED_ABSENT,VERIFIED,2026-10-09,2026-10-09,,[Full trail in lease-clauses.csv notes and lease-clause-decision-log-CT.md.]
edu-cic-notice-timing-ct,LANDLORD_EDUCATION,CT,Conn. Gen. Stat. § 47a-3e; Conn. Gen. Stat. § 47-244(d),CITED,VERIFIED,2026-10-09,2026-10-09,,[Full trail in lease-clauses.csv notes and lease-clause-decision-log-CT.md.]
edu-no-certificate-of-occupancy-disclosure-ct,LANDLORD_EDUCATION,CT,"Conn. Gen. Stat. § 8-3; Conn. Gen. Stat. § 29-292; Conn. Gen. Stat. § 47a-5; Conn. Gen. Stat. § 47a-57(a); Absence: CT batteries named in the row's notes (CT log §17, §18)",CONFIRMED_ABSENT,VERIFIED,2026-10-09,2026-10-09,,[Full trail in lease-clauses.csv notes and lease-clause-decision-log-CT.md.]
edu-no-drywall-disclosure-ct,LANDLORD_EDUCATION,CT,"Conn. Gen. Stat. § 20-327b; Conn. Gen. Stat. § 20-327b(a); Conn. Pub. Act No. 26-68; Conn. Gen. Stat. § 47a-7(a)(1); Absence: CT batteries named in the row's notes (CT log §17, §18)",CONFIRMED_ABSENT,VERIFIED,2026-10-09,2026-10-09,,[Full trail in lease-clauses.csv notes and lease-clause-decision-log-CT.md.]
edu-electric-submetering-ct,LANDLORD_EDUCATION,CT,"Conn. Gen. Stat. § 16-19ff(a); Conn. Gen. Stat. § 47a-7d(b)(3)(A); Conn. Pub. Act No. 26-113, § 1; Conn. Gen. Stat. § 47a-4(a)(11); Conn. Gen. Stat. § 16-19ff(b); Absence: CT batteries named in the row's notes (CT log §17, §18)",CONFIRMED_ABSENT,VERIFIED,2026-10-09,2026-10-09,,[Full trail in lease-clauses.csv notes and lease-clause-decision-log-CT.md.]
edu-no-flood-disclosure-ct,LANDLORD_EDUCATION,CT,"Conn. Gen. Stat. § 20-327b; Conn. Gen. Stat. § 20-327b(a); Conn. Gen. Stat. § 38a-316h; Absence: CT batteries named in the row's notes (CT log §17, §18)",CONFIRMED_ABSENT,VERIFIED,2026-10-09,2026-10-09,,[Full trail in lease-clauses.csv notes and lease-clause-decision-log-CT.md.]
edu-no-foreclosure-disclosure-ct,LANDLORD_EDUCATION,CT,"Conn. Gen. Stat. § 1-268; Conn. Gen. Stat. § 47a-20e(b); Conn. Gen. Stat. § 47a-20f; Conn. Gen. Stat. § 49-31p(a); Conn. Gen. Stat. § 49-31q; Conn. Gen. Stat. § 47a-21(a)(12); Conn. Gen. Stat. § 49-31p; Absence: CT batteries named in the row's notes (CT log §17, §18)",CONFIRMED_ABSENT,VERIFIED,2026-10-09,2026-10-09,,[Full trail in lease-clauses.csv notes and lease-clause-decision-log-CT.md.]
activity-use-limitation-notice-ct,LEASE_CLAUSE,CT,Conn. Gen. Stat. § 22a-133o(c)(7); Conn. Gen. Stat. § 22a-133o(c)(3); Conn. Gen. Stat. § 22a-133o(b); Conn. Gen. Stat. § 22a-133q,CITED,VERIFIED,2026-10-09,2026-10-09,,[Full trail in lease-clauses.csv notes and lease-clause-decision-log-CT.md.]
edu-association-and-tenants-ct,LANDLORD_EDUCATION,CT,Conn. Gen. Stat. § 47-244(d); Conn. Gen. Stat. § 47-261b(f)(3); Conn. Gen. Stat. § 47-258(k); Conn. Gen. Stat. § 47-252(e),CITED,VERIFIED,2026-10-09,2026-10-09,,[Full trail in lease-clauses.csv notes and lease-clause-decision-log-CT.md.]
edu-no-code-violation-disclosure-ct,LANDLORD_EDUCATION,CT,"Conn. Gen. Stat. § 12-242vv; Conn. Gen. Stat. § 47-74; Conn. Gen. Stat. § 47-224; Conn. Gen. Stat. § 47-242; Conn. Gen. Stat. § 47a-7(a)(1); Conn. Gen. Stat. § 47a-14h(b); Conn. Gen. Stat. § 47a-57; Absence: CT batteries named in the row's notes (CT log §17, §18)",CONFIRMED_ABSENT,VERIFIED,2026-10-09,2026-10-09,,[Full trail in lease-clauses.csv notes and lease-clause-decision-log-CT.md.]
edu-lead-abatement-ct,LANDLORD_EDUCATION,CT,Conn. Gen. Stat. § 19a-111c(a); Conn. Gen. Stat. § 19a-111(b); Conn. Gen. Stat. § 47a-54f(b); Conn. Agencies Regs. § 19a-111-1; Conn. Agencies Regs. § 19a-111-2(a); Conn. Agencies Regs. § 19a-111-3(e); Conn. Gen. Stat. § 47a-20; Conn. Agencies Regs. § 19a-111-3; 42 U.S.C. § 4852d; Conn. Agencies Regs. § 19a-111-11; Conn. Gen. Stat. § 20-478,CITED,VERIFIED,2026-10-09,2026-10-09,,[Full trail in lease-clauses.csv notes and lease-clause-decision-log-CT.md.]
edu-no-meter-conservation-charge-ct,LANDLORD_EDUCATION,CT,"Conn. Gen. Stat. § 16a-40l; Conn. Gen. Stat. § 16a-40m; Conn. Gen. Stat. § 16a-40m(b)(10); Conn. Gen. Stat. § 16-262e; Absence: CT batteries named in the row's notes (CT log §17, §18)",CONFIRMED_ABSENT,VERIFIED,2026-10-09,2026-10-09,,[Full trail in lease-clauses.csv notes and lease-clause-decision-log-CT.md.]
edu-no-meth-disclosure-ct,LANDLORD_EDUCATION,CT,"Conn. Gen. Stat. § 47a-7(a)(1); Conn. Gen. Stat. § 19a-343; Absence: CT batteries named in the row's notes (CT log §17, §18)",CONFIRMED_ABSENT,VERIFIED,2026-10-09,2026-10-09,,[Full trail in lease-clauses.csv notes and lease-clause-decision-log-CT.md.]
edu-no-military-zone-disclosure-ct,LANDLORD_EDUCATION,CT,"Conn. Gen. Stat. § 17a-175; Conn. Gen. Stat. § 4-28h; Conn. Gen. Stat. § 10-15f; Conn. Gen. Stat. § 10-15m; Conn. Gen. Stat. § 21a-11b; Conn. Gen. Stat. § 30-34; Conn. Gen. Stat. § 32-56; Conn. Gen. Stat. § 48-1; Absence: CT batteries named in the row's notes (CT log §17, §18)",CONFIRMED_ABSENT,VERIFIED,2026-10-09,2026-10-09,,[Full trail in lease-clauses.csv notes and lease-clause-decision-log-CT.md.]
edu-no-mold-disclosure-ct,LANDLORD_EDUCATION,CT,"Conn. Gen. Stat. § 8-240a; Conn. Gen. Stat. § 16a-46m; Conn. Gen. Stat. § 20-419; Conn. Gen. Stat. § 21a-421j; Conn. Gen. Stat. § 47a-7(a)(1); Conn. Gen. Stat. § 47a-14h; Conn. Gen. Stat. § 19a-111l; Conn. Gen. Stat. § 19a-111m; Absence: CT batteries named in the row's notes (CT log §17, §18)",CONFIRMED_ABSENT,VERIFIED,2026-10-09,2026-10-09,,[Full trail in lease-clauses.csv notes and lease-clause-decision-log-CT.md.]
edu-no-ordnance-demolition-meter-disclosure-ct,LANDLORD_EDUCATION,CT,"Conn. Pub. Act No. 26-113, § 1; Conn. Gen. Stat. § 47a-4(a)(11); Conn. Gen. Stat. § 16-262e(a); Conn. Gen. Stat. § 16-262e; Absence: CT batteries named in the row's notes (CT log §17, §18)",CONFIRMED_ABSENT,VERIFIED,2026-10-09,2026-10-09,,[Full trail in lease-clauses.csv notes and lease-clause-decision-log-CT.md.]
edu-no-pest-control-notice-ct,LANDLORD_EDUCATION,CT,"Conn. Gen. Stat. § 21-82; Conn. Gen. Stat. § 22a-66a(a); Conn. Gen. Stat. § 47a-16(c); Conn. Gen. Stat. § 47a-7a; Absence: CT batteries named in the row's notes (CT log §17, §18)",CONFIRMED_ABSENT,VERIFIED,2026-10-09,2026-10-09,,[Full trail in lease-clauses.csv notes and lease-clause-decision-log-CT.md.]
edu-no-pet-eviction-fact-sheet-ct,LANDLORD_EDUCATION,CT,"Conn. Gen. Stat. § 47a-42; Absence: CT batteries named in the row's notes (CT log §17, §18)",CONFIRMED_ABSENT,VERIFIED,2026-10-09,2026-10-09,,[Full trail in lease-clauses.csv notes and lease-clause-decision-log-CT.md.]
private-well-notice-ct,LEASE_CLAUSE,CT,Conn. Gen. Stat. § 19a-37(d),CITED,VERIFIED,2026-10-09,2026-10-09,,[Full trail in lease-clauses.csv notes and lease-clause-decision-log-CT.md.]
edu-no-prop65-warning-ct,LANDLORD_EDUCATION,CT,"Conn. Gen. Stat. § 10-217d; Conn. Gen. Stat. § 31-40c; Absence: CT batteries named in the row's notes (CT log §17, §18)",CONFIRMED_ABSENT,VERIFIED,2026-10-09,2026-10-09,,[Full trail in lease-clauses.csv notes and lease-clause-decision-log-CT.md.]
edu-no-property-tax-rent-statement-ct,LANDLORD_EDUCATION,CT,"Conn. Gen. Stat. § 21-80a; Conn. Gen. Stat. § 47a-20a; Conn. Gen. Stat. § 17b-90; Conn. Gen. Stat. § 47a-20a(b)(2); Conn. Gen. Stat. § 12-170d; Conn. Gen. Stat. § 12-170f; Absence: CT batteries named in the row's notes (CT log §17, §18)",CONFIRMED_ABSENT,VERIFIED,2026-10-09,2026-10-09,,[Full trail in lease-clauses.csv notes and lease-clause-decision-log-CT.md.]
edu-no-radon-disclosure-ct,LANDLORD_EDUCATION,CT,"Conn. Gen. Stat. § 20-327b; Conn. Gen. Stat. § 19a-37; Conn. Gen. Stat. § 8-240a; Conn. Gen. Stat. § 10-282; Conn. Gen. Stat. § 10-291; Conn. Gen. Stat. § 16a-46m; Conn. Gen. Stat. § 20-340; Conn. Gen. Stat. § 20-327b(a); Absence: CT batteries named in the row's notes (CT log §17, §18)",CONFIRMED_ABSENT,VERIFIED,2026-10-09,2026-10-09,,[Full trail in lease-clauses.csv notes and lease-clause-decision-log-CT.md.]
edu-no-recycling-notice-ct,LANDLORD_EDUCATION,CT,"Conn. Gen. Stat. § 22a-241b(c); Conn. Gen. Stat. § 22a-220a; Conn. Gen. Stat. § 22a-220(f)(1)(A); Conn. Gen. Stat. § 47a-7(a)(5); Conn. Gen. Stat. § 47a-11(c); Conn. Gen. Stat. § 22a-220; Conn. Gen. Stat. § 22a-241b; Absence: CT batteries named in the row's notes (CT log §17, §18)",CONFIRMED_ABSENT,VERIFIED,2026-10-09,2026-10-09,,[Full trail in lease-clauses.csv notes and lease-clause-decision-log-CT.md.]
edu-rental-terms-summary-form-ct,LANDLORD_EDUCATION,CT,"Conn. Gen. Stat. § 47a-7d(c); Conn. Pub. Act No. 25-44, § 9",CITED,VERIFIED,2026-10-09,2026-10-09,,[Full trail in lease-clauses.csv notes and lease-clause-decision-log-CT.md.]
edu-required-disclosures-ct,LANDLORD_EDUCATION,CT,Conn. Gen. Stat. § 47a-7a(c); Conn. Gen. Stat. § 47a-3e; Conn. Gen. Stat. § 19a-37(d); 42 U.S.C. § 4852d; Conn. Gen. Stat. § 20-327b(a); Conn. Gen. Stat. § 20-327h(b); Conn. Gen. Stat. § 47a-7d(d); Conn. Gen. Stat. § 47a-3f(b); Conn. Gen. Stat. § 22a-133o(c)(7); Conn. Gen. Stat. § 47a-6(a); Conn. Gen. Stat. § 47a-23c(e)(1); Conn. Gen. Stat. § 47a-7c(a); Conn. Gen. Stat. § 47a-21(h)(4)(A); Conn. Gen. Stat. § 47a-4d(d); Conn. Gen. Stat. § 47a-75(f),CITED,VERIFIED,2026-10-09,2026-10-09,,[Full trail in lease-clauses.csv notes and lease-clause-decision-log-CT.md.]
edu-no-code-variance-notice-ct,LANDLORD_EDUCATION,CT,"Absence: CT batteries named in the row's notes (CT log §17, §18)",CONFIRMED_ABSENT,VERIFIED,2026-10-09,2026-10-09,,[Full trail in lease-clauses.csv notes and lease-clause-decision-log-CT.md.]
edu-no-sex-offender-disclosure-ct,LANDLORD_EDUCATION,CT,"Conn. Gen. Stat. § 8-359a; Conn. Gen. Stat. § 22a-66a; Conn. Gen. Stat. § 53a-30; Conn. Gen. Stat. § 54-253; Conn. Gen. Stat. § 54-260; Conn. Gen. Stat. § 54-261; Absence: CT batteries named in the row's notes (CT log §17, §18)",CONFIRMED_ABSENT,VERIFIED,2026-10-09,2026-10-09,,[Full trail in lease-clauses.csv notes and lease-clause-decision-log-CT.md.]
edu-no-sex-offender-occupancy-rule-ct,LANDLORD_EDUCATION,CT,"Conn. Gen. Stat. § 8-359a; Absence: CT batteries named in the row's notes (CT log §17, §18)",CONFIRMED_ABSENT,VERIFIED,2026-10-09,2026-10-09,,[Full trail in lease-clauses.csv notes and lease-clause-decision-log-CT.md.]
edu-no-lease-font-rules-ct,LANDLORD_EDUCATION,CT,"Conn. Gen. Stat. § 36a-805; Conn. Gen. Stat. § 22-61c; Conn. Gen. Stat. § 42-103dd; Conn. Gen. Stat. § 51-87a; Conn. Gen. Stat. § 53-289a; Conn. Pub. Act No. 26-100; Conn. Gen. Stat. § 47a-7d(d); Conn. Gen. Stat. § 47a-3f(b); Conn. Gen. Stat. § 42-152(b)(5); Absence: CT batteries named in the row's notes (CT log §17, §18)",CONFIRMED_ABSENT,VERIFIED,2026-10-09,2026-10-09,,[Full trail in lease-clauses.csv notes and lease-clause-decision-log-CT.md.]
edu-source-of-income-ct,LANDLORD_EDUCATION,CT,"Conn. Gen. Stat. § 46a-64c(a)(1); Conn. Gen. Stat. § 46a-63(3); Conn. Gen. Stat. § 46a-64c(b)(5); Conn. Gen. Stat. § 46a-64c(g); Conn. Pub. Act No. 26-77, §§ 16",CITED,VERIFIED,2026-10-09,2026-10-09,,[Full trail in lease-clauses.csv notes and lease-clause-decision-log-CT.md.]
edu-sprinkler-notice-ct,LANDLORD_EDUCATION,CT,"Conn. Gen. Stat. § 47a-3f(b); Conn. Gen. Stat. § 29-315(a)(1); Conn. Gen. Stat. § 47a-3f; Conn. Pub. Act No. 26-58, §§ 2; Conn. Pub. Act No. 26-110, § 2",CITED,NEEDS_REVIEW,2026-10-09,2026-10-09,,[Full trail in lease-clauses.csv notes and lease-clause-decision-log-CT.md.]
edu-stigmatized-property-ct,LANDLORD_EDUCATION,CT,Conn. Gen. Stat. § 20-329cc; Conn. Gen. Stat. § 20-329dd(a); Conn. Gen. Stat. § 20-329ee; Conn. Gen. Stat. § 20-329ff,CITED,VERIFIED,2026-10-09,2026-10-09,,[Full trail in lease-clauses.csv notes and lease-clause-decision-log-CT.md.]
edu-tenant-rights-statement-ct,LANDLORD_EDUCATION,CT,Conn. Gen. Stat. § 8-68f; Conn. Gen. Stat. § 47a-23c(e); Conn. Gen. Stat. § 47a-7d(d),CITED,VERIFIED,2026-10-09,2026-10-09,,[Full trail in lease-clauses.csv notes and lease-clause-decision-log-CT.md.]
edu-conversion-tenant-rights-ct,LANDLORD_EDUCATION,CT,Conn. Gen. Stat. § 47-284(a); Conn. Gen. Stat. § 47-285(a); Conn. Gen. Stat. § 47-286; Conn. Gen. Stat. § 47-287; Conn. Gen. Stat. § 47a-23c; Conn. Gen. Stat. § 47a-23c(a)(2); Conn. Gen. Stat. § 21-70b(a),CITED,VERIFIED,2026-10-09,2026-10-09,,[Full trail in lease-clauses.csv notes and lease-clause-decision-log-CT.md.]
edu-accessory-dwelling-unit-ct,LANDLORD_EDUCATION,CT,"Conn. Gen. Stat. § 8-2o(a)(1); Conn. Pub. Act No. 26-7, § 2; Conn. Gen. Stat. § 46a-64c(b)(1)(B)",CITED,VERIFIED,2026-10-09,2026-10-09,,[Full trail in lease-clauses.csv notes and lease-clause-decision-log-CT.md.]
edu-casualty-mitigation-nonwaivable-ct,LANDLORD_EDUCATION,CT,Conn. Gen. Stat. § 47a-4(a)(1); Conn. Gen. Stat. § 47a-14(a); Conn. Gen. Stat. § 47a-11a; Conn. Gen. Stat. § 47a-11c; Conn. Gen. Stat. § 47a-14,CITED,NEEDS_REVIEW,2026-10-09,2026-10-09,,[Full trail in lease-clauses.csv notes and lease-clause-decision-log-CT.md.]
edu-families-with-children-ct,LANDLORD_EDUCATION,CT,Conn. Gen. Stat. § 46a-64c(a)(1); Conn. Gen. Stat. § 46a-64b,CITED,VERIFIED,2026-10-09,2026-10-09,,[Full trail in lease-clauses.csv notes and lease-clause-decision-log-CT.md.]
edu-no-confession-of-judgment-ct,LANDLORD_EDUCATION,CT,"Conn. Gen. Stat. § 47a-4(a)(2); Conn. Pub. Act No. 26-113, § 1; Conn. Gen. Stat. § 47a-4; Conn. Gen. Stat. § 21-83; Conn. Gen. Stat. § 42-408",CITED,VERIFIED,2026-10-09,2026-10-09,,[Full trail in lease-clauses.csv notes and lease-clause-decision-log-CT.md.]
edu-cutpa-ct,LANDLORD_EDUCATION,CT,Conn. Gen. Stat. § 42-110a(4); Conn. Gen. Stat. § 42-110b(a); Conn. Gen. Stat. § 42-110g(a); Conn. Gen. Stat. § 47a-4f(b); Conn. Gen. Stat. § 47a-4f(c); Conn. Gen. Stat. § 35-24; Conn. Gen. Stat. § 42-471(e)(1); Conn. Gen. Stat. § 42-471(e)(2); Conn. Gen. Stat. § 42-110g,CITED,NEEDS_REVIEW,2026-10-09,2026-10-09,,[Full trail in lease-clauses.csv notes and lease-clause-decision-log-CT.md.]
edu-dv-information-ct,LANDLORD_EDUCATION,CT,"Conn. Gen. Stat. § 46a-60; Conn. Gen. Stat. § 54-192h; Conn. Gen. Stat. § 54-203; Conn. Gen. Stat. § 54-230; Conn. Gen. Stat. § 10-221v; Conn. Gen. Stat. § 10a-55m; Conn. Gen. Stat. § 10a-55n; Conn. Gen. Stat. § 46a-13d; Conn. Gen. Stat. § 46a-13e; Conn. Gen. Stat. § 46b-124a; Conn. Gen. Stat. § 46b-489; Conn. Gen. Stat. § 46b-490; Conn. Gen. Stat. § 52-146k; Conn. Gen. Stat. § 54-204; Conn. Gen. Stat. § 54-228; Conn. Gen. Stat. § 54-240; Conn. Gen. Stat. § 54-240a; Conn. Pub. Act No. 26-15; Conn. Gen. Stat. § 20-325g; Conn. Gen. Stat. § 47a-11e(b); Conn. Gen. Stat. § 47a-7b(a)(3); Conn. Gen. Stat. § 54-240h(b); Conn. Gen. Stat. § 46a-64c(a)(1); Conn. Gen. Stat. § 42-471(a); Absence: CT batteries named in the row's notes (CT log §17, §18)",CONFIRMED_ABSENT,VERIFIED,2026-10-09,2026-10-09,,[Full trail in lease-clauses.csv notes and lease-clause-decision-log-CT.md.]
edu-no-employee-screening-mandate-ct,LANDLORD_EDUCATION,CT,"Conn. Gen. Stat. § 47a-16(c); Conn. Gen. Stat. § 31-51i; Absence: CT batteries named in the row's notes (CT log §17, §18)",CONFIRMED_ABSENT,VERIFIED,2026-10-09,2026-10-09,,[Full trail in lease-clauses.csv notes and lease-clause-decision-log-CT.md.]
edu-eviction-cost-shifting-ct,LANDLORD_EDUCATION,CT,Conn. Gen. Stat. § 47a-4(a)(7); Conn. Gen. Stat. § 42-150bb; Conn. Gen. Stat. § 47a-26d; Conn. Gen. Stat. § 47a-42(c); Conn. Gen. Stat. § 47a-4d(b); Conn. Gen. Stat. § 47a-11c,CITED,VERIFIED,2026-10-09,2026-10-09,,[Full trail in lease-clauses.csv notes and lease-clause-decision-log-CT.md.]
edu-no-exculpatory-clauses-ct,LANDLORD_EDUCATION,CT,"Conn. Gen. Stat. § 47a-4(a)(3); Conn. Pub. Act No. 26-113, § 1; Conn. Gen. Stat. § 47a-4; Conn. Gen. Stat. § 47a-11(f)",CITED,VERIFIED,2026-10-09,2026-10-09,,[Full trail in lease-clauses.csv notes and lease-clause-decision-log-CT.md.]
edu-fair-housing-ct,LANDLORD_EDUCATION,CT,"Conn. Gen. Stat. § 46a-64c(a)(1); Conn. Gen. Stat. § 46a-81e(a); Conn. Gen. Stat. § 46a-81e; Conn. Gen. Stat. § 46a-81a; Conn. Gen. Stat. § 46a-81r; Conn. Gen. Stat. § 46a-81p; Conn. Gen. Stat. § 46a-63(3); Conn. Pub. Act No. 26-77, §§ 27; Conn. Gen. Stat. § 46a-64c(g); Conn. Gen. Stat. § 46a-81e(e); Conn. Pub. Act No. 26-110, § 6; Conn. Gen. Stat. § 46a-64c(a)(6)(C)(iii); Conn. Gen. Stat. § 46a-80c(a)(1); Conn. Gen. Stat. § 46a-80a(4); 42 U.S.C. § 3603",CITED,VERIFIED,2026-10-09,2026-10-09,,[Full trail in lease-clauses.csv notes and lease-clause-decision-log-CT.md.]
edu-no-foreign-ownership-restriction-ct,LANDLORD_EDUCATION,CT,"Conn. Gen. Stat. § 7-148p; Conn. Gen. Stat. § 18-91a; Conn. Gen. Stat. § 18-100g; Conn. Gen. Stat. § 23-5e; Conn. Gen. Stat. § 38a-424a; Conn. Gen. Stat. § 47-7a; Conn. Gen. Stat. § 47-71; Conn. Gen. Stat. § 3-13g; Conn. Gen. Stat. § 47-7a(a); Absence: CT batteries named in the row's notes (CT log §17, §18)",CONFIRMED_ABSENT,VERIFIED,2026-10-09,2026-10-09,,[Full trail in lease-clauses.csv notes and lease-clause-decision-log-CT.md.]
edu-government-fines-passthrough-ct,LANDLORD_EDUCATION,CT,Conn. Gen. Stat. § 47a-4(a)(3); Conn. Gen. Stat. § 13a-26b; Conn. Gen. Stat. § 14-267a; Conn. Gen. Stat. § 47a-11(a); Conn. Gen. Stat. § 47-244(d)(2); Conn. Gen. Stat. § 47-244(d),CITED,NEEDS_REVIEW,2026-10-09,2026-10-09,,[Full trail in lease-clauses.csv notes and lease-clause-decision-log-CT.md.]
edu-no-immigration-inquiry-rule-ct,LANDLORD_EDUCATION,CT,"Conn. Gen. Stat. § 46a-64c(a); Conn. Gen. Stat. § 42-516; Conn. Pub. Act No. 25-113, § 6; Conn. Gen. Stat. § 42-515(39); Conn. Pub. Act No. 25-113, § 5; Conn. Pub. Act No. 26-64, § 12; Conn. Gen. Stat. § 42-520(a)(1)(D); Conn. Pub. Act No. 26-64, § 14; Conn. Gen. Stat. § 42-525(a); Conn. Gen. Stat. § 42-515; Conn. Gen. Stat. § 42-517; Conn. Gen. Stat. § 42-518; Conn. Gen. Stat. § 42-519; Conn. Gen. Stat. § 42-520; Conn. Gen. Stat. § 42-521; Conn. Gen. Stat. § 42-522; Conn. Gen. Stat. § 42-523; Conn. Gen. Stat. § 42-524; Conn. Gen. Stat. § 42-525; Absence: CT batteries named in the row's notes (CT log §17, §18)",CONFIRMED_ABSENT,VERIFIED,2026-10-09,2026-10-09,,[Full trail in lease-clauses.csv notes and lease-clause-decision-log-CT.md.]
edu-jury-waiver-ct,LANDLORD_EDUCATION,CT,"Conn. Gen. Stat. § 52-215; Conn. Gen. Stat. § 47a-4(a)(1); Conn. Pub. Act No. 26-113, § 1; Conn. Const. art. I, § 19",CITED,NEEDS_REVIEW,2026-10-09,2026-10-09,,[Full trail in lease-clauses.csv notes and lease-clause-decision-log-CT.md.]
edu-no-knowing-use-penalty-ct,LANDLORD_EDUCATION,CT,Conn. Gen. Stat. § 47a-4(b); Conn. Gen. Stat. § 47a-7d(d); Conn. Gen. Stat. § 42-150bb; Conn. Gen. Stat. § 42-110b(a); Conn. Gen. Stat. § 42-110g(a); Conn. Gen. Stat. § 42-110b; Conn. Gen. Stat. § 42-110g,CITED,NEEDS_REVIEW,2026-10-09,2026-10-09,,[Full trail in lease-clauses.csv notes and lease-clause-decision-log-CT.md.]
edu-plain-language-lease-ct,LANDLORD_EDUCATION,CT,Conn. Gen. Stat. § 42-151(a); Conn. Gen. Stat. § 42-152(a); Conn. Gen. Stat. § 42-153; Conn. Gen. Stat. § 42-154; Conn. Gen. Stat. § 42-155; Conn. Gen. Stat. § 42-156; Conn. Gen. Stat. § 42-157; Conn. Gen. Stat. § 42-158; Conn. Gen. Stat. § 42-151; Conn. Gen. Stat. § 42-152,CITED,VERIFIED,2026-10-09,2026-10-09,,[Full trail in lease-clauses.csv notes and lease-clause-decision-log-CT.md.]
edu-lease-limits-outside-47a-4-ct,LANDLORD_EDUCATION,CT,Conn. Gen. Stat. § 47a-4a; Conn. Gen. Stat. § 47a-4c; Conn. Gen. Stat. § 47a-4d(b); Conn. Gen. Stat. § 47a-21(b)(1); Conn. Gen. Stat. § 47a-7(c); Conn. Gen. Stat. § 46a-64c(a)(2); Conn. Gen. Stat. § 42-150u(a); Conn. Gen. Stat. § 47a-4(a)(1); Conn. Gen. Stat. § 42-150u; Conn. Gen. Stat. § 46a-64c,CITED,VERIFIED,2026-10-09,2026-10-09,,[Full trail in lease-clauses.csv notes and lease-clause-decision-log-CT.md.]
edu-protected-class-questions-ct,LANDLORD_EDUCATION,CT,"Conn. Gen. Stat. § 46a-64c(a)(3); Conn. Gen. Stat. § 42-515; Conn. Gen. Stat. § 42-516; Conn. Gen. Stat. § 42-517; Conn. Gen. Stat. § 42-518; Conn. Gen. Stat. § 42-519; Conn. Gen. Stat. § 42-520; Conn. Gen. Stat. § 42-521; Conn. Gen. Stat. § 42-522; Conn. Gen. Stat. § 42-523; Conn. Gen. Stat. § 42-524; Conn. Gen. Stat. § 42-525; Conn. Gen. Stat. § 46a-63(3); Conn. Pub. Act No. 25-113, § 6; Conn. Gen. Stat. § 42-515(39); Conn. Pub. Act No. 25-113, § 5; Conn. Pub. Act No. 26-64, § 12; Conn. Gen. Stat. § 42-520(a)(1)(D); Conn. Gen. Stat. § 47-88b; Conn. Gen. Stat. § 47a-23c; Conn. Gen. Stat. § 46a-81e; Conn. Gen. Stat. § 46a-63; Conn. Gen. Stat. § 46a-64c",CITED,NEEDS_REVIEW,2026-10-09,2026-10-09,,[Full trail in lease-clauses.csv notes and lease-clause-decision-log-CT.md.]
edu-no-single-family-zone-lease-limit-ct,LANDLORD_EDUCATION,CT,"Conn. Gen. Stat. § 22a-134; Conn. Gen. Stat. § 8-64a; Conn. Gen. Stat. § 8-206e; Conn. Gen. Stat. § 12-724a; Conn. Gen. Stat. § 13a-73; Conn. Gen. Stat. § 21a-259; Conn. Gen. Stat. § 32-7x; Conn. Gen. Stat. § 32-70e; Conn. Gen. Stat. § 52-325; Conn. Gen. Stat. § 8-2o; Conn. Pub. Act No. 26-7, § 2; Absence: CT batteries named in the row's notes (CT log §17, §18)",CONFIRMED_ABSENT,VERIFIED,2026-10-09,2026-10-09,,[Full trail in lease-clauses.csv notes and lease-clause-decision-log-CT.md.]
edu-no-radiator-cover-rule-ct,LANDLORD_EDUCATION,CT,"Conn. Agencies Regs. § 19a-111-3; Conn. Gen. Stat. § 47a-7(a)(4); Absence: CT batteries named in the row's notes (CT log §17, §18)",CONFIRMED_ABSENT,VERIFIED,2026-10-09,2026-10-09,,[Full trail in lease-clauses.csv notes and lease-clause-decision-log-CT.md.]
edu-voucher-inspections-ct,LANDLORD_EDUCATION,CT,Conn. Gen. Stat. § 8-216; Conn. Gen. Stat. § 29-259; Conn. Agencies Regs. § 8-68f-9; Conn. Agencies Regs. § 8-37ee-809; Conn. Agencies Regs. § 8-37ee-901; Conn. Pub. Act No. 26-68; Conn. Gen. Stat. § 8-37r; Conn. Gen. Stat. § 12-217rr; Conn. Gen. Stat. § 46a-63(3); Conn. Gen. Stat. § 46a-64c(a)(1); Conn. Gen. Stat. § 46a-63; Conn. Gen. Stat. § 46a-64c,CITED,NEEDS_REVIEW,2026-10-09,2026-10-09,,[Full trail in lease-clauses.csv notes and lease-clause-decision-log-CT.md.]
edu-sensitive-data-privacy-ct,LANDLORD_EDUCATION,CT,"Conn. Gen. Stat. § 42-471(a); Conn. Gen. Stat. § 42-110g; Conn. Gen. Stat. § 36a-701b(a); Conn. Gen. Stat. § 42-516; Conn. Pub. Act No. 25-113, § 6; Conn. Gen. Stat. § 42-515(39); Conn. Pub. Act No. 25-113, § 5; Conn. Pub. Act No. 26-64, § 12; Conn. Gen. Stat. § 42-520(a)(1)(A); Conn. Pub. Act No. 26-64, § 14; Conn. Gen. Stat. § 42-517; Conn. Gen. Stat. § 42-525(a); Conn. Gen. Stat. § 8-64b; Conn. Gen. Stat. § 36a-701b; Conn. Gen. Stat. § 42-471; Conn. Gen. Stat. § 42-525",CITED,NEEDS_REVIEW,2026-10-09,2026-10-09,,[Full trail in lease-clauses.csv notes and lease-clause-decision-log-CT.md.]
edu-tenant-screening-ct,LANDLORD_EDUCATION,CT,Conn. Gen. Stat. § 47a-4d(b); Conn. Gen. Stat. § 46a-80c(a)(1); Conn. Gen. Stat. § 46a-80a(4); Conn. Gen. Stat. § 54-142t(f); Conn. Gen. Stat. § 54-142a; Conn. Gen. Stat. § 47a-9a(a); Conn. Gen. Stat. § 21a-279a; Conn. Gen. Stat. § 46a-63(3); Conn. Gen. Stat. § 46a-64c(a)(1); Conn. Gen. Stat. § 8-265c; Conn. Gen. Stat. § 46a-63; Conn. Gen. Stat. § 46a-64c; Conn. Gen. Stat. § 46a-80a; Conn. Gen. Stat. § 46a-80c; Conn. Gen. Stat. § 54-142t,CITED,VERIFIED,2026-10-09,2026-10-09,,[Full trail in lease-clauses.csv notes and lease-clause-decision-log-CT.md.]
edu-unconscionability-ct,LANDLORD_EDUCATION,CT,Conn. Gen. Stat. § 42-230; Conn. Gen. Stat. § 42a-2-302; Conn. Gen. Stat. § 42a-2-309; Conn. Gen. Stat. § 42a-2-719; Conn. Gen. Stat. § 42a-2; Conn. Gen. Stat. § 42-399; Conn. Gen. Stat. § 42-390; Conn. Gen. Stat. § 47-210; Conn. Gen. Stat. § 7-148c; Conn. Gen. Stat. § 7-148d; Conn. Gen. Stat. § 47a-4,CITED,NEEDS_REVIEW,2026-10-09,2026-10-09,,[Full trail in lease-clauses.csv notes and lease-clause-decision-log-CT.md.]
edu-no-water-heater-rule-ct,LANDLORD_EDUCATION,CT,"Conn. Gen. Stat. § 16a-23m; Conn. Gen. Stat. § 19a-109; Conn. Gen. Stat. § 29-231; Conn. Gen. Stat. § 16a-40; Conn. Gen. Stat. § 47a-7(a)(6); Conn. Gen. Stat. § 19a-111; Absence: CT batteries named in the row's notes (CT log §17, §18)",CONFIRMED_ABSENT,VERIFIED,2026-10-09,2026-10-09,,[Full trail in lease-clauses.csv notes and lease-clause-decision-log-CT.md.]
edu-no-window-guard-rule-ct,LANDLORD_EDUCATION,CT,"Conn. Gen. Stat. § 47a-7(a)(1); Absence: CT batteries named in the row's notes (CT log §17, §18)",CONFIRMED_ABSENT,VERIFIED,2026-10-09,2026-10-09,,[Full trail in lease-clauses.csv notes and lease-clause-decision-log-CT.md.]
edu-written-notices-ct,LANDLORD_EDUCATION,CT,Conn. Gen. Stat. § 47a-23(b); Conn. Gen. Stat. § 47a-15; Conn. Gen. Stat. § 47a-4e; Conn. Gen. Stat. § 47a-6(a); Conn. Gen. Stat. § 47a-10(a); Conn. Gen. Stat. § 47a-7a(b)(1); Conn. Gen. Stat. § 47a-23c; Conn. Gen. Stat. § 47a-3e; Conn. Gen. Stat. § 47a-12; Conn. Gen. Stat. § 47a-11e; Conn. Gen. Stat. § 47a-13a; Conn. Gen. Stat. § 47a-16(c); Conn. Gen. Stat. § 47a-4(a)(1); Conn. Gen. Stat. § 46b-38a,CITED,VERIFIED,2026-10-09,2026-10-09,,[Full trail in lease-clauses.csv notes and lease-clause-decision-log-CT.md.]
