clause_id,content_type,state,citation,citation_status,verification_status,effective_from,last_checked,supersedes,notes
rent-payment,LEASE_CLAUSE,RI,R.I. Gen. Laws § 34-18-15(c); R.I. Gen. Laws § 34-18-30; R.I. Gen. Laws § 34-18-15(a)(1),CITED,VERIFIED,2026-08-21,2026-10-09,,[Full trail in lease-clauses.csv notes and lease-clause-decision-log-RI.md.]
application-of-payments,LEASE_CLAUSE,RI,R.I. Gen. Laws § 34-18-35(e); R.I. Gen. Laws § 34-18-41,CITED,VERIFIED,2026-08-21,2026-10-09,,[Full trail in lease-clauses.csv notes and lease-clause-decision-log-RI.md.]
residential-use-only,LEASE_CLAUSE,RI,R.I. Gen. Laws § 34-18-27; R.I. Gen. Laws § 21-28.11-22; R.I. Gen. Laws § 21-28.11-29(h),CITED,VERIFIED,2026-08-21,2026-10-09,,[Full trail in lease-clauses.csv notes and lease-clause-decision-log-RI.md.]
existing-condition,LEASE_CLAUSE,RI,R.I. Gen. Laws § 34-18-22; R.I. Gen. Laws § 34-18-21; R.I. Gen. Laws § 34-18-17(a)(1); R.I. Gen. Laws § 34-18-18,CITED,VERIFIED,2026-08-21,2026-10-09,,[Full trail in lease-clauses.csv notes and lease-clause-decision-log-RI.md.]
permitted-occupants,LEASE_CLAUSE,RI,R.I. Gen. Laws § 34-37-4(a); R.I. Gen. Laws § 45-24.3-11,CITED,VERIFIED,2026-08-21,2026-10-09,,[Full trail in lease-clauses.csv notes and lease-clause-decision-log-RI.md.]
no-disturbance,LEASE_CLAUSE,RI,R.I. Gen. Laws § 34-18-24(7),CITED,VERIFIED,2026-08-21,2026-10-09,,[Full trail in lease-clauses.csv notes and lease-clause-decision-log-RI.md.]
smoking-policy,LEASE_CLAUSE,RI,R.I. Gen. Laws § 21-28.11-29(h); R.I. Gen. Laws § 23-20.10-3,CITED,VERIFIED,2026-08-21,2026-10-09,,[Full trail in lease-clauses.csv notes and lease-clause-decision-log-RI.md.]
utility-service-continuity,LEASE_CLAUSE,RI,R.I. Gen. Laws § 34-18-22(a)(6); R.I. Gen. Laws § 34-18-31,CITED,VERIFIED,2026-08-21,2026-10-09,,[Full trail in lease-clauses.csv notes and lease-clause-decision-log-RI.md.]
utility-payment-evidence,LEASE_CLAUSE,RI,,GENERIC,VERIFIED,2026-08-21,2026-10-09,,[Full trail in lease-clauses.csv notes and lease-clause-decision-log-RI.md.]
acceptable-payment-methods,LEASE_CLAUSE,RI,R.I. Gen. Laws § 34-18-61; R.I. Gen. Laws § 34-18-15(c),CITED,VERIFIED,2026-08-21,2026-10-09,,[Full trail in lease-clauses.csv notes and lease-clause-decision-log-RI.md.]
tenant-maintenance,LEASE_CLAUSE,RI,R.I. Gen. Laws § 34-18-24(1); R.I. Gen. Laws § 34-18-22; R.I. Gen. Laws § 34-18-22(c),CITED,VERIFIED,2026-08-21,2026-10-09,,[Full trail in lease-clauses.csv notes and lease-clause-decision-log-RI.md.]
no-sublet-assign,LEASE_CLAUSE,RI,,GENERIC,VERIFIED,2026-08-21,2026-10-09,,[Full trail in lease-clauses.csv notes and lease-clause-decision-log-RI.md.]
no-alterations,LEASE_CLAUSE,RI,"R.I. Gen. Laws § 34-18-65(e); R.I. Pub. L. 2026, chs. 147, 148, § 2; R.I. Gen. Laws § 34-37-4(d); R.I. Gen. Laws § 34-18-30; R.I. Gen. Laws § 34-28-2",CITED,VERIFIED,2026-08-21,2026-10-09,,[Full trail in lease-clauses.csv notes and lease-clause-decision-log-RI.md.]
joint-liability,LEASE_CLAUSE,RI,R.I. Gen. Laws § 34-18-38(d)(11); R.I. Gen. Laws § 34-18-63; R.I. Gen. Laws § 34-18-63(d),CITED,VERIFIED,2026-08-21,2026-10-09,,[Full trail in lease-clauses.csv notes and lease-clause-decision-log-RI.md.]
appliances-included,LEASE_CLAUSE,RI,R.I. Gen. Laws § 34-18-22(a)(4); R.I. Gen. Laws § 34-18-28(a); R.I. Gen. Laws § 45-24.3-7,CITED,VERIFIED,2026-08-21,2026-10-09,,[Full trail in lease-clauses.csv notes and lease-clause-decision-log-RI.md.]
landlord-maintenance,LEASE_CLAUSE,RI,R.I. Gen. Laws § 34-18-22(a); R.I. Gen. Laws § 34-18-24(6); R.I. Gen. Laws § 34-18-39; R.I. Gen. Laws § 34-18-28(a); R.I. Gen. Laws § 34-18-30,CITED,VERIFIED,2026-08-21,2026-10-09,,[Full trail in lease-clauses.csv notes and lease-clause-decision-log-RI.md.]
surrender-end-of-term,LEASE_CLAUSE,RI,R.I. Gen. Laws § 34-18-42; R.I. Gen. Laws § 34-18-44; R.I. Gen. Laws § 34-18-50,CITED,VERIFIED,2026-08-21,2026-10-09,,[Full trail in lease-clauses.csv notes and lease-clause-decision-log-RI.md.]
notices,LEASE_CLAUSE,RI,R.I. Gen. Laws § 34-18-56; R.I. Gen. Laws § 34-18-35; R.I. Gen. Laws § 34-18-14,CITED,VERIFIED,2026-08-21,2026-10-09,,[Full trail in lease-clauses.csv notes and lease-clause-decision-log-RI.md.]
governing-law,LEASE_CLAUSE,RI,,GENERIC,VERIFIED,2026-08-21,2026-10-09,,[Full trail in lease-clauses.csv notes and lease-clause-decision-log-RI.md.]
severability,LEASE_CLAUSE,RI,R.I. Gen. Laws § 34-18-13(a)(1),CITED,VERIFIED,2026-08-21,2026-10-09,,[Full trail in lease-clauses.csv notes and lease-clause-decision-log-RI.md.]
entire-agreement,LEASE_CLAUSE,RI,R.I. Gen. Laws § 34-18-25(b); R.I. Gen. Laws § 34-18-16.1,CITED,VERIFIED,2026-08-21,2026-10-09,,[Full trail in lease-clauses.csv notes and lease-clause-decision-log-RI.md.]
addendum-precedence,LEASE_CLAUSE,RI,"216-RICR-50-15-3.5.3(A)(3)(e); R.I. Gen. Laws § 34-18-20(e); R.I. Pub. L. 2026, chs. 165, 166, § 1",CITED,VERIFIED,2026-08-21,2026-10-09,,[Full trail in lease-clauses.csv notes and lease-clause-decision-log-RI.md.]
electronic-signatures,LEASE_CLAUSE,RI,R.I. Gen. Laws § 42-127.1-5(b); R.I. Gen. Laws § 42-127.1-7; R.I. Gen. Laws § 42-127.1-3,CITED,VERIFIED,2026-08-21,2026-10-09,,[Full trail in lease-clauses.csv notes and lease-clause-decision-log-RI.md.]
pet-insurance-requirement,LEASE_CLAUSE,RI,R.I. Gen. Laws § 34-18-15(a)(4); R.I. Gen. Laws § 34-37-4(e)(2),CITED,VERIFIED,2026-08-21,2026-10-09,,[Full trail in lease-clauses.csv notes and lease-clause-decision-log-RI.md.]
assigned-parking-space,LEASE_CLAUSE,RI,R.I. Gen. Laws § 34-18-15(a)(1),CITED,VERIFIED,2026-08-21,2026-10-09,,[Full trail in lease-clauses.csv notes and lease-clause-decision-log-RI.md.]
guest-policy,LEASE_CLAUSE,RI,R.I. Gen. Laws § 34-37-4; R.I. Gen. Laws § 45-24.3-11,CITED,VERIFIED,2026-08-21,2026-10-09,,[Full trail in lease-clauses.csv notes and lease-clause-decision-log-RI.md.]
guest-policy-day-limit,LEASE_CLAUSE,RI,,GENERIC,VERIFIED,2026-08-21,2026-10-09,,[Full trail in lease-clauses.csv notes and lease-clause-decision-log-RI.md.]
common-area-use,LEASE_CLAUSE,RI,R.I. Gen. Laws § 34-37-5.5,CITED,VERIFIED,2026-08-21,2026-10-09,,[Full trail in lease-clauses.csv notes and lease-clause-decision-log-RI.md.]
fire-safety-grilling,LEASE_CLAUSE,RI,,GENERIC,VERIFIED,2026-08-21,2026-10-09,,[Full trail in lease-clauses.csv notes and lease-clause-decision-log-RI.md.]
inspection-rights,LEASE_CLAUSE,RI,R.I. Gen. Laws § 34-18-26(a); R.I. Gen. Laws § 34-18-26(c),CITED,VERIFIED,2026-08-21,2026-10-09,,[Full trail in lease-clauses.csv notes and lease-clause-decision-log-RI.md.]
hoa-compliance,LEASE_CLAUSE,RI,R.I. Gen. Laws § 34-18-15(a)(1); R.I. Gen. Laws § 34-36-34(a); R.I. Gen. Laws § 34-36.1-3.15(g)(1),CITED,VERIFIED,2026-08-21,2026-10-09,,[Full trail in lease-clauses.csv notes and lease-clause-decision-log-RI.md.]
assistance-animal-accommodation,LEASE_CLAUSE,RI,R.I. Gen. Laws § 34-37-4(e); R.I. Gen. Laws § 34-37-4(e)(2); R.I. Gen. Laws § 34-37-4(j),CITED,VERIFIED,2026-08-21,2026-10-09,,[Full trail in lease-clauses.csv notes and lease-clause-decision-log-RI.md.]
holdover-ca,LEASE_CLAUSE,RI,R.I. Gen. Laws § 34-18-43; R.I. Gen. Laws § 34-18-38(c),CITED,VERIFIED,1994-01-01,2026-10-09,holdover,[Full trail in lease-clauses.csv notes and lease-clause-decision-log-RI.md.]
tenant-forward-proceedings-ca,LEASE_CLAUSE,RI,,GENERIC,VERIFIED,1989-01-01,2026-10-09,,[Full trail in lease-clauses.csv notes and lease-clause-decision-log-RI.md.]
possession-delay-ca,LEASE_CLAUSE,RI,R.I. Gen. Laws § 34-18-29(a),CITED,VERIFIED,1905-01-01,2026-10-09,possession-delay,[Full trail in lease-clauses.csv notes and lease-clause-decision-log-RI.md.]
storage-space-ks-oh-ca,LEASE_CLAUSE,RI,R.I. Gen. Laws § 34-18-17(a)(4); R.I. Gen. Laws § 34-18-42,CITED,VERIFIED,1976-01-01,2026-10-09,storage-space,[Full trail in lease-clauses.csv notes and lease-clause-decision-log-RI.md.]
parking-ks-oh-ca,LEASE_CLAUSE,RI,R.I. Gen. Laws § 34-18-17(a)(4),CITED,VERIFIED,1976-01-01,2026-10-09,parking,[Full trail in lease-clauses.csv notes and lease-clause-decision-log-RI.md.]
tenants-property-insurance-ks-oh-ca,LEASE_CLAUSE,RI,R.I. Gen. Laws § 34-18-17(a)(4); R.I. Gen. Laws § 34-18-15(a)(4),CITED,VERIFIED,1976-01-01,2026-10-09,tenants-property-insurance,[Full trail in lease-clauses.csv notes and lease-clause-decision-log-RI.md.]
services-utilities-provided-ks-oh,LEASE_CLAUSE,RI,R.I. Gen. Laws § 34-18-17(a)(4); R.I. Gen. Laws § 34-18-22(a)(6); R.I. Gen. Laws § 34-18-31,CITED,VERIFIED,2026-08-22,2026-10-09,services-utilities-provided,[Full trail in lease-clauses.csv notes and lease-clause-decision-log-RI.md.]
rental-application-accuracy,LEASE_CLAUSE,RI,R.I. Gen. Laws § 34-18-62; R.I. Gen. Laws § 34-37-4(a),CITED,VERIFIED,2026-09-27,2026-10-09,,[Full trail in lease-clauses.csv notes and lease-clause-decision-log-RI.md.]
rules-ia,LEASE_CLAUSE,RI,R.I. Gen. Laws § 34-18-25(a)(1); R.I. Gen. Laws § 34-18-25(b),CITED,VERIFIED,2026-10-02,2026-10-09,,[Full trail in lease-clauses.csv notes and lease-clause-decision-log-RI.md.]
rent-concession-wi,LEASE_CLAUSE,RI,,GENERIC,VERIFIED,2026-10-03,2026-10-09,,[Full trail in lease-clauses.csv notes and lease-clause-decision-log-RI.md.]
rent-installments-or,LEASE_CLAUSE,RI,R.I. Gen. Laws § 34-18-15(c); R.I. Gen. Laws § 34-18-35(a),CITED,VERIFIED,2026-10-04,2026-10-09,,[Full trail in lease-clauses.csv notes and lease-clause-decision-log-RI.md.]
edu-cares-act-notice,LANDLORD_EDUCATION,RI,"15 U.S.C. § 9058(a), (b), (c)",CITED,VERIFIED,2026-10-04,2026-10-09,,[Full trail in lease-clauses.csv notes and lease-clause-decision-log-RI.md.]
electronic-notice-ma,LEASE_CLAUSE,RI,R.I. Gen. Laws § 42-127.1-5(b); R.I. Gen. Laws § 42-127.1-5(c); R.I. Gen. Laws § 42-127.1-8(b); R.I. Gen. Laws § 42-127.1-8(c); R.I. Gen. Laws § 34-18-35,CITED,VERIFIED,2026-10-08,2026-10-09,,[Full trail in lease-clauses.csv notes and lease-clause-decision-log-RI.md.]
edu-convenience-fee-ri,LANDLORD_EDUCATION,RI,"R.I. Gen. Laws § 34-18-61(a); R.I. Gen. Laws § 34-18-61(b); R.I. Pub. L. 2024, chs. 308, 309, § 1; R.I. Gen. Laws § 34-18-11; R.I. Gen. Laws § 34-18-15(a)(1); R.I. Gen. Laws § 34-18-15(a)(5); R.I. Gen. Laws § 34-18-15(c); R.I. Gen. Laws § 34-18-61; R.I. Gen. Laws § 44-33-3; R.I. Gen. Laws § 5-48.1-3",CITED,VERIFIED,2026-10-09,2026-10-09,,[Full trail in lease-clauses.csv notes and lease-clause-decision-log-RI.md.]
edu-no-algorithmic-rent-rule-ri,LANDLORD_EDUCATION,RI,"R.I. Pub. L. 2026, chs. 373, 374; R.I. Gen. Laws § 6-36-4; Absence: RI batteries named in the row's notes (RI log §17, §18)",CONFIRMED_ABSENT,VERIFIED,2026-10-09,2026-10-09,,[Full trail in lease-clauses.csv notes and lease-clause-decision-log-RI.md.]
edu-application-fees-ri,LANDLORD_EDUCATION,RI,"R.I. Gen. Laws § 34-18-59(a); R.I. Gen. Laws § 34-18-59(b); R.I. Pub. L. 2023, chs. 319, 320, § 1; R.I. Gen. Laws § 34-18-59",CITED,VERIFIED,2026-10-09,2026-10-09,,[Full trail in lease-clauses.csv notes and lease-clause-decision-log-RI.md.]
edu-no-payment-application-order-ri,LANDLORD_EDUCATION,RI,"R.I. Gen. Laws § 34-18-41; R.I. Gen. Laws § 34-18-11(13); R.I. Pub. L. 2026, chs. 147, 148; R.I. Gen. Laws § 34-18-35; Absence: RI batteries named in the row's notes (RI log §17, §18)",CONFIRMED_ABSENT,VERIFIED,2026-10-09,2026-10-09,,[Full trail in lease-clauses.csv notes and lease-clause-decision-log-RI.md.]
edu-collection-fee-ri,LANDLORD_EDUCATION,RI,R.I. Gen. Laws § 19-14.9-5; R.I. Gen. Laws § 19-14.9-8; R.I. Gen. Laws § 19-14.9-8(a); R.I. Gen. Laws § 19-14.9-3(4); R.I. Gen. Laws § 19-14.9-3(5); R.I. Gen. Laws § 34-18-43; R.I. Gen. Laws § 34-18-35(d); R.I. Gen. Laws § 34-18-17(a)(3); R.I. Gen. Laws § 34-18-17(b),CITED,VERIFIED,2026-10-09,2026-10-09,,[Full trail in lease-clauses.csv notes and lease-clause-decision-log-RI.md.]
edu-due-at-signing-ri,LANDLORD_EDUCATION,RI,"R.I. Gen. Laws § 34-18-19(a); R.I. Gen. Laws § 34-18-19(e); R.I. Gen. Laws § 34-18-59(a); R.I. Gen. Laws § 34-18-15(a)(1); R.I. Gen. Laws § 34-18-28(d); R.I. Gen. Laws § 34-18-19; R.I. Gen. Laws § 34-18-29(a)(1); R.I. Gen. Laws § 34-18-33(b); R.I. Gen. Laws § 34-18-11(16); R.I. Pub. L. 2026, chs. 147, 148; R.I. Gen. Laws § 34-45-11; R.I. Gen. Laws § 34-18-28",CITED,VERIFIED,2026-10-09,2026-10-09,,[Full trail in lease-clauses.csv notes and lease-clause-decision-log-RI.md.]
edu-fee-disclosure-ri,LANDLORD_EDUCATION,RI,"R.I. Gen. Laws § 34-18-15(a)(1); R.I. Gen. Laws § 34-18-15(a)(2); R.I. Gen. Laws § 34-18-15(a)(5); R.I. Pub. L. 2024, chs. 308, 309, § 2; R.I. Gen. Laws § 34-18-15; R.I. Gen. Laws § 42-14.4-1",CITED,VERIFIED,2026-10-09,2026-10-09,,[Full trail in lease-clauses.csv notes and lease-clause-decision-log-RI.md.]
edu-no-fee-unprovided-service-ri,LANDLORD_EDUCATION,RI,"R.I. Gen. Laws § 34-18-15(a)(1); R.I. Gen. Laws § 34-18-34; Absence: RI batteries named in the row's notes (RI log §17, §18)",CONFIRMED_ABSENT,VERIFIED,2026-10-09,2026-10-09,,[Full trail in lease-clauses.csv notes and lease-clause-decision-log-RI.md.]
edu-fees-as-rent-ri,LANDLORD_EDUCATION,RI,"R.I. Gen. Laws § 34-18-11(13); R.I. Pub. L. 2026, chs. 147, 148; R.I. Gen. Laws § 34-18-35(a); R.I. Gen. Laws § 34-18-56(a); R.I. Gen. Laws § 34-18-39; R.I. Gen. Laws § 34-18-15(b); R.I. Gen. Laws § 34-18-49; R.I. Gen. Laws § 34-18-52; R.I. Gen. Laws § 34-18.1-16; R.I. Gen. Laws § 34-18.1-18; R.I. Gen. Laws § 34-18-35",CITED,VERIFIED,2026-10-09,2026-10-09,,[Full trail in lease-clauses.csv notes and lease-clause-decision-log-RI.md.]
edu-no-government-fee-passthrough-ri,LANDLORD_EDUCATION,RI,"R.I. Gen. Laws § 34-18-58(a); R.I. Gen. Laws § 23-28.2-27(a); R.I. Gen. Laws § 34-18-57; R.I. Gen. Laws § 34-18-15(a)(1); Absence: RI batteries named in the row's notes (RI log §17, §18)",CONFIRMED_ABSENT,VERIFIED,2026-10-09,2026-10-09,,[Full trail in lease-clauses.csv notes and lease-clause-decision-log-RI.md.]
late-fee-ri,LEASE_CLAUSE,RI,"R.I. Gen. Laws § 34-18-41; R.I. Gen. Laws § 34-18-17(a)(1); R.I. Gen. Laws § 34-18-17(b); R.I. Gen. Laws § 34-18-15(a)(1); R.I. Gen. Laws § 34-18-11(13); R.I. Pub. L. 2026, chs. 147, 148",CITED,VERIFIED,2026-10-09,2026-10-09,late-fee,[Full trail in lease-clauses.csv notes and lease-clause-decision-log-RI.md.]
edu-late-fee-ri,LANDLORD_EDUCATION,RI,"R.I. Gen. Laws § 34-18-15(a)(1); R.I. Gen. Laws § 34-18-15(a)(5); R.I. Gen. Laws § 34-18-11(13); R.I. Pub. L. 2026, chs. 147, 148; R.I. Gen. Laws § 34-18-35(a); R.I. Gen. Laws § 34-18-41; R.I. Gen. Laws § 31-44-2; R.I. Gen. Laws § 31-44-7",CITED,VERIFIED,2026-10-09,2026-10-09,,[Full trail in lease-clauses.csv notes and lease-clause-decision-log-RI.md.]
edu-no-late-fee-limit-ri,LANDLORD_EDUCATION,RI,"R.I. Gen. Laws § 23-17.4-16; R.I. Gen. Laws § 31-44-2; R.I. Gen. Laws § 31-44-7; R.I. Gen. Laws § 34-18.1-9; R.I. Gen. Laws § 31-44-7(6); R.I. Gen. Laws § 31-44-2(a)(1); R.I. Gen. Laws § 23-17.4-16(a)(2)(xv)(B); Absence: RI batteries named in the row's notes (RI log §17, §18)",CONFIRMED_ABSENT,VERIFIED,2026-10-09,2026-10-09,,[Full trail in lease-clauses.csv notes and lease-clause-decision-log-RI.md.]
edu-no-lease-type-parity-ri,LANDLORD_EDUCATION,RI,"R.I. Gen. Laws § 34-18-15(d); R.I. Gen. Laws § 34-18-38(c); R.I. Gen. Laws § 34-18-37(a); R.I. Gen. Laws § 34-18-56(c); R.I. Gen. Laws § 34-18-16.1(a); Absence: RI batteries named in the row's notes (RI log §17, §18)",CONFIRMED_ABSENT,VERIFIED,2026-10-09,2026-10-09,,[Full trail in lease-clauses.csv notes and lease-clause-decision-log-RI.md.]
edu-no-notice-fee-rule-ri,LANDLORD_EDUCATION,RI,"R.I. Gen. Laws § 34-18-59; R.I. Gen. Laws § 34-18-56; R.I. Gen. Laws § 34-18-35(a); R.I. Gen. Laws § 34-18-36(a); R.I. Gen. Laws § 34-18-17(a)(3); R.I. Gen. Laws § 34-18-35(d); Absence: RI batteries named in the row's notes (RI log §17, §18)",CONFIRMED_ABSENT,VERIFIED,2026-10-09,2026-10-09,,[Full trail in lease-clauses.csv notes and lease-clause-decision-log-RI.md.]
edu-retaliation-ri,LANDLORD_EDUCATION,RI,"R.I. Gen. Laws § 34-18-46(a); R.I. Gen. Laws § 34-18-46(a)(1); R.I. Gen. Laws § 34-18-22; R.I. Gen. Laws § 34-18-46(a)(2); R.I. Gen. Laws § 34-18-46(a)(3); R.I. Gen. Laws § 34-18-46(a)(4); R.I. Gen. Laws § 34-18-46(b); R.I. Gen. Laws § 34-18-34; R.I. Gen. Laws § 34-18-46(c)(1); R.I. Gen. Laws § 34-18-46(c)(2); R.I. Gen. Laws § 34-18-46(c)(3); R.I. Gen. Laws § 34-18-28(b); R.I. Gen. Laws § 42-128.1-14(e); R.I. Gen. Laws § 23-24.6-23(c)(4); R.I. Gen. Laws § 34-37-5.1; R.I. Pub. L. 2026, chs. 147, 148, § 2; R.I. Gen. Laws § 34-18-63(f); R.I. Gen. Laws § 34-18-65(e); R.I. Gen. Laws § 34-18-46; R.I. Gen. Laws § 23-24.6-23; R.I. Gen. Laws § 45-24.3-21(c)(4); R.I. Gen. Laws § 34-20-10(1); R.I. Gen. Laws § 34-20-11; R.I. Gen. Laws § 34-18-4; R.I. Gen. Laws § 34-20-10; R.I. Gen. Laws § 45-24.3-21",CITED,VERIFIED,2026-10-09,2026-10-09,,[Full trail in lease-clauses.csv notes and lease-clause-decision-log-RI.md.]
edu-rent-concession-ri,LANDLORD_EDUCATION,RI,"R.I. Gen. Laws § 34-18-18; R.I. Gen. Laws § 34-18-15(f)(4); R.I. Gen. Laws § 34-18-63(a); R.I. Pub. L. 2026, chs. 147, 148, § 2; R.I. Gen. Laws § 34-18-15(a)(1)",CITED,VERIFIED,2026-10-09,2026-10-09,,[Full trail in lease-clauses.csv notes and lease-clause-decision-log-RI.md.]
edu-no-rent-control-ri,LANDLORD_EDUCATION,RI,"R.I. Gen. Laws § 34-18.2-5; R.I. Gen. Laws § 6-13-21(a); R.I. Gen. Laws § 34-18.2-5(b); R.I. Gen. Laws § 34-18-16.1(a); Absence: RI batteries named in the row's notes (RI log §17, §18)",CONFIRMED_ABSENT,VERIFIED,2026-10-09,2026-10-09,,[Full trail in lease-clauses.csv notes and lease-clause-decision-log-RI.md.]
edu-rent-escalation-ri,LANDLORD_EDUCATION,RI,R.I. Gen. Laws § 6A-2.1-222(a); R.I. Gen. Laws § 6A-2.1-222(a)(2); R.I. Gen. Laws § 34-18-15(a); R.I. Gen. Laws § 34-18-16.1(a); R.I. Gen. Laws § 34-18-46(a); R.I. Gen. Laws § 23-24.6-23(c)(4); R.I. Gen. Laws § 34-18-16.1; R.I. Gen. Laws § 34-18-46; R.I. Gen. Laws § 23-24.6-23; R.I. Gen. Laws § 6A-2.1-222; R.I. Gen. Laws § 31-44-3.2; R.I. Gen. Laws § 31-44-7,CITED,VERIFIED,2026-10-09,2026-10-09,,[Full trail in lease-clauses.csv notes and lease-clause-decision-log-RI.md.]
edu-rent-increase-notice-ri,LANDLORD_EDUCATION,RI,R.I. Gen. Laws § 34-18-16.1(a); R.I. Gen. Laws § 34-18-46(a); R.I. Gen. Laws § 34-18-56; R.I. Gen. Laws § 34-18-16.1; R.I. Gen. Laws § 34-18-46; R.I. Gen. Laws § 34-18.2-5; R.I. Gen. Laws § 34-18-34; R.I. Gen. Laws § 34-18-46(b),CITED,VERIFIED,2026-10-09,2026-10-09,,[Full trail in lease-clauses.csv notes and lease-clause-decision-log-RI.md.]
edu-rent-installments-ri,LANDLORD_EDUCATION,RI,R.I. Gen. Laws § 34-18-15(c); R.I. Gen. Laws § 34-18-41; R.I. Gen. Laws § 34-18-15; R.I. Gen. Laws § 34-18-35(a),CITED,NEEDS_REVIEW,2026-10-09,2026-10-09,,[Full trail in lease-clauses.csv notes and lease-clause-decision-log-RI.md.]
edu-no-rent-receipt-rule-ri,LANDLORD_EDUCATION,RI,"R.I. Gen. Laws § 34-18-18; R.I. Gen. Laws § 44-33-11; R.I. Gen. Laws § 34-18-35(a); Absence: RI batteries named in the row's notes (RI log §17, §18)",CONFIRMED_ABSENT,VERIFIED,2026-10-09,2026-10-09,,[Full trail in lease-clauses.csv notes and lease-clause-decision-log-RI.md.]
edu-no-rent-reporting-rule-ri,LANDLORD_EDUCATION,RI,"R.I. Gen. Laws § 34-18-59; R.I. Pub. L. 2026, chs. 147, 148, § 2; R.I. Gen. Laws § 34-18-15(a)(1); Absence: RI batteries named in the row's notes (RI log §17, §18)",CONFIRMED_ABSENT,VERIFIED,2026-10-09,2026-10-09,,[Full trail in lease-clauses.csv notes and lease-clause-decision-log-RI.md.]
edu-rent-tax-ri,LANDLORD_EDUCATION,RI,R.I. Gen. Laws § 44-18-18; R.I. Gen. Laws § 42-63.1-2; R.I. Gen. Laws § 42-63.1-2(5); R.I. Gen. Laws § 44-18-36.1; R.I. Gen. Laws § 44-18-7.1(n)(ii); R.I. Gen. Laws § 42-63.1-8,CITED,VERIFIED,2026-10-09,2026-10-09,,[Full trail in lease-clauses.csv notes and lease-clause-decision-log-RI.md.]
edu-returned-payments-ri,LANDLORD_EDUCATION,RI,R.I. Gen. Laws § 6-42-1; R.I. Gen. Laws § 6-42-2(a); R.I. Gen. Laws § 6-42-3(a); R.I. Gen. Laws § 6-42-4; R.I. Gen. Laws § 34-18-15(a)(1); R.I. Gen. Laws § 34-18-61(a),CITED,VERIFIED,2026-10-09,2026-10-09,,[Full trail in lease-clauses.csv notes and lease-clause-decision-log-RI.md.]
edu-no-shutdown-protection-ri,LANDLORD_EDUCATION,RI,"R.I. Gen. Laws § 34-18-35(a); R.I. Gen. Laws § 34-18-41; Absence: RI batteries named in the row's notes (RI log §17, §18)",CONFIRMED_ABSENT,VERIFIED,2026-10-09,2026-10-09,,[Full trail in lease-clauses.csv notes and lease-clause-decision-log-RI.md.]
edu-statutory-caps-ri,LANDLORD_EDUCATION,RI,"R.I. Gen. Laws § 34-18-19(a); R.I. Gen. Laws § 34-18-59(a); R.I. Gen. Laws § 34-18-61(a); R.I. Gen. Laws § 6-42-3(b); R.I. Gen. Laws § 34-18-17(a)(3); R.I. Gen. Laws § 34-18-15(f)(4); R.I. Gen. Laws § 34-18-63(a); R.I. Pub. L. 2026, chs. 147, 148, § 2; R.I. Gen. Laws § 34-18-65(d); R.I. Gen. Laws § 34-18-16.1(a)",CITED,VERIFIED,2026-10-09,2026-10-09,,[Full trail in lease-clauses.csv notes and lease-clause-decision-log-RI.md.]
edu-no-subsidy-late-fee-rule-ri,LANDLORD_EDUCATION,RI,"R.I. Gen. Laws § 23-17.4-16; R.I. Gen. Laws § 34-37-4; R.I. Gen. Laws § 42-11.2-13; R.I. Gen. Laws § 42-11.2-7(3); R.I. Gen. Laws § 34-18-15(a)(1); Absence: RI batteries named in the row's notes (RI log §17, §18)",CONFIRMED_ABSENT,VERIFIED,2026-10-09,2026-10-09,,[Full trail in lease-clauses.csv notes and lease-clause-decision-log-RI.md.]
tax-escalation-ri,LEASE_CLAUSE,RI,R.I. Gen. Laws § 6A-2.1-222(a); R.I. Gen. Laws § 34-18-16.1; R.I. Gen. Laws § 34-18-16.1(b); R.I. Gen. Laws § 34-18-16.1(a); R.I. Gen. Laws § 34-18-15(a)(1); R.I. Gen. Laws § 6A-2.1-222; R.I. Gen. Laws § 31-44-3.2; R.I. Gen. Laws § 6A-2.1-102(1),CITED,VERIFIED,2026-10-09,2026-10-09,,[Full trail in lease-clauses.csv notes and lease-clause-decision-log-RI.md.]
edu-tax-escalation-ri,LANDLORD_EDUCATION,RI,R.I. Gen. Laws § 6A-2.1-222(a); R.I. Gen. Laws § 34-18-16.1(a); R.I. Gen. Laws § 34-18-15(a)(1); R.I. Gen. Laws § 6A-2.1-222; R.I. Gen. Laws § 31-44-3.2; R.I. Gen. Laws § 6A-2.1-102(1),CITED,VERIFIED,2026-10-09,2026-10-09,,[Full trail in lease-clauses.csv notes and lease-clause-decision-log-RI.md.]
edu-unpaid-damages-interest-ri,LANDLORD_EDUCATION,RI,R.I. Gen. Laws § 9-21-10(a); R.I. Gen. Laws § 9-21-8; R.I. Gen. Laws § 6-26-1; R.I. Gen. Laws § 6-26-2(a); R.I. Gen. Laws § 9-21-10; R.I. Gen. Laws § 6-26-2; R.I. Gen. Laws § 34-18-19,CITED,VERIFIED,2026-10-09,2026-10-09,,[Full trail in lease-clauses.csv notes and lease-clause-decision-log-RI.md.]
edu-no-veterans-incentive-ri,LANDLORD_EDUCATION,RI,"R.I. Gen. Laws § 34-37-4; R.I. Gen. Laws § 44-3-4; R.I. Gen. Laws § 44-3-16; R.I. Gen. Laws § 34-18-15(f); R.I. Gen. Laws § 34-37-4(a); R.I. Gen. Laws § 34-18-15(f)(1); Absence: RI batteries named in the row's notes (RI log §17, §18)",CONFIRMED_ABSENT,VERIFIED,2026-10-09,2026-10-09,,[Full trail in lease-clauses.csv notes and lease-clause-decision-log-RI.md.]
edu-waiver-by-acceptance-ri,LANDLORD_EDUCATION,RI,"R.I. Gen. Laws § 34-18-41; R.I. Gen. Laws § 34-18-49; R.I. Gen. Laws § 34-18-52; R.I. Gen. Laws § 34-18-43; R.I. Gen. Laws § 34-18-17(a)(1); R.I. Gen. Laws § 34-18-17; R.I. Pub. L. 2026, chs. 282, 283",CITED,VERIFIED,2026-10-09,2026-10-09,,[Full trail in lease-clauses.csv notes and lease-clause-decision-log-RI.md.]
edu-no-move-in-inspection-rule-ri,LANDLORD_EDUCATION,RI,"R.I. Gen. Laws § 31-44-7.1; R.I. Gen. Laws § 34-18-22(a)(7); R.I. Gen. Laws § 34-18-19(b); R.I. Gen. Laws § 34-18-24; Absence: RI batteries named in the row's notes (RI log §17, §18)",CONFIRMED_ABSENT,VERIFIED,2026-10-09,2026-10-09,,[Full trail in lease-clauses.csv notes and lease-clause-decision-log-RI.md.]
edu-no-deposit-cost-schedule-ri,LANDLORD_EDUCATION,RI,"R.I. Gen. Laws § 34-18-19(b); R.I. Gen. Laws § 34-18-24; R.I. Gen. Laws § 34-18-19; Absence: RI batteries named in the row's notes (RI log §17, §18)",CONFIRMED_ABSENT,VERIFIED,2026-10-09,2026-10-09,,[Full trail in lease-clauses.csv notes and lease-clause-decision-log-RI.md.]
edu-unclaimed-deposit-refund-ri,LANDLORD_EDUCATION,RI,R.I. Gen. Laws § 33-21.1-1(10)(ii); R.I. Gen. Laws § 33-21.1-2(a); R.I. Gen. Laws § 33-21.1-17(d); R.I. Gen. Laws § 34-18-19(b); R.I. Gen. Laws § 33-21.1-8; R.I. Gen. Laws § 34-18-19(h),CITED,VERIFIED,2026-10-09,2026-10-09,,[Full trail in lease-clauses.csv notes and lease-clause-decision-log-RI.md.]
edu-no-deposit-installments-ri,LANDLORD_EDUCATION,RI,"R.I. Gen. Laws § 34-18-19(a); Absence: RI batteries named in the row's notes (RI log §17, §18)",CONFIRMED_ABSENT,VERIFIED,2026-10-09,2026-10-09,,[Full trail in lease-clauses.csv notes and lease-clause-decision-log-RI.md.]
edu-last-month-rent-ri,LANDLORD_EDUCATION,RI,"R.I. Gen. Laws § 34-18-28; R.I. Gen. Laws § 34-45-11; R.I. Gen. Laws § 34-18-11(16); R.I. Pub. L. 2026, chs. 147, 148, § 1; R.I. Gen. Laws § 34-18-19(a); R.I. Gen. Laws § 34-18-28(d); R.I. Gen. Laws § 34-18-19; R.I. Gen. Laws § 34-18-33(b); R.I. Gen. Laws § 34-18-29(a)(1); R.I. Gen. Laws § 34-18-34; R.I. Gen. Laws § 34-18-15(f)(5); R.I. Gen. Laws § 34-18-63(e); R.I. Pub. L. 2026, chs. 147, 148, § 2; Absence: RI batteries named in the row's notes (RI log §17, §18)",CONFIRMED_ABSENT,VERIFIED,2026-10-09,2026-10-09,,[Full trail in lease-clauses.csv notes and lease-clause-decision-log-RI.md.]
edu-no-deposit-refund-conditions-ri,LANDLORD_EDUCATION,RI,"R.I. Gen. Laws § 34-18-19(b); R.I. Gen. Laws § 34-18-19; R.I. Gen. Laws § 31-44-7.1; R.I. Gen. Laws § 34-18-37; R.I. Gen. Laws § 34-18-19(h); Absence: RI batteries named in the row's notes (RI log §17, §18)",CONFIRMED_ABSENT,NEEDS_REVIEW,2026-10-09,2026-10-09,,[Full trail in lease-clauses.csv notes and lease-clause-decision-log-RI.md.]
edu-dv-deposit-timing-ri,LANDLORD_EDUCATION,RI,"R.I. Gen. Laws § 34-18-63; R.I. Pub. L. 2026, chs. 147, 148, § 2; R.I. Gen. Laws § 34-18-19; R.I. Gen. Laws § 34-18-67; R.I. Gen. Laws § 34-18-19(b); R.I. Gen. Laws § 34-18-65(d)",CITED,VERIFIED,2026-10-09,2026-10-09,,[Full trail in lease-clauses.csv notes and lease-clause-decision-log-RI.md.]
edu-no-expedited-deposit-ri,LANDLORD_EDUCATION,RI,"R.I. Gen. Laws § 34-18-19(b); Absence: RI batteries named in the row's notes (RI log §17, §18)",CONFIRMED_ABSENT,VERIFIED,2026-10-09,2026-10-09,,[Full trail in lease-clauses.csv notes and lease-clause-decision-log-RI.md.]
edu-no-fee-in-lieu-of-deposit-ri,LANDLORD_EDUCATION,RI,"R.I. Gen. Laws § 23-17.4-16; R.I. Gen. Laws § 34-18-19(a); R.I. Gen. Laws § 34-18-15(a)(1); Absence: RI batteries named in the row's notes (RI log §17, §18)",CONFIRMED_ABSENT,VERIFIED,2026-10-09,2026-10-09,,[Full trail in lease-clauses.csv notes and lease-clause-decision-log-RI.md.]
edu-no-holding-deposit-rule-ri,LANDLORD_EDUCATION,RI,"R.I. Gen. Laws § 34-18-59; R.I. Gen. Laws § 34-18-59(a); R.I. Gen. Laws § 34-18-11(16); R.I. Gen. Laws § 34-18-19(a); Absence: RI batteries named in the row's notes (RI log §17, §18)",CONFIRMED_ABSENT,VERIFIED,2026-10-09,2026-10-09,,[Full trail in lease-clauses.csv notes and lease-clause-decision-log-RI.md.]
edu-no-inspection-notice-penalty-ri,LANDLORD_EDUCATION,RI,"R.I. Gen. Laws § 23-24.6-28(o); R.I. Gen. Laws § 34-18-19(c); R.I. Gen. Laws § 34-18-19; R.I. Gen. Laws § 23-24.6-28; Absence: RI batteries named in the row's notes (RI log §17, §18)",CONFIRMED_ABSENT,NEEDS_REVIEW,2026-10-09,2026-10-09,,[Full trail in lease-clauses.csv notes and lease-clause-decision-log-RI.md.]
edu-no-nonrefundable-deposit-ri,LANDLORD_EDUCATION,RI,"R.I. Gen. Laws § 34-18-19(a); R.I. Gen. Laws § 34-18-19(b); R.I. Gen. Laws § 34-18-24; R.I. Gen. Laws § 34-18-19(c); R.I. Gen. Laws § 34-18-19(h); R.I. Gen. Laws § 34-18-11(16); R.I. Pub. L. 2026, chs. 147, 148; R.I. Gen. Laws § 34-18-15(a)(1); R.I. Gen. Laws § 34-18-59(a); R.I. Gen. Laws § 31-5.2-7.1; R.I. Gen. Laws § 44-57-1; R.I. Gen. Laws § 31-44-3.1; Absence: RI batteries named in the row's notes (RI log §17, §18)",CONFIRMED_ABSENT,VERIFIED,2026-10-09,2026-10-09,,[Full trail in lease-clauses.csv notes and lease-clause-decision-log-RI.md.]
edu-no-nonrefundable-deposit-separate-notice-ri,LANDLORD_EDUCATION,RI,"R.I. Gen. Laws § 34-18-19(a); R.I. Gen. Laws § 34-18-19(b); R.I. Gen. Laws § 34-18-15(a)(1); Absence: RI batteries named in the row's notes (RI log §17, §18)",CONFIRMED_ABSENT,VERIFIED,2026-10-09,2026-10-09,,[Full trail in lease-clauses.csv notes and lease-clause-decision-log-RI.md.]
edu-security-deposit-cap-ri,LANDLORD_EDUCATION,RI,R.I. Gen. Laws § 34-18-19(a); R.I. Gen. Laws § 34-18-19(e); R.I. Gen. Laws § 34-18-19(h); R.I. Gen. Laws § 34-37-4(d); R.I. Gen. Laws § 34-18-19(b); R.I. Gen. Laws § 34-37-4(e)(2); R.I. Gen. Laws § 34-18-38(d)(10); R.I. Gen. Laws § 31-44-7.1(2); R.I. Gen. Laws § 34-18-8; R.I. Gen. Laws § 6-51-3; R.I. Gen. Laws § 34-18-19; R.I. Gen. Laws § 34-18-38,CITED,VERIFIED,2026-10-09,2026-10-09,,[Full trail in lease-clauses.csv notes and lease-clause-decision-log-RI.md.]
edu-no-deposit-holding-rule-ri,LANDLORD_EDUCATION,RI,"R.I. Gen. Laws § 34-18-19(b); R.I. Gen. Laws § 5-20.5-26(a)(1)(i); R.I. Gen. Laws § 31-44-7.1(7); R.I. Gen. Laws § 34-37-4(d); R.I. Pub. L. 2026, chs. 202, 203, § 1; R.I. Gen. Laws § 19-35-2(10)(i)(B); R.I. Gen. Laws § 19-35-3(a); R.I. Gen. Laws § 31-44-7.1; R.I. Gen. Laws § 34-37-4; R.I. Gen. Laws § 5-20.5-26; Absence: RI batteries named in the row's notes (RI log §17, §18)",CONFIRMED_ABSENT,VERIFIED,2026-10-09,2026-10-09,,[Full trail in lease-clauses.csv notes and lease-clause-decision-log-RI.md.]
edu-no-deposit-interest-ri,LANDLORD_EDUCATION,RI,"R.I. Gen. Laws § 34-18-19(b); R.I. Gen. Laws § 34-18-19; R.I. Gen. Laws § 31-44-7.1(1); R.I. Gen. Laws § 34-37-4(d); R.I. Gen. Laws § 31-44-7.1; R.I. Gen. Laws § 34-37-4; R.I. Gen. Laws § 31-44-9.1; R.I. Gen. Laws § 45-47-3; Absence: RI batteries named in the row's notes (RI log §17, §18)",CONFIRMED_ABSENT,VERIFIED,2026-10-09,2026-10-09,,[Full trail in lease-clauses.csv notes and lease-clause-decision-log-RI.md.]
edu-deposit-nonwaiver-ri,LANDLORD_EDUCATION,RI,"R.I. Gen. Laws § 34-18-19(h); R.I. Gen. Laws § 34-18-17(a)(1); R.I. Gen. Laws § 34-18-19(a); R.I. Gen. Laws § 34-18-17(a); R.I. Gen. Laws § 34-18-11(14); R.I. Pub. L. 2026, chs. 147, 148",CITED,VERIFIED,2026-10-09,2026-10-09,,[Full trail in lease-clauses.csv notes and lease-clause-decision-log-RI.md.]
edu-deposit-on-sale-ri,LANDLORD_EDUCATION,RI,R.I. Gen. Laws § 34-18-19(g); R.I. Gen. Laws § 34-18-23(a)(1); R.I. Gen. Laws § 45-24.3-17; R.I. Gen. Laws § 45-24.3-17(j); R.I. Gen. Laws § 34-18-23(a)(2); R.I. Gen. Laws § 34-18-23(b); R.I. Gen. Laws § 34-18-19; R.I. Gen. Laws § 34-18-38.1; R.I. Gen. Laws § 34-18-38.2,CITED,VERIFIED,2026-10-09,2026-10-09,,[Full trail in lease-clauses.csv notes and lease-clause-decision-log-RI.md.]
edu-deposit-penalty-ri,LANDLORD_EDUCATION,RI,R.I. Gen. Laws § 34-18-19(c); R.I. Gen. Laws § 34-18-19(b); R.I. Gen. Laws § 34-18-19(d); R.I. Gen. Laws § 34-18-19(h); R.I. Gen. Laws § 34-18-17(b); R.I. Gen. Laws § 31-44-7.1(6),CITED,VERIFIED,2026-10-09,2026-10-09,,[Full trail in lease-clauses.csv notes and lease-clause-decision-log-RI.md.]
edu-security-deposit-return-ri,LANDLORD_EDUCATION,RI,"R.I. Gen. Laws § 34-18-19(b); R.I. Gen. Laws § 34-18-24; R.I. Gen. Laws § 34-18-19(f); R.I. Gen. Laws § 34-18-19(c); R.I. Gen. Laws § 34-18-14(b)(2); R.I. Gen. Laws § 34-18-38(d)(10); R.I. Gen. Laws § 34-18-19; R.I. Gen. Laws § 34-18-63(e); R.I. Pub. L. 2026, chs. 147, 148, § 2; R.I. Gen. Laws § 34-18-24(1)",CITED,VERIFIED,2026-10-09,2026-10-09,,[Full trail in lease-clauses.csv notes and lease-clause-decision-log-RI.md.]
edu-no-deposit-standards-rule-ri,LANDLORD_EDUCATION,RI,"R.I. Gen. Laws § 34-18-19(a); R.I. Gen. Laws § 34-37-4(a); R.I. Gen. Laws § 34-37-4(c); Absence: RI batteries named in the row's notes (RI log §17, §18)",CONFIRMED_ABSENT,VERIFIED,2026-10-09,2026-10-09,,[Full trail in lease-clauses.csv notes and lease-clause-decision-log-RI.md.]
edu-security-deposit-use-ri,LANDLORD_EDUCATION,RI,"R.I. Gen. Laws § 34-18-19(b); R.I. Gen. Laws § 34-18-24; R.I. Gen. Laws § 34-18-11(8); R.I. Pub. L. 2026, chs. 147, 148; R.I. Gen. Laws § 34-18-11(13); R.I. Gen. Laws § 34-18-38(d)(10); R.I. Gen. Laws § 23-24.6-28(o); R.I. Gen. Laws § 34-18-38; R.I. Gen. Laws § 23-24.6-28; R.I. Gen. Laws § 31-44-7.1; R.I. Gen. Laws § 34-18-63(e); R.I. Pub. L. 2026, chs. 147, 148, § 1",CITED,VERIFIED,2026-10-09,2026-10-09,,[Full trail in lease-clauses.csv notes and lease-clause-decision-log-RI.md.]
edu-no-utility-deposit-ri,LANDLORD_EDUCATION,RI,"R.I. Gen. Laws § 34-18-19(a); R.I. Gen. Laws § 34-18-19(b); R.I. Gen. Laws § 34-18-15(a)(3); R.I. Gen. Laws § 33-21.1-8; R.I. Gen. Laws § 39-26.2-7; R.I. Gen. Laws § 34-18-11(16); Absence: RI batteries named in the row's notes (RI log §17, §18)",CONFIRMED_ABSENT,VERIFIED,2026-10-09,2026-10-09,,[Full trail in lease-clauses.csv notes and lease-clause-decision-log-RI.md.]
edu-tenant-alterations-ri,LANDLORD_EDUCATION,RI,"R.I. Gen. Laws § 34-18-24(6); R.I. Gen. Laws § 34-37-4(d); R.I. Gen. Laws § 34-18-30(a); R.I. Gen. Laws § 34-18-22(a)(1); R.I. Gen. Laws § 34-18-65(b); R.I. Pub. L. 2026, chs. 147, 148, § 2; R.I. Gen. Laws § 39-19-10; R.I. Gen. Laws § 39-19-10.1; R.I. Gen. Laws § 34-18-22(c); R.I. Gen. Laws § 34-37-4; R.I. Gen. Laws § 9-1-5",CITED,VERIFIED,2026-10-09,2026-10-09,,[Full trail in lease-clauses.csv notes and lease-clause-decision-log-RI.md.]
bed-bug-cooperation-ri,LEASE_CLAUSE,RI,R.I. Gen. Laws § 34-18-26(a); R.I. Gen. Laws § 34-18-24(1); R.I. Gen. Laws § 45-24.3-6(i); R.I. Gen. Laws § 34-18-17(a)(1),CITED,VERIFIED,2026-10-09,2026-10-09,,[Full trail in lease-clauses.csv notes and lease-clause-decision-log-RI.md.]
edu-pest-treatment-ri,LANDLORD_EDUCATION,RI,"R.I. Gen. Laws § 45-24.3-6(i); R.I. Gen. Laws § 45-24.3-6(a); R.I. Gen. Laws § 45-24.3-4(a); R.I. Pub. L. 2026, chs. 327, 328; R.I. Gen. Laws § 34-18-24(1); R.I. Gen. Laws § 34-18-22(a)(1); R.I. Gen. Laws § 34-18-26(a); R.I. Gen. Laws § 34-18-46(a)(1); R.I. Gen. Laws § 34-18-22; R.I. Gen. Laws § 31-44-7; R.I. Gen. Laws § 34-18-46; Absence: RI batteries named in the row's notes (RI log §17, §18)",CONFIRMED_ABSENT,NEEDS_REVIEW,2026-10-09,2026-10-09,,[Full trail in lease-clauses.csv notes and lease-clause-decision-log-RI.md.]
edu-no-cold-weather-vacate-notice-ri,LANDLORD_EDUCATION,RI,"R.I. Gen. Laws § 34-18-27; R.I. Gen. Laws § 34-18-26(b); R.I. Gen. Laws § 34-18-40; Absence: RI batteries named in the row's notes (RI log §17, §18)",CONFIRMED_ABSENT,VERIFIED,2026-10-09,2026-10-09,,[Full trail in lease-clauses.csv notes and lease-clause-decision-log-RI.md.]
edu-common-area-lighting-ri,LANDLORD_EDUCATION,RI,R.I. Gen. Laws § 45-24.3-8(a); R.I. Gen. Laws § 45-24.3-5(25); R.I. Gen. Laws § 34-18-22(a)(3); R.I. Gen. Laws § 34-18-15(a)(3); R.I. Gen. Laws § 45-24.3-8; R.I. Gen. Laws § 34-18-15(a)(1),CITED,VERIFIED,2026-10-09,2026-10-09,,[Full trail in lease-clauses.csv notes and lease-clause-decision-log-RI.md.]
no-liens-ri,LEASE_CLAUSE,RI,R.I. Gen. Laws § 34-28-2; R.I. Gen. Laws § 34-18-17(a)(4); R.I. Gen. Laws § 34-28-4.1,CITED,VERIFIED,2026-10-09,2026-10-09,,[Full trail in lease-clauses.csv notes and lease-clause-decision-log-RI.md.]
edu-construction-liens-ri,LANDLORD_EDUCATION,RI,R.I. Gen. Laws § 34-28-2; R.I. Gen. Laws § 34-28-4.1; R.I. Gen. Laws § 34-28-1,CITED,VERIFIED,2026-10-09,2026-10-09,,[Full trail in lease-clauses.csv notes and lease-clause-decision-log-RI.md.]
edu-disturbance-ri,LANDLORD_EDUCATION,RI,R.I. Gen. Laws § 34-18-24(7); R.I. Gen. Laws § 34-18-36(a)(3); R.I. Gen. Laws § 34-18-56(b); R.I. Gen. Laws § 34-18-36(a); R.I. Gen. Laws § 34-18-24; R.I. Gen. Laws § 34-37-4(n); R.I. Gen. Laws § 34-18-24(8),CITED,VERIFIED,2026-10-09,2026-10-09,,[Full trail in lease-clauses.csv notes and lease-clause-decision-log-RI.md.]
edu-existing-condition-ri,LANDLORD_EDUCATION,RI,R.I. Gen. Laws § 34-18-22(a)(1); R.I. Gen. Laws § 34-18-18; R.I. Gen. Laws § 34-18-22(a); R.I. Gen. Laws § 34-18-17(a)(1); R.I. Gen. Laws § 45-24.3-6(a); R.I. Gen. Laws § 34-18-22.1(b),CITED,VERIFIED,2026-10-09,2026-10-09,,[Full trail in lease-clauses.csv notes and lease-clause-decision-log-RI.md.]
edu-extended-absence-ri,LANDLORD_EDUCATION,RI,"R.I. Gen. Laws § 34-18-27; R.I. Gen. Laws § 34-18-26(b); R.I. Gen. Laws § 34-18-11; R.I. Pub. L. 2026, chs. 147, 148; R.I. Gen. Laws § 34-18-40",CITED,VERIFIED,2026-10-09,2026-10-09,,[Full trail in lease-clauses.csv notes and lease-clause-decision-log-RI.md.]
edu-no-family-child-care-rule-ri,LANDLORD_EDUCATION,RI,"R.I. Gen. Laws § 34-18-27; R.I. Gen. Laws § 34-37-4(a); R.I. Gen. Laws § 23-28.1-5; R.I. Gen. Laws § 31-22-11.6; R.I. Gen. Laws § 45-24-31; R.I. Gen. Laws § 45-24-37; 216-RICR-50-15-3; R.I. Gen. Laws § 45-24-37(b)(3); R.I. Pub. L. 2026, chs. 243, 245, § 1; R.I. Gen. Laws § 45-24-30; R.I. Gen. Laws § 34-37-4; Absence: RI batteries named in the row's notes (RI log §17, §18)",CONFIRMED_ABSENT,VERIFIED,2026-10-09,2026-10-09,,[Full trail in lease-clauses.csv notes and lease-clause-decision-log-RI.md.]
edu-no-home-business-rule-ri,LANDLORD_EDUCATION,RI,"R.I. Gen. Laws § 34-18-27; R.I. Gen. Laws § 34-18-24(7); R.I. Gen. Laws § 45-24-37; R.I. Gen. Laws § 45-24-31; R.I. Gen. Laws § 45-24-37(b)(4); R.I. Gen. Laws § 34-18-24; Absence: RI batteries named in the row's notes (RI log §17, §18)",CONFIRMED_ABSENT,VERIFIED,2026-10-09,2026-10-09,,[Full trail in lease-clauses.csv notes and lease-clause-decision-log-RI.md.]
edu-joint-liability-ri,LANDLORD_EDUCATION,RI,"R.I. Gen. Laws § 34-18-38; R.I. Gen. Laws § 34-18-63(d); R.I. Pub. L. 2026, chs. 147, 148, § 2; R.I. Gen. Laws § 34-18-63(f); R.I. Gen. Laws § 34-18-15(f)(6); R.I. Gen. Laws § 34-18-38(d)(8)",CITED,VERIFIED,2026-10-09,2026-10-09,,[Full trail in lease-clauses.csv notes and lease-clause-decision-log-RI.md.]
edu-landscaping-ri,LANDLORD_EDUCATION,RI,"R.I. Gen. Laws § 34-18-22(c); R.I. Gen. Laws § 34-18-22(a)(3); R.I. Gen. Laws § 34-18-11(12); R.I. Pub. L. 2026, chs. 147, 148; R.I. Gen. Laws § 34-18-11; R.I. Gen. Laws § 31-44-7",CITED,VERIFIED,2026-10-09,2026-10-09,,[Full trail in lease-clauses.csv notes and lease-clause-decision-log-RI.md.]
edu-municipal-utility-lien-ri,LANDLORD_EDUCATION,RI,"R.I. Gen. Laws § 39-15-12; R.I. Gen. Laws § 45-48-5; R.I. Pub. L. 2026, chs. 272, 273; R.I. Gen. Laws § 34-18-15(a)(3)",CITED,VERIFIED,2026-10-09,2026-10-09,,[Full trail in lease-clauses.csv notes and lease-clause-decision-log-RI.md.]
edu-occupancy-limits-ri,LANDLORD_EDUCATION,RI,"R.I. Gen. Laws § 45-24.3-11; R.I. Gen. Laws § 34-37-4(a); R.I. Pub. L. 2026, chs. 147, 148, § 1; R.I. Gen. Laws § 34-18-11(9); R.I. Gen. Laws § 34-18-36(f)",CITED,VERIFIED,2026-10-09,2026-10-09,,[Full trail in lease-clauses.csv notes and lease-clause-decision-log-RI.md.]
edu-tenant-prohibited-acts-ri,LANDLORD_EDUCATION,RI,R.I. Gen. Laws § 34-18-24(6); R.I. Gen. Laws § 21-28-4.06; R.I. Gen. Laws § 21-28-4.06(a); R.I. Gen. Laws § 34-18-36(a); R.I. Gen. Laws § 34-18-24(8); R.I. Gen. Laws § 34-18-24,CITED,VERIFIED,2026-10-09,2026-10-09,,[Full trail in lease-clauses.csv notes and lease-clause-decision-log-RI.md.]
edu-no-purpose-limitation-ri,LANDLORD_EDUCATION,RI,"R.I. Gen. Laws § 11-19-23; R.I. Gen. Laws § 11-30-6; R.I. Gen. Laws § 11-30-1; R.I. Gen. Laws § 11-30-2; R.I. Gen. Laws § 34-18-44; R.I. Gen. Laws § 34-18-27; R.I. Gen. Laws § 34-18-36(a); R.I. Gen. Laws § 34-18-24(8); R.I. Gen. Laws § 34-18-38.1; R.I. Gen. Laws § 34-18-38.2; R.I. Gen. Laws § 45-25-18.1; Absence: RI batteries named in the row's notes (RI log §17, §18)",CONFIRMED_ABSENT,VERIFIED,2026-10-09,2026-10-09,,[Full trail in lease-clauses.csv notes and lease-clause-decision-log-RI.md.]
edu-smoking-policy-ri,LANDLORD_EDUCATION,RI,"R.I. Gen. Laws § 23-20.10-3; R.I. Gen. Laws § 23-20.10-2; R.I. Pub. L. 2025, chs. 444, 445; R.I. Gen. Laws § 23-20.10-6(a)(1); R.I. Gen. Laws § 23-20.10-7(a); R.I. Gen. Laws § 21-28.11-29(h); R.I. Gen. Laws § 34-18-11; R.I. Gen. Laws § 21-28.6-4(d); R.I. Gen. Laws § 23-20.10-10; R.I. Gen. Laws § 21-28.11-29",CITED,VERIFIED,2026-10-09,2026-10-09,,[Full trail in lease-clauses.csv notes and lease-clause-decision-log-RI.md.]
edu-sublet-assign-ri,LANDLORD_EDUCATION,RI,"R.I. Gen. Laws § 34-18-11; R.I. Gen. Laws § 34-45-4; R.I. Gen. Laws § 34-18-26; R.I. Gen. Laws § 34-18-11(7); R.I. Pub. L. 2026, chs. 147, 148; R.I. Gen. Laws § 34-18-36(a); R.I. Gen. Laws § 42-63.1-14(b); R.I. Pub. L. 2026, chs. 165, 166; R.I. Gen. Laws § 42-63.1-14(l)",CITED,VERIFIED,2026-10-09,2026-10-09,,[Full trail in lease-clauses.csv notes and lease-clause-decision-log-RI.md.]
edu-no-tenant-forward-duty-ri,LANDLORD_EDUCATION,RI,"R.I. Gen. Laws § 34-18-19; R.I. Gen. Laws § 34-18-38.2; 860-RICR-00-00-2; R.I. Gen. Laws § 34-18-20(a)(2); Absence: RI batteries named in the row's notes (RI log §17, §18)",CONFIRMED_ABSENT,VERIFIED,2026-10-09,2026-10-09,,[Full trail in lease-clauses.csv notes and lease-clause-decision-log-RI.md.]
edu-no-tenant-insurance-claim-rule-ri,LANDLORD_EDUCATION,RI,"R.I. Gen. Laws § 34-18-15(a)(4); R.I. Gen. Laws § 34-18-18; R.I. Gen. Laws § 34-18-22(a); R.I. Gen. Laws § 34-18-17(a)(4); R.I. Gen. Laws § 34-18-36(d); R.I. Gen. Laws § 34-18-15; Absence: RI batteries named in the row's notes (RI log §17, §18)",CONFIRMED_ABSENT,VERIFIED,2026-10-09,2026-10-09,,[Full trail in lease-clauses.csv notes and lease-clause-decision-log-RI.md.]
edu-tenant-maintenance-agreement-ri,LANDLORD_EDUCATION,RI,R.I. Gen. Laws § 34-18-22(c); R.I. Gen. Laws § 34-18-22(a)(1); R.I. Gen. Laws § 34-18-24(2); R.I. Gen. Laws § 34-18-39; R.I. Gen. Laws § 34-18-24; R.I. Gen. Laws § 34-18-18; R.I. Gen. Laws § 34-18-22(a); R.I. Gen. Laws § 23-1-5.3(6)(iv),CITED,VERIFIED,2026-10-09,2026-10-09,,[Full trail in lease-clauses.csv notes and lease-clause-decision-log-RI.md.]
edu-tenant-statutory-duties-ri,LANDLORD_EDUCATION,RI,R.I. Gen. Laws § 34-18-24; R.I. Gen. Laws § 45-24.3-6(c); R.I. Gen. Laws § 34-18-26(a); R.I. Gen. Laws § 34-18-27; R.I. Gen. Laws § 34-18-24(6); R.I. Gen. Laws § 34-18-36; R.I. Gen. Laws § 34-18-39,CITED,VERIFIED,2026-10-09,2026-10-09,,[Full trail in lease-clauses.csv notes and lease-clause-decision-log-RI.md.]
edu-utilities-responsibility-ri,LANDLORD_EDUCATION,RI,R.I. Gen. Laws § 34-18-15(a)(3); R.I. Gen. Laws § 34-18-22(a)(6); R.I. Gen. Laws § 45-24.3-7; R.I. Gen. Laws § 45-24.3-9; R.I. Gen. Laws § 34-18-31(a),CITED,VERIFIED,2026-10-09,2026-10-09,,[Full trail in lease-clauses.csv notes and lease-clause-decision-log-RI.md.]
edu-no-submeter-interruption-ri,LANDLORD_EDUCATION,RI,"R.I. Gen. Laws § 34-18-44; R.I. Gen. Laws § 34-18-34; R.I. Gen. Laws § 39-3-7.1; R.I. Gen. Laws § 31-44-3; R.I. Gen. Laws § 34-18-15(a)(3); R.I. Gen. Laws § 34-18-15; Absence: RI batteries named in the row's notes (RI log §17, §18)",CONFIRMED_ABSENT,VERIFIED,2026-10-09,2026-10-09,,[Full trail in lease-clauses.csv notes and lease-clause-decision-log-RI.md.]
edu-utility-service-continuity-ri,LANDLORD_EDUCATION,RI,R.I. Gen. Laws § 34-18-44; R.I. Gen. Laws § 34-18-31(a); R.I. Gen. Laws § 39-1.1-1(a); R.I. Gen. Laws § 39-2-1.1; R.I. Gen. Laws § 23-24.6-28; R.I. Gen. Laws § 45-6-9(c); R.I. Gen. Laws § 46-25-22.1(d); R.I. Gen. Laws § 39-1.1-2.1; R.I. Gen. Laws § 39-1-63,CITED,VERIFIED,2026-10-09,2026-10-09,,[Full trail in lease-clauses.csv notes and lease-clause-decision-log-RI.md.]
edu-alarm-duties-ri,LANDLORD_EDUCATION,RI,"R.I. Gen. Laws § 23-28.1-2(a); R.I. Gen. Laws § 23-28.25-1; R.I. Gen. Laws § 23-28.1-6(a); R.I. Gen. Laws § 23-28.1-10; R.I. Gen. Laws § 34-18-22(a)(1); R.I. Gen. Laws § 34-18-11(3); R.I. Pub. L. 2026, chs. 147, 148; R.I. Gen. Laws § 34-18-24(1); R.I. Gen. Laws § 23-28.13-34",CITED,NEEDS_REVIEW,2026-10-09,2026-10-09,,[Full trail in lease-clauses.csv notes and lease-clause-decision-log-RI.md.]
edu-no-alarm-tampering-fee-ri,LANDLORD_EDUCATION,RI,"R.I. Gen. Laws § 11-4-10; R.I. Gen. Laws § 34-18-24(6); R.I. Gen. Laws § 34-18-15(a)(1); R.I. Gen. Laws § 34-18-22(a)(1); Absence: RI batteries named in the row's notes (RI log §17, §18)",CONFIRMED_ABSENT,VERIFIED,2026-10-09,2026-10-09,,[Full trail in lease-clauses.csv notes and lease-clause-decision-log-RI.md.]
edu-alt-housing-ri,LANDLORD_EDUCATION,RI,R.I. Gen. Laws § 34-18-31(a)(3); R.I. Gen. Laws § 34-18-33(a)(1); R.I. Gen. Laws § 34-18-19; R.I. Gen. Laws § 23-24.6-17(a)(3); R.I. Gen. Laws § 34-45-11; R.I. Gen. Laws § 34-18-31; R.I. Gen. Laws § 31-44-3.2,CITED,VERIFIED,2026-10-09,2026-10-09,,[Full trail in lease-clauses.csv notes and lease-clause-decision-log-RI.md.]
appliances-excluded-ri,LEASE_CLAUSE,RI,R.I. Gen. Laws § 34-18-22(a)(4); R.I. Gen. Laws § 45-24.3-7(1)(iii); R.I. Gen. Laws § 34-18-18; R.I. Gen. Laws § 34-18-22(a),CITED,VERIFIED,2026-10-09,2026-10-09,,[Full trail in lease-clauses.csv notes and lease-clause-decision-log-RI.md.]
edu-appliances-excluded-ri,LANDLORD_EDUCATION,RI,R.I. Gen. Laws § 34-18-22(a)(4); R.I. Gen. Laws § 45-24.3-7(1)(iii); R.I. Gen. Laws § 45-24.3-7(1); R.I. Gen. Laws § 34-18-18; R.I. Gen. Laws § 34-18-22(a); R.I. Gen. Laws § 34-18-17(a)(1); R.I. Gen. Laws § 34-18-22; R.I. Gen. Laws § 45-24.3-7,CITED,VERIFIED,2026-10-09,2026-10-09,,[Full trail in lease-clauses.csv notes and lease-clause-decision-log-RI.md.]
furnishings-included-ri,LEASE_CLAUSE,RI,R.I. Gen. Laws § 34-18-19(e); R.I. Gen. Laws § 34-18-19(f); R.I. Gen. Laws § 34-18-19(h); R.I. Gen. Laws § 34-18-19(a); R.I. Gen. Laws § 34-18-22(a)(4); R.I. Gen. Laws § 34-18-19,CITED,VERIFIED,2026-10-09,2026-10-09,,[Full trail in lease-clauses.csv notes and lease-clause-decision-log-RI.md.]
edu-heating-ri,LANDLORD_EDUCATION,RI,"R.I. Gen. Laws § 34-18-22(a)(6); R.I. Gen. Laws § 45-24.3-9; R.I. Gen. Laws § 45-24.3-9(1); R.I. Gen. Laws § 45-24.3-9(2); R.I. Gen. Laws § 45-24.3-9.2; R.I. Gen. Laws § 45-24.3-9.2(a); R.I. Gen. Laws § 34-18-22(a)(4); R.I. Gen. Laws § 34-18-22(b); R.I. Gen. Laws § 34-18-22(c)(2); R.I. Gen. Laws § 34-18-15(a)(3); R.I. Gen. Laws § 34-18-31(a)(1); R.I. Gen. Laws § 34-18-22; R.I. Gen. Laws § 34-18-34; R.I. Gen. Laws § 45-24.3-4; R.I. Pub. L. 2026, chs. 327, 328, § 6; R.I. Gen. Laws § 34-18-31",CITED,VERIFIED,2026-10-09,2026-10-09,,[Full trail in lease-clauses.csv notes and lease-clause-decision-log-RI.md.]
edu-landlord-maintenance-ri,LANDLORD_EDUCATION,RI,R.I. Gen. Laws § 34-18-22(a)(1); R.I. Gen. Laws § 45-24.3-6; R.I. Gen. Laws § 34-18-22(b); R.I. Gen. Laws § 45-24.3-5(19); R.I. Gen. Laws § 45-24.3-6(a); R.I. Gen. Laws § 45-24.3-6(f); R.I. Gen. Laws § 34-18-22(a)(5); R.I. Gen. Laws § 34-18-18; R.I. Gen. Laws § 34-18-22(a); R.I. Gen. Laws § 34-18-17(a)(1); R.I. Gen. Laws § 34-18-22(c); R.I. Gen. Laws § 34-18-28; R.I. Gen. Laws § 34-18-22; R.I. Gen. Laws § 34-18-8,CITED,VERIFIED,2026-10-09,2026-10-09,,[Full trail in lease-clauses.csv notes and lease-clause-decision-log-RI.md.]
edu-rent-suspension-code-order-ri,LANDLORD_EDUCATION,RI,R.I. Gen. Laws § 45-24.3-19(f); R.I. Gen. Laws § 45-24.3-19(b)(1); R.I. Gen. Laws § 45-24.2-11; R.I. Gen. Laws § 45-24.2-3(a); R.I. Gen. Laws § 45-24.3-21(c)(4); R.I. Gen. Laws § 34-18-32; R.I. Gen. Laws § 34-37-4; R.I. Gen. Laws § 45-24.3-19; R.I. Gen. Laws § 45-24.2-12; R.I. Gen. Laws § 34-18.1-8; R.I. Gen. Laws § 34-18.1-1; R.I. Gen. Laws § 42-128.1-14,CITED,VERIFIED,2026-10-09,2026-10-09,,[Full trail in lease-clauses.csv notes and lease-clause-decision-log-RI.md.]
edu-condemned-premises-ri,LANDLORD_EDUCATION,RI,R.I. Gen. Laws § 45-24.3-19(b)(1); R.I. Gen. Laws § 45-24.3-19(b)(2); R.I. Gen. Laws § 45-24.3-21; R.I. Gen. Laws § 45-24.3-19(d); R.I. Gen. Laws § 45-24.2-12(a); R.I. Gen. Laws § 34-18-22.2; R.I. Gen. Laws § 45-24.3-17(j); R.I. Gen. Laws § 45-24.3-19(f); R.I. Gen. Laws § 45-24.2-11; R.I. Gen. Laws § 45-24.3-21(c)(4); R.I. Gen. Laws § 45-24.3-21(a); R.I. Gen. Laws § 34-18.1-8; R.I. Gen. Laws § 34-18.1-1; R.I. Gen. Laws § 34-18-33,CITED,VERIFIED,2026-10-09,2026-10-09,,[Full trail in lease-clauses.csv notes and lease-clause-decision-log-RI.md.]
edu-tenant-repair-remedies-ri,LANDLORD_EDUCATION,RI,"R.I. Gen. Laws § 34-18-28(a); R.I. Gen. Laws § 34-18-22; R.I. Gen. Laws § 34-18-28(a)(1); R.I. Gen. Laws § 34-18-30(a); R.I. Gen. Laws § 34-18-22(a)(1); R.I. Gen. Laws § 34-18-30(b); R.I. Pub. L. 2023, chs. 286, 287; R.I. Gen. Laws § 34-18-31; R.I. Gen. Laws § 34-18-31(c); R.I. Gen. Laws § 34-18-28; R.I. Gen. Laws § 34-18-30; R.I. Gen. Laws § 34-18-32; R.I. Gen. Laws § 45-24.3-19(f); R.I. Gen. Laws § 45-24.2-11; R.I. Gen. Laws § 42-128.1-14",CITED,VERIFIED,2026-10-09,2026-10-09,,[Full trail in lease-clauses.csv notes and lease-clause-decision-log-RI.md.]
edu-no-small-landlord-remedy-exemption-ri,LANDLORD_EDUCATION,RI,"R.I. Gen. Laws § 34-18-8; R.I. Gen. Laws § 34-18-28; R.I. Gen. Laws § 34-18-17(a)(1); R.I. Gen. Laws § 34-18-38.1; R.I. Gen. Laws § 34-18-38.1(6); R.I. Gen. Laws § 34-18-61; Absence: RI batteries named in the row's notes (RI log §17, §18)",CONFIRMED_ABSENT,VERIFIED,2026-10-09,2026-10-09,,[Full trail in lease-clauses.csv notes and lease-clause-decision-log-RI.md.]
edu-habitability-waiver-ri,LANDLORD_EDUCATION,RI,R.I. Gen. Laws § 34-18-17(a); R.I. Gen. Laws § 34-18-17(b); R.I. Gen. Laws § 34-18-18; R.I. Gen. Laws § 34-18-22(a); R.I. Gen. Laws § 34-18-22(c); R.I. Gen. Laws § 45-24.3-6(g); R.I. Gen. Laws § 34-18-13(a)(2); R.I. Gen. Laws § 34-18-22(c)(2),CITED,VERIFIED,2026-10-09,2026-10-09,,[Full trail in lease-clauses.csv notes and lease-clause-decision-log-RI.md.]
edu-no-habitability-presumption-ri,LANDLORD_EDUCATION,RI,"R.I. Gen. Laws § 34-18-22; R.I. Gen. Laws § 34-18-46; R.I. Gen. Laws § 42-128.1-4; R.I. Gen. Laws § 34-18-46(b); R.I. Gen. Laws § 34-18-46(a)(1); Absence: RI batteries named in the row's notes (RI log §17, §18)",CONFIRMED_ABSENT,VERIFIED,2026-10-09,2026-10-09,,[Full trail in lease-clauses.csv notes and lease-clause-decision-log-RI.md.]
edu-no-habitability-lease-statement-ri,LANDLORD_EDUCATION,RI,"R.I. Gen. Laws § 34-18-21; R.I. Gen. Laws § 34-18-22; R.I. Gen. Laws § 34-18-22(a)(1); R.I. Gen. Laws § 45-24.3-6(a); R.I. Gen. Laws § 34-18-17(a)(1); R.I. Gen. Laws § 34-18-18; R.I. Gen. Laws § 34-18-15(a)(1); R.I. Gen. Laws § 34-18-22(a)(7); R.I. Gen. Laws § 34-18-15; R.I. Gen. Laws § 34-18-56; R.I. Gen. Laws § 45-24.2-3; Absence: RI batteries named in the row's notes (RI log §17, §18)",CONFIRMED_ABSENT,VERIFIED,2026-10-09,2026-10-09,,[Full trail in lease-clauses.csv notes and lease-clause-decision-log-RI.md.]
landlord-self-cure-ri,LEASE_CLAUSE,RI,R.I. Gen. Laws § 34-18-39; R.I. Gen. Laws § 34-18-24; R.I. Gen. Laws § 34-18-24(1); R.I. Gen. Laws § 34-18-26; R.I. Gen. Laws § 34-18-26(c); R.I. Gen. Laws § 34-18-26(d)(2); R.I. Gen. Laws § 34-18-22; R.I. Gen. Laws § 34-18-17(a)(3),CITED,VERIFIED,2026-10-09,2026-10-09,,[Full trail in lease-clauses.csv notes and lease-clause-decision-log-RI.md.]
edu-quiet-possession-ri,LANDLORD_EDUCATION,RI,"R.I. Gen. Laws § 34-18-24(7); R.I. Gen. Laws § 34-18-21; R.I. Gen. Laws § 34-18-22; R.I. Gen. Laws § 34-18-44; R.I. Gen. Laws § 34-18-34; R.I. Gen. Laws § 34-18-26(c); R.I. Gen. Laws § 34-18-45(b); R.I. Gen. Laws § 34-18-24; Absence: RI batteries named in the row's notes (RI log §17, §18)",CONFIRMED_ABSENT,VERIFIED,2026-10-09,2026-10-09,,[Full trail in lease-clauses.csv notes and lease-clause-decision-log-RI.md.]
edu-no-double-letting-ri,LANDLORD_EDUCATION,RI,"R.I. Gen. Laws § 34-18-29(a); R.I. Gen. Laws § 34-18-21; R.I. Gen. Laws § 34-18-29(b); R.I. Gen. Laws § 34-18-29; Absence: RI batteries named in the row's notes (RI log §17, §18)",CONFIRMED_ABSENT,VERIFIED,2026-10-09,2026-10-09,,[Full trail in lease-clauses.csv notes and lease-clause-decision-log-RI.md.]
edu-repair-notice-ri,LANDLORD_EDUCATION,RI,R.I. Gen. Laws § 34-18-28(a); R.I. Gen. Laws § 34-18-30(a)(1); R.I. Gen. Laws § 34-18-31(a); R.I. Gen. Laws § 34-18-46(a)(2); R.I. Gen. Laws § 34-18-22; R.I. Gen. Laws § 34-18-14(a)(1); R.I. Gen. Laws § 34-18-14(b)(1); R.I. Gen. Laws § 34-18-17(a)(1); R.I. Gen. Laws § 34-18-31; R.I. Gen. Laws § 34-18-28; R.I. Gen. Laws § 34-18-30,CITED,VERIFIED,2026-10-09,2026-10-09,,[Full trail in lease-clauses.csv notes and lease-clause-decision-log-RI.md.]
edu-no-designated-repairer-ri,LANDLORD_EDUCATION,RI,"R.I. Gen. Laws § 34-18-30(a); R.I. Gen. Laws § 34-18-39; R.I. Gen. Laws § 34-18-17(a)(1); R.I. Gen. Laws § 34-18-30; Absence: RI batteries named in the row's notes (RI log §17, §18)",CONFIRMED_ABSENT,VERIFIED,2026-10-09,2026-10-09,,[Full trail in lease-clauses.csv notes and lease-clause-decision-log-RI.md.]
edu-no-repair-cost-termination-ri,LANDLORD_EDUCATION,RI,"R.I. Gen. Laws § 34-18-33(a); R.I. Gen. Laws § 34-18-33(b); R.I. Gen. Laws § 34-18-17(a)(1); R.I. Gen. Laws § 45-24.3-19(a)(1); R.I. Gen. Laws § 45-24.3-19(c)(1); R.I. Gen. Laws § 45-24.3-19; R.I. Gen. Laws § 34-18-36; Absence: RI batteries named in the row's notes (RI log §17, §18)",CONFIRMED_ABSENT,VERIFIED,2026-10-09,2026-10-09,,[Full trail in lease-clauses.csv notes and lease-clause-decision-log-RI.md.]
edu-no-promises-to-repair-rule-ri,LANDLORD_EDUCATION,RI,"R.I. Gen. Laws § 34-18-11(14); R.I. Gen. Laws § 34-18-25; R.I. Pub. L. 2026, chs. 147, 148, § 1; R.I. Gen. Laws § 34-18-21; R.I. Gen. Laws § 34-18-22; R.I. Gen. Laws § 34-18-28(a); R.I. Gen. Laws § 34-18-26(a); R.I. Gen. Laws § 34-18-26; Absence: RI batteries named in the row's notes (RI log §17, §18)",CONFIRMED_ABSENT,VERIFIED,2026-10-09,2026-10-09,,[Full trail in lease-clauses.csv notes and lease-clause-decision-log-RI.md.]
edu-no-balcony-inspection-ri,LANDLORD_EDUCATION,RI,"R.I. Gen. Laws § 34-18-22(a)(1); R.I. Gen. Laws § 45-24.3-10(1); R.I. Gen. Laws § 23-27.3-111.4; R.I. Gen. Laws § 23-27.3-121.4; R.I. Gen. Laws § 45-24.2-3(b)(3); R.I. Gen. Laws § 45-24.2-3; R.I. Gen. Laws § 45-24.3-10; Absence: RI batteries named in the row's notes (RI log §17, §18)",CONFIRMED_ABSENT,VERIFIED,2026-10-09,2026-10-09,,[Full trail in lease-clauses.csv notes and lease-clause-decision-log-RI.md.]
edu-no-emergency-contact-rule-ri,LANDLORD_EDUCATION,RI,"R.I. Gen. Laws § 34-18-20(a); R.I. Gen. Laws § 34-18-20(b); R.I. Gen. Laws § 34-18-30(a)(2); R.I. Gen. Laws § 34-18-31(a); R.I. Gen. Laws § 34-18-20; R.I. Gen. Laws § 34-18-58; R.I. Gen. Laws § 34-18-57; R.I. Gen. Laws § 34-18-38.2; Absence: RI batteries named in the row's notes (RI log §17, §18)",CONFIRMED_ABSENT,VERIFIED,2026-10-09,2026-10-09,,[Full trail in lease-clauses.csv notes and lease-clause-decision-log-RI.md.]
edu-telecom-access-ri,LANDLORD_EDUCATION,RI,R.I. Gen. Laws § 39-19-10; R.I. Gen. Laws § 39-19-10(1); R.I. Gen. Laws § 39-19-10.1; R.I. Gen. Laws § 39-19-1; 47 C.F.R. § 1.4000,CITED,VERIFIED,2026-10-09,2026-10-09,,[Full trail in lease-clauses.csv notes and lease-clause-decision-log-RI.md.]
edu-no-utility-allowance-rule-ri,LANDLORD_EDUCATION,RI,"R.I. Gen. Laws § 34-18-15(a)(1); R.I. Gen. Laws § 34-18-15(a)(3); R.I. Gen. Laws § 34-18-15(a)(5); R.I. Gen. Laws § 39-3-7.1; R.I. Gen. Laws § 34-18-44; Absence: RI batteries named in the row's notes (RI log §17, §18)",CONFIRMED_ABSENT,VERIFIED,2026-10-09,2026-10-09,,[Full trail in lease-clauses.csv notes and lease-clause-decision-log-RI.md.]
edu-no-security-devices-rule-ri,LANDLORD_EDUCATION,RI,"R.I. Gen. Laws § 34-18-22(a)(1); R.I. Gen. Laws § 34-18-65; R.I. Pub. L. 2026, chs. 147, 148, § 2; R.I. Pub. L. 2026, chs. 147, 148; R.I. Gen. Laws § 34-18-22; Absence: RI batteries named in the row's notes (RI log §17, §18)",CONFIRMED_ABSENT,VERIFIED,2026-10-09,2026-10-09,,[Full trail in lease-clauses.csv notes and lease-clause-decision-log-RI.md.]
edu-disability-accommodation-ri,LANDLORD_EDUCATION,RI,R.I. Gen. Laws § 34-37-4(e)(1); R.I. Gen. Laws § 34-37-4(d); R.I. Gen. Laws § 34-18-19(a); R.I. Gen. Laws § 34-18-19(b); R.I. Gen. Laws § 34-37-4(j); R.I. Gen. Laws § 34-37-4(n); R.I. Gen. Laws § 34-18-24(7); R.I. Gen. Laws § 34-37-4(e)(2); R.I. Gen. Laws § 34-37-4; R.I. Gen. Laws § 34-18-19(c); 42 U.S.C. § 3604,CITED,VERIFIED,2026-10-09,2026-10-09,,[Full trail in lease-clauses.csv notes and lease-clause-decision-log-RI.md.]
edu-abandoned-building-receivership-ri,LANDLORD_EDUCATION,RI,"R.I. Gen. Laws § 34-44-2(1); R.I. Gen. Laws § 34-44-3(a); R.I. Gen. Laws § 34-44-4(a); R.I. Gen. Laws § 34-44-6(1); R.I. Gen. Laws § 23-24.6-23(d); R.I. Gen. Laws § 34-44-2; R.I. Gen. Laws § 23-24.6-23; R.I. Pub. L. 2026, chs. 157, 158; R.I. Gen. Laws § 34-44-1.1; R.I. Gen. Laws § 34-44-12",CITED,NEEDS_REVIEW,2026-10-09,2026-10-09,,[Full trail in lease-clauses.csv notes and lease-clause-decision-log-RI.md.]
edu-rental-inspection-ri,LANDLORD_EDUCATION,RI,R.I. Gen. Laws § 45-24.3-14(a); R.I. Gen. Laws § 45-24.3-15(a); R.I. Gen. Laws § 45-24.3-19(a)(3); R.I. Gen. Laws § 34-18-26(a); R.I. Gen. Laws § 34-18-39; R.I. Gen. Laws § 34-18-26(d); R.I. Gen. Laws § 34-18-17(a)(1); R.I. Gen. Laws § 45-24.2-3(b)(6); R.I. Gen. Laws § 34-18-58,CITED,VERIFIED,2026-10-09,2026-10-09,,[Full trail in lease-clauses.csv notes and lease-clause-decision-log-RI.md.]
edu-pool-safety-ri,LANDLORD_EDUCATION,RI,R.I. Gen. Laws § 23-22-1(b); R.I. Gen. Laws § 23-22-6(a); R.I. Gen. Laws § 23-22-6(b); R.I. Gen. Laws § 23-22-2; R.I. Gen. Laws § 23-22-3; R.I. Gen. Laws § 23-22-15; R.I. Gen. Laws § 23-22.5-1(a),CITED,VERIFIED,2026-10-09,2026-10-09,,[Full trail in lease-clauses.csv notes and lease-clause-decision-log-RI.md.]
edu-fire-code-standard-ri,LANDLORD_EDUCATION,RI,"R.I. Gen. Laws § 23-28.1-2(a); R.I. Gen. Laws § 23-28.1-2(b)(2)(i); R.I. Gen. Laws § 23-28.1-6(a); R.I. Pub. L. 2026, chs. 327, 328, § 3; R.I. Gen. Laws § 23-28.1-6(d); R.I. Gen. Laws § 34-18-11(3); R.I. Pub. L. 2026, chs. 147, 148, § 1; R.I. Gen. Laws § 34-18-22(a)(1); R.I. Gen. Laws § 45-24.3-10(20)",CITED,VERIFIED,2026-10-09,2026-10-09,,[Full trail in lease-clauses.csv notes and lease-clause-decision-log-RI.md.]
edu-no-disaster-tenancy-rule-ri,LANDLORD_EDUCATION,RI,"R.I. Gen. Laws § 34-18-33(a)(1); R.I. Gen. Laws § 34-18-22(a); R.I. Gen. Laws § 34-18-31; R.I. Gen. Laws § 45-24.3-19(b); R.I. Gen. Laws § 34-18-17(a)(1); R.I. Gen. Laws § 34-18.1-8; R.I. Gen. Laws § 34-18.1-1; R.I. Gen. Laws § 34-18-33; Absence: RI batteries named in the row's notes (RI log §17, §18)",CONFIRMED_ABSENT,VERIFIED,2026-10-09,2026-10-09,,[Full trail in lease-clauses.csv notes and lease-clause-decision-log-RI.md.]
edu-no-health-district-rules-ri,LANDLORD_EDUCATION,RI,"R.I. Gen. Laws § 45-24.3-5(18); R.I. Gen. Laws § 45-24.3-15(a); R.I. Gen. Laws § 45-24.3-16(b); R.I. Gen. Laws § 34-18-46(a)(1); 216-RICR-50-15-3; R.I. Gen. Laws § 34-18-58; R.I. Gen. Laws § 45-24.3-5; R.I. Gen. Laws § 31-44-3; Absence: RI batteries named in the row's notes (RI log §17, §18)",CONFIRMED_ABSENT,VERIFIED,2026-10-09,2026-10-09,,[Full trail in lease-clauses.csv notes and lease-clause-decision-log-RI.md.]
edu-other-landlord-facilities-ri,LANDLORD_EDUCATION,RI,R.I. Gen. Laws § 34-18-22(a)(1); R.I. Gen. Laws § 45-24.3-7(1); R.I. Gen. Laws § 45-24.3-5(19); R.I. Gen. Laws § 45-24.3-8(b); R.I. Gen. Laws § 45-24.3-10(7); R.I. Gen. Laws § 45-24.3-6(f); R.I. Gen. Laws § 45-24.3-8(e),CITED,VERIFIED,2026-10-09,2026-10-09,,[Full trail in lease-clauses.csv notes and lease-clause-decision-log-RI.md.]
edu-no-subsidy-proration-rule-ri,LANDLORD_EDUCATION,RI,"R.I. Gen. Laws § 34-18-33(a)(2); R.I. Gen. Laws § 34-18-33(a)(1); R.I. Gen. Laws § 34-18-3(b); R.I. Gen. Laws § 34-37-4(c); R.I. Gen. Laws § 34-37-4; Absence: RI batteries named in the row's notes (RI log §17, §18)",CONFIRMED_ABSENT,VERIFIED,2026-10-09,2026-10-09,,[Full trail in lease-clauses.csv notes and lease-clause-decision-log-RI.md.]
edu-confirmed-absences-habitability-ri,LANDLORD_EDUCATION,RI,"R.I. Gen. Laws § 45-24.2-3(b)(8); R.I. Gen. Laws § 45-24.2-11; R.I. Gen. Laws § 45-24.3-19(b)(1); R.I. Gen. Laws § 34-18-22(a)(4); R.I. Gen. Laws § 34-18-31(a); R.I. Gen. Laws § 45-24.3-19; R.I. Gen. Laws § 45-24.2-3; R.I. Gen. Laws § 34-18-22; R.I. Gen. Laws § 34-18-24(5); Absence: RI batteries named in the row's notes (RI log §17, §18)",CONFIRMED_ABSENT,VERIFIED,2026-10-09,2026-10-09,,[Full trail in lease-clauses.csv notes and lease-clause-decision-log-RI.md.]
edu-no-utility-apportionment-ri,LANDLORD_EDUCATION,RI,"R.I. Gen. Laws § 34-18-15(a)(3); R.I. Gen. Laws § 34-18-15(a)(1); R.I. Gen. Laws § 34-18-15(a)(5); R.I. Gen. Laws § 39-3-7.1; R.I. Gen. Laws § 39-15-12; R.I. Gen. Laws § 34-18-44; R.I. Gen. Laws § 34-18-34; Absence: RI batteries named in the row's notes (RI log §17, §18)",CONFIRMED_ABSENT,VERIFIED,2026-10-09,2026-10-09,,[Full trail in lease-clauses.csv notes and lease-clause-decision-log-RI.md.]
edu-no-utility-notice-authorization-ri,LANDLORD_EDUCATION,RI,"R.I. Gen. Laws § 39-2-1(a); R.I. Gen. Laws § 39-15-12; R.I. Gen. Laws § 34-18-15(a); R.I. Gen. Laws § 39-2-1; 810-RICR-10-00-1; Absence: RI batteries named in the row's notes (RI log §17, §18)",CONFIRMED_ABSENT,VERIFIED,2026-10-09,2026-10-09,,[Full trail in lease-clauses.csv notes and lease-clause-decision-log-RI.md.]
edu-utility-landlord-account-ri,LANDLORD_EDUCATION,RI,R.I. Gen. Laws § 39-2-1(a); R.I. Gen. Laws § 34-18-22(a)(6); R.I. Gen. Laws § 34-18-31(a); R.I. Gen. Laws § 34-18-22; R.I. Gen. Laws § 34-18-31(a)(1); R.I. Gen. Laws § 34-18-31(b); R.I. Gen. Laws § 34-18-34; R.I. Gen. Laws § 34-18-44; R.I. Gen. Laws § 39-15-12; R.I. Gen. Laws § 45-48.1-6(3); R.I. Gen. Laws § 39-2-1.1; R.I. Gen. Laws § 39-2-1; R.I. Gen. Laws § 39-26.4-2; 810-RICR-10-00-1,CITED,VERIFIED,2026-10-09,2026-10-09,,[Full trail in lease-clauses.csv notes and lease-clause-decision-log-RI.md.]
edu-utility-shutoff-rules-ri,LANDLORD_EDUCATION,RI,R.I. Gen. Laws § 39-2-1(a); R.I. Gen. Laws § 39-2-1(b); R.I. Gen. Laws § 39-1-63(a); 810-RICR-10-00-1; R.I. Gen. Laws § 39-1.1-1(a); R.I. Gen. Laws § 39-1.1-1(b); R.I. Gen. Laws § 39-1.1-2(b)(1); R.I. Gen. Laws § 39-1.1-2(b)(3); R.I. Gen. Laws § 39-1.1-2.1; R.I. Gen. Laws § 39-1.1-3; R.I. Gen. Laws § 39-1.1-4; R.I. Gen. Laws § 34-18-44; R.I. Gen. Laws § 34-18-34; R.I. Gen. Laws § 39-1-63; R.I. Gen. Laws § 39-2-1; R.I. Gen. Laws § 39-2-1.2,CITED,VERIFIED,2026-10-09,2026-10-09,,[Full trail in lease-clauses.csv notes and lease-clause-decision-log-RI.md.]
edu-no-utility-transfer-cutoff-ri,LANDLORD_EDUCATION,RI,"R.I. Gen. Laws § 34-18-34; R.I. Gen. Laws § 34-18-19; R.I. Gen. Laws § 34-18-44; R.I. Gen. Laws § 34-18-22(a)(6); R.I. Gen. Laws § 34-18-15(a); R.I. Gen. Laws § 34-18-15(a)(3); R.I. Gen. Laws § 34-18-36; R.I. Gen. Laws § 39-2-1.1; R.I. Gen. Laws § 39-26.4-2; Absence: RI batteries named in the row's notes (RI log §17, §18)",CONFIRMED_ABSENT,VERIFIED,2026-10-09,2026-10-09,,[Full trail in lease-clauses.csv notes and lease-clause-decision-log-RI.md.]
edu-dv-lockchange-ri,LANDLORD_EDUCATION,RI,"R.I. Gen. Laws § 34-18-65; R.I. Pub. L. 2026, chs. 147, 148, § 2; R.I. Pub. L. 2026, chs. 147, 148, § 1; R.I. Gen. Laws § 34-18-63; R.I. Gen. Laws § 34-18-64; R.I. Gen. Laws § 34-18-66; R.I. Gen. Laws § 34-18-67; R.I. Pub. L. 2026, chs. 147, 148, § 3",CITED,VERIFIED,2026-10-09,2026-10-09,,[Full trail in lease-clauses.csv notes and lease-clause-decision-log-RI.md.]
edu-landlord-entry-ri,LANDLORD_EDUCATION,RI,R.I. Gen. Laws § 34-18-26(a); R.I. Gen. Laws § 34-18-26(b); R.I. Gen. Laws § 34-18-26(c); R.I. Gen. Laws § 34-18-39; R.I. Gen. Laws § 34-18-26(d); R.I. Gen. Laws § 34-18-24; R.I. Gen. Laws § 34-18-45(a); R.I. Gen. Laws § 34-18-45(b); R.I. Gen. Laws § 34-18-45(c); R.I. Gen. Laws § 34-18-17(a)(1); R.I. Gen. Laws § 23-33-25; R.I. Gen. Laws § 45-24.3-15; R.I. Gen. Laws § 45-24.3-19; R.I. Gen. Laws § 34-18-38.1; R.I. Gen. Laws § 34-18-38.2; R.I. Gen. Laws § 34-18-26; R.I. Gen. Laws § 34-18-45; R.I. Gen. Laws § 42-128.1-4,CITED,VERIFIED,2026-10-09,2026-10-09,,[Full trail in lease-clauses.csv notes and lease-clause-decision-log-RI.md.]
edu-no-periodic-services-entry-ri,LANDLORD_EDUCATION,RI,"R.I. Gen. Laws § 34-18-26(a); R.I. Gen. Laws § 34-18-26(c); R.I. Gen. Laws § 34-18-26(b); R.I. Gen. Laws § 34-18-17(a)(1); Absence: RI batteries named in the row's notes (RI log §17, §18)",CONFIRMED_ABSENT,VERIFIED,2026-10-09,2026-10-09,,[Full trail in lease-clauses.csv notes and lease-clause-decision-log-RI.md.]
edu-no-smart-access-law-ri,LANDLORD_EDUCATION,RI,"R.I. Gen. Laws § 34-18-26(a); R.I. Gen. Laws § 34-18-26(c); R.I. Gen. Laws § 34-18-65(b); R.I. Pub. L. 2026, chs. 147, 148, § 2; R.I. Gen. Laws § 34-18-15(a)(1); R.I. Gen. Laws § 6-57-1; R.I. Gen. Laws § 31-23.1-1; Absence: RI batteries named in the row's notes (RI log §17, §18)",CONFIRMED_ABSENT,VERIFIED,2026-10-09,2026-10-09,,[Full trail in lease-clauses.csv notes and lease-clause-decision-log-RI.md.]
edu-no-abandoned-property-procedure-ri,LANDLORD_EDUCATION,RI,"R.I. Gen. Laws § 34-18-11(1); R.I. Pub. L. 2026, chs. 147, 148, § 1; R.I. Gen. Laws § 34-18-44; R.I. Gen. Laws § 34-18-26(d)(3); R.I. Gen. Laws § 34-18-42(a); R.I. Gen. Laws § 34-18-50; R.I. Gen. Laws § 34-18-42(b); R.I. Gen. Laws § 34-18-40; R.I. Gen. Laws § 34-18-17(a)(4); R.I. Gen. Laws § 34-18-11; R.I. Gen. Laws § 34-44-6; Absence: RI batteries named in the row's notes (RI log §17, §18)",CONFIRMED_ABSENT,VERIFIED,2026-10-09,2026-10-09,,[Full trail in lease-clauses.csv notes and lease-clause-decision-log-RI.md.]
abandoned-property-ri,LEASE_CLAUSE,RI,R.I. Gen. Laws § 34-18-11(1); R.I. Gen. Laws § 34-18-42; R.I. Gen. Laws § 34-18-50; R.I. Gen. Laws § 34-18-42(a); R.I. Gen. Laws § 34-18-42(b); R.I. Gen. Laws § 34-18-44; R.I. Gen. Laws § 34-18-17(a)(4); R.I. Gen. Laws § 34-18-40,CITED,VERIFIED,2026-10-09,2026-10-09,,[Full trail in lease-clauses.csv notes and lease-clause-decision-log-RI.md.]
edu-abandonment-mitigation-ri,LANDLORD_EDUCATION,RI,"R.I. Gen. Laws § 34-18-40; R.I. Gen. Laws § 34-18-11(1); R.I. Pub. L. 2026, chs. 147, 148, § 1; R.I. Gen. Laws § 34-18-5(a); R.I. Gen. Laws § 34-18-17(a)(1); R.I. Gen. Laws § 34-18-43; R.I. Gen. Laws § 34-18-44; R.I. Gen. Laws § 34-18-5",CITED,VERIFIED,2026-10-09,2026-10-09,,[Full trail in lease-clauses.csv notes and lease-clause-decision-log-RI.md.]
edu-attorney-fees-ri,LANDLORD_EDUCATION,RI,"R.I. Gen. Laws § 34-18-17(a)(3); R.I. Gen. Laws § 34-18-17(b); R.I. Gen. Laws § 34-18-35(d); R.I. Gen. Laws § 34-18-36(d); R.I. Gen. Laws § 34-18-38(c); R.I. Gen. Laws § 34-18-32(a); R.I. Gen. Laws § 34-18-45(c); R.I. Gen. Laws § 34-18-43; R.I. Gen. Laws § 34-18-19(c); R.I. Gen. Laws § 34-18-28(b); R.I. Gen. Laws § 34-18-29(b); R.I. Gen. Laws § 34-18-31(b); R.I. Gen. Laws § 34-18-34; R.I. Gen. Laws § 34-18-46(b); R.I. Gen. Laws § 34-18-65(g); R.I. Pub. L. 2026, chs. 147, 148, § 2; R.I. Gen. Laws § 9-1-45; R.I. Gen. Laws § 34-18-17; R.I. Gen. Laws § 34-18-45",CITED,VERIFIED,2026-10-09,2026-10-09,,[Full trail in lease-clauses.csv notes and lease-clause-decision-log-RI.md.]
edu-casualty-termination-ri,LANDLORD_EDUCATION,RI,R.I. Gen. Laws § 34-18-33(a); R.I. Gen. Laws § 34-18-19; R.I. Gen. Laws § 34-18-33(b); R.I. Gen. Laws § 34-18-33(c); R.I. Gen. Laws § 34-18-28(a)(3); R.I. Gen. Laws § 34-18-31(d); R.I. Gen. Laws § 34-18-17(a)(1); R.I. Gen. Laws § 34-18-22(a)(1); R.I. Gen. Laws § 34-18.1-1; R.I. Gen. Laws § 34-18.1-8; R.I. Gen. Laws § 45-24-37(c); R.I. Gen. Laws § 34-18-33,CITED,VERIFIED,2026-10-09,2026-10-09,,[Full trail in lease-clauses.csv notes and lease-clause-decision-log-RI.md.]
edu-condo-conversion-ri,LANDLORD_EDUCATION,RI,R.I. Gen. Laws § 34-36.1-4.12(a); R.I. Gen. Laws § 34-36.1-4.12(b); R.I. Gen. Laws § 34-36.1-4.12(d); R.I. Gen. Laws § 34-36.1-4.12(e)(1); R.I. Gen. Laws § 34-36.1-4.12(e)(2); R.I. Gen. Laws § 34-36.1-4.12(f); R.I. Gen. Laws § 34-36.1-1.02(a)(1); R.I. Gen. Laws § 34-36.1-1.02(b); R.I. Gen. Laws § 34-36.1-4.12; R.I. Gen. Laws § 34-36-37; R.I. Gen. Laws § 34-41-4.10; R.I. Gen. Laws § 34-41-4.10(e)(2); R.I. Gen. Laws § 31-44-1; R.I. Gen. Laws § 34-45-10,CITED,VERIFIED,2026-10-09,2026-10-09,,[Full trail in lease-clauses.csv notes and lease-clause-decision-log-RI.md.]
criminal-activity-ri,LEASE_CLAUSE,RI,R.I. Gen. Laws § 34-18-24(8); R.I. Gen. Laws § 21-28-4.06; R.I. Gen. Laws § 34-18-24(9); R.I. Gen. Laws § 34-18-24(10); R.I. Gen. Laws § 34-18-36(b); R.I. Gen. Laws § 34-18-36(f); R.I. Gen. Laws § 34-18-36(a); R.I. Gen. Laws § 21-28.11-29(h); R.I. Gen. Laws § 34-18-11; R.I. Gen. Laws § 34-37-4(a); R.I. Gen. Laws § 21-28-4.06(a),CITED,VERIFIED,2026-10-09,2026-10-09,,[Full trail in lease-clauses.csv notes and lease-clause-decision-log-RI.md.]
edu-cure-and-eviction-grounds-ri,LANDLORD_EDUCATION,RI,R.I. Gen. Laws § 34-18-35(a); R.I. Gen. Laws § 34-18-56(a); R.I. Gen. Laws § 34-18-35(b); R.I. Gen. Laws § 34-18-35(e); R.I. Gen. Laws § 34-18-36(a); R.I. Gen. Laws § 34-18-24; R.I. Gen. Laws § 34-18-56(b); R.I. Gen. Laws § 34-18-24(8); R.I. Gen. Laws § 34-18-36(b); R.I. Gen. Laws § 34-18-36(e); R.I. Gen. Laws § 34-18-36(f); R.I. Gen. Laws § 34-18-17(a)(1); R.I. Gen. Laws § 34-18-56; R.I. Gen. Laws § 34-18-35(d),CITED,VERIFIED,2026-10-09,2026-10-09,,[Full trail in lease-clauses.csv notes and lease-clause-decision-log-RI.md.]
edu-no-drug-free-addendum-ri,LANDLORD_EDUCATION,RI,"R.I. Gen. Laws § 34-18-24(8); R.I. Gen. Laws § 34-18-36(b); R.I. Gen. Laws § 21-28.11-29(h); R.I. Gen. Laws § 34-18-11; R.I. Gen. Laws § 34-37-4(a); R.I. Gen. Laws § 45-24-33.1; R.I. Pub. L. 2026, chs. 242, 244, § 1; R.I. Gen. Laws § 42-109-4; Absence: RI batteries named in the row's notes (RI log §17, §18)",CONFIRMED_ABSENT,VERIFIED,2026-10-09,2026-10-09,,[Full trail in lease-clauses.csv notes and lease-clause-decision-log-RI.md.]
edu-dv-eviction-protection-ri,LANDLORD_EDUCATION,RI,"R.I. Gen. Laws § 34-37-4(a); R.I. Gen. Laws § 34-37-2; R.I. Gen. Laws § 34-37-1(c); R.I. Gen. Laws § 34-37-4(n); R.I. Gen. Laws § 34-18-24(7); R.I. Gen. Laws § 34-37-3(6); R.I. Gen. Laws § 15-15-1; R.I. Gen. Laws § 12-29-2; R.I. Gen. Laws § 34-37-3(16); R.I. Gen. Laws § 34-18-64; R.I. Pub. L. 2026, chs. 147, 148, § 2; R.I. Gen. Laws § 34-18-63; R.I. Gen. Laws § 34-18-65; R.I. Gen. Laws § 34-18-63(f); R.I. Gen. Laws § 34-18-67; R.I. Pub. L. 2026, ch. 147; R.I. Gen. Laws § 34-37-1; R.I. Gen. Laws § 8-8.1-3(a)(2); R.I. Gen. Laws § 8-8.1-3",CITED,VERIFIED,2026-10-09,2026-10-09,,[Full trail in lease-clauses.csv notes and lease-clause-decision-log-RI.md.]
edu-dv-lease-termination-ri,LANDLORD_EDUCATION,RI,"R.I. Gen. Laws § 34-18-63; R.I. Pub. L. 2026, chs. 147, 148, § 2; R.I. Gen. Laws § 34-18-64; R.I. Gen. Laws § 34-18-66; R.I. Gen. Laws § 34-18-67; R.I. Pub. L. 2026, chs. 147, 148, § 1; R.I. Gen. Laws § 34-18-11; R.I. Gen. Laws § 12-29-2; R.I. Gen. Laws § 34-18-63(c)",CITED,VERIFIED,2026-10-09,2026-10-09,,[Full trail in lease-clauses.csv notes and lease-clause-decision-log-RI.md.]
edu-dv-qualifying-documents-ri,LANDLORD_EDUCATION,RI,"R.I. Gen. Laws § 34-18-63(a)(3); R.I. Pub. L. 2026, chs. 147, 148, § 2; R.I. Gen. Laws § 34-18-65(b); R.I. Gen. Laws § 34-18-67",CITED,VERIFIED,2026-10-09,2026-10-09,,[Full trail in lease-clauses.csv notes and lease-clause-decision-log-RI.md.]
early-termination-ri,LEASE_CLAUSE,RI,"R.I. Gen. Laws § 34-18-11(1); R.I. Gen. Laws § 34-18-40; R.I. Gen. Laws § 34-18-44; R.I. Gen. Laws § 34-18-15(a)(1); R.I. Gen. Laws § 34-18-15(f)(4); R.I. Gen. Laws § 34-18-15(e); R.I. Gen. Laws § 34-18-63(a); R.I. Pub. L. 2026, chs. 147, 148, § 2; R.I. Gen. Laws § 34-18-33(a); R.I. Gen. Laws § 34-18-28(a); R.I. Gen. Laws § 34-18-17(a)(1); R.I. Gen. Laws § 34-18-5(a)",CITED,NEEDS_REVIEW,2026-10-09,2026-10-09,early-termination-ks,[Full trail in lease-clauses.csv notes and lease-clause-decision-log-RI.md.]
edu-no-eminent-domain-rule-ri,LANDLORD_EDUCATION,RI,"R.I. Gen. Laws § 45-29-32(f); R.I. Gen. Laws § 45-29-32; R.I. Gen. Laws § 45-31.2-5; R.I. Gen. Laws § 34-18-46(c)(3); R.I. Gen. Laws § 34-18-46; R.I. Gen. Laws § 31-44-3.2; Absence: RI batteries named in the row's notes (RI log §17, §18)",CONFIRMED_ABSENT,VERIFIED,2026-10-09,2026-10-09,,[Full trail in lease-clauses.csv notes and lease-clause-decision-log-RI.md.]
edu-no-environmental-event-termination-ri,LANDLORD_EDUCATION,RI,"R.I. Gen. Laws § 34-18-33(a); R.I. Gen. Laws § 34-18-44; R.I. Gen. Laws § 34-18-17(a)(1); R.I. Gen. Laws § 45-24.3-19(f); R.I. Gen. Laws § 45-24.2-11; Absence: RI batteries named in the row's notes (RI log §17, §18)",CONFIRMED_ABSENT,VERIFIED,2026-10-09,2026-10-09,,[Full trail in lease-clauses.csv notes and lease-clause-decision-log-RI.md.]
edu-no-hardship-stay-rule-ri,LANDLORD_EDUCATION,RI,"R.I. Gen. Laws § 34-18-49; R.I. Gen. Laws § 34-18-48; R.I. Dist. Ct. R. Civ. P. 62; R.I. Gen. Laws § 34-18-51; R.I. Gen. Laws § 30-7-10; R.I. Gen. Laws § 34-18.1-16; Absence: RI batteries named in the row's notes (RI log §17, §18)",CONFIRMED_ABSENT,VERIFIED,2026-10-09,2026-10-09,,[Full trail in lease-clauses.csv notes and lease-clause-decision-log-RI.md.]
edu-eviction-process-ri,LANDLORD_EDUCATION,RI,"R.I. Gen. Laws § 34-18-44; R.I. Gen. Laws § 34-18-35(a); R.I. Gen. Laws § 34-18-36(a); R.I. Gen. Laws § 34-18-37; R.I. Gen. Laws § 34-18-38(a); R.I. Gen. Laws § 34-18-58(g); R.I. Gen. Laws § 34-18-35(c); R.I. Gen. Laws § 34-18-36(c); R.I. Gen. Laws § 34-18-38(b); R.I. Gen. Laws § 34-18-32(a); R.I. Gen. Laws § 34-18-35(d); R.I. Gen. Laws § 34-18-48; R.I. Dist. Ct. R. Civ. P. 62; R.I. Gen. Laws § 34-18-47; R.I. Gen. Laws § 9-12-10.1; R.I. Pub. L. 2026, chs. 282, 283, § 1; R.I. Gen. Laws § 34-18-49; R.I. Gen. Laws § 34-18-51; R.I. Gen. Laws § 34-18-52; R.I. Gen. Laws § 34-18-53; R.I. Gen. Laws § 34-18-50; R.I. Gen. Laws § 34-18-60; R.I. Gen. Laws § 34-18-56",CITED,VERIFIED,2026-10-09,2026-10-09,,[Full trail in lease-clauses.csv notes and lease-clause-decision-log-RI.md.]
edu-eviction-record-sealing-ri,LANDLORD_EDUCATION,RI,R.I. Gen. Laws § 34-18-60(a); R.I. Gen. Laws § 34-18-35; R.I. Gen. Laws § 34-18-36; R.I. Gen. Laws § 34-18-38; R.I. Gen. Laws § 34-18-60(b); R.I. Gen. Laws § 34-18-60(c); R.I. Gen. Laws § 34-18-60,CITED,VERIFIED,2026-10-09,2026-10-09,,[Full trail in lease-clauses.csv notes and lease-clause-decision-log-RI.md.]
edu-eviction-service-party-ri,LANDLORD_EDUCATION,RI,R.I. Gen. Laws § 34-18-10(a)(1); R.I. Gen. Laws § 34-18-56(g); R.I. Gen. Laws § 34-18-56(j); R.I. Gen. Laws § 34-18-10(a)(2); R.I. Gen. Laws § 34-18-56(h); R.I. Gen. Laws § 34-18-10(c); R.I. Gen. Laws § 34-18-56; R.I. Dist. Ct. R. Civ. P. 4; R.I. Gen. Laws § 34-18-10; R.I. Gen. Laws § 34-18-20; R.I. Gen. Laws § 34-18-22.3,CITED,VERIFIED,2026-10-09,2026-10-09,,[Full trail in lease-clauses.csv notes and lease-clause-decision-log-RI.md.]
edu-criminal-eviction-track-ri,LANDLORD_EDUCATION,RI,R.I. Gen. Laws § 34-18-36(f); R.I. Gen. Laws § 34-18-24(8); R.I. Gen. Laws § 34-18-56(e); R.I. Gen. Laws § 34-18-36(c); R.I. Gen. Laws § 21-28-4.06(b)(2); R.I. Gen. Laws § 21-28-4.06; R.I. Gen. Laws § 11-30-6; R.I. Gen. Laws § 34-18-44; R.I. Gen. Laws § 34-18-24; R.I. Gen. Laws § 34-18.1-9; R.I. Gen. Laws § 34-18.1-1; R.I. Gen. Laws § 8-8.1-3(a)(2),CITED,VERIFIED,2026-10-09,2026-10-09,,[Full trail in lease-clauses.csv notes and lease-clause-decision-log-RI.md.]
edu-for-cause-eviction-ri,LANDLORD_EDUCATION,RI,R.I. Gen. Laws § 34-18-37; R.I. Gen. Laws § 34-18-46(a); R.I. Gen. Laws § 34-37-4(a); R.I. Gen. Laws § 34-18-38.2(a); R.I. Gen. Laws § 34-18-38.1(6); R.I. Gen. Laws § 45-24.3-21(c)(4); R.I. Gen. Laws § 34-36.1-4.12(a); R.I. Gen. Laws § 34-41-4.10(a); R.I. Gen. Laws § 31-44-2(a); R.I. Gen. Laws § 31-44-2(a)(1); R.I. Gen. Laws § 31-44-2(b); R.I. Gen. Laws § 45-25-18.1; R.I. Gen. Laws § 45-25-18.8; R.I. Gen. Laws § 23-17.4-16; R.I. Gen. Laws § 23-59-6; R.I. Gen. Laws § 34-18-38.2; R.I. Gen. Laws § 45-24.3-21; R.I. Gen. Laws § 31-44-2,CITED,VERIFIED,2026-10-09,2026-10-09,,[Full trail in lease-clauses.csv notes and lease-clause-decision-log-RI.md.]
edu-foreclosure-tenants-ri,LANDLORD_EDUCATION,RI,"R.I. Gen. Laws § 34-18-20(d); R.I. Gen. Laws § 34-27-7(a); R.I. Gen. Laws § 34-18-38.1(4); R.I. Gen. Laws § 34-18-38.1(6); R.I. Gen. Laws § 34-18-38.1(1); R.I. Gen. Laws § 34-18-38.2(a); R.I. Gen. Laws § 34-18-35; R.I. Gen. Laws § 34-18-38.2(g); R.I. Gen. Laws § 34-18-38.2(h)(2); R.I. Pub. L. 2026, chs. 165, 166; R.I. Gen. Laws § 34-18-20; R.I. Gen. Laws § 34-18-38.2; R.I. Gen. Laws § 34-27-7; R.I. Gen. Laws § 44-9-12",CITED,VERIFIED,2026-10-09,2026-10-09,,[Full trail in lease-clauses.csv notes and lease-clause-decision-log-RI.md.]
edu-no-guarantor-rule-ri,LANDLORD_EDUCATION,RI,"R.I. Gen. Laws § 9-1-4(4); R.I. Gen. Laws § 9-1-4; R.I. Gen. Laws § 34-18-19(a); R.I. Pub. L. 2026, chs. 147, 148, § 1; R.I. Gen. Laws § 34-18-11(19); R.I. Gen. Laws § 34-37-4(c); R.I. Gen. Laws § 9-12-12; Absence: RI batteries named in the row's notes (RI log §17, §18)",CONFIRMED_ABSENT,VERIFIED,2026-10-09,2026-10-09,,[Full trail in lease-clauses.csv notes and lease-clause-decision-log-RI.md.]
edu-holdover-rate-ri,LANDLORD_EDUCATION,RI,"R.I. Gen. Laws § 34-18-38(c); R.I. Gen. Laws § 34-18-43; R.I. Gen. Laws § 34-18-49; R.I. Gen. Laws § 34-18-15(a)(1); R.I. Gen. Laws § 34-18-38; R.I. Gen. Laws § 11-44-26; R.I. Gen. Laws § 34-18.1-3; R.I. Gen. Laws § 34-18.1-1; R.I. Gen. Laws § 34-18-56; R.I. Gen. Laws § 34-18-41; Absence: RI batteries named in the row's notes (RI log §17, §18)",CONFIRMED_ABSENT,VERIFIED,2026-10-09,2026-10-09,,[Full trail in lease-clauses.csv notes and lease-clause-decision-log-RI.md.]
edu-no-exemption-waiver-ri,LANDLORD_EDUCATION,RI,"R.I. Gen. Laws § 9-26-4(3); R.I. Gen. Laws § 9-26-4.1(a); R.I. Gen. Laws § 34-18-42(a); R.I. Gen. Laws § 34-18-42(b); R.I. Gen. Laws § 34-18-17(a); R.I. Gen. Laws § 9-26-4.1(d); Absence: RI batteries named in the row's notes (RI log §17, §18)",CONFIRMED_ABSENT,VERIFIED,2026-10-09,2026-10-09,,[Full trail in lease-clauses.csv notes and lease-clause-decision-log-RI.md.]
edu-infirmity-termination-ri,LANDLORD_EDUCATION,RI,R.I. Gen. Laws § 34-18-15(e); R.I. Gen. Laws § 23-17.4-2; R.I. Gen. Laws § 34-18-17(a)(1); R.I. Gen. Laws § 34-18-15; R.I. Gen. Laws § 34-18-38(d),CITED,VERIFIED,2026-10-09,2026-10-09,,[Full trail in lease-clauses.csv notes and lease-clause-decision-log-RI.md.]
edu-no-landlord-lien-ri,LANDLORD_EDUCATION,RI,R.I. Gen. Laws § 34-18-42(a); R.I. Gen. Laws § 34-18-50; R.I. Gen. Laws § 34-18-42(b); R.I. Gen. Laws § 34-18-17(a)(1); R.I. Gen. Laws § 34-18-44; R.I. Gen. Laws § 34-18-34; R.I. Gen. Laws § 9-26-4; R.I. Gen. Laws § 34-42-3; R.I. Gen. Laws § 6A-9-109(d)(1); R.I. Gen. Laws § 34-18-42,CITED,VERIFIED,2026-10-09,2026-10-09,,[Full trail in lease-clauses.csv notes and lease-clause-decision-log-RI.md.]
edu-landlord-remedies-ri,LANDLORD_EDUCATION,RI,R.I. Gen. Laws § 34-18-35(d); R.I. Gen. Laws § 34-18-36(d); R.I. Gen. Laws § 34-18-24; R.I. Gen. Laws § 34-18-43; R.I. Gen. Laws § 34-18-5(a); R.I. Gen. Laws § 34-18-38(c); R.I. Gen. Laws § 34-18-41; R.I. Gen. Laws § 34-18-32(a); R.I. Gen. Laws § 34-18-42; R.I. Gen. Laws § 34-18-44,CITED,VERIFIED,2026-10-09,2026-10-09,,[Full trail in lease-clauses.csv notes and lease-clause-decision-log-RI.md.]
edu-no-liquidated-damages-rule-ri,LANDLORD_EDUCATION,RI,"R.I. Gen. Laws § 34-18-36(d); R.I. Gen. Laws § 34-18-43; R.I. Gen. Laws § 34-18-38(c); R.I. Gen. Laws § 34-18-5(a); R.I. Gen. Laws § 34-18-19(b); R.I. Gen. Laws § 34-18-15(a)(1); R.I. Gen. Laws § 34-18-15; R.I. Gen. Laws § 6A-2-718; R.I. Gen. Laws § 6A-2.1-504; R.I. Gen. Laws § 31-44-3.1; R.I. Gen. Laws § 6-55-1; Absence: RI batteries named in the row's notes (RI log §17, §18)",CONFIRMED_ABSENT,VERIFIED,2026-10-09,2026-10-09,,[Full trail in lease-clauses.csv notes and lease-clause-decision-log-RI.md.]
edu-no-lockout-for-rent-ri,LANDLORD_EDUCATION,RI,"R.I. Gen. Laws § 34-18-44; R.I. Gen. Laws § 34-18-34; R.I. Gen. Laws § 34-18-19; R.I. Gen. Laws § 34-18-42(b); R.I. Gen. Laws § 34-18-17(a)(1); R.I. Gen. Laws § 34-18-17(b); R.I. Gen. Laws § 34-18-35(a); R.I. Gen. Laws § 34-18-56(a); R.I. Gen. Laws § 34-18-35(b); R.I. Pub. L. 2026, chs. 147, 148, § 2",CITED,VERIFIED,2026-10-09,2026-10-09,,[Full trail in lease-clauses.csv notes and lease-clause-decision-log-RI.md.]
edu-no-minor-tenant-filing-ri,LANDLORD_EDUCATION,RI,"R.I. Gen. Laws § 34-37-1; R.I. Pub. L. 2026, chs. 147, 148, § 2; R.I. Gen. Laws § 15-12-1(a); Absence: RI batteries named in the row's notes (RI log §17, §18)",CONFIRMED_ABSENT,VERIFIED,2026-10-09,2026-10-09,,[Full trail in lease-clauses.csv notes and lease-clause-decision-log-RI.md.]
edu-nonpayment-notice-ri,LANDLORD_EDUCATION,RI,R.I. Gen. Laws § 34-18-35(a); R.I. Gen. Laws § 34-18-56(a); R.I. Gen. Laws § 34-18-35(b); R.I. Gen. Laws § 34-18-56(d); R.I. Gen. Laws § 34-18-35(d); R.I. Gen. Laws § 34-18-35(e); R.I. Gen. Laws § 34-18-58(g); R.I. Gen. Laws § 34-18-17(a)(1); R.I. Gen. Laws § 34-18-14(b)(2); R.I. Gen. Laws § 34-18-35,CITED,VERIFIED,2026-10-09,2026-10-09,,[Full trail in lease-clauses.csv notes and lease-clause-decision-log-RI.md.]
edu-notice-to-quit-waiver-ri,LANDLORD_EDUCATION,RI,R.I. Gen. Laws § 34-18-17(a)(1); R.I. Gen. Laws § 34-18-17(b); R.I. Gen. Laws § 34-18-35(a); R.I. Gen. Laws § 34-18-36(a)(3); R.I. Gen. Laws § 34-18-37(a); R.I. Gen. Laws § 34-18-37(b); R.I. Gen. Laws § 34-18-37(c); R.I. Gen. Laws § 34-18-38(a); R.I. Gen. Laws § 34-18-36(f); R.I. Gen. Laws § 34-18-24(8),CITED,VERIFIED,2026-10-09,2026-10-09,,[Full trail in lease-clauses.csv notes and lease-clause-decision-log-RI.md.]
edu-nuisance-ri,LANDLORD_EDUCATION,RI,R.I. Gen. Laws § 11-30-1(1); R.I. Gen. Laws § 11-30-2(a); R.I. Gen. Laws § 11-30-7; R.I. Gen. Laws § 21-28-4.06(a); R.I. Gen. Laws § 21-28-4.06(b)(2); R.I. Gen. Laws § 10-1-1; R.I. Gen. Laws § 10-1-2; R.I. Gen. Laws § 10-1-7; R.I. Gen. Laws § 10-1-8(a); R.I. Gen. Laws § 10-1-3; R.I. Gen. Laws § 10-1-4; R.I. Gen. Laws § 10-1-5; R.I. Gen. Laws § 10-1-6; R.I. Gen. Laws § 10-1-8; R.I. Gen. Laws § 10-1-9; R.I. Gen. Laws § 10-1-10; R.I. Gen. Laws § 11-30-6; R.I. Gen. Laws § 34-18-44; R.I. Gen. Laws § 34-18-4; R.I. Gen. Laws § 34-18-24(8); R.I. Gen. Laws § 34-18-36(f); R.I. Gen. Laws § 23-24.6-23(d),CITED,VERIFIED,2026-10-09,2026-10-09,,[Full trail in lease-clauses.csv notes and lease-clause-decision-log-RI.md.]
edu-no-owner-move-in-reservation-ri,LANDLORD_EDUCATION,RI,"R.I. Gen. Laws § 34-18-38.1(12); R.I. Gen. Laws § 34-18-37(a); R.I. Gen. Laws § 34-18-37(b); R.I. Gen. Laws § 34-18-38(a); R.I. Gen. Laws § 34-18-38.2(a); R.I. Gen. Laws § 34-18-38.1(6); R.I. Gen. Laws § 34-18-38.1(9)(i); R.I. Gen. Laws § 34-18-38.2(h); R.I. Gen. Laws § 45-24.3-21(c)(4); R.I. Gen. Laws § 34-18-17(a)(1); Absence: RI batteries named in the row's notes (RI log §17, §18)",CONFIRMED_ABSENT,VERIFIED,2026-10-09,2026-10-09,,[Full trail in lease-clauses.csv notes and lease-clause-decision-log-RI.md.]
edu-no-possession-bond-ri,LANDLORD_EDUCATION,RI,"R.I. Gen. Laws § 10-5-24; R.I. Gen. Laws § 18-16-5; R.I. Gen. Laws § 34-18-17; R.I. Gen. Laws § 34-18-17(a)(2); R.I. Gen. Laws § 34-18-17(b); R.I. Gen. Laws § 34-18-38(a); R.I. Gen. Laws § 34-18-38(c); R.I. Gen. Laws § 34-18-19(a); Absence: RI batteries named in the row's notes (RI log §17, §18)",CONFIRMED_ABSENT,VERIFIED,2026-10-09,2026-10-09,,[Full trail in lease-clauses.csv notes and lease-clause-decision-log-RI.md.]
edu-possession-delay-ri,LANDLORD_EDUCATION,RI,R.I. Gen. Laws § 34-18-21; R.I. Gen. Laws § 34-18-22; R.I. Gen. Laws § 34-18-38(c); R.I. Gen. Laws § 34-18-29(a); R.I. Gen. Laws § 34-18-29(a)(1); R.I. Gen. Laws § 34-18-29(a)(2); R.I. Gen. Laws § 34-18-29(b); R.I. Gen. Laws § 34-18-31(a)(3); R.I. Gen. Laws § 34-18-31(b); R.I. Gen. Laws § 34-18-17(a)(1),CITED,VERIFIED,2026-10-09,2026-10-09,,[Full trail in lease-clauses.csv notes and lease-clause-decision-log-RI.md.]
edu-post-eviction-property-ri,LANDLORD_EDUCATION,RI,"R.I. Gen. Laws § 34-18-48; R.I. Gen. Laws § 34-18-50; R.I. Gen. Laws § 34-18-42(a); R.I. Gen. Laws § 9-25-10(b); R.I. Gen. Laws § 9-25-9; R.I. Gen. Laws § 9-25-10(c); R.I. Gen. Laws § 9-25-10(d); R.I. Gen. Laws § 4-19-16; R.I. Gen. Laws § 9-12-10.1; R.I. Pub. L. 2026, chs. 282, 283",CITED,VERIFIED,2026-10-09,2026-10-09,,[Full trail in lease-clauses.csv notes and lease-clause-decision-log-RI.md.]
edu-redemption-ri,LANDLORD_EDUCATION,RI,R.I. Gen. Laws § 34-18-35(e); R.I. Gen. Laws § 34-18-49; R.I. Gen. Laws § 34-18-51; R.I. Gen. Laws § 34-18-52; R.I. Gen. Laws § 34-18-53; R.I. Gen. Laws § 34-18-41; R.I. Gen. Laws § 34-18-48; R.I. Gen. Laws § 34-18-35(d),CITED,VERIFIED,2026-10-09,2026-10-09,,[Full trail in lease-clauses.csv notes and lease-clause-decision-log-RI.md.]
edu-rent-into-court-ri,LANDLORD_EDUCATION,RI,R.I. Gen. Laws § 34-18-32(a); R.I. Gen. Laws § 34-18-32(b); R.I. Gen. Laws § 34-18-35(d); R.I. Gen. Laws § 42-128.1-14(a); R.I. Gen. Laws § 34-18-32; R.I. Gen. Laws § 42-128.1-14,CITED,VERIFIED,2026-10-09,2026-10-09,,[Full trail in lease-clauses.csv notes and lease-clause-decision-log-RI.md.]
edu-no-rental-application-accuracy-ri,LANDLORD_EDUCATION,RI,"R.I. Gen. Laws § 31-5-23; R.I. Gen. Laws § 31-5-35; R.I. Gen. Laws § 34-37-4; R.I. Gen. Laws § 34-18-36(a)(3); R.I. Gen. Laws § 34-37-4(a); R.I. Gen. Laws § 34-18-62(a)(1); R.I. Gen. Laws § 34-18-60; R.I. Gen. Laws § 34-18-35; Absence: RI batteries named in the row's notes (RI log §17, §18)",CONFIRMED_ABSENT,VERIFIED,2026-10-09,2026-10-09,,[Full trail in lease-clauses.csv notes and lease-clause-decision-log-RI.md.]
edu-self-help-eviction-ri,LANDLORD_EDUCATION,RI,"R.I. Gen. Laws § 34-18-44; R.I. Gen. Laws § 34-18-34; R.I. Gen. Laws § 34-18-19; R.I. Gen. Laws § 45-24.3-10(19); R.I. Gen. Laws § 34-18-17(a)(1); R.I. Gen. Laws § 34-18-65(c); R.I. Pub. L. 2026, chs. 147, 148, § 2; R.I. Gen. Laws § 34-18-65(f); R.I. Gen. Laws § 34-18-48; R.I. Gen. Laws § 34-19-1; R.I. Gen. Laws § 45-24.3-10",CITED,VERIFIED,2026-10-09,2026-10-09,,[Full trail in lease-clauses.csv notes and lease-clause-decision-log-RI.md.]
edu-servicemember-rights-ri,LANDLORD_EDUCATION,RI,R.I. Gen. Laws § 34-18-15(f)(1); R.I. Gen. Laws § 34-18-15(f)(1)(i); R.I. Gen. Laws § 34-18-15(f)(1)(ii); R.I. Gen. Laws § 34-18-15(f)(1)(iii); R.I. Gen. Laws § 34-18-15(f)(2); R.I. Gen. Laws § 34-18-15(f)(3); R.I. Gen. Laws § 34-18-15(f)(4); R.I. Gen. Laws § 34-18-15(f)(5); R.I. Gen. Laws § 34-18-11; 50 U.S.C. § 3955; R.I. Gen. Laws § 30-7-10; R.I. Gen. Laws § 34-37-4(a); R.I. Gen. Laws § 34-18-17(a)(1); R.I. Gen. Laws § 31-44-7,CITED,VERIFIED,2026-10-09,2026-10-09,,[Full trail in lease-clauses.csv notes and lease-clause-decision-log-RI.md.]
edu-no-social-security-defense-ri,LANDLORD_EDUCATION,RI,"R.I. Gen. Laws § 34-18-35(e); R.I. Gen. Laws § 34-18-35(d); R.I. Gen. Laws § 34-18-35(a); Absence: RI batteries named in the row's notes (RI log §17, §18)",CONFIRMED_ABSENT,VERIFIED,2026-10-09,2026-10-09,,[Full trail in lease-clauses.csv notes and lease-clause-decision-log-RI.md.]
edu-statutory-early-termination-ri,LANDLORD_EDUCATION,RI,"R.I. Gen. Laws § 34-18-15(e); R.I. Gen. Laws § 23-17.4-2; R.I. Gen. Laws § 34-18-15(f); R.I. Gen. Laws § 34-18-63; R.I. Pub. L. 2026, chs. 147, 148, § 2; R.I. Gen. Laws § 34-18-63(a); R.I. Gen. Laws § 34-18-63(a)(1); R.I. Gen. Laws § 34-18-63(a)(3); R.I. Gen. Laws § 34-18-63(c); R.I. Gen. Laws § 34-18-63(d); R.I. Gen. Laws § 34-18-67; R.I. Gen. Laws § 34-18-28(a); R.I. Gen. Laws § 34-18-28(a)(2); R.I. Gen. Laws § 34-18-28(a)(3); R.I. Gen. Laws § 34-18-29(a)(1); R.I. Gen. Laws § 34-18-33(a)(1); R.I. Gen. Laws § 34-18-34; R.I. Gen. Laws § 34-18-45(b); R.I. Gen. Laws § 34-18-31; R.I. Gen. Laws § 34-36.1-4.12(b); R.I. Gen. Laws § 34-18-17(a)(1); R.I. Gen. Laws § 34-18-15; R.I. Gen. Laws § 34-18-38(d)",CITED,VERIFIED,2026-10-09,2026-10-09,,[Full trail in lease-clauses.csv notes and lease-clause-decision-log-RI.md.]
edu-surrender-end-of-term-ri,LANDLORD_EDUCATION,RI,R.I. Gen. Laws § 34-18-38(a); R.I. Gen. Laws § 34-18-38(c); R.I. Gen. Laws § 34-18-37(a); R.I. Gen. Laws § 34-18-44; R.I. Gen. Laws § 34-18-38.2(a); R.I. Gen. Laws § 34-18-38.1(6); R.I. Gen. Laws § 34-18-38.1(9)(v); R.I. Gen. Laws § 34-18-42(a); R.I. Gen. Laws § 34-18-42(b); R.I. Gen. Laws § 34-18-24(6); R.I. Gen. Laws § 34-18-19; R.I. Gen. Laws § 34-18-38.2; R.I. Gen. Laws § 34-18-38.1; R.I. Gen. Laws § 34-18-38.2(d)(3),CITED,VERIFIED,2026-10-09,2026-10-09,,[Full trail in lease-clauses.csv notes and lease-clause-decision-log-RI.md.]
edu-no-tenancy-at-will-ri,LANDLORD_EDUCATION,RI,"R.I. Gen. Laws § 34-18-15(d); R.I. Gen. Laws § 34-18-11(14); R.I. Pub. L. 2026, chs. 147, 148, § 1; R.I. Gen. Laws § 34-18-37(a); R.I. Gen. Laws § 34-18-37(b); R.I. Gen. Laws § 34-18-56(c); R.I. Gen. Laws § 34-18-38(c); R.I. Gen. Laws § 34-18.1-1; R.I. Gen. Laws § 34-18.1-2; R.I. Gen. Laws § 34-18.1-3; R.I. Gen. Laws § 34-18-8; R.I. Gen. Laws § 34-18-8(7); R.I. Gen. Laws § 23-24.6-23(c)(4); R.I. Gen. Laws § 34-18-15; Absence: RI batteries named in the row's notes (RI log §17, §18)",CONFIRMED_ABSENT,VERIFIED,2026-10-09,2026-10-09,,[Full trail in lease-clauses.csv notes and lease-clause-decision-log-RI.md.]
edu-tenant-caused-damage-ri,LANDLORD_EDUCATION,RI,R.I. Gen. Laws § 34-18-24(6); R.I. Gen. Laws § 34-18-28(a)(3); R.I. Gen. Laws § 34-18-30(b); R.I. Gen. Laws § 34-18-31(d); R.I. Gen. Laws § 34-18-46(c)(1); R.I. Gen. Laws § 34-18-39; R.I. Gen. Laws § 34-18-36(a); R.I. Gen. Laws § 34-18-19(b); R.I. Gen. Laws § 34-18-24; R.I. Gen. Laws § 34-18-33(a); R.I. Gen. Laws § 34-18-33(c); R.I. Gen. Laws § 34-18-33; R.I. Gen. Laws § 34-18-17(a)(1),CITED,VERIFIED,2026-10-09,2026-10-09,,[Full trail in lease-clauses.csv notes and lease-clause-decision-log-RI.md.]
edu-tenant-death-ri,LANDLORD_EDUCATION,RI,R.I. Gen. Laws § 34-18-38(d); R.I. Gen. Laws § 34-18-38(d)(1); R.I. Gen. Laws § 34-18-38(d)(4); R.I. Gen. Laws § 34-18-38(d)(8); R.I. Gen. Laws § 34-18-38(d)(10); R.I. Gen. Laws § 34-18-38(d)(12); R.I. Gen. Laws § 34-18-36; R.I. Gen. Laws § 34-18-17(a)(1); R.I. Gen. Laws § 34-18-38; R.I. Gen. Laws § 34-18.1-11,CITED,VERIFIED,2026-10-09,2026-10-09,,[Full trail in lease-clauses.csv notes and lease-clause-decision-log-RI.md.]
edu-termination-notice-ri,LANDLORD_EDUCATION,RI,R.I. Gen. Laws § 34-18-37(a); R.I. Gen. Laws § 34-18-37(b); R.I. Gen. Laws § 34-18-37(c); R.I. Gen. Laws § 34-18-56(c); R.I. Gen. Laws § 34-18-37; R.I. Gen. Laws § 34-18-14(b)(2); R.I. Gen. Laws § 34-18-38(a); R.I. Gen. Laws § 34-18-15(d); R.I. Gen. Laws § 34-18-17(a)(1); R.I. Gen. Laws § 34-18-38.2; R.I. Gen. Laws § 34-18-56,CITED,VERIFIED,2026-10-09,2026-10-09,,[Full trail in lease-clauses.csv notes and lease-clause-decision-log-RI.md.]
edu-unauthorized-occupant-removal-ri,LANDLORD_EDUCATION,RI,R.I. Gen. Laws § 11-44-26(a); R.I. Gen. Laws § 11-44-26(b); R.I. Gen. Laws § 34-18-21; R.I. Gen. Laws § 34-18-38(c); R.I. Gen. Laws § 34-18-44; R.I. Gen. Laws § 34-18.1-9; R.I. Gen. Laws § 11-44-26; R.I. Gen. Laws § 34-18.1-20,CITED,VERIFIED,2026-10-09,2026-10-09,,[Full trail in lease-clauses.csv notes and lease-clause-decision-log-RI.md.]
edu-no-actual-notice-rule-ri,LANDLORD_EDUCATION,RI,"R.I. Gen. Laws § 34-18-14(a)(1); R.I. Gen. Laws § 34-18-14(a)(1)(i); R.I. Gen. Laws § 34-18-14(a)(1)(iii); R.I. Gen. Laws § 34-18-14(b); R.I. Gen. Laws § 34-18-14(b)(1); R.I. Gen. Laws § 34-18-14(b)(2); R.I. Gen. Laws § 34-18-26(c); R.I. Gen. Laws § 34-18-56(a); R.I. Gen. Laws § 42-127.1-5(b); R.I. Gen. Laws § 42-127.1-5(c); R.I. Gen. Laws § 42-127.1-8(b)(2)(ii); R.I. Gen. Laws § 42-127.1-8(b); R.I. Gen. Laws § 42-127.1-8(d); R.I. Gen. Laws § 34-18-14; R.I. Gen. Laws § 34-42-2; R.I. Gen. Laws § 34-18-23; R.I. Gen. Laws § 34-18-11; Absence: RI batteries named in the row's notes (RI log §17, §18)",CONFIRMED_ABSENT,VERIFIED,2026-10-09,2026-10-09,,[Full trail in lease-clauses.csv notes and lease-clause-decision-log-RI.md.]
edu-no-addendum-precedence-ri,LANDLORD_EDUCATION,RI,"216-RICR-50-15-3.5.3(A)(3)(e); 216-RICR-50-15-3.5.3(A)(2); R.I. Gen. Laws § 34-18-17(a)(1); R.I. Gen. Laws § 34-18-17(b); R.I. Gen. Laws § 34-18-3(b)(2); R.I. Gen. Laws § 34-18-3(b); R.I. Gen. Laws § 34-18-25; R.I. Gen. Laws § 34-18-11(14); 216-RICR-50-15-3; R.I. Gen. Laws § 34-18-3; R.I. Gen. Laws § 5-93-8; Absence: RI batteries named in the row's notes (RI log §17, §18)",CONFIRMED_ABSENT,VERIFIED,2026-10-09,2026-10-09,,[Full trail in lease-clauses.csv notes and lease-clause-decision-log-RI.md.]
edu-adverse-proceeding-notice-ri,LANDLORD_EDUCATION,RI,R.I. Gen. Laws § 34-18-20(d); R.I. Gen. Laws § 34-27-7(a); R.I. Gen. Laws § 34-27-7(a)(5); R.I. Gen. Laws § 34-27-7(a)(6); R.I. Gen. Laws § 34-27-7(b); R.I. Gen. Laws § 34-18-38.2(b); R.I. Gen. Laws § 34-18-20; R.I. Gen. Laws § 34-27-7,CITED,VERIFIED,2026-10-09,2026-10-09,,[Full trail in lease-clauses.csv notes and lease-clause-decision-log-RI.md.]
edu-no-automatic-renewal-rule-ri,LANDLORD_EDUCATION,RI,"R.I. Gen. Laws § 6-13-14(a); R.I. Gen. Laws § 6-13-14(b); R.I. Gen. Laws § 6-13-14(c); R.I. Gen. Laws § 6-13-14(d); R.I. Gen. Laws § 34-18-15(a); R.I. Gen. Laws § 34-18-38(a); R.I. Gen. Laws § 34-18-38(c); R.I. Gen. Laws § 34-18-37; R.I. Gen. Laws § 6-44-2; R.I. Gen. Laws § 6-13-14; Absence: RI batteries named in the row's notes (RI log §17, §18)",CONFIRMED_ABSENT,VERIFIED,2026-10-09,2026-10-09,,[Full trail in lease-clauses.csv notes and lease-clause-decision-log-RI.md.]
edu-confirmed-absences-misc-ri,LANDLORD_EDUCATION,RI,"R.I. Gen. Laws § 34-18-29; R.I. Gen. Laws § 27-6-8.2; R.I. Gen. Laws § 34-18-3(a); R.I. Gen. Laws § 34-18-36(a); R.I. Gen. Laws § 34-18-61(a); R.I. Gen. Laws § 34-18-61(b); Absence: RI batteries named in the row's notes (RI log §17, §18)",CONFIRMED_ABSENT,VERIFIED,2026-10-09,2026-10-09,,[Full trail in lease-clauses.csv notes and lease-clause-decision-log-RI.md.]
edu-confirmed-absences-outside-title-ri,LANDLORD_EDUCATION,RI,"R.I. Gen. Laws § 11-44-26(b); R.I. Gen. Laws § 45-6-9; R.I. Gen. Laws § 46-25-22.1; R.I. Gen. Laws § 45-6-9(c); R.I. Gen. Laws § 34-18-58(g); R.I. Gen. Laws § 34-18-58(b); R.I. Gen. Laws § 34-18-58; R.I. Gen. Laws § 31-44-7; R.I. Gen. Laws § 34-18-57; Absence: RI batteries named in the row's notes (RI log §17, §18)",CONFIRMED_ABSENT,VERIFIED,2026-10-09,2026-10-09,,[Full trail in lease-clauses.csv notes and lease-clause-decision-log-RI.md.]
edu-dv-law-citations-ri,LANDLORD_EDUCATION,RI,"R.I. Pub. L. 2026, chs. 147, 148, § 1; R.I. Gen. Laws § 34-18-11; R.I. Gen. Laws § 15-5-19; R.I. Gen. Laws § 12-29-4; R.I. Gen. Laws § 11-9-5.3; R.I. Gen. Laws § 11-37-8.1; R.I. Gen. Laws § 11-37-8.3; R.I. Gen. Laws § 11-26-1.5; R.I. Gen. Laws § 11-37-8.8; R.I. Gen. Laws § 11-26-1; R.I. Gen. Laws § 11-26-1.4; R.I. Gen. Laws § 11-59-2; R.I. Gen. Laws § 11-5-2.3; R.I. Gen. Laws § 11-5-3; R.I. Gen. Laws § 11-44-1; R.I. Gen. Laws § 11-45-1; R.I. Gen. Laws § 11-44-26; R.I. Gen. Laws § 11-26-1.1; R.I. Gen. Laws § 11-37-2; R.I. Gen. Laws § 11-37-4; R.I. Gen. Laws § 11-23-1; R.I. Gen. Laws § 11-23-3; R.I. Gen. Laws § 11-35-14; R.I. Gen. Laws § 11-52-4.2; R.I. Gen. Laws § 11-69-1; R.I. Pub. L. 2025, chs. 165, 166, 428, 438, 439; R.I. Gen. Laws § 34-18-65(c); R.I. Pub. L. 2026, chs. 147, 148, § 2; R.I. Gen. Laws § 34-37-4(a); R.I. Gen. Laws § 34-18-67; R.I. Gen. Laws § 34-18-63; Absence: RI batteries named in the row's notes (RI log §17, §18)",CONFIRMED_ABSENT,VERIFIED,2026-10-09,2026-10-09,,[Full trail in lease-clauses.csv notes and lease-clause-decision-log-RI.md.]
edu-electronic-records-ri,LANDLORD_EDUCATION,RI,R.I. Gen. Laws § 42-127.1-5(b); R.I. Gen. Laws § 42-127.1-5(c); R.I. Gen. Laws § 42-127.1-7(c); R.I. Gen. Laws § 42-127.1-7(d); R.I. Gen. Laws § 42-127.1-8(a); R.I. Gen. Laws § 42-127.1-8(c); R.I. Gen. Laws § 42-127.1-8(b); R.I. Gen. Laws § 42-127.1-8(d); R.I. Gen. Laws § 42-127.1-3(b); R.I. Gen. Laws § 34-18-35(a); R.I. Gen. Laws § 34-18-36(a); R.I. Gen. Laws § 34-18-56(a),CITED,VERIFIED,2026-10-09,2026-10-09,,[Full trail in lease-clauses.csv notes and lease-clause-decision-log-RI.md.]
edu-no-emergency-assistance-right-ri,LANDLORD_EDUCATION,RI,"R.I. Gen. Laws § 34-18-46(a)(4); R.I. Gen. Laws § 34-37-4(a); R.I. Gen. Laws § 34-18-64; R.I. Pub. L. 2026, chs. 147, 148, § 2; R.I. Gen. Laws § 34-18-63; R.I. Gen. Laws § 34-18-65; Absence: RI batteries named in the row's notes (RI log §17, §18)",CONFIRMED_ABSENT,VERIFIED,2026-10-09,2026-10-09,,[Full trail in lease-clauses.csv notes and lease-clause-decision-log-RI.md.]
edu-lease-changes-ri,LANDLORD_EDUCATION,RI,R.I. Gen. Laws § 34-18-25(a); R.I. Gen. Laws § 34-18-25(a)(6); R.I. Gen. Laws § 34-18-25(b); R.I. Gen. Laws § 34-18-15(a)(2); R.I. Gen. Laws § 34-18-16.1(a); R.I. Gen. Laws § 34-18-16.1(b); R.I. Gen. Laws § 34-18-25; R.I. Gen. Laws § 34-18-11(14); R.I. Gen. Laws § 34-18-15; R.I. Gen. Laws § 31-44-2; R.I. Gen. Laws § 34-18-16.1,CITED,VERIFIED,2026-10-09,2026-10-09,,[Full trail in lease-clauses.csv notes and lease-clause-decision-log-RI.md.]
edu-no-pre-suit-resolution-statute-ri,LANDLORD_EDUCATION,RI,"R.I. Gen. Laws § 31-44-16; R.I. Gen. Laws § 10-3-2(a); R.I. Gen. Laws § 34-18-17(a)(1); R.I. Gen. Laws § 34-18-17(b); R.I. Gen. Laws § 34-18-9; Absence: RI batteries named in the row's notes (RI log §17, §18)",CONFIRMED_ABSENT,VERIFIED,2026-10-09,2026-10-09,,[Full trail in lease-clauses.csv notes and lease-clause-decision-log-RI.md.]
edu-landlord-liability-insurance-ri,LANDLORD_EDUCATION,RI,R.I. Gen. Laws § 34-18-22(a)(7); R.I. Gen. Laws § 34-18-28(b); R.I. Gen. Laws § 34-18-22; R.I. Gen. Laws § 34-18-46(a)(2); R.I. Gen. Laws § 34-18-17(a)(1); R.I. Gen. Laws § 34-18-17(a)(4); R.I. Gen. Laws § 34-18-28(a),CITED,VERIFIED,2026-10-09,2026-10-09,,[Full trail in lease-clauses.csv notes and lease-clause-decision-log-RI.md.]
edu-rental-registry-ri,LANDLORD_EDUCATION,RI,R.I. Gen. Laws § 34-18-58(a); R.I. Gen. Laws § 34-18-58(b); R.I. Gen. Laws § 34-18-58(d); R.I. Gen. Laws § 34-18-58(e); R.I. Gen. Laws § 34-18-58(g); R.I. Gen. Laws § 42-63.1-14(b); R.I. Gen. Laws § 42-63.1-14; R.I. Gen. Laws § 34-18-22.3; R.I. Gen. Laws § 34-18-58; R.I. Gen. Laws § 34-18-57,CITED,VERIFIED,2026-10-09,2026-10-09,,[Full trail in lease-clauses.csv notes and lease-clause-decision-log-RI.md.]
edu-absentee-landlord-registration-ri,LANDLORD_EDUCATION,RI,R.I. Gen. Laws § 34-18-57; R.I. Gen. Laws § 34-18-58,CITED,VERIFIED,2026-10-09,2026-10-09,,[Full trail in lease-clauses.csv notes and lease-clause-decision-log-RI.md.]
edu-no-lease-completeness-rule-ri,LANDLORD_EDUCATION,RI,"R.I. Gen. Laws § 31-44-7.2; R.I. Gen. Laws § 34-18-13; R.I. Gen. Laws § 34-18-15(a)(1); R.I. Gen. Laws § 34-18-15(a)(3); R.I. Gen. Laws § 34-18-15(a)(4); R.I. Gen. Laws § 34-18-15(a)(5); R.I. Gen. Laws § 34-18-13(a)(1); Absence: RI batteries named in the row's notes (RI log §17, §18)",CONFIRMED_ABSENT,VERIFIED,2026-10-09,2026-10-09,,[Full trail in lease-clauses.csv notes and lease-clause-decision-log-RI.md.]
edu-no-lease-copy-duty-ri,LANDLORD_EDUCATION,RI,"R.I. Gen. Laws § 34-18-22; R.I. Gen. Laws § 34-18-56; R.I. Gen. Laws § 31-44-8; R.I. Gen. Laws § 5-20.5-14(a)(9); R.I. Gen. Laws § 5-20.5-14(b); R.I. Gen. Laws § 31-44-7.2; R.I. Gen. Laws § 34-18-25(a)(6); Absence: RI batteries named in the row's notes (RI log §17, §18)",CONFIRMED_ABSENT,VERIFIED,2026-10-09,2026-10-09,,[Full trail in lease-clauses.csv notes and lease-clause-decision-log-RI.md.]
edu-no-initials-requirement-ri,LANDLORD_EDUCATION,RI,"R.I. Gen. Laws § 34-42-9; R.I. Gen. Laws § 31-44-8; R.I. Gen. Laws § 31-44-7; R.I. Gen. Laws § 34-18-37(a); R.I. Gen. Laws § 34-18-56(c); R.I. Gen. Laws § 34-18-37(b); R.I. Gen. Laws § 34-18-37(c); R.I. Gen. Laws § 34-18-17(a)(1); R.I. Gen. Laws § 34-18-17(b); R.I. Gen. Laws § 34-18-37; Absence: RI batteries named in the row's notes (RI log §17, §18)",CONFIRMED_ABSENT,VERIFIED,2026-10-09,2026-10-09,,[Full trail in lease-clauses.csv notes and lease-clause-decision-log-RI.md.]
edu-lease-term-limitation-ri,LANDLORD_EDUCATION,RI,R.I. Gen. Laws § 34-18-16(a); R.I. Gen. Laws § 34-18-16(b); R.I. Gen. Laws § 34-18-16(c); R.I. Gen. Laws § 34-11-1; R.I. Gen. Laws § 34-18-15(d); R.I. Gen. Laws § 31-44-8; R.I. Gen. Laws § 34-18-16; R.I. Gen. Laws § 37-7-9; R.I. Gen. Laws § 46-5-10; R.I. Gen. Laws § 46-23-6,CITED,VERIFIED,2026-10-09,2026-10-09,,[Full trail in lease-clauses.csv notes and lease-clause-decision-log-RI.md.]
edu-nonresident-landlord-agent-ri,LANDLORD_EDUCATION,RI,R.I. Gen. Laws § 34-18-22.3; R.I. Gen. Laws § 45-24.3-17(b); R.I. Gen. Laws § 34-18-10(c); R.I. Gen. Laws § 34-18-20(a)(2); R.I. Gen. Laws § 34-18-57; R.I. Gen. Laws § 34-18-10; R.I. Gen. Laws § 45-24.3-17,CITED,VERIFIED,2026-10-09,2026-10-09,,[Full trail in lease-clauses.csv notes and lease-clause-decision-log-RI.md.]
edu-notice-delivery-methods-ri,LANDLORD_EDUCATION,RI,R.I. Gen. Laws § 34-18-35(a); R.I. Gen. Laws § 34-18-56(a); R.I. Gen. Laws § 34-18-35(b); R.I. Gen. Laws § 34-18-36(a); R.I. Gen. Laws § 34-18-56(b); R.I. Gen. Laws § 34-18-36(a)(3); R.I. Gen. Laws § 34-18-36(e); R.I. Gen. Laws § 34-18-37(b); R.I. Gen. Laws § 34-18-56(c); R.I. Gen. Laws § 34-18-40; R.I. Gen. Laws § 34-18-38.2(b); R.I. Gen. Laws § 34-18-38.2(b)(i); R.I. Gen. Laws § 34-18-38.2(b)(ii); R.I. Gen. Laws § 34-18-38.2(b)(iii); R.I. Gen. Laws § 34-18-38.1(6); R.I. Gen. Laws § 34-18-38.2; R.I. Gen. Laws § 34-18-16.1(a); R.I. Gen. Laws § 34-18-41; R.I. Gen. Laws § 34-18-14(b); R.I. Gen. Laws § 34-18-14(b)(2); R.I. Gen. Laws § 34-18-10(a)(1); R.I. Gen. Laws § 34-18-56(j); R.I. Gen. Laws § 34-18-10(a)(1)(i); R.I. Gen. Laws § 34-18-10(a)(1)(ii); R.I. Gen. Laws § 34-18-10(a)(1)(iii); R.I. Gen. Laws § 34-18-10(b)(2); R.I. Gen. Laws § 34-18-14; R.I. Gen. Laws § 34-18-10; R.I. Gen. Laws § 34-18-56,CITED,VERIFIED,2026-10-09,2026-10-09,,[Full trail in lease-clauses.csv notes and lease-clause-decision-log-RI.md.]
edu-no-notice-to-vacate-terms-rule-ri,LANDLORD_EDUCATION,RI,"R.I. Gen. Laws § 6-13-14; R.I. Gen. Laws § 23-17.4-16; R.I. Gen. Laws § 23-19.2-8; R.I. Gen. Laws § 34-36.1-4.12; R.I. Gen. Laws § 34-41-4.10; R.I. Gen. Laws § 34-18-37(a); R.I. Gen. Laws § 34-18-56(c); R.I. Gen. Laws § 34-18-37(c); R.I. Gen. Laws § 34-18-17(a)(1); R.I. Gen. Laws § 34-18-17(b); R.I. Gen. Laws § 34-18-25(b); Absence: RI batteries named in the row's notes (RI log §17, §18)",CONFIRMED_ABSENT,VERIFIED,2026-10-09,2026-10-09,,[Full trail in lease-clauses.csv notes and lease-clause-decision-log-RI.md.]
edu-optional-lease-terms-ri,LANDLORD_EDUCATION,RI,R.I. Gen. Laws § 34-18-15(c); R.I. Gen. Laws § 34-18-15(d); R.I. Gen. Laws § 34-18-15(a)(4); R.I. Gen. Laws § 34-18-15(a)(5); R.I. Gen. Laws § 34-18-27; R.I. Gen. Laws § 34-18-22(c); R.I. Gen. Laws § 34-18-22(c)(1); R.I. Gen. Laws § 34-18-22(c)(2); R.I. Gen. Laws § 34-18-36(f); R.I. Gen. Laws § 34-18-15,CITED,VERIFIED,2026-10-09,2026-10-09,,[Full trail in lease-clauses.csv notes and lease-clause-decision-log-RI.md.]
edu-no-plain-language-lease-law-ri,LANDLORD_EDUCATION,RI,"R.I. Gen. Laws § 4-21-4; R.I. Gen. Laws § 5-82-1; R.I. Gen. Laws § 5-83-1; R.I. Gen. Laws § 23-59-6; R.I. Gen. Laws § 34-18-17(a); R.I. Gen. Laws § 34-18-17(a)(1); R.I. Gen. Laws § 34-18-17(a)(2); R.I. Gen. Laws § 34-18-17(a)(3); R.I. Gen. Laws § 34-18-17(a)(4); R.I. Gen. Laws § 34-18-17(b); Absence: RI batteries named in the row's notes (RI log §17, §18)",CONFIRMED_ABSENT,VERIFIED,2026-10-09,2026-10-09,,[Full trail in lease-clauses.csv notes and lease-clause-decision-log-RI.md.]
edu-portfolio-thresholds-ri,LANDLORD_EDUCATION,RI,R.I. Gen. Laws § 34-18-38.1(6); R.I. Gen. Laws § 34-18-38.2(a); R.I. Gen. Laws § 34-18-38.2(h)(1); R.I. Gen. Laws § 34-18-38.2(h)(2); R.I. Gen. Laws § 34-18-23(c); R.I. Gen. Laws § 34-37-4.1(a)(1); R.I. Gen. Laws § 34-37-4.1(a)(2); R.I. Gen. Laws § 34-37-4.6; R.I. Gen. Laws § 34-18-8(5); R.I. Gen. Laws § 34-18-38.1; R.I. Gen. Laws § 34-18-8; 860-RICR-00-00-2,CITED,VERIFIED,2026-10-09,2026-10-09,,[Full trail in lease-clauses.csv notes and lease-clause-decision-log-RI.md.]
edu-renters-insurance-ri,LANDLORD_EDUCATION,RI,R.I. Gen. Laws § 34-18-15(a)(4); R.I. Gen. Laws § 34-18-15(a)(1); R.I. Gen. Laws § 34-18-15(a)(5); R.I. Gen. Laws § 34-18-17(a)(4); R.I. Gen. Laws § 34-18-22(a)(7); R.I. Gen. Laws § 34-18-15,CITED,VERIFIED,2026-10-09,2026-10-09,,[Full trail in lease-clauses.csv notes and lease-clause-decision-log-RI.md.]
edu-sale-or-management-change-ri,LANDLORD_EDUCATION,RI,R.I. Gen. Laws § 34-18-23(a)(1); R.I. Gen. Laws § 45-24.3-17; R.I. Gen. Laws § 34-18-23(a)(2); R.I. Gen. Laws § 34-18-23(b); R.I. Gen. Laws § 34-18-23(c); R.I. Gen. Laws § 45-24.3-17(j); R.I. Gen. Laws § 34-18-20(b); R.I. Gen. Laws § 34-18-18; R.I. Gen. Laws § 34-18-22(a); R.I. Gen. Laws § 34-18-26(a); R.I. Gen. Laws § 34-18-26(c); R.I. Gen. Laws § 34-18-20; R.I. Gen. Laws § 34-18-23; R.I. Gen. Laws § 23-24.6-16; 216-RICR-50-15-3; R.I. Gen. Laws § 34-18-20(d); R.I. Gen. Laws § 34-18-38.2,CITED,VERIFIED,2026-10-09,2026-10-09,,[Full trail in lease-clauses.csv notes and lease-clause-decision-log-RI.md.]
edu-scope-ri,LANDLORD_EDUCATION,RI,"R.I. Gen. Laws § 34-18-7; R.I. Gen. Laws § 34-18-11; R.I. Pub. L. 2026, chs. 147, 148, § 1; R.I. Gen. Laws § 34-18-8; R.I. Gen. Laws § 44-18-7(11); R.I. Gen. Laws § 34-18-8(4); R.I. Gen. Laws § 34-18-8(5); R.I. Gen. Laws § 34-18-8(7); R.I. Gen. Laws § 34-18-8(8); R.I. Gen. Laws § 31-44-2(a); R.I. Gen. Laws § 31-44-2(b); R.I. Gen. Laws § 34-18-57; R.I. Gen. Laws § 44-72-5; R.I. Gen. Laws § 23-59-6; R.I. Gen. Laws § 21-28.11-29; R.I. Gen. Laws § 23-24.6-23; R.I. Gen. Laws § 31-44-2; R.I. Gen. Laws § 34-18.1-1; R.I. Gen. Laws § 42-167-5; R.I. Gen. Laws § 8-8-3; R.I. Gen. Laws § 9-12-10.1; R.I. Gen. Laws § 9-12-12; 216-RICR-50-15-3",CITED,VERIFIED,2026-10-09,2026-10-09,,[Full trail in lease-clauses.csv notes and lease-clause-decision-log-RI.md.]
edu-severability-limits-ri,LANDLORD_EDUCATION,RI,R.I. Gen. Laws § 34-18-17(b); R.I. Gen. Laws § 34-18-13(a)(1),CITED,VERIFIED,2026-10-09,2026-10-09,,[Full trail in lease-clauses.csv notes and lease-clause-decision-log-RI.md.]
edu-statute-of-frauds-ri,LANDLORD_EDUCATION,RI,R.I. Gen. Laws § 9-1-4; R.I. Gen. Laws § 9-1-4(1); R.I. Gen. Laws § 9-1-4(7); R.I. Gen. Laws § 34-11-1; R.I. Gen. Laws § 34-18-16(c); R.I. Gen. Laws § 9-1-5; R.I. Gen. Laws § 6A-2.1-201; R.I. Gen. Laws § 31-44-8,CITED,VERIFIED,2026-10-09,2026-10-09,,[Full trail in lease-clauses.csv notes and lease-clause-decision-log-RI.md.]
edu-statutory-forms-ri,LANDLORD_EDUCATION,RI,R.I. Gen. Laws § 34-18-56(a); R.I. Gen. Laws § 34-18-35; R.I. Gen. Laws § 34-18-36; R.I. Gen. Laws § 34-18-37; R.I. Gen. Laws § 34-18-56(d); R.I. Gen. Laws § 34-18-56(e); R.I. Gen. Laws § 34-18-35(a); R.I. Gen. Laws § 34-18-36(a); R.I. Gen. Laws § 34-18-56(b); R.I. Gen. Laws § 34-18-37(a); R.I. Gen. Laws § 34-18-56(c); R.I. Gen. Laws § 31-44-8; R.I. Gen. Laws § 31-44-7(7); R.I. Gen. Laws § 42-167-5(a)(8); R.I. Gen. Laws § 34-18-56; R.I. Gen. Laws § 23-17.29-3; R.I. Gen. Laws § 34-45-8; R.I. Gen. Laws § 6-51-3; 216-RICR-50-15-3.5.3; 24 C.F.R. § 35.92; 40 C.F.R. § 745.113,CITED,VERIFIED,2026-10-09,2026-10-09,,[Full trail in lease-clauses.csv notes and lease-clause-decision-log-RI.md.]
edu-tenant-portal-ri,LANDLORD_EDUCATION,RI,"R.I. Gen. Laws § 34-18-61; R.I. Gen. Laws § 34-18-61(a); R.I. Gen. Laws § 34-18-61(b); R.I. Pub. L. 2024, chs. 308, 309, § 1; R.I. Gen. Laws § 42-127.1-5(a); R.I. Gen. Laws § 42-127.1-5(b); R.I. Gen. Laws § 42-127.1-5(c); Absence: RI batteries named in the row's notes (RI log §17, §18)",CONFIRMED_ABSENT,VERIFIED,2026-10-09,2026-10-09,,[Full trail in lease-clauses.csv notes and lease-clause-decision-log-RI.md.]
edu-tenant-records-ri,LANDLORD_EDUCATION,RI,R.I. Gen. Laws § 5-93-13; R.I. Gen. Laws § 11-49.3-2(a); R.I. Gen. Laws § 11-49.3-3(a)(9); R.I. Gen. Laws § 11-49.3-3(a)(10); R.I. Gen. Laws § 11-49.3-4(a)(1); R.I. Gen. Laws § 11-49.3-4(a)(2)(ii); R.I. Gen. Laws § 11-49.3-5(a); R.I. Gen. Laws § 11-49.3-5(b),CITED,VERIFIED,2026-10-09,2026-10-09,,[Full trail in lease-clauses.csv notes and lease-clause-decision-log-RI.md.]
edu-no-tenant-law-sunset-ri,LANDLORD_EDUCATION,RI,"R.I. Gen. Laws § 34-18-15; R.I. Gen. Laws § 23-24.6-17(b)(1); R.I. Gen. Laws § 42-128-8.1(i); R.I. Gen. Laws § 44-18-36.1; R.I. Pub. L. 2026, chs. 147, 148, § 3; R.I. Pub. L. 2026, chs. 165, 166, § 3; R.I. Gen. Laws § 34-18-63; R.I. Pub. L. 2026, ch. 147; Absence: RI batteries named in the row's notes (RI log §17, §18)",CONFIRMED_ABSENT,VERIFIED,2026-10-09,2026-10-09,,[Full trail in lease-clauses.csv notes and lease-clause-decision-log-RI.md.]
edu-no-translation-duty-ri,LANDLORD_EDUCATION,RI,"R.I. Gen. Laws § 42-167-5; R.I. Gen. Laws § 23-59-6; R.I. Gen. Laws § 31-34-7; R.I. Gen. Laws § 42-167-5(a)(8); Absence: RI batteries named in the row's notes (RI log §17, §18)",CONFIRMED_ABSENT,VERIFIED,2026-10-09,2026-10-09,,[Full trail in lease-clauses.csv notes and lease-clause-decision-log-RI.md.]
edu-written-notices-ri,LANDLORD_EDUCATION,RI,R.I. Gen. Laws § 34-18-20(a); R.I. Gen. Laws § 34-18-15(a)(2); R.I. Gen. Laws § 34-18-15(a)(3); R.I. Gen. Laws § 34-18-16.1(a); R.I. Gen. Laws § 34-18-19(b); R.I. Gen. Laws § 34-18-23(a)(1); R.I. Gen. Laws § 34-18-23(b); R.I. Gen. Laws § 34-18-35(a); R.I. Gen. Laws § 34-18-36(a); R.I. Gen. Laws § 34-18-36(e); R.I. Gen. Laws § 34-18-37(a); R.I. Gen. Laws § 34-18-40; R.I. Gen. Laws § 34-18-41; R.I. Gen. Laws § 34-18-26(c); R.I. Gen. Laws § 34-18-17(a)(1); R.I. Gen. Laws § 34-18-16.1; R.I. Gen. Laws § 34-18-28; R.I. Gen. Laws § 34-18-22,CITED,VERIFIED,2026-10-09,2026-10-09,,[Full trail in lease-clauses.csv notes and lease-clause-decision-log-RI.md.]
edu-assistance-animals-ri,LANDLORD_EDUCATION,RI,R.I. Gen. Laws § 34-37-4(e)(1); R.I. Gen. Laws § 34-37-4(e)(2); R.I. Gen. Laws § 34-37-4(j); R.I. Gen. Laws § 42-87-3(4); R.I. Gen. Laws § 40-9.1-1.1(6); R.I. Gen. Laws § 40-9.1-2; R.I. Gen. Laws § 40-9.1-1; R.I. Gen. Laws § 34-37-4; R.I. Gen. Laws § 31-44-3; R.I. Gen. Laws § 34-37-5,CITED,VERIFIED,2026-10-09,2026-10-09,,[Full trail in lease-clauses.csv notes and lease-clause-decision-log-RI.md.]
edu-service-animal-denial-penalty-ri,LANDLORD_EDUCATION,RI,R.I. Gen. Laws § 34-37-4(e)(1); R.I. Gen. Laws § 34-37-4(e)(2); R.I. Gen. Laws § 34-37-5(h)(2); R.I. Gen. Laws § 34-37-5(b); R.I. Gen. Laws § 34-37-5(n); R.I. Gen. Laws § 34-37-5; R.I. Gen. Laws § 40-9.1-3(a)(1); R.I. Gen. Laws § 40-9.1-2; R.I. Gen. Laws § 40-9.1-2.1; R.I. Gen. Laws § 40-9.1-3(d); R.I. Gen. Laws § 40-9.1-1; R.I. Gen. Laws § 40-9.1-1(2); R.I. Gen. Laws § 40-9.1-3; R.I. Gen. Laws § 42-87-3(4),CITED,NEEDS_REVIEW,2026-10-09,2026-10-09,,[Full trail in lease-clauses.csv notes and lease-clause-decision-log-RI.md.]
edu-service-animal-misrepresentation-ri,LANDLORD_EDUCATION,RI,R.I. Gen. Laws § 40-9.1-3.1(a); R.I. Gen. Laws § 40-9.1-3.1(c); R.I. Gen. Laws § 40-9.1-3.1(c)(2); R.I. Gen. Laws § 40-9.1-3.1(d); R.I. Gen. Laws § 40-9.1-1.1(4); R.I. Gen. Laws § 40-9.1-1; R.I. Gen. Laws § 40-9.1-1.1(6); R.I. Gen. Laws § 40-9.1-1(2); R.I. Gen. Laws § 40-9.1-3.1; R.I. Gen. Laws § 11-18-28; R.I. Gen. Laws § 4-25-9,CITED,VERIFIED,2026-10-09,2026-10-09,,[Full trail in lease-clauses.csv notes and lease-clause-decision-log-RI.md.]
edu-no-pet-eviction-fact-sheet-ri,LANDLORD_EDUCATION,RI,"216-RICR-50-15-3; 860-RICR-00-00-2; Absence: RI batteries named in the row's notes (RI log §17, §18)",CONFIRMED_ABSENT,VERIFIED,2026-10-09,2026-10-09,,[Full trail in lease-clauses.csv notes and lease-clause-decision-log-RI.md.]
edu-pet-fees-ri,LANDLORD_EDUCATION,RI,R.I. Gen. Laws § 34-18-19(a); R.I. Gen. Laws § 34-18-24; R.I. Gen. Laws § 34-18-19(b); R.I. Gen. Laws § 34-18-19(e); R.I. Gen. Laws § 34-18-15(a)(1); R.I. Gen. Laws § 34-37-4(e)(2); R.I. Gen. Laws § 31-44-3(11)(i); R.I. Gen. Laws § 31-44-3,CITED,VERIFIED,2026-10-09,2026-10-09,,[Full trail in lease-clauses.csv notes and lease-clause-decision-log-RI.md.]
edu-pet-policy-ri,LANDLORD_EDUCATION,RI,R.I. Gen. Laws § 31-44-3; R.I. Gen. Laws § 34-18-25(a)(6); R.I. Gen. Laws § 34-18-25(b); R.I. Gen. Laws § 34-18-26(a); R.I. Gen. Laws § 34-18-26(b); R.I. Gen. Laws § 34-18-26(c); R.I. Gen. Laws § 34-18-39; R.I. Gen. Laws § 34-18-26(d); R.I. Gen. Laws § 34-18-42(b); R.I. Gen. Laws § 34-18-44; R.I. Gen. Laws § 34-18-17(a)(4); R.I. Gen. Laws § 31-44-3(11)(ii),CITED,VERIFIED,2026-10-09,2026-10-09,,[Full trail in lease-clauses.csv notes and lease-clause-decision-log-RI.md.]
edu-no-ev-charging-right-ri,LANDLORD_EDUCATION,RI,"R.I. Gen. Laws § 31-21-18; R.I. Gen. Laws § 31-28-11; R.I. Gen. Laws § 31-28-12; R.I. Gen. Laws § 31-3.3-1; R.I. Gen. Laws § 31-28-11(5); R.I. Gen. Laws § 31-28-12(a); R.I. Gen. Laws § 31-28-12(i); R.I. Gen. Laws § 31-21-18(b); R.I. Gen. Laws § 31-41.1-4; Absence: RI batteries named in the row's notes (RI log §17, §18)",CONFIRMED_ABSENT,VERIFIED,2026-10-09,2026-10-09,,[Full trail in lease-clauses.csv notes and lease-clause-decision-log-RI.md.]
edu-no-ev-charging-end-of-tenancy-ri,LANDLORD_EDUCATION,RI,"R.I. Gen. Laws § 31-21-18; R.I. Gen. Laws § 31-28-11; R.I. Gen. Laws § 31-28-12; R.I. Gen. Laws § 31-3.3-1; R.I. Gen. Laws § 34-18-19(b); R.I. Gen. Laws § 34-18-24; R.I. Gen. Laws § 34-18-19(d); Absence: RI batteries named in the row's notes (RI log §17, §18)",CONFIRMED_ABSENT,VERIFIED,2026-10-09,2026-10-09,,[Full trail in lease-clauses.csv notes and lease-clause-decision-log-RI.md.]
edu-no-ev-charging-requirements-ri,LANDLORD_EDUCATION,RI,"R.I. Gen. Laws § 31-21-18; R.I. Gen. Laws § 31-28-11; R.I. Gen. Laws § 31-28-12; R.I. Gen. Laws § 31-3.3-1; Absence: RI batteries named in the row's notes (RI log §17, §18)",CONFIRMED_ABSENT,VERIFIED,2026-10-09,2026-10-09,,[Full trail in lease-clauses.csv notes and lease-clause-decision-log-RI.md.]
edu-no-ev-charging-shared-area-ri,LANDLORD_EDUCATION,RI,"R.I. Gen. Laws § 31-21-18; R.I. Gen. Laws § 31-28-11; R.I. Gen. Laws § 31-28-12; R.I. Gen. Laws § 31-3.3-1; R.I. Gen. Laws § 31-28-11(5); R.I. Gen. Laws § 31-28-12(a); R.I. Gen. Laws § 31-28-12(i); R.I. Gen. Laws § 31-21-18(b); R.I. Gen. Laws § 31-41.1-4; Absence: RI batteries named in the row's notes (RI log §17, §18)",CONFIRMED_ABSENT,VERIFIED,2026-10-09,2026-10-09,,[Full trail in lease-clauses.csv notes and lease-clause-decision-log-RI.md.]
edu-towing-ri,LANDLORD_EDUCATION,RI,R.I. Gen. Laws § 39-12.1-12(a); R.I. Gen. Laws § 39-12.1-12(b); R.I. Gen. Laws § 39-12.1-12(c); R.I. Gen. Laws § 39-12.1-2(7); R.I. Gen. Laws § 39-12.1-2(1); R.I. Gen. Laws § 39-12.1-2(10); R.I. Gen. Laws § 39-12.1-2(3); R.I. Gen. Laws § 39-12.1-3(a); R.I. Gen. Laws § 31-22-13,CITED,VERIFIED,2026-10-09,2026-10-09,,[Full trail in lease-clauses.csv notes and lease-clause-decision-log-RI.md.]
edu-no-parking-statute-ri,LANDLORD_EDUCATION,RI,"R.I. Gen. Laws § 31-44-7; R.I. Gen. Laws § 45-24-33; R.I. Gen. Laws § 45-24-37; R.I. Gen. Laws § 45-24-73; R.I. Gen. Laws § 45-53-4; R.I. Gen. Laws § 34-18-15(a)(1); R.I. Gen. Laws § 34-18-25(b); R.I. Gen. Laws § 31-44-7(1)(xii); Absence: RI batteries named in the row's notes (RI log §17, §18)",CONFIRMED_ABSENT,VERIFIED,2026-10-09,2026-10-09,,[Full trail in lease-clauses.csv notes and lease-clause-decision-log-RI.md.]
edu-parking-rules-notice-ri,LANDLORD_EDUCATION,RI,R.I. Gen. Laws § 34-18-25(a); R.I. Gen. Laws § 34-18-25(a)(3); R.I. Gen. Laws § 34-18-25(a)(6); R.I. Gen. Laws § 34-18-25(b); R.I. Gen. Laws § 31-44-7; R.I. Gen. Laws § 45-24-33; R.I. Gen. Laws § 45-24-37; R.I. Gen. Laws § 45-24-73; R.I. Gen. Laws § 45-53-4,CITED,VERIFIED,2026-10-09,2026-10-09,,[Full trail in lease-clauses.csv notes and lease-clause-decision-log-RI.md.]
edu-no-unbundled-parking-rule-ri,LANDLORD_EDUCATION,RI,"R.I. Gen. Laws § 31-44-7; R.I. Gen. Laws § 45-24-33; R.I. Gen. Laws § 45-24-37; R.I. Gen. Laws § 45-24-73; R.I. Gen. Laws § 45-53-4; R.I. Gen. Laws § 34-18-15(a)(1); R.I. Gen. Laws § 34-18-15(a)(2); Absence: RI batteries named in the row's notes (RI log §17, §18)",CONFIRMED_ABSENT,VERIFIED,2026-10-09,2026-10-09,,[Full trail in lease-clauses.csv notes and lease-clause-decision-log-RI.md.]
edu-cannabis-ri,LANDLORD_EDUCATION,RI,"R.I. Gen. Laws § 21-28.11-29(h); R.I. Gen. Laws § 34-18-11; R.I. Gen. Laws § 21-28.11-29(g); R.I. Gen. Laws § 21-28.11-22(a)(2); R.I. Gen. Laws § 21-28.11-22(b); R.I. Gen. Laws § 21-28.6-4(d); R.I. Gen. Laws § 21-28.6-4; R.I. Gen. Laws § 21-28.11-29; R.I. Gen. Laws § 21-28.11-22; R.I. Pub. L. 2026, chs. 64, 65",CITED,VERIFIED,2026-10-09,2026-10-09,,[Full trail in lease-clauses.csv notes and lease-clause-decision-log-RI.md.]
edu-religious-display-ri,LANDLORD_EDUCATION,RI,"R.I. Gen. Laws § 34-37-5.5(a); R.I. Gen. Laws § 34-37-5.5(b)(1); R.I. Gen. Laws § 34-37-5.5(b)(3); R.I. Gen. Laws § 34-37-5.5(b)(4); R.I. Gen. Laws § 34-18-11; R.I. Pub. L. 2026, chs. 147, 148, § 1; R.I. Gen. Laws § 23-90-3; R.I. Gen. Laws § 34-18-22; R.I. Gen. Laws § 34-37-5.5",CITED,VERIFIED,2026-10-09,2026-10-09,,[Full trail in lease-clauses.csv notes and lease-clause-decision-log-RI.md.]
edu-no-disaster-guest-rule-ri,LANDLORD_EDUCATION,RI,"R.I. Gen. Laws § 30-15.6-1; R.I. Gen. Laws § 30-15.6-2; R.I. Gen. Laws § 30-15-9; R.I. Gen. Laws § 34-18-3; R.I. Pub. L. 2026, chs. 327, 328; R.I. Gen. Laws § 45-24-31; R.I. Pub. L. 2026, chs. 327, 328, § 4; R.I. Pub. L. 2026, ch. 327; Absence: RI batteries named in the row's notes (RI log §17, §18)",CONFIRMED_ABSENT,VERIFIED,2026-10-09,2026-10-09,,[Full trail in lease-clauses.csv notes and lease-clause-decision-log-RI.md.]
edu-guest-policy-ri,LANDLORD_EDUCATION,RI,R.I. Gen. Laws § 34-18-24(7); R.I. Gen. Laws § 34-18-24(6); R.I. Gen. Laws § 45-24.3-11(4); R.I. Gen. Laws § 31-44-7(1)(xiii); R.I. Gen. Laws § 34-37-4(a); R.I. Gen. Laws § 31-44-7,CITED,VERIFIED,2026-10-09,2026-10-09,,[Full trail in lease-clauses.csv notes and lease-clause-decision-log-RI.md.]
edu-no-firearms-lease-rule-ri,LANDLORD_EDUCATION,RI,"R.I. Gen. Laws § 11-39-2; R.I. Gen. Laws § 11-47-2; R.I. Gen. Laws § 20-13-7; R.I. Gen. Laws § 20-15-1; R.I. Gen. Laws § 30-2-19; R.I. Gen. Laws § 8-8.1-6; R.I. Gen. Laws § 34-18-24(10); R.I. Gen. Laws § 34-18-36(b); R.I. Gen. Laws § 34-18-36(f); R.I. Gen. Laws § 34-18-24; R.I. Gen. Laws § 34-18-36; Absence: RI batteries named in the row's notes (RI log §17, §18)",CONFIRMED_ABSENT,VERIFIED,2026-10-09,2026-10-09,,[Full trail in lease-clauses.csv notes and lease-clause-decision-log-RI.md.]
edu-no-guest-rights-ri,LANDLORD_EDUCATION,RI,"R.I. Gen. Laws § 45-24.3-5(16); R.I. Gen. Laws § 45-24.3-5(26); R.I. Gen. Laws § 34-18-24(7); R.I. Gen. Laws § 45-24.3-11(4); R.I. Gen. Laws § 34-37-4; R.I. Gen. Laws § 31-44-7; R.I. Gen. Laws § 23-17.4-16; R.I. Gen. Laws § 34-33-1; R.I. Gen. Laws § 33-15-18.1; R.I. Gen. Laws § 34-18-15(a)(1); R.I. Gen. Laws § 34-18-15(a)(5); Absence: RI batteries named in the row's notes (RI log §17, §18)",CONFIRMED_ABSENT,VERIFIED,2026-10-09,2026-10-09,,[Full trail in lease-clauses.csv notes and lease-clause-decision-log-RI.md.]
edu-inspection-rights-ri,LANDLORD_EDUCATION,RI,R.I. Gen. Laws § 34-18-26(a); R.I. Gen. Laws § 34-18-26(b); R.I. Gen. Laws § 34-18-26(c); R.I. Gen. Laws § 34-18-39; R.I. Gen. Laws § 34-18-24; R.I. Gen. Laws § 34-18-26(d)(3); R.I. Gen. Laws § 34-18-45(a); R.I. Gen. Laws § 34-18-45(b); R.I. Gen. Laws § 34-18-45(c),CITED,VERIFIED,2026-10-09,2026-10-09,,[Full trail in lease-clauses.csv notes and lease-clause-decision-log-RI.md.]
edu-keys-ri,LANDLORD_EDUCATION,RI,"R.I. Gen. Laws § 34-18-19(a); R.I. Gen. Laws § 34-18-11(16); R.I. Pub. L. 2026, chs. 147, 148, § 1; R.I. Gen. Laws § 34-18-15(a)(1); R.I. Gen. Laws § 45-24.3-12(c)(7); R.I. Gen. Laws § 34-18-65; R.I. Pub. L. 2026, chs. 147, 148, § 2; R.I. Gen. Laws § 34-18-63; R.I. Gen. Laws § 34-18-65(d); R.I. Gen. Laws § 34-18-65(e); R.I. Gen. Laws § 34-18-65(g); R.I. Gen. Laws § 34-18-64; R.I. Gen. Laws § 34-18-67; R.I. Pub. L. 2026, ch. 147; R.I. Gen. Laws § 45-24.3-12",CITED,VERIFIED,2026-10-09,2026-10-09,,[Full trail in lease-clauses.csv notes and lease-clause-decision-log-RI.md.]
edu-no-candidate-access-rule-ri,LANDLORD_EDUCATION,RI,"R.I. Gen. Laws § 31-44-13(a); R.I. Gen. Laws § 31-44-13(c); R.I. Gen. Laws § 34-18-46; R.I. Gen. Laws § 31-44-13; R.I. Gen. Laws § 34-18-38; Absence: RI batteries named in the row's notes (RI log §17, §18)",CONFIRMED_ABSENT,VERIFIED,2026-10-09,2026-10-09,,[Full trail in lease-clauses.csv notes and lease-clause-decision-log-RI.md.]
edu-no-flag-sign-right-ri,LANDLORD_EDUCATION,RI,"R.I. Gen. Laws § 34-37-5.5(a); R.I. Gen. Laws § 34-37-5.5; R.I. Gen. Laws § 31-44-4(e); R.I. Gen. Laws § 34-37-4; Absence: RI batteries named in the row's notes (RI log §17, §18)",CONFIRMED_ABSENT,VERIFIED,2026-10-09,2026-10-09,,[Full trail in lease-clauses.csv notes and lease-clause-decision-log-RI.md.]
edu-no-portable-cooling-right-ri,LANDLORD_EDUCATION,RI,"R.I. Gen. Laws § 34-18-22(a)(4); R.I. Gen. Laws § 34-18-24(5); R.I. Gen. Laws § 34-18-24(6); R.I. Gen. Laws § 34-18-25; R.I. Gen. Laws § 34-18-22; R.I. Gen. Laws § 34-18-24; R.I. Gen. Laws § 34-36-3; Absence: RI batteries named in the row's notes (RI log §17, §18)",CONFIRMED_ABSENT,VERIFIED,2026-10-09,2026-10-09,,[Full trail in lease-clauses.csv notes and lease-clause-decision-log-RI.md.]
edu-no-portable-solar-right-ri,LANDLORD_EDUCATION,RI,"R.I. Gen. Laws § 34-40-2(a); R.I. Gen. Laws § 34-40-1(1); R.I. Gen. Laws § 34-18-24(6); Absence: RI batteries named in the row's notes (RI log §17, §18)",CONFIRMED_ABSENT,VERIFIED,2026-10-09,2026-10-09,,[Full trail in lease-clauses.csv notes and lease-clause-decision-log-RI.md.]
edu-no-recycling-notice-ri,LANDLORD_EDUCATION,RI,"R.I. Gen. Laws § 34-18-22(a)(5); R.I. Gen. Laws § 45-24.3-6; R.I. Gen. Laws § 34-18-24(3); R.I. Gen. Laws § 34-18-22; R.I. Gen. Laws § 45-24.3-6(f); Absence: RI batteries named in the row's notes (RI log §17, §18)",CONFIRMED_ABSENT,VERIFIED,2026-10-09,2026-10-09,,[Full trail in lease-clauses.csv notes and lease-clause-decision-log-RI.md.]
edu-no-smoke-drift-waiver-ri,LANDLORD_EDUCATION,RI,"R.I. Gen. Laws § 34-18-17(a)(4); R.I. Gen. Laws § 34-18-17(b); R.I. Gen. Laws § 23-20.10-3(10); R.I. Gen. Laws § 23-20.10-6(a)(1); R.I. Gen. Laws § 23-20.10-4; R.I. Gen. Laws § 23-20.10-2; R.I. Pub. L. 2025, chs. 444, 445; R.I. Gen. Laws § 23-20.10-12; R.I. Gen. Laws § 23-20.9-2; Absence: RI batteries named in the row's notes (RI log §17, §18)",CONFIRMED_ABSENT,VERIFIED,2026-10-09,2026-10-09,,[Full trail in lease-clauses.csv notes and lease-clause-decision-log-RI.md.]
edu-snow-removal-ri,LANDLORD_EDUCATION,RI,R.I. Gen. Laws § 34-18-22(a)(3); R.I. Gen. Laws § 34-18-22(c); R.I. Gen. Laws § 24-7-1(a); R.I. Gen. Laws § 24-5-14; R.I. Gen. Laws § 24-7-1; R.I. Gen. Laws § 24-8-9,CITED,VERIFIED,2026-10-09,2026-10-09,,[Full trail in lease-clauses.csv notes and lease-clause-decision-log-RI.md.]
edu-no-tenant-camera-rule-ri,LANDLORD_EDUCATION,RI,"R.I. Gen. Laws § 11-35-21(a); R.I. Gen. Laws § 11-35-21(c)(3); R.I. Gen. Laws § 12-5.1-1; R.I. Gen. Laws § 11-64-2(1)(a); R.I. Gen. Laws § 11-64-2(3); R.I. Gen. Laws § 34-18-24(6); R.I. Gen. Laws § 34-18-25(a); R.I. Gen. Laws § 11-41-26; Absence: RI batteries named in the row's notes (RI log §17, §18)",CONFIRMED_ABSENT,VERIFIED,2026-10-09,2026-10-09,,[Full trail in lease-clauses.csv notes and lease-clause-decision-log-RI.md.]
edu-no-waterbed-rule-ri,LANDLORD_EDUCATION,RI,"R.I. Gen. Laws § 34-18-25(b); R.I. Gen. Laws § 34-18-24(6); R.I. Gen. Laws § 23-90-3; Absence: RI batteries named in the row's notes (RI log §17, §18)",CONFIRMED_ABSENT,VERIFIED,2026-10-09,2026-10-09,,[Full trail in lease-clauses.csv notes and lease-clause-decision-log-RI.md.]
edu-condo-tenant-rules-ri,LANDLORD_EDUCATION,RI,R.I. Gen. Laws § 34-36-34(a); R.I. Gen. Laws § 34-36.1-3.02(a)(1); R.I. Gen. Laws § 34-36.1-3.20; R.I. Gen. Laws § 34-36.1-3.02(a)(11); R.I. Gen. Laws § 34-36.1-3.20(a); R.I. Gen. Laws § 34-36.1-3.20(c); R.I. Gen. Laws § 34-36.1-3.20(f); R.I. Gen. Laws § 34-36.1-1.03; R.I. Gen. Laws § 34-36.1-2.18; R.I. Gen. Laws § 34-36.1-3.10; R.I. Gen. Laws § 34-36.1-3.15; R.I. Gen. Laws § 34-36.1-4.12; R.I. Gen. Laws § 34-36.1-3.15(g)(1); R.I. Gen. Laws § 34-36.1-1.02(a)(1); R.I. Gen. Laws § 34-36.1-1.02; R.I. Gen. Laws § 34-36.1-3.02; R.I. Gen. Laws § 39-19-10(2),CITED,VERIFIED,2026-10-09,2026-10-09,,[Full trail in lease-clauses.csv notes and lease-clause-decision-log-RI.md.]
edu-condo-leasing-rules-ri,LANDLORD_EDUCATION,RI,R.I. Gen. Laws § 34-36.1-3.02(a)(1); R.I. Gen. Laws § 34-36.1-3.15(g)(1); R.I. Gen. Laws § 34-36.1-3.10(c); R.I. Gen. Laws § 34-36.1-3.15; R.I. Gen. Laws § 34-36.1-3.02; R.I. Gen. Laws § 34-45-11,CITED,VERIFIED,2026-10-09,2026-10-09,,[Full trail in lease-clauses.csv notes and lease-clause-decision-log-RI.md.]
edu-no-association-disclosure-ri,LANDLORD_EDUCATION,RI,"R.I. Gen. Laws § 34-36-34(a); R.I. Gen. Laws § 34-36.1-3.20; R.I. Gen. Laws § 34-18-25(a)(6); R.I. Gen. Laws § 34-18-25; R.I. Gen. Laws § 34-36.1-3.10; R.I. Gen. Laws § 34-18-22; Absence: RI batteries named in the row's notes (RI log §17, §18)",CONFIRMED_ABSENT,VERIFIED,2026-10-09,2026-10-09,,[Full trail in lease-clauses.csv notes and lease-clause-decision-log-RI.md.]
edu-no-bed-bug-disclosure-ri,LANDLORD_EDUCATION,RI,"R.I. Gen. Laws § 45-24.3-6(a); R.I. Gen. Laws § 34-18-22.1(b); R.I. Gen. Laws § 34-18-22.1(a); R.I. Gen. Laws § 45-24.3-6(i); R.I. Gen. Laws § 31-44-7; R.I. Gen. Laws § 45-24.3-6; Absence: RI batteries named in the row's notes (RI log §17, §18)",CONFIRMED_ABSENT,VERIFIED,2026-10-09,2026-10-09,,[Full trail in lease-clauses.csv notes and lease-clause-decision-log-RI.md.]
edu-no-certificate-of-occupancy-disclosure-ri,LANDLORD_EDUCATION,RI,"R.I. Gen. Laws § 23-27.3-120.1; R.I. Gen. Laws § 34-18-22.1(b); Absence: RI batteries named in the row's notes (RI log §17, §18)",CONFIRMED_ABSENT,VERIFIED,2026-10-09,2026-10-09,,[Full trail in lease-clauses.csv notes and lease-clause-decision-log-RI.md.]
edu-no-drywall-disclosure-ri,LANDLORD_EDUCATION,RI,"R.I. Gen. Laws § 34-18-22(a)(1); R.I. Gen. Laws § 34-18-22(a)(2); R.I. Gen. Laws § 34-18-22.1(b); Absence: RI batteries named in the row's notes (RI log §17, §18)",CONFIRMED_ABSENT,VERIFIED,2026-10-09,2026-10-09,,[Full trail in lease-clauses.csv notes and lease-clause-decision-log-RI.md.]
edu-no-submeter-disclosure-ri,LANDLORD_EDUCATION,RI,"R.I. Gen. Laws § 34-18-15(a)(3); R.I. Gen. Laws § 39-3-7.1; R.I. Gen. Laws § 39-3-37.2; R.I. Gen. Laws § 39-3-37.3; Absence: RI batteries named in the row's notes (RI log §17, §18)",CONFIRMED_ABSENT,VERIFIED,2026-10-09,2026-10-09,,[Full trail in lease-clauses.csv notes and lease-clause-decision-log-RI.md.]
edu-no-flood-disclosure-ri,LANDLORD_EDUCATION,RI,"R.I. Gen. Laws § 5-20.8-2(a); R.I. Gen. Laws § 5-20.8-2(b)(3); R.I. Gen. Laws § 5-20.8-3; R.I. Gen. Laws § 5-20.8-2; R.I. Gen. Laws § 34-18-22.1(b); R.I. Gen. Laws § 34-18-20(e); R.I. Pub. L. 2026, chs. 165, 166; Absence: RI batteries named in the row's notes (RI log §17, §18)",CONFIRMED_ABSENT,NEEDS_REVIEW,2026-10-09,2026-10-09,,[Full trail in lease-clauses.csv notes and lease-clause-decision-log-RI.md.]
edu-no-good-cause-notice-ri,LANDLORD_EDUCATION,RI,"R.I. Gen. Laws § 34-18-38.2(a); R.I. Gen. Laws § 34-18-38.2(b)(2); R.I. Gen. Laws § 34-18-38.2(b); R.I. Gen. Laws § 34-18-38.2(h); R.I. Gen. Laws § 34-18-38.1(4); R.I. Gen. Laws § 34-18-38.1(6); R.I. Gen. Laws § 45-24.3-21(c)(4); R.I. Gen. Laws § 31-44-2(a); R.I. Gen. Laws § 45-25-18.1(a)(3); R.I. Gen. Laws § 34-18-38.2(g); R.I. Gen. Laws § 34-37-4; R.I. Gen. Laws § 34-18-38.2; R.I. Gen. Laws § 34-18-38.1; R.I. Gen. Laws § 45-24.3-21; Absence: RI batteries named in the row's notes (RI log §17, §18)",CONFIRMED_ABSENT,VERIFIED,2026-10-09,2026-10-09,,[Full trail in lease-clauses.csv notes and lease-clause-decision-log-RI.md.]
edu-no-contamination-disclosure-ri,LANDLORD_EDUCATION,RI,"R.I. Gen. Laws § 23-19.14-7(2)(iv); R.I. Gen. Laws § 23-19.14-7(2)(iv)(F); Absence: RI batteries named in the row's notes (RI log §17, §18)",CONFIRMED_ABSENT,NEEDS_REVIEW,2026-10-09,2026-10-09,,[Full trail in lease-clauses.csv notes and lease-clause-decision-log-RI.md.]
edu-code-violation-disclosure-ri,LANDLORD_EDUCATION,RI,R.I. Gen. Laws § 34-18-22.1(b); R.I. Gen. Laws § 34-18-22.1(a); R.I. Gen. Laws § 45-24.3-17(j); R.I. Gen. Laws § 45-24.3-17(i),CITED,VERIFIED,2026-10-09,2026-10-09,,[Full trail in lease-clauses.csv notes and lease-clause-decision-log-RI.md.]
edu-lead-disclosure-ri,LANDLORD_EDUCATION,RI,216-RICR-50-15-3.5.1; 216-RICR-50-15-3.5.3(A); 216-RICR-50-15-3.5.3(A)(1); 216-RICR-50-15-3.5.3(A)(2); 216-RICR-50-15-3.5.3(A)(3)(e); 216-RICR-50-15-3.5.3(A)(3)(f); 216-RICR-50-15-3.5.6(G); R.I. Gen. Laws § 23-24.6-15(b)(1); 216-RICR-50-15-3.6.5(A)(1); 216-RICR-50-15-3.3(A)(65),CITED,VERIFIED,2026-10-09,2026-10-09,,[Full trail in lease-clauses.csv notes and lease-clause-decision-log-RI.md.]
edu-lead-certificate-ri,LANDLORD_EDUCATION,RI,216-RICR-50-15-3.5.6(A); 216-RICR-50-15-3.5.6(B); 216-RICR-50-15-3.6.2(A)(2); R.I. Gen. Laws § 42-128.1-8(a); R.I. Gen. Laws § 42-128.1-8(a)(3); R.I. Gen. Laws § 42-128.1-8(a)(4); R.I. Gen. Laws § 34-18-22; R.I. Gen. Laws § 42-128.1-8(e); R.I. Gen. Laws § 42-128.1-4(1); R.I. Gen. Laws § 42-128.1-8(c); R.I. Gen. Laws § 42-128.1-10(b); R.I. Gen. Laws § 42-128.1-11(c); R.I. Gen. Laws § 34-18-58; 860-RICR-00-00-2; 216-RICR-50-15-3,CITED,VERIFIED,2026-10-09,2026-10-09,,[Full trail in lease-clauses.csv notes and lease-clause-decision-log-RI.md.]
edu-lead-tenant-notices-ri,LANDLORD_EDUCATION,RI,"216-RICR-50-15-3.5.3(A)(1); 216-RICR-50-15-3.5.3(A)(3)(d)(1); R.I. Gen. Laws § 42-128.1-8(a)(4); R.I. Gen. Laws § 42-128.1-8(a); R.I. Gen. Laws § 23-24.6-15(b)(1); R.I. Gen. Laws § 23-24.6-15(c); 216-RICR-50-15-3.5.6(G); R.I. Gen. Laws § 23-24.6-28(p); R.I. Gen. Laws § 23-24.6-15(b); R.I. Gen. Laws § 23-24.6-27; R.I. Gen. Laws § 23-24.6-28(o); R.I. Pub. L. 2026, chs. 48, 49; R.I. Gen. Laws § 23-24.6-7; R.I. Gen. Laws § 23-24.6-21; 216-RICR-50-15-3",CITED,VERIFIED,2026-10-09,2026-10-09,,[Full trail in lease-clauses.csv notes and lease-clause-decision-log-RI.md.]
edu-no-meter-conservation-charge-ri,LANDLORD_EDUCATION,RI,"R.I. Gen. Laws § 39-3-37.2; R.I. Gen. Laws § 34-18-15(a)(3); R.I. Gen. Laws § 39-3-37.3; Absence: RI batteries named in the row's notes (RI log §17, §18)",CONFIRMED_ABSENT,VERIFIED,2026-10-09,2026-10-09,,[Full trail in lease-clauses.csv notes and lease-clause-decision-log-RI.md.]
edu-no-meth-disclosure-ri,LANDLORD_EDUCATION,RI,"R.I. Gen. Laws § 34-18-24(8); R.I. Gen. Laws § 21-28-4.06; R.I. Gen. Laws § 34-18-24(9); R.I. Gen. Laws § 34-18-36(f); R.I. Gen. Laws § 34-18-22(a)(1); R.I. Gen. Laws § 34-18-22.1(b); R.I. Gen. Laws § 45-24.3-6(a); R.I. Gen. Laws § 21-28-4.01; R.I. Gen. Laws § 34-18-24; Absence: RI batteries named in the row's notes (RI log §17, §18)",CONFIRMED_ABSENT,VERIFIED,2026-10-09,2026-10-09,,[Full trail in lease-clauses.csv notes and lease-clause-decision-log-RI.md.]
edu-no-military-zone-disclosure-ri,LANDLORD_EDUCATION,RI,"Absence: RI batteries named in the row's notes (RI log §17, §18)",CONFIRMED_ABSENT,VERIFIED,2026-10-09,2026-10-09,,[Full trail in lease-clauses.csv notes and lease-clause-decision-log-RI.md.]
edu-no-ordnance-demolition-meter-disclosure-ri,LANDLORD_EDUCATION,RI,"R.I. Gen. Laws § 34-18-15(a)(3); R.I. Gen. Laws § 34-18-15(a)(5); R.I. Gen. Laws § 34-18-37; Absence: RI batteries named in the row's notes (RI log §17, §18)",CONFIRMED_ABSENT,VERIFIED,2026-10-09,2026-10-09,,[Full trail in lease-clauses.csv notes and lease-clause-decision-log-RI.md.]
edu-no-mold-disclosure-ri,LANDLORD_EDUCATION,RI,"R.I. Gen. Laws § 34-18-22(a)(1); R.I. Gen. Laws § 34-18-22(a)(2); R.I. Gen. Laws § 34-18-22.1(b); R.I. Gen. Laws § 34-18-24(2); R.I. Gen. Laws § 42-167-4; R.I. Gen. Laws § 5-20.8-2; Absence: RI batteries named in the row's notes (RI log §17, §18)",CONFIRMED_ABSENT,VERIFIED,2026-10-09,2026-10-09,,[Full trail in lease-clauses.csv notes and lease-clause-decision-log-RI.md.]
edu-owner-manager-disclosure-ri,LANDLORD_EDUCATION,RI,"R.I. Gen. Laws § 34-18-20(a); R.I. Gen. Laws § 34-18-20(b); R.I. Gen. Laws § 34-18-20(c); R.I. Gen. Laws § 34-18-11; R.I. Pub. L. 2026, chs. 147, 148, § 1; R.I. Gen. Laws § 34-18-20; R.I. Pub. L. 2026, ch. 147, § 1; R.I. Gen. Laws § 34-18-58; R.I. Gen. Laws § 34-18-22.3; R.I. Gen. Laws § 34-18-38.2",CITED,VERIFIED,2026-10-09,2026-10-09,,[Full trail in lease-clauses.csv notes and lease-clause-decision-log-RI.md.]
edu-private-well-testing-ri,LANDLORD_EDUCATION,RI,R.I. Gen. Laws § 23-1-5.3(6); R.I. Gen. Laws § 23-1-5.3(6)(iv); R.I. Gen. Laws § 23-1-5.3(6)(iii); R.I. Gen. Laws § 23-27.3-120.1; R.I. Gen. Laws § 5-20.8-12; R.I. Gen. Laws § 34-18-22(a)(4); R.I. Gen. Laws § 23-1-5.3,CITED,NEEDS_REVIEW,2026-10-09,2026-10-09,,[Full trail in lease-clauses.csv notes and lease-clause-decision-log-RI.md.]
edu-no-pest-control-notice-ri,LANDLORD_EDUCATION,RI,"R.I. Gen. Laws § 23-25-38(a); R.I. Gen. Laws § 23-25-4; R.I. Gen. Laws § 23-25-38(b); R.I. Gen. Laws § 23-25-37; R.I. Gen. Laws § 34-18-26(c); R.I. Gen. Laws § 23-25-38; Absence: RI batteries named in the row's notes (RI log §17, §18)",CONFIRMED_ABSENT,VERIFIED,2026-10-09,2026-10-09,,[Full trail in lease-clauses.csv notes and lease-clause-decision-log-RI.md.]
edu-no-prop65-warning-ri,LANDLORD_EDUCATION,RI,R.I. Gen. Laws § 28-21-2; R.I. Gen. Laws § 28-21-3; R.I. Gen. Laws § 28-21-10; R.I. Gen. Laws § 45-19.1-1,CITED,VERIFIED,2026-10-09,2026-10-09,,[Full trail in lease-clauses.csv notes and lease-clause-decision-log-RI.md.]
edu-no-property-tax-rent-statement-ri,LANDLORD_EDUCATION,RI,"R.I. Gen. Laws § 44-33-3(9); R.I. Gen. Laws § 44-33-3(1); R.I. Gen. Laws § 44-33-9(1); R.I. Gen. Laws § 44-33-9; R.I. Gen. Laws § 44-33-3; R.I. Gen. Laws § 44-33-11; Absence: RI batteries named in the row's notes (RI log §17, §18)",CONFIRMED_ABSENT,VERIFIED,2026-10-09,2026-10-09,,[Full trail in lease-clauses.csv notes and lease-clause-decision-log-RI.md.]
edu-no-radon-disclosure-ri,LANDLORD_EDUCATION,RI,"R.I. Gen. Laws § 23-61-3(3); R.I. Gen. Laws § 23-61-3; R.I. Gen. Laws § 23-61-4(3); R.I. Gen. Laws § 23-61-4(4); R.I. Gen. Laws § 23-61-7(b); 216-RICR-50-15-2.3.1(A)(5); R.I. Gen. Laws § 5-20.8-14; R.I. Pub. L. 2026, chs. 101, 102, § 1; R.I. Pub. L. 2026, ch. 101, § 2; R.I. Gen. Laws § 5-20.8-14(a)(3); R.I. Gen. Laws § 5-20.8-2; R.I. Pub. L. 2026, chs. 44, 45; Absence: RI batteries named in the row's notes (RI log §17, §18)",CONFIRMED_ABSENT,NEEDS_REVIEW,2026-10-09,2026-10-09,,[Full trail in lease-clauses.csv notes and lease-clause-decision-log-RI.md.]
edu-required-disclosures-ri,LANDLORD_EDUCATION,RI,"R.I. Gen. Laws § 34-18-20(a); R.I. Gen. Laws § 34-18-15(a)(1); R.I. Gen. Laws § 34-18-22(a)(7); R.I. Gen. Laws § 34-18-22.1(a); R.I. Gen. Laws § 45-24.3-17(j); R.I. Gen. Laws § 34-18-16.1(a); R.I. Gen. Laws § 34-18-16.1(b); 216-RICR-50-15-3.5.3(A); R.I. Gen. Laws § 23-1-5.3(6)(iv); R.I. Gen. Laws § 34-18-20(e)(1); R.I. Pub. L. 2026, chs. 165, 166, § 1; R.I. Pub. L. 2026, ch. 165, § 3; R.I. Gen. Laws § 5-20.8-1; R.I. Pub. L. 2026, ch. 165, § 1; R.I. Gen. Laws § 34-18-14; R.I. Gen. Laws § 34-18-56",CITED,NEEDS_REVIEW,2026-10-09,2026-10-09,,[Full trail in lease-clauses.csv notes and lease-clause-decision-log-RI.md.]
edu-no-code-variance-notice-ri,LANDLORD_EDUCATION,RI,"R.I. Gen. Laws § 45-24.2-5(c)(4); R.I. Gen. Laws § 45-24.3-21(b)(6); R.I. Gen. Laws § 34-18-22.1(a); R.I. Gen. Laws § 45-24.2-5; R.I. Gen. Laws § 45-24.3-21; R.I. Gen. Laws § 34-18-19(h); R.I. Gen. Laws § 34-18-41; Absence: RI batteries named in the row's notes (RI log §17, §18)",CONFIRMED_ABSENT,VERIFIED,2026-10-09,2026-10-09,,[Full trail in lease-clauses.csv notes and lease-clause-decision-log-RI.md.]
edu-no-sex-offender-disclosure-ri,LANDLORD_EDUCATION,RI,"R.I. Gen. Laws § 11-37.1-10(c); R.I. Gen. Laws § 11-37.1-2; R.I. Gen. Laws § 11-37.1-10(d); R.I. Gen. Laws § 11-37.1-12(4); R.I. Gen. Laws § 11-37.1-12; R.I. Gen. Laws § 42-11.2-11; Absence: RI batteries named in the row's notes (RI log §17, §18)",CONFIRMED_ABSENT,VERIFIED,2026-10-09,2026-10-09,,[Full trail in lease-clauses.csv notes and lease-clause-decision-log-RI.md.]
edu-sex-offender-occupancy-ri,LANDLORD_EDUCATION,RI,R.I. Gen. Laws § 11-37.1-10(c); R.I. Gen. Laws § 11-37.1-2; R.I. Gen. Laws § 11-37.1-10(d); R.I. Gen. Laws § 11-37.1-2(u); R.I. Gen. Laws § 42-11.2-11(c); R.I. Gen. Laws § 11-37.1-10; R.I. Gen. Laws § 13-8-32; R.I. Gen. Laws § 42-11.2-11,CITED,VERIFIED,2026-10-09,2026-10-09,,[Full trail in lease-clauses.csv notes and lease-clause-decision-log-RI.md.]
edu-no-lease-font-rules-ri,LANDLORD_EDUCATION,RI,"R.I. Gen. Laws § 34-18-15(a)(1); R.I. Gen. Laws § 34-18-15(a)(5); 216-RICR-50-15-3.5.3(A)(3)(e); 216-RICR-50-15-3.5.3(A); 216-RICR-50-15-3; R.I. Gen. Laws § 34-18-10; R.I. Gen. Laws § 34-18-56; R.I. Gen. Laws § 31-44-7; R.I. Gen. Laws § 31-44-8; R.I. Gen. Laws § 34-18-20(e); Absence: RI batteries named in the row's notes (RI log §17, §18)",CONFIRMED_ABSENT,VERIFIED,2026-10-09,2026-10-09,,[Full trail in lease-clauses.csv notes and lease-clause-decision-log-RI.md.]
edu-source-of-income-ri,LANDLORD_EDUCATION,RI,"R.I. Gen. Laws § 34-37-3(18); 42 U.S.C. § 1437; R.I. Gen. Laws § 34-37-4(a); R.I. Gen. Laws § 34-37-4(c); R.I. Gen. Laws § 34-37-4.6; R.I. Pub. L. 2021, chs. 3, 4; R.I. Gen. Laws § 34-37-4; R.I. Gen. Laws § 45-24-75; R.I. Gen. Laws § 34-37-3; R.I. Gen. Laws § 34-37-5; R.I. Gen. Laws § 34-37-6",CITED,VERIFIED,2026-10-09,2026-10-09,,[Full trail in lease-clauses.csv notes and lease-clause-decision-log-RI.md.]
edu-no-sprinkler-disclosure-ri,LANDLORD_EDUCATION,RI,"R.I. Gen. Laws § 23-28.1-6(a); R.I. Gen. Laws § 23-28.1-6(b); R.I. Gen. Laws § 23-28.1-2; R.I. Gen. Laws § 23-28.6-24; R.I. Gen. Laws § 44-18-30(55); R.I. Gen. Laws § 45-23-45; R.I. Gen. Laws § 23-28.6-21; R.I. Gen. Laws § 23-29.1-3; R.I. Pub. L. 2026, chs. 327, 328; Absence: RI batteries named in the row's notes (RI log §17, §18)",CONFIRMED_ABSENT,VERIFIED,2026-10-09,2026-10-09,,[Full trail in lease-clauses.csv notes and lease-clause-decision-log-RI.md.]
edu-fire-sprinkler-duty-ri,LANDLORD_EDUCATION,RI,"R.I. Gen. Laws § 23-28.1-6(a); R.I. Gen. Laws § 23-28.1-6(b); R.I. Gen. Laws § 23-28.6-21; R.I. Gen. Laws § 23-28.6-22; R.I. Gen. Laws § 23-28.1-2; R.I. Gen. Laws § 23-28.6-24; R.I. Gen. Laws § 44-18-30(55); R.I. Gen. Laws § 45-23-45; R.I. Gen. Laws § 23-29.1-3; R.I. Pub. L. 2026, chs. 327, 328",CITED,VERIFIED,2026-10-09,2026-10-09,,[Full trail in lease-clauses.csv notes and lease-clause-decision-log-RI.md.]
edu-stigmatized-property-ri,LANDLORD_EDUCATION,RI,"R.I. Gen. Laws § 5-20.8-6(a); R.I. Gen. Laws § 5-20.8-6(a)(1); R.I. Gen. Laws § 5-20.8-6(a)(2); R.I. Gen. Laws § 5-20.8-6(b)(1); R.I. Gen. Laws § 5-20.8-6(b)(2); R.I. Gen. Laws § 5-20.8-1(7); R.I. Gen. Laws § 5-20.8-1(10); R.I. Gen. Laws § 5-20.6-2(6)(vii); R.I. Gen. Laws § 5-20.6-2(4); R.I. Gen. Laws § 5-20.6-2(18); R.I. Gen. Laws § 5-20.6-4(a)(4); R.I. Gen. Laws § 5-20.6-5(a)(3); R.I. Pub. L. 2026, chs. 410, 411; R.I. Gen. Laws § 5-20.6-2; R.I. Gen. Laws § 5-20.8-6; R.I. Gen. Laws § 5-20.6-4; R.I. Gen. Laws § 5-20.6-5",CITED,VERIFIED,2026-10-09,2026-10-09,,[Full trail in lease-clauses.csv notes and lease-clause-decision-log-RI.md.]
edu-no-tenant-rights-statement-ri,LANDLORD_EDUCATION,RI,"R.I. Gen. Laws § 42-167-5(a)(8); 216-RICR-50-15-3.5.3(A)(1); 216-RICR-50-15-3; R.I. Gen. Laws § 42-167-5; R.I. Gen. Laws § 34-45-8; R.I. Gen. Laws § 34-45-10; R.I. Gen. Laws § 34-45-11; R.I. Gen. Laws § 34-45-11(c)(2); R.I. Gen. Laws § 34-45-8(c)(3); R.I. Gen. Laws § 42-128.1-6; Absence: RI batteries named in the row's notes (RI log §17, §18)",CONFIRMED_ABSENT,VERIFIED,2026-10-09,2026-10-09,,[Full trail in lease-clauses.csv notes and lease-clause-decision-log-RI.md.]
edu-tenant-purchase-rights-ri,LANDLORD_EDUCATION,RI,R.I. Gen. Laws § 34-36.1-4.12(a); R.I. Gen. Laws § 34-36.1-4.12(b); R.I. Gen. Laws § 34-36.1-4.12(e); R.I. Gen. Laws § 34-36.1-4.12(e)(2); R.I. Gen. Laws § 34-36-37; R.I. Gen. Laws § 34-36-37(3); R.I. Gen. Laws § 34-36-37(4); R.I. Gen. Laws § 34-36-37(5); R.I. Gen. Laws § 34-36-37(6); R.I. Gen. Laws § 34-36-37(7); R.I. Gen. Laws § 34-36.1-1.02(a)(1); R.I. Gen. Laws § 34-36.1-1.02(b); R.I. Gen. Laws § 34-36.1-4.12; R.I. Gen. Laws § 34-36.1-4.12(e)(1); R.I. Gen. Laws § 34-36.1-4.12(f); R.I. Gen. Laws § 34-36.1-1.02; R.I. Gen. Laws § 34-45-5(a); 42 U.S.C. § 1437f; R.I. Gen. Laws § 34-45-5(d); R.I. Gen. Laws § 34-45-7(3)(i); R.I. Gen. Laws § 34-45-7; R.I. Gen. Laws § 34-45-4(5); R.I. Gen. Laws § 34-45-8; R.I. Gen. Laws § 34-45-8(e); R.I. Gen. Laws § 31-44-3.1; R.I. Gen. Laws § 34-18.2-3; R.I. Gen. Laws § 34-36.1-4.06; R.I. Gen. Laws § 34-41-4.10; R.I. Gen. Laws § 34-45-11(c)(1); R.I. Gen. Laws § 34-45-11(a)(1); R.I. Gen. Laws § 34-45-11(d)(1)(i); R.I. Gen. Laws § 34-45-11(d)(1)(ii); R.I. Gen. Laws § 34-45-11(d)(2); R.I. Gen. Laws § 34-45-11(e)(1); R.I. Gen. Laws § 34-45-11(b); R.I. Gen. Laws § 34-45-11,CITED,VERIFIED,2026-10-09,2026-10-09,,[Full trail in lease-clauses.csv notes and lease-clause-decision-log-RI.md.]
edu-no-tpa-exemption-notice-ri,LANDLORD_EDUCATION,RI,"R.I. Gen. Laws § 34-18-38.1; R.I. Gen. Laws § 34-18-38.2; R.I. Gen. Laws § 34-36.1-4.12; R.I. Gen. Laws § 34-45-7; Absence: RI batteries named in the row's notes (RI log §17, §18)",CONFIRMED_ABSENT,VERIFIED,2026-10-09,2026-10-09,,[Full trail in lease-clauses.csv notes and lease-clause-decision-log-RI.md.]
edu-no-truth-in-renting-ri,LANDLORD_EDUCATION,RI,"R.I. Gen. Laws § 34-18-15(a)(1); R.I. Gen. Laws § 34-18-22(a)(7); R.I. Gen. Laws § 34-18-20(a); 216-RICR-50-15-3.5.3(A)(2); R.I. Gen. Laws § 34-18-19(h); R.I. Gen. Laws § 6A-2.1-222; R.I. Gen. Laws § 34-18-15; 216-RICR-50-15-3; R.I. Gen. Laws § 34-18-19; R.I. Gen. Laws § 34-18-20; R.I. Gen. Laws § 34-18-22; Absence: RI batteries named in the row's notes (RI log §17, §18)",CONFIRMED_ABSENT,VERIFIED,2026-10-09,2026-10-09,,[Full trail in lease-clauses.csv notes and lease-clause-decision-log-RI.md.]
edu-accessory-dwelling-unit-ri,LANDLORD_EDUCATION,RI,"R.I. Gen. Laws § 45-24-31(2); R.I. Gen. Laws § 45-24-37(e); R.I. Gen. Laws § 45-24-31; R.I. Gen. Laws § 45-24-73(a); R.I. Gen. Laws § 45-24-73(a)(1); R.I. Gen. Laws § 45-24-73(b)(2)(i); R.I. Gen. Laws § 45-24-73(b)(2)(xi); R.I. Gen. Laws § 45-24-73(b)(2)(xii); R.I. Gen. Laws § 45-24-73(b)(6); R.I. Gen. Laws § 42-63.1-2; R.I. Gen. Laws § 45-24-73(b)(8); R.I. Pub. L. 2026, chs. 327, 328, 406, 407; R.I. Gen. Laws § 45-24-73; R.I. Gen. Laws § 45-24-75; R.I. Gen. Laws § 45-24-37",CITED,NEEDS_REVIEW,2026-10-09,2026-10-09,,[Full trail in lease-clauses.csv notes and lease-clause-decision-log-RI.md.]
edu-casualty-mitigation-nonwaivable-ri,LANDLORD_EDUCATION,RI,R.I. Gen. Laws § 34-18-17(a); R.I. Gen. Laws § 34-18-17(a)(1); R.I. Gen. Laws § 34-18-17(b); R.I. Gen. Laws § 34-18-33(a); R.I. Gen. Laws § 34-18-33(a)(1); R.I. Gen. Laws § 34-18-33(a)(2); R.I. Gen. Laws § 34-18-33(b); R.I. Gen. Laws § 34-18-33(c); R.I. Gen. Laws § 34-18-40; R.I. Gen. Laws § 34-18-33,CITED,VERIFIED,2026-10-09,2026-10-09,,[Full trail in lease-clauses.csv notes and lease-clause-decision-log-RI.md.]
edu-families-with-children-ri,LANDLORD_EDUCATION,RI,R.I. Gen. Laws § 34-37-3(7)(i); R.I. Gen. Laws § 34-37-3(7)(ii); R.I. Gen. Laws § 34-37-4(a); R.I. Gen. Laws § 34-37-4.1(a); R.I. Gen. Laws § 34-37-4.1(a)(1); R.I. Gen. Laws § 34-37-4.1(a)(2); R.I. Gen. Laws § 34-37-4.2(b); R.I. Gen. Laws § 23-24.6-23(c)(4); R.I. Gen. Laws § 34-37-4.1; R.I. Gen. Laws § 34-37-4; R.I. Gen. Laws § 23-24.6-23; R.I. Gen. Laws § 31-44-7,CITED,VERIFIED,2026-10-09,2026-10-09,,[Full trail in lease-clauses.csv notes and lease-clause-decision-log-RI.md.]
edu-no-confession-of-judgment-ri,LANDLORD_EDUCATION,RI,R.I. Gen. Laws § 34-18-17(a); R.I. Gen. Laws § 34-18-17(a)(2); R.I. Gen. Laws § 34-18-17(b); R.I. Gen. Laws § 34-18-17; R.I. Gen. Laws § 19-14.1-1; R.I. Gen. Laws § 19-14.2-2; R.I. Gen. Laws § 19-14.8-28; R.I. Gen. Laws § 27-9.3-7; R.I. Gen. Laws § 6-44-4; R.I. Gen. Laws § 18-16-9; R.I. Gen. Laws § 6A-3-104,CITED,VERIFIED,2026-10-09,2026-10-09,,[Full trail in lease-clauses.csv notes and lease-clause-decision-log-RI.md.]
edu-consumer-protection-act-ri,LANDLORD_EDUCATION,RI,"R.I. Gen. Laws § 6-13.1-2; R.I. Gen. Laws § 6-13.1-1(5); R.I. Gen. Laws § 6-13.1-1(6)(xiii); R.I. Gen. Laws § 6-13.1-1(6)(xxi); R.I. Pub. L. 2025, chs. 371, 372; R.I. Gen. Laws § 6-13.1-5.2(a); R.I. Gen. Laws § 6-13.1-5.2(d); R.I. Gen. Laws § 6-13.1-3; R.I. Gen. Laws § 6-13.1-4(a); R.I. Gen. Laws § 5-50-4; R.I. Gen. Laws § 5-78-2",CITED,VERIFIED,2026-10-09,2026-10-09,,[Full trail in lease-clauses.csv notes and lease-clause-decision-log-RI.md.]
edu-dv-confidentiality-ri,LANDLORD_EDUCATION,RI,"R.I. Gen. Laws § 34-18-63(b); R.I. Pub. L. 2026, chs. 147, 148, § 2; R.I. Gen. Laws § 34-18-63(a)(3); R.I. Gen. Laws § 34-18-63; R.I. Gen. Laws § 34-18-65; R.I. Gen. Laws § 34-18-64; R.I. Gen. Laws § 34-18-66; R.I. Gen. Laws § 34-18-67; R.I. Gen. Laws § 34-37-4(a); R.I. Gen. Laws § 42-164-10; R.I. Gen. Laws § 42-164-5; R.I. Pub. L. 2026, ch. 147; R.I. Gen. Laws § 28-57-11; R.I. Gen. Laws § 27-60.1-4",CITED,VERIFIED,2026-10-09,2026-10-09,,[Full trail in lease-clauses.csv notes and lease-clause-decision-log-RI.md.]
edu-no-employee-screening-mandate-ri,LANDLORD_EDUCATION,RI,"R.I. Gen. Laws § 23-21.2-2; R.I. Pub. L. 2026, chs. 233, 235; R.I. Gen. Laws § 34-18-59; R.I. Gen. Laws § 45-25-18.12; R.I. Gen. Laws § 6-48-5; Absence: RI batteries named in the row's notes (RI log §17, §18)",CONFIRMED_ABSENT,VERIFIED,2026-10-09,2026-10-09,,[Full trail in lease-clauses.csv notes and lease-clause-decision-log-RI.md.]
edu-no-eviction-penalty-rule-ri,LANDLORD_EDUCATION,RI,"R.I. Gen. Laws § 34-18-17(a); R.I. Gen. Laws § 34-18-17(a)(1); R.I. Gen. Laws § 34-18-17(a)(3); R.I. Gen. Laws § 34-18-17(b); R.I. Gen. Laws § 34-18-35; R.I. Gen. Laws § 34-18-43; R.I. Gen. Laws § 34-18-13; R.I. Gen. Laws § 31-44-2; R.I. Gen. Laws § 34-18-56; R.I. Gen. Laws § 34-18-17; Absence: RI batteries named in the row's notes (RI log §17, §18)",CONFIRMED_ABSENT,VERIFIED,2026-10-09,2026-10-09,,[Full trail in lease-clauses.csv notes and lease-clause-decision-log-RI.md.]
edu-no-exculpatory-clauses-ri,LANDLORD_EDUCATION,RI,R.I. Gen. Laws § 34-18-17(a); R.I. Gen. Laws § 34-18-17(a)(4); R.I. Gen. Laws § 34-18-17(b); R.I. Gen. Laws § 34-18-24(6); R.I. Gen. Laws § 34-18-33(c); R.I. Gen. Laws § 34-18-17; R.I. Gen. Laws § 34-18-23; R.I. Gen. Laws § 39-19-10; R.I. Gen. Laws § 39-19-10.1; R.I. Gen. Laws § 34-28-4.1; R.I. Gen. Laws § 5-65-3; R.I. Gen. Laws § 34-18-24; R.I. Gen. Laws § 34-18-33,CITED,VERIFIED,2026-10-09,2026-10-09,,[Full trail in lease-clauses.csv notes and lease-clause-decision-log-RI.md.]
edu-fair-housing-ri,LANDLORD_EDUCATION,RI,"R.I. Gen. Laws § 34-37-4(a); R.I. Gen. Laws § 34-37-3(1); R.I. Gen. Laws § 34-37-3(5); R.I. Gen. Laws § 34-37-1; R.I. Gen. Laws § 34-37-4(l); R.I. Gen. Laws § 34-37-4(m); R.I. Gen. Laws § 34-37-5.1; R.I. Gen. Laws § 34-37-4.1; R.I. Gen. Laws § 34-37-4.2(a); R.I. Gen. Laws § 34-37-4.6; R.I. Gen. Laws § 34-37-4(k); R.I. Gen. Laws § 34-37-5(b); R.I. Gen. Laws § 34-37-5(h)(2); R.I. Gen. Laws § 34-37-5(l); R.I. Gen. Laws § 34-37-5(n); R.I. Gen. Laws § 34-37-6; R.I. Const. art. I, § 2; R.I. Gen. Laws § 28-44-17; R.I. Gen. Laws § 34-37-3; R.I. Gen. Laws § 34-37.1-3",CITED,VERIFIED,2026-10-09,2026-10-09,,[Full trail in lease-clauses.csv notes and lease-clause-decision-log-RI.md.]
edu-no-foreign-ownership-rule-ri,LANDLORD_EDUCATION,RI,"R.I. Gen. Laws § 34-2-1; R.I. Gen. Laws § 44-11-29; R.I. Pub. L. 2025, chs. 183, 184; R.I. Gen. Laws § 34-18-62; Absence: RI batteries named in the row's notes (RI log §17, §18)",CONFIRMED_ABSENT,VERIFIED,2026-10-09,2026-10-09,,[Full trail in lease-clauses.csv notes and lease-clause-decision-log-RI.md.]
edu-government-fines-passthrough-ri,LANDLORD_EDUCATION,RI,"R.I. Gen. Laws § 34-18-17(a)(4); R.I. Gen. Laws § 34-18-17(b); R.I. Gen. Laws § 34-18-24(1); R.I. Gen. Laws § 23-28.2-14(e); R.I. Gen. Laws § 34-18-24; R.I. Gen. Laws § 23-28.2-14; R.I. Gen. Laws § 23-33-27; R.I. Gen. Laws § 34-18-17; Absence: RI batteries named in the row's notes (RI log §17, §18)",CONFIRMED_ABSENT,VERIFIED,2026-10-09,2026-10-09,,[Full trail in lease-clauses.csv notes and lease-clause-decision-log-RI.md.]
edu-immigration-status-ri,LANDLORD_EDUCATION,RI,"R.I. Gen. Laws § 34-18-62(a); R.I. Pub. L. 2025, chs. 395, 396; R.I. Gen. Laws § 34-18-62(c); R.I. Gen. Laws § 34-37-4(a); R.I. Gen. Laws § 31-10.4-2(h); R.I. Gen. Laws § 31-10.4-2.1(d); R.I. Gen. Laws § 34-18-62; R.I. Gen. Laws § 31-10.4-2; R.I. Gen. Laws § 31-10.4-2.1",CITED,VERIFIED,2026-10-09,2026-10-09,,[Full trail in lease-clauses.csv notes and lease-clause-decision-log-RI.md.]
edu-jury-waiver-ri,LANDLORD_EDUCATION,RI,"R.I. Const. art. I, § 15; R.I. Gen. Laws § 9-11-7; R.I. Gen. Laws § 9-12-10.1; R.I. Pub. L. 2026, chs. 282, 283, § 1; R.I. Gen. Laws § 34-18-17(a)(1); R.I. Gen. Laws § 34-37-5; R.I. Gen. Laws § 45-29-28; R.I. Gen. Laws § 19-14.8-19; R.I. Gen. Laws § 5-55-4; Absence: RI batteries named in the row's notes (RI log §17, §18)",CONFIRMED_ABSENT,VERIFIED,2026-10-09,2026-10-09,,[Full trail in lease-clauses.csv notes and lease-clause-decision-log-RI.md.]
edu-no-key-control-mandate-ri,LANDLORD_EDUCATION,RI,"R.I. Gen. Laws § 27-1-46; R.I. Gen. Laws § 34-18-26(c); R.I. Gen. Laws § 34-18-65(d); R.I. Pub. L. 2026, chs. 147, 148, § 2; R.I. Gen. Laws § 34-18-26; R.I. Gen. Laws § 34-18-65; R.I. Pub. L. 2026, ch. 147; Absence: RI batteries named in the row's notes (RI log §17, §18)",CONFIRMED_ABSENT,NEEDS_REVIEW,2026-10-09,2026-10-09,,[Full trail in lease-clauses.csv notes and lease-clause-decision-log-RI.md.]
edu-knowing-use-penalty-ri,LANDLORD_EDUCATION,RI,"R.I. Gen. Laws § 34-18-17(b); R.I. Gen. Laws § 34-18-17(a); R.I. Gen. Laws § 34-18-19; R.I. Gen. Laws § 34-18-33; R.I. Gen. Laws § 6A-2.1-222(a); R.I. Gen. Laws § 34-18-67; R.I. Pub. L. 2026, chs. 147, 148, § 2; R.I. Gen. Laws § 34-18-63; R.I. Gen. Laws § 34-18-64; R.I. Gen. Laws § 34-18-65; R.I. Pub. L. 2026, ch. 147, § 2; R.I. Gen. Laws § 34-18-17; R.I. Gen. Laws § 6A-2.1-222",CITED,VERIFIED,2026-10-09,2026-10-09,,[Full trail in lease-clauses.csv notes and lease-clause-decision-log-RI.md.]
edu-no-crime-free-lease-statute-ri,LANDLORD_EDUCATION,RI,"R.I. Gen. Laws § 5-14.1-3(b); R.I. Gen. Laws § 5-14.1-1(5); R.I. Gen. Laws § 42-63.1-2; R.I. Pub. L. 2025, chs. 175, 176; R.I. Gen. Laws § 34-18.1-20; R.I. Gen. Laws § 34-18-59; R.I. Gen. Laws § 5-14.1-1; R.I. Gen. Laws § 5-14.1-3; Absence: RI batteries named in the row's notes (RI log §17, §18)",CONFIRMED_ABSENT,VERIFIED,2026-10-09,2026-10-09,,[Full trail in lease-clauses.csv notes and lease-clause-decision-log-RI.md.]
edu-lease-content-requirements-ri,LANDLORD_EDUCATION,RI,"R.I. Gen. Laws § 34-18-15(a); R.I. Gen. Laws § 34-18-15(a)(1); R.I. Gen. Laws § 34-18-15(a)(2); R.I. Gen. Laws § 34-18-15(a)(3); R.I. Gen. Laws § 34-18-15(a)(4); R.I. Gen. Laws § 34-18-20(a); R.I. Gen. Laws § 34-18-20(b); R.I. Gen. Laws § 34-18-22(a)(7); R.I. Gen. Laws § 34-18-22(c); R.I. Gen. Laws § 34-18-22(c)(1); 216-RICR-50-15-3.5.3(A)(2); R.I. Gen. Laws § 34-18-17(a); R.I. Gen. Laws § 34-18-19(h); R.I. Gen. Laws § 6A-2.1-222; R.I. Gen. Laws § 34-18-20(e); R.I. Pub. L. 2026, chs. 165, 166, § 1; R.I. Gen. Laws § 34-18-15; R.I. Gen. Laws § 31-44-7; R.I. Gen. Laws § 31-44-8; R.I. Gen. Laws § 37-6-30",CITED,VERIFIED,2026-10-09,2026-10-09,,[Full trail in lease-clauses.csv notes and lease-clause-decision-log-RI.md.]
edu-no-lease-type-size-ri,LANDLORD_EDUCATION,RI,"R.I. Gen. Laws § 19-14.6-1; R.I. Gen. Laws § 31-34-4; R.I. Gen. Laws § 31-34-7; Absence: RI batteries named in the row's notes (RI log §17, §18)",CONFIRMED_ABSENT,VERIFIED,2026-10-09,2026-10-09,,[Full trail in lease-clauses.csv notes and lease-clause-decision-log-RI.md.]
edu-prohibited-lease-terms-ri,LANDLORD_EDUCATION,RI,"R.I. Gen. Laws § 34-18-17; R.I. Gen. Laws § 34-18-17(a)(1); R.I. Gen. Laws § 34-18-17(a)(3); R.I. Gen. Laws § 34-18-17(b); R.I. Gen. Laws § 34-18-18; R.I. Gen. Laws § 34-18-22(a); R.I. Gen. Laws § 34-18-19(h); R.I. Gen. Laws § 34-18-22(c); R.I. Gen. Laws § 34-18-42; R.I. Gen. Laws § 34-18-50; R.I. Gen. Laws § 34-18-42(a); R.I. Gen. Laws § 34-18-61; R.I. Gen. Laws § 34-18-62(a)(2); R.I. Gen. Laws § 34-18-67; R.I. Pub. L. 2026, chs. 147, 148, § 2; R.I. Gen. Laws § 34-18-63; R.I. Gen. Laws § 6A-2.1-222; R.I. Gen. Laws § 21-28.11-29(h); R.I. Gen. Laws § 34-37-5.5(a); R.I. Gen. Laws § 34-37-4(e)(2); R.I. Gen. Laws § 34-18-13(a)(1); R.I. Gen. Laws § 34-18-19; R.I. Gen. Laws § 31-44-7; R.I. Gen. Laws § 31-44-8; R.I. Gen. Laws § 34-18-13; R.I. Gen. Laws § 21-28.11-29; R.I. Gen. Laws § 34-37-5.5",CITED,NEEDS_REVIEW,2026-10-09,2026-10-09,,[Full trail in lease-clauses.csv notes and lease-clause-decision-log-RI.md.]
edu-protected-class-inquiries-ri,LANDLORD_EDUCATION,RI,R.I. Gen. Laws § 34-37-4(a); R.I. Gen. Laws § 34-37-4.1(b)(2); R.I. Gen. Laws § 34-18-62(a); R.I. Gen. Laws § 34-18-62(c); R.I. Gen. Laws § 34-37-5,CITED,VERIFIED,2026-10-09,2026-10-09,,[Full trail in lease-clauses.csv notes and lease-clause-decision-log-RI.md.]
edu-no-senior-housing-work-card-ri,LANDLORD_EDUCATION,RI,"R.I. Gen. Laws § 23-17-62; R.I. Gen. Laws § 42-7.2-18.1; R.I. Gen. Laws § 45-25-18.12; Absence: RI batteries named in the row's notes (RI log §17, §18)",CONFIRMED_ABSENT,VERIFIED,2026-10-09,2026-10-09,,[Full trail in lease-clauses.csv notes and lease-clause-decision-log-RI.md.]
edu-no-single-family-zone-lease-limit-ri,LANDLORD_EDUCATION,RI,"R.I. Gen. Laws § 45-24-37(b); R.I. Gen. Laws § 45-24-37(b)(1); R.I. Gen. Laws § 45-24-73(a); R.I. Gen. Laws § 45-24-73(b)(2)(xii); R.I. Gen. Laws § 34-37-4.1; R.I. Gen. Laws § 45-24-73; R.I. Gen. Laws § 34-44-12; R.I. Gen. Laws § 45-24-37; Absence: RI batteries named in the row's notes (RI log §17, §18)",CONFIRMED_ABSENT,VERIFIED,2026-10-09,2026-10-09,,[Full trail in lease-clauses.csv notes and lease-clause-decision-log-RI.md.]
edu-water-heater-temperature-ri,LANDLORD_EDUCATION,RI,R.I. Gen. Laws § 45-24.3-5(19); R.I. Gen. Laws § 45-24.3-7; R.I. Gen. Laws § 45-24.3-7(1)(i); R.I. Gen. Laws § 34-18-22(a)(6); R.I. Gen. Laws § 28-25-1; R.I. Gen. Laws § 28-25-18; R.I. Gen. Laws § 34-18-22; R.I. Gen. Laws § 45-24.3-5,CITED,VERIFIED,2026-10-09,2026-10-09,,[Full trail in lease-clauses.csv notes and lease-clause-decision-log-RI.md.]
edu-no-steam-radiator-covers-ri,LANDLORD_EDUCATION,RI,"R.I. Gen. Laws § 31-5.4-2; R.I. Gen. Laws § 34-17-1; R.I. Gen. Laws § 44-4-3; R.I. Gen. Laws § 34-18-22(a)(4); R.I. Gen. Laws § 34-18-22; Absence: RI batteries named in the row's notes (RI log §17, §18)",CONFIRMED_ABSENT,VERIFIED,2026-10-09,2026-10-09,,[Full trail in lease-clauses.csv notes and lease-clause-decision-log-RI.md.]
edu-no-window-guard-rule-ri,LANDLORD_EDUCATION,RI,"R.I. Gen. Laws § 45-24.3-8; R.I. Gen. Laws § 45-24.3-10; Absence: RI batteries named in the row's notes (RI log §17, §18)",CONFIRMED_ABSENT,NEEDS_REVIEW,2026-10-09,2026-10-09,,[Full trail in lease-clauses.csv notes and lease-clause-decision-log-RI.md.]
edu-tenant-organizing-ri,LANDLORD_EDUCATION,RI,R.I. Gen. Laws § 34-18-46(a); R.I. Gen. Laws § 34-18-46(a)(3); R.I. Gen. Laws § 34-18-46(b); R.I. Gen. Laws § 34-18-34; R.I. Gen. Laws § 34-45-4(9); R.I. Gen. Laws § 34-45-5(d); R.I. Gen. Laws § 34-45-7; R.I. Gen. Laws § 34-18-46; R.I. Gen. Laws § 23-17.5-30; R.I. Gen. Laws § 34-45-4; R.I. Gen. Laws § 34-45-5,CITED,VERIFIED,2026-10-09,2026-10-09,,[Full trail in lease-clauses.csv notes and lease-clause-decision-log-RI.md.]
edu-voucher-inspections-ri,LANDLORD_EDUCATION,RI,R.I. Gen. Laws § 34-37-3(18); 42 U.S.C. § 1437; R.I. Gen. Laws § 34-37-4(a); R.I. Gen. Laws § 34-37-4.6; R.I. Gen. Laws § 42-128.1-2; R.I. Gen. Laws § 34-18-26; R.I. Gen. Laws § 34-37-3; R.I. Gen. Laws § 34-37-4,CITED,VERIFIED,2026-10-09,2026-10-09,,[Full trail in lease-clauses.csv notes and lease-clause-decision-log-RI.md.]
edu-tenant-confidential-information-ri,LANDLORD_EDUCATION,RI,"R.I. Gen. Laws § 34-18-63(b); R.I. Pub. L. 2026, chs. 147, 148, § 2; R.I. Gen. Laws § 42-164-10; R.I. Gen. Laws § 5-20.6-2(6); R.I. Gen. Laws § 5-20.6-2(6)(viii); R.I. Gen. Laws § 5-20.6-5(a)(3); R.I. Pub. L. 2026, ch. 147; R.I. Gen. Laws § 34-18-63; Absence: RI batteries named in the row's notes (RI log §17, §18)",CONFIRMED_ABSENT,VERIFIED,2026-10-09,2026-10-09,,[Full trail in lease-clauses.csv notes and lease-clause-decision-log-RI.md.]
edu-tenant-screening-ri,LANDLORD_EDUCATION,RI,"R.I. Gen. Laws § 34-18-59(a); R.I. Gen. Laws § 34-18-59(b)(1); R.I. Gen. Laws § 34-37-4(c); R.I. Gen. Laws § 34-37-4(a); R.I. Gen. Laws § 34-18-62; R.I. Gen. Laws § 34-18-64; R.I. Pub. L. 2026, chs. 147, 148, § 2; R.I. Gen. Laws § 34-18-63; R.I. Gen. Laws § 34-18-65; R.I. Gen. Laws § 12-1.3-4(b); R.I. Gen. Laws § 12-1.3-4(c); R.I. Pub. L. 2026, chs. 171, 172; R.I. Gen. Laws § 12-1.3-1; R.I. Gen. Laws § 13-8.2-8; R.I. Gen. Laws § 6-13.1-21; R.I. Gen. Laws § 6-13.1-21(a); R.I. Gen. Laws § 34-18-60; R.I. Gen. Laws § 34-18-59; R.I. Gen. Laws § 12-1.3-4; R.I. Gen. Laws § 34-37-4",CITED,VERIFIED,2026-10-09,2026-10-09,,[Full trail in lease-clauses.csv notes and lease-clause-decision-log-RI.md.]
landlords-access-ri,LEASE_CLAUSE,RI,R.I. Gen. Laws § 34-18-26(a); R.I. Gen. Laws § 34-18-26(b); R.I. Gen. Laws § 34-18-26(c); R.I. Gen. Laws § 34-18-39; R.I. Gen. Laws § 34-18-26(d); R.I. Gen. Laws § 34-18-45,CITED,VERIFIED,2026-10-09,2026-10-09,landlords-access,[Full trail in lease-clauses.csv notes and lease-clause-decision-log-RI.md.]
extended-absence-notice-ri,LEASE_CLAUSE,RI,R.I. Gen. Laws § 34-18-27; R.I. Gen. Laws § 34-18-26(b),CITED,VERIFIED,2026-10-09,2026-10-09,extended-absence-notice-ks,[Full trail in lease-clauses.csv notes and lease-clause-decision-log-RI.md.]
keys-ri,LEASE_CLAUSE,RI,"R.I. Gen. Laws § 34-18-65; R.I. Pub. L. 2026, chs. 147, 148, § 2; R.I. Gen. Laws § 34-18-65(d); R.I. Gen. Laws § 34-18-65(e); R.I. Gen. Laws § 34-18-67; R.I. Gen. Laws § 34-18-15(a)(1); R.I. Gen. Laws § 34-18-19(a)",CITED,VERIFIED,2026-10-09,2026-10-09,keys,[Full trail in lease-clauses.csv notes and lease-clause-decision-log-RI.md.]
security-deposit-use-ri,LEASE_CLAUSE,RI,"R.I. Gen. Laws § 34-18-19(b); R.I. Gen. Laws § 34-18-24; R.I. Gen. Laws § 34-18-19(a); R.I. Gen. Laws § 34-18-19(h); R.I. Gen. Laws § 34-37-4(d); R.I. Gen. Laws § 34-18-11(8); R.I. Pub. L. 2026, chs. 147, 148, § 1",CITED,VERIFIED,2026-10-09,2026-10-09,security-deposit-use,[Full trail in lease-clauses.csv notes and lease-clause-decision-log-RI.md.]
due-at-signing-ri,LEASE_CLAUSE,RI,R.I. Gen. Laws § 34-18-19(a); R.I. Gen. Laws § 34-18-19(e); R.I. Gen. Laws § 34-18-59(a); R.I. Gen. Laws § 34-18-59(b); R.I. Gen. Laws § 34-18-15(a)(1),CITED,VERIFIED,2026-10-09,2026-10-09,due-at-signing,[Full trail in lease-clauses.csv notes and lease-clause-decision-log-RI.md.]
utilities-responsibility-ri,LEASE_CLAUSE,RI,R.I. Gen. Laws § 34-18-15(a)(3); R.I. Gen. Laws § 34-18-15(a)(5); R.I. Gen. Laws § 34-18-28(a); R.I. Gen. Laws § 34-18-31; R.I. Gen. Laws § 34-18-22(a)(6); R.I. Gen. Laws § 34-18-22(a); R.I. Gen. Laws § 34-18-18; R.I. Gen. Laws § 39-3-37.2,CITED,VERIFIED,2026-10-09,2026-10-09,utilities-responsibility,[Full trail in lease-clauses.csv notes and lease-clause-decision-log-RI.md.]
lead-disclosure-ri,LEASE_CLAUSE,RI,216-RICR-50-15-3.5.3(A); 216-RICR-50-15-3.5.3; 216-RICR-50-15-3.3; 40 C.F.R. § 745.103; 216-RICR-50-15-3.5.1; 40 C.F.R. § 745.107; 40 C.F.R. § 745.113; 216-RICR-50-15-3.2; 860-RICR-00-00-2; R.I. Gen. Laws § 34-18-58(b),CITED,VERIFIED,2026-10-09,2026-10-09,lead-based-paint,[Full trail in lease-clauses.csv notes and lease-clause-decision-log-RI.md.]
default-by-tenant-ri,LEASE_CLAUSE,RI,R.I. Gen. Laws § 34-18-17(a)(3); R.I. Gen. Laws § 34-18-17(b); R.I. Gen. Laws § 34-18-35(d); R.I. Gen. Laws § 34-18-41; R.I. Gen. Laws § 34-18-35(e); R.I. Gen. Laws § 34-18-24(8); R.I. Gen. Laws § 34-18-5(a),CITED,VERIFIED,2026-10-09,2026-10-09,default-by-tenant,[Full trail in lease-clauses.csv notes and lease-clause-decision-log-RI.md.]
pet-policy-ri,LEASE_CLAUSE,RI,R.I. Gen. Laws § 34-18-17(a)(4); R.I. Gen. Laws § 34-18-26(d); R.I. Gen. Laws § 34-18-26(b); R.I. Gen. Laws § 34-18-15(a)(1); R.I. Gen. Laws § 34-18-19(a); R.I. Gen. Laws § 34-37-4(e)(2),CITED,VERIFIED,2026-10-09,2026-10-09,pet-policy,[Full trail in lease-clauses.csv notes and lease-clause-decision-log-RI.md.]
returned-payments-ri,LEASE_CLAUSE,RI,R.I. Gen. Laws § 34-18-15(a)(1); R.I. Gen. Laws § 34-18-15(a)(5); R.I. Gen. Laws § 34-18-61,CITED,VERIFIED,2026-10-09,2026-10-09,returned-payments,[Full trail in lease-clauses.csv notes and lease-clause-decision-log-RI.md.]
parking-vehicle-rules-ri,LEASE_CLAUSE,RI,R.I. Gen. Laws § 39-12.1-12; R.I. Gen. Laws § 34-18-15(a)(1),CITED,VERIFIED,2026-10-09,2026-10-09,parking-vehicle-rules,[Full trail in lease-clauses.csv notes and lease-clause-decision-log-RI.md.]
landscaping-irrigation-ri,LEASE_CLAUSE,RI,R.I. Gen. Laws § 34-18-22(c); R.I. Gen. Laws § 34-18-22(a)(3),CITED,VERIFIED,2026-10-09,2026-10-09,landscaping-irrigation,[Full trail in lease-clauses.csv notes and lease-clause-decision-log-RI.md.]
snow-removal-ri,LEASE_CLAUSE,RI,R.I. Gen. Laws § 34-18-22(c); R.I. Gen. Laws § 34-18-22(c)(3),CITED,VERIFIED,2026-10-09,2026-10-09,snow-removal,[Full trail in lease-clauses.csv notes and lease-clause-decision-log-RI.md.]
fee-disclosure-ri,LEASE_CLAUSE,RI,R.I. Gen. Laws § 34-18-15(a)(1); R.I. Gen. Laws § 34-18-15(a)(2),CITED,VERIFIED,2026-10-09,2026-10-09,,[Full trail in lease-clauses.csv notes and lease-clause-decision-log-RI.md.]
landlord-insurance-disclosure-ri,LEASE_CLAUSE,RI,R.I. Gen. Laws § 34-18-22(a)(7),CITED,VERIFIED,2026-10-09,2026-10-09,,[Full trail in lease-clauses.csv notes and lease-clause-decision-log-RI.md.]
owner-manager-disclosure-ri,LEASE_CLAUSE,RI,R.I. Gen. Laws § 34-18-20(a); R.I. Gen. Laws § 34-18-22.3; R.I. Gen. Laws § 34-18-20(e),CITED,VERIFIED,2026-10-09,2026-10-09,,[Full trail in lease-clauses.csv notes and lease-clause-decision-log-RI.md.]
shoreline-access-disclosure-ri,LEASE_CLAUSE,RI,"R.I. Gen. Laws § 34-18-20(e); R.I. Pub. L. 2026, chs. 165, 166, § 1; R.I. Gen. Laws § 5-20.8-1; R.I. Gen. Laws § 5-20.8-1(9); R.I. Gen. Laws § 46-23-26; R.I. Gen. Laws § 42-63.1-14(l)",CITED,VERIFIED,2027-01-01,2026-10-09,,[Full trail in lease-clauses.csv notes and lease-clause-decision-log-RI.md.]
housing-code-violations-disclosure-ri,LEASE_CLAUSE,RI,R.I. Gen. Laws § 34-18-22.1(b); R.I. Gen. Laws § 45-24.3-17(j),CITED,VERIFIED,2026-10-09,2026-10-09,,[Full trail in lease-clauses.csv notes and lease-clause-decision-log-RI.md.]
seasonal-tenancy-ri,LEASE_CLAUSE,RI,R.I. Gen. Laws § 34-18-36(f); R.I. Gen. Laws § 34-18-38,CITED,VERIFIED,2026-10-09,2026-10-09,,[Full trail in lease-clauses.csv notes and lease-clause-decision-log-RI.md.]
rent-increase-midterm-ri,LEASE_CLAUSE,RI,R.I. Gen. Laws § 34-18-16.1(a); R.I. Gen. Laws § 34-18-16.1(b); R.I. Gen. Laws § 34-18-15(a); R.I. Gen. Laws § 34-18-46,CITED,VERIFIED,2026-10-09,2026-10-09,,[Full trail in lease-clauses.csv notes and lease-clause-decision-log-RI.md.]
casualty-termination-ri,LEASE_CLAUSE,RI,R.I. Gen. Laws § 34-18-33(a); R.I. Gen. Laws § 34-18-33(a)(1); R.I. Gen. Laws § 34-18-19; R.I. Gen. Laws § 34-18-33(b); R.I. Gen. Laws § 34-18-17(a)(1); R.I. Gen. Laws § 34-18-44; R.I. Gen. Laws § 34-18-33,CITED,VERIFIED,2026-10-09,2026-10-09,,[Full trail in lease-clauses.csv notes and lease-clause-decision-log-RI.md.]
automatic-renewal-ri,LEASE_CLAUSE,RI,R.I. Gen. Laws § 6-13-14; R.I. Gen. Laws § 6-13-14(a); R.I. Gen. Laws § 34-18-15(a); R.I. Gen. Laws § 34-18-38(c); R.I. Gen. Laws § 34-18-16.1(a); R.I. Gen. Laws § 34-18-37,CITED,VERIFIED,2026-10-09,2026-10-09,,[Full trail in lease-clauses.csv notes and lease-clause-decision-log-RI.md.]
edu-asbestos-hazards-ri,LANDLORD_EDUCATION,RI,"R.I. Gen. Laws § 5-20.8-2; R.I. Gen. Laws § 23-24.5-5(a); R.I. Pub. L. 2026, chs. 44; R.I. Gen. Laws § 23-24.5-11(a); R.I. Gen. Laws § 23-24.5-11(b); R.I. Gen. Laws § 23-24.5-11(d); R.I. Gen. Laws § 23-24.5-11(e); R.I. Gen. Laws § 23-24.5-6; R.I. Gen. Laws § 23-24.5-2",CITED,VERIFIED,2026-10-09,2026-10-09,,[Full trail in lease-clauses.csv notes and lease-clause-decision-log-RI.md.]
edu-no-tenant-bankruptcy-rule-ri,LANDLORD_EDUCATION,RI,"R.I. Gen. Laws § 5-55-4; R.I. Gen. Laws § 6-16-1; R.I. Gen. Laws § 23-99-5; R.I. Gen. Laws § 34-18-3(a); Absence: RI batteries named in the row's notes (RI log §17, §18)",CONFIRMED_ABSENT,VERIFIED,2026-10-09,2026-10-09,,[Full trail in lease-clauses.csv notes and lease-clause-decision-log-RI.md.]
