clause_id,content_type,state,citation,citation_status,verification_status,effective_from,last_checked,supersedes,notes
rent-payment,LEASE_CLAUSE,NH,"N.H. Rev. Stat. Ann. § 540:1; N.H. Rev. Stat. Ann. § 540:13, III; N.H. Rev. Stat. Ann. § 540:2, VI; N.H. Rev. Stat. Ann. § 540:13-d; N.H. Rev. Stat. Ann. § 540:28; N.H. Rev. Stat. Ann. § 540:2, II(a); N.H. Rev. Stat. Ann. § 540:4; N.H. Rev. Stat. Ann. § 540:5",CITED,VERIFIED,2026-08-21,2026-10-10,,[Full trail in lease-clauses.csv notes and lease-clause-decision-log-NH.md.]
application-of-payments,LEASE_CLAUSE,NH,"N.H. Rev. Stat. Ann. § 540:9, I",CITED,VERIFIED,2026-08-21,2026-10-10,,[Full trail in lease-clauses.csv notes and lease-clause-decision-log-NH.md.]
security-deposit-use,LEASE_CLAUSE,NH,"N.H. Rev. Stat. Ann. § 540-A:7, I",CITED,VERIFIED,2026-08-18,2026-10-10,,[Full trail in lease-clauses.csv notes and lease-clause-decision-log-NH.md.]
residential-use-only,LEASE_CLAUSE,NH,"N.H. Rev. Stat. Ann. § 544:41; N.H. Rev. Stat. Ann. § 544:1; N.H. Rev. Stat. Ann. § 540-A:3, II",CITED,VERIFIED,2026-08-21,2026-10-10,,[Full trail in lease-clauses.csv notes and lease-clause-decision-log-NH.md.]
permitted-occupants,LEASE_CLAUSE,NH,"N.H. Rev. Stat. Ann. § 540-A:1, II(b)",CITED,VERIFIED,2026-08-21,2026-10-10,,[Full trail in lease-clauses.csv notes and lease-clause-decision-log-NH.md.]
no-disturbance,LEASE_CLAUSE,NH,"N.H. Rev. Stat. Ann. § 540-A:2, II; N.H. Laws 2026, ch. 308; N.H. Rev. Stat. Ann. § 540:2, II(d)",CITED,VERIFIED,2026-08-21,2026-10-10,,[Full trail in lease-clauses.csv notes and lease-clause-decision-log-NH.md.]
utilities-responsibility,LEASE_CLAUSE,NH,N.H. Rev. Stat. Ann. § 38:23; N.H. Code Admin. R. En 303.01,CITED,VERIFIED,2026-08-21,2026-10-10,,[Full trail in lease-clauses.csv notes and lease-clause-decision-log-NH.md.]
utility-service-continuity,LEASE_CLAUSE,NH,"N.H. Rev. Stat. Ann. § 540-A:3, I",CITED,VERIFIED,2026-08-21,2026-10-10,,[Full trail in lease-clauses.csv notes and lease-clause-decision-log-NH.md.]
utility-payment-evidence,LEASE_CLAUSE,NH,"N.H. Rev. Stat. Ann. § 540:2, VI",CITED,VERIFIED,2026-08-21,2026-10-10,,[Full trail in lease-clauses.csv notes and lease-clause-decision-log-NH.md.]
tenant-maintenance,LEASE_CLAUSE,NH,"N.H. Rev. Stat. Ann. § 540-A:2, II; N.H. Rev. Stat. Ann. § 540:2, II(b); N.H. Rev. Stat. Ann. § 48-A:14",CITED,VERIFIED,2026-08-21,2026-10-10,,[Full trail in lease-clauses.csv notes and lease-clause-decision-log-NH.md.]
no-sublet-assign,LEASE_CLAUSE,NH,"N.H. Rev. Stat. Ann. § 540-A:3, IX",CITED,VERIFIED,2026-08-21,2026-10-10,,[Full trail in lease-clauses.csv notes and lease-clause-decision-log-NH.md.]
no-alterations,LEASE_CLAUSE,NH,"N.H. Rev. Stat. Ann. § 354-A:11, III(a)",CITED,VERIFIED,2026-08-21,2026-10-10,,[Full trail in lease-clauses.csv notes and lease-clause-decision-log-NH.md.]
joint-liability,LEASE_CLAUSE,NH,"N.H. Rev. Stat. Ann. § 540:11-b; N.H. Rev. Stat. Ann. § 540:11-b, IV; N.H. Rev. Stat. Ann. § 540:28",CITED,VERIFIED,2026-08-21,2026-10-10,,[Full trail in lease-clauses.csv notes and lease-clause-decision-log-NH.md.]
utilities-paid-by-landlord,LEASE_CLAUSE,NH,"N.H. Rev. Stat. Ann. § 540:2, VI",CITED,VERIFIED,2026-08-21,2026-10-10,,[Full trail in lease-clauses.csv notes and lease-clause-decision-log-NH.md.]
appliances-included,LEASE_CLAUSE,NH,"N.H. Rev. Stat. Ann. § 48-A:14; N.H. Rev. Stat. Ann. § 540:13-d; N.H. Rev. Stat. Ann. § 48-A:14, X",CITED,VERIFIED,2026-08-21,2026-10-10,,[Full trail in lease-clauses.csv notes and lease-clause-decision-log-NH.md.]
landlord-maintenance,LEASE_CLAUSE,NH,"N.H. Rev. Stat. Ann. § 48-A:14; N.H. Rev. Stat. Ann. § 540:13-d; N.H. Rev. Stat. Ann. § 540:13-d, I(b)",CITED,VERIFIED,2026-08-21,2026-10-10,,[Full trail in lease-clauses.csv notes and lease-clause-decision-log-NH.md.]
possession-delay,LEASE_CLAUSE,NH,,GENERIC,VERIFIED,2026-08-21,2026-10-10,,[Full trail in lease-clauses.csv notes and lease-clause-decision-log-NH.md.]
default-by-tenant,LEASE_CLAUSE,NH,"N.H. Rev. Stat. Ann. § 540:9, I; N.H. Rev. Stat. Ann. § 540:9, II; N.H. Rev. Stat. Ann. § 540:2, III; N.H. Rev. Stat. Ann. § 540:2, II; N.H. Rev. Stat. Ann. § 540:3",CITED,VERIFIED,2026-08-20,2026-10-10,,[Full trail in lease-clauses.csv notes and lease-clause-decision-log-NH.md.]
notices,LEASE_CLAUSE,NH,"N.H. Rev. Stat. Ann. § 540:5, I; N.H. Rev. Stat. Ann. § 540:5, II",CITED,VERIFIED,2026-08-21,2026-10-10,,[Full trail in lease-clauses.csv notes and lease-clause-decision-log-NH.md.]
governing-law,LEASE_CLAUSE,NH,N.H. Rev. Stat. Ann. § 540:29,CITED,VERIFIED,2026-08-21,2026-10-10,,[Full trail in lease-clauses.csv notes and lease-clause-decision-log-NH.md.]
severability,LEASE_CLAUSE,NH,,GENERIC,VERIFIED,2026-08-21,2026-10-10,,[Full trail in lease-clauses.csv notes and lease-clause-decision-log-NH.md.]
entire-agreement,LEASE_CLAUSE,NH,"N.H. Rev. Stat. Ann. § 540:2, IV; N.H. Rev. Stat. Ann. § 540:13-b",CITED,VERIFIED,2026-08-21,2026-10-10,,[Full trail in lease-clauses.csv notes and lease-clause-decision-log-NH.md.]
addendum-precedence,LEASE_CLAUSE,NH,,GENERIC,VERIFIED,2026-08-21,2026-10-10,,[Full trail in lease-clauses.csv notes and lease-clause-decision-log-NH.md.]
electronic-signatures,LEASE_CLAUSE,NH,"N.H. Rev. Stat. Ann. § 294-E:5, II; N.H. Rev. Stat. Ann. § 294-E:7",CITED,VERIFIED,2026-08-21,2026-10-10,,[Full trail in lease-clauses.csv notes and lease-clause-decision-log-NH.md.]
pet-insurance-requirement,LEASE_CLAUSE,NH,"N.H. Rev. Stat. Ann. § 354-A:11, III(b)",CITED,VERIFIED,2026-08-21,2026-10-10,,[Full trail in lease-clauses.csv notes and lease-clause-decision-log-NH.md.]
assigned-parking-space,LEASE_CLAUSE,NH,"N.H. Rev. Stat. Ann. § 540-A:1, III",CITED,VERIFIED,2026-08-21,2026-10-10,,[Full trail in lease-clauses.csv notes and lease-clause-decision-log-NH.md.]
parking-vehicle-rules,LEASE_CLAUSE,NH,"N.H. Rev. Stat. Ann. § 540-A:3, II-a; N.H. Rev. Stat. Ann. § 540-A:3, II-a(c)",CITED,VERIFIED,2026-08-21,2026-10-10,,[Full trail in lease-clauses.csv notes and lease-clause-decision-log-NH.md.]
keys,LEASE_CLAUSE,NH,"N.H. Rev. Stat. Ann. § 540:2, VII(b); N.H. Rev. Stat. Ann. § 540-A:5, II",CITED,VERIFIED,2026-08-21,2026-10-10,,[Full trail in lease-clauses.csv notes and lease-clause-decision-log-NH.md.]
guest-policy,LEASE_CLAUSE,NH,"N.H. Rev. Stat. Ann. § 540-A:1, II(b)",CITED,VERIFIED,2026-08-21,2026-10-10,,[Full trail in lease-clauses.csv notes and lease-clause-decision-log-NH.md.]
guest-policy-day-limit,LEASE_CLAUSE,NH,"N.H. Rev. Stat. Ann. § 540-A:1, II(b)",CITED,VERIFIED,2026-08-21,2026-10-10,,[Full trail in lease-clauses.csv notes and lease-clause-decision-log-NH.md.]
common-area-use,LEASE_CLAUSE,NH,N.H. Rev. Stat. Ann. § 356-B:47-a,CITED,VERIFIED,2026-08-21,2026-10-10,,[Full trail in lease-clauses.csv notes and lease-clause-decision-log-NH.md.]
fire-safety-grilling,LEASE_CLAUSE,NH,"N.H. Rev. Stat. Ann. § 153:5, III-a",CITED,VERIFIED,2026-08-21,2026-10-10,,[Full trail in lease-clauses.csv notes and lease-clause-decision-log-NH.md.]
landscaping-irrigation,LEASE_CLAUSE,NH,,GENERIC,VERIFIED,2026-08-21,2026-10-10,,[Full trail in lease-clauses.csv notes and lease-clause-decision-log-NH.md.]
snow-removal,LEASE_CLAUSE,NH,"N.H. Laws 2026, ch. 213; N.H. Rev. Stat. Ann. § 540:28-a, I; N.H. Rev. Stat. Ann. § 540:28-a, II",CITED,VERIFIED,2026-08-21,2026-10-10,,[Full trail in lease-clauses.csv notes and lease-clause-decision-log-NH.md.]
inspection-rights,LEASE_CLAUSE,NH,"N.H. Rev. Stat. Ann. § 540-A:3, IV",CITED,VERIFIED,2026-08-21,2026-10-10,,[Full trail in lease-clauses.csv notes and lease-clause-decision-log-NH.md.]
lead-based-paint,LEASE_CLAUSE,NH,,GENERIC,VERIFIED,2026-08-21,2026-10-10,,[Full trail in lease-clauses.csv notes and lease-clause-decision-log-NH.md.]
hoa-compliance,LEASE_CLAUSE,NH,"N.H. Rev. Stat. Ann. § 540-A:7, II",CITED,VERIFIED,2026-08-21,2026-10-10,,[Full trail in lease-clauses.csv notes and lease-clause-decision-log-NH.md.]
assistance-animal-accommodation,LEASE_CLAUSE,NH,"N.H. Rev. Stat. Ann. § 354-A:11, III(b)",CITED,VERIFIED,2026-08-21,2026-10-10,,[Full trail in lease-clauses.csv notes and lease-clause-decision-log-NH.md.]
extended-absence-notice-ks,LEASE_CLAUSE,NH,,GENERIC,VERIFIED,2026-08-22,2026-10-10,,[Full trail in lease-clauses.csv notes and lease-clause-decision-log-NH.md.]
early-termination-ks,LEASE_CLAUSE,NH,"N.H. Rev. Stat. Ann. § 540:11-a; N.H. Rev. Stat. Ann. § 540:11-b; N.H. Rev. Stat. Ann. § 540-A:4, XII",CITED,VERIFIED,2026-08-22,2026-10-10,early-termination,[Full trail in lease-clauses.csv notes and lease-clause-decision-log-NH.md.]
tenant-forward-proceedings-ca,LEASE_CLAUSE,NH,,GENERIC,VERIFIED,1989-01-01,2026-10-10,,[Full trail in lease-clauses.csv notes and lease-clause-decision-log-NH.md.]
storage-space-ks-oh-ca,LEASE_CLAUSE,NH,"N.H. Rev. Stat. Ann. § 540-A:1, III",CITED,VERIFIED,1976-01-01,2026-10-10,storage-space,[Full trail in lease-clauses.csv notes and lease-clause-decision-log-NH.md.]
parking-ks-oh-ca,LEASE_CLAUSE,NH,,GENERIC,VERIFIED,1976-01-01,2026-10-10,parking,[Full trail in lease-clauses.csv notes and lease-clause-decision-log-NH.md.]
tenants-property-insurance-ks-oh-ca,LEASE_CLAUSE,NH,,GENERIC,VERIFIED,1976-01-01,2026-10-10,tenants-property-insurance,[Full trail in lease-clauses.csv notes and lease-clause-decision-log-NH.md.]
services-utilities-provided-ks-oh,LEASE_CLAUSE,NH,"N.H. Rev. Stat. Ann. § 48-A:14; N.H. Rev. Stat. Ann. § 540-A:3, I",CITED,VERIFIED,2026-08-22,2026-10-10,services-utilities-provided,[Full trail in lease-clauses.csv notes and lease-clause-decision-log-NH.md.]
acceptable-payment-methods-nj,LEASE_CLAUSE,NH,"N.H. Rev. Stat. Ann. § 540-A:3, X",CITED,VERIFIED,2026-09-26,2026-10-10,acceptable-payment-methods,[Full trail in lease-clauses.csv notes and lease-clause-decision-log-NH.md.]
rental-application-accuracy,LEASE_CLAUSE,NH,"N.H. Rev. Stat. Ann. § 651:5, X(a); N.H. Rev. Stat. Ann. § 540-A:3, VIII",CITED,VERIFIED,2026-09-27,2026-10-10,,[Full trail in lease-clauses.csv notes and lease-clause-decision-log-NH.md.]
rules-ia,LEASE_CLAUSE,NH,"N.H. Rev. Stat. Ann. § 540:13-b; N.H. Rev. Stat. Ann. § 161-M:2; N.H. Rev. Stat. Ann. § 161-M:3, III(d); N.H. Rev. Stat. Ann. § 161-M:3, III(e)",CITED,VERIFIED,2026-10-02,2026-10-10,,[Full trail in lease-clauses.csv notes and lease-clause-decision-log-NH.md.]
rent-concession-wi,LEASE_CLAUSE,NH,,GENERIC,VERIFIED,2026-10-03,2026-10-10,,[Full trail in lease-clauses.csv notes and lease-clause-decision-log-NH.md.]
rent-installments-or,LEASE_CLAUSE,NH,"N.H. Rev. Stat. Ann. § 540:1; N.H. Rev. Stat. Ann. § 540:9-a, I",CITED,VERIFIED,2026-10-04,2026-10-10,,[Full trail in lease-clauses.csv notes and lease-clause-decision-log-NH.md.]
edu-cares-act-notice,LANDLORD_EDUCATION,NH,"15 U.S.C. § 9058(a), (b), (c)",CITED,VERIFIED,2026-10-04,2026-10-10,,[Full trail in lease-clauses.csv notes and lease-clause-decision-log-NH.md.]
electronic-notice-ma,LEASE_CLAUSE,NH,"N.H. Rev. Stat. Ann. § 294-E:5, II; N.H. Rev. Stat. Ann. § 294-E:5, III; N.H. Rev. Stat. Ann. § 294-E:8, III; N.H. Rev. Stat. Ann. § 540:5",CITED,VERIFIED,2026-10-08,2026-10-10,,[Full trail in lease-clauses.csv notes and lease-clause-decision-log-NH.md.]
late-fee-nh,LEASE_CLAUSE,NH,"N.H. Rev. Stat. Ann. § 451-C:7; N.H. Rev. Stat. Ann. § 540:13, VII; N.H. Rev. Stat. Ann. § 540:28; N.H. Rev. Stat. Ann. § 540:9, I(a); N.H. Rev. Stat. Ann. § 540:9, II; N.H. Rev. Stat. Ann. § 540:1-a, I; N.H. Rev. Stat. Ann. § 540-A:5, I",CITED,VERIFIED,2026-10-10,2026-10-10,late-fee,[Full trail in lease-clauses.csv notes and lease-clause-decision-log-NH.md.]
returned-payments-nh,LEASE_CLAUSE,NH,"N.H. Rev. Stat. Ann. § 544-B:1, I; N.H. Rev. Stat. Ann. § 544-B:1, II; N.H. Rev. Stat. Ann. § 540-A:3, X",CITED,VERIFIED,2026-10-10,2026-10-10,returned-payments,[Full trail in lease-clauses.csv notes and lease-clause-decision-log-NH.md.]
due-at-signing-nh,LEASE_CLAUSE,NH,"N.H. Rev. Stat. Ann. § 540-A:5, II; N.H. Rev. Stat. Ann. § 540-A:6, I(a); N.H. Rev. Stat. Ann. § 540-A:5, I; N.H. Rev. Stat. Ann. § 540-A:3, VIII; N.H. Rev. Stat. Ann. § 540:1-a, I",CITED,VERIFIED,2026-10-10,2026-10-10,due-at-signing,[Full trail in lease-clauses.csv notes and lease-clause-decision-log-NH.md.]
security-deposit-receipt-nh,LEASE_CLAUSE,NH,"N.H. Rev. Stat. Ann. § 540-A:5, I; N.H. Rev. Stat. Ann. § 540-A:6, I(b); N.H. Rev. Stat. Ann. § 540-A:6, I(c); N.H. Rev. Stat. Ann. § 540-A:6, II(b); N.H. Rev. Stat. Ann. § 540-A:6, II(c); N.H. Rev. Stat. Ann. § 540-A:6, I; N.H. Rev. Stat. Ann. § 540-A:8, I(a)",CITED,VERIFIED,2026-10-10,2026-10-10,,[Full trail in lease-clauses.csv notes and lease-clause-decision-log-NH.md.]
security-deposit-return-nh,LEASE_CLAUSE,NH,"N.H. Rev. Stat. Ann. § 540-A:7, I; N.H. Rev. Stat. Ann. § 540-A:7, II; N.H. Rev. Stat. Ann. § 540-A:6, IV(a); N.H. Rev. Stat. Ann. § 540-A:8, II; N.H. Rev. Stat. Ann. § 540-A:7; N.H. Rev. Stat. Ann. § 540-A:8, I(b); N.H. Rev. Stat. Ann. § 540-A:5, I",CITED,VERIFIED,2026-10-10,2026-10-10,security-deposit-return,[Full trail in lease-clauses.csv notes and lease-clause-decision-log-NH.md.]
existing-condition-nh,LEASE_CLAUSE,NH,"N.H. Rev. Stat. Ann. § 540-A:6, I(b); N.H. Rev. Stat. Ann. § 540-A:8, III; N.H. Rev. Stat. Ann. § 540-A:5, I",CITED,VERIFIED,2026-10-10,2026-10-10,existing-condition,[Full trail in lease-clauses.csv notes and lease-clause-decision-log-NH.md.]
landlords-access-nh,LEASE_CLAUSE,NH,"N.H. Rev. Stat. Ann. § 540-A:3, IV; N.H. Rev. Stat. Ann. § 540-A:3, V-d; N.H. Rev. Stat. Ann. § 540-A:3, IV-a; N.H. Laws 2026, ch. 308; N.H. Rev. Stat. Ann. § 540-A:3, V; N.H. Rev. Stat. Ann. § 540-A:3, V-b(b); N.H. Rev. Stat. Ann. § 540-A:1, III; N.H. Rev. Stat. Ann. § 130-A:6-a, IV",CITED,VERIFIED,2026-10-10,2026-10-10,landlords-access,[Full trail in lease-clauses.csv notes and lease-clause-decision-log-NH.md.]
smoking-policy-nh,LEASE_CLAUSE,NH,"N.H. Rev. Stat. Ann. § 126-X:3, I",CITED,VERIFIED,2026-10-10,2026-10-10,smoking-policy,[Full trail in lease-clauses.csv notes and lease-clause-decision-log-NH.md.]
pet-policy-nh,LEASE_CLAUSE,NH,"N.H. Rev. Stat. Ann. § 540-A:3, V-d; N.H. Rev. Stat. Ann. § 540-A:5, II; N.H. Rev. Stat. Ann. § 540-A:6, I(a); N.H. Rev. Stat. Ann. § 354-A:11, III(b)",CITED,VERIFIED,2026-10-10,2026-10-10,pet-policy,[Full trail in lease-clauses.csv notes and lease-clause-decision-log-NH.md.]
abandoned-property-nh,LEASE_CLAUSE,NH,"N.H. Rev. Stat. Ann. § 540-A:3, VII; N.H. Rev. Stat. Ann. § 540-A:4, XII(b)(1); N.H. Rev. Stat. Ann. § 540-A:4, XII(c); N.H. Rev. Stat. Ann. § 540-A:4, XII(d); N.H. Rev. Stat. Ann. § 540-A:3, I; N.H. Rev. Stat. Ann. § 540-B:9; N.H. Rev. Stat. Ann. § 540-A:4, IX(b)",CITED,VERIFIED,2026-10-10,2026-10-10,,[Full trail in lease-clauses.csv notes and lease-clause-decision-log-NH.md.]
surrender-end-of-term-nh,LEASE_CLAUSE,NH,"N.H. Rev. Stat. Ann. § 540:2, II(i)(1); N.H. Rev. Stat. Ann. § 540:2, II; N.H. Rev. Stat. Ann. § 540:3; N.H. Rev. Stat. Ann. § 540:28; N.H. Rev. Stat. Ann. § 540:1-a, I; N.H. Rev. Stat. Ann. § 540-A:5, I",CITED,VERIFIED,2026-10-10,2026-10-10,surrender-end-of-term,[Full trail in lease-clauses.csv notes and lease-clause-decision-log-NH.md.]
holdover-nh,LEASE_CLAUSE,NH,"N.H. Rev. Stat. Ann. § 540:2, II(i); N.H. Rev. Stat. Ann. § 540:2, II(i)(1); N.H. Rev. Stat. Ann. § 540:23; N.H. Rev. Stat. Ann. § 540:13, VII; N.H. Rev. Stat. Ann. § 540:1; N.H. Rev. Stat. Ann. § 540:2, II",CITED,VERIFIED,2026-10-10,2026-10-10,holdover,[Full trail in lease-clauses.csv notes and lease-clause-decision-log-NH.md.]
holdover-rate-nh,LEASE_CLAUSE,NH,"N.H. Rev. Stat. Ann. § 540:23; N.H. Rev. Stat. Ann. § 540:9, I(a); N.H. Rev. Stat. Ann. § 540:13-c, I; N.H. Rev. Stat. Ann. § 540:25; N.H. Rev. Stat. Ann. § 540:2, II; N.H. Rev. Stat. Ann. § 540:3",CITED,VERIFIED,2026-10-10,2026-10-10,,[Full trail in lease-clauses.csv notes and lease-clause-decision-log-NH.md.]
smoke-co-alarms-nh,LEASE_CLAUSE,NH,"N.H. Rev. Stat. Ann. § 153:10-a, I; N.H. Rev. Stat. Ann. § 153:10-a, II-a; N.H. Rev. Stat. Ann. § 634:2, IX",CITED,VERIFIED,2026-10-10,2026-10-10,,[Full trail in lease-clauses.csv notes and lease-clause-decision-log-NH.md.]
bed-bug-cooperation-nh,LEASE_CLAUSE,NH,"N.H. Rev. Stat. Ann. § 540-A:3, V-b(b); N.H. Rev. Stat. Ann. § 540-A:3, V-c; N.H. Rev. Stat. Ann. § 540:13-e, II; N.H. Rev. Stat. Ann. § 540:13-e, III; N.H. Rev. Stat. Ann. § 540:13-e, IV; N.H. Rev. Stat. Ann. § 540-A:3, V-a; N.H. Rev. Stat. Ann. § 540:2, II(g)",CITED,VERIFIED,2026-10-10,2026-10-10,,[Full trail in lease-clauses.csv notes and lease-clause-decision-log-NH.md.]
tenant-notice-to-end-nh,LEASE_CLAUSE,NH,"N.H. Rev. Stat. Ann. § 540:11, II; N.H. Rev. Stat. Ann. § 540:11, I; N.H. Rev. Stat. Ann. § 540:2, II; N.H. Rev. Stat. Ann. § 540:3",CITED,VERIFIED,2026-10-10,2026-10-10,,[Full trail in lease-clauses.csv notes and lease-clause-decision-log-NH.md.]
energy-tariff-disclosure-nh,LEASE_CLAUSE,NH,"N.H. Rev. Stat. Ann. § 477:4-h, I",CITED,VERIFIED,2026-10-10,2026-10-10,,[Full trail in lease-clauses.csv notes and lease-clause-decision-log-NH.md.]
meth-production-disclosure-nh,LEASE_CLAUSE,NH,"N.H. Rev. Stat. Ann. § 477:4-g, I; N.H. Rev. Stat. Ann. § 318-D:4; N.H. Rev. Stat. Ann. § 477:4-g, II",CITED,VERIFIED,2026-10-10,2026-10-10,,[Full trail in lease-clauses.csv notes and lease-clause-decision-log-NH.md.]
lead-hazard-order-disclosure-nh,LEASE_CLAUSE,NH,N.H. Code Admin. R. He-P 1605.01(e); N.H. Code Admin. R. He-P 1600; N.H. Rev. Stat. Ann. § 130-A:7,CITED,VERIFIED,2026-10-10,2026-10-10,,[Full trail in lease-clauses.csv notes and lease-clause-decision-log-NH.md.]
asbestos-disposal-site-disclosure-nh,LEASE_CLAUSE,NH,"N.H. Rev. Stat. Ann. § 141-E:23, III",CITED,VERIFIED,2026-10-10,2026-10-10,,[Full trail in lease-clauses.csv notes and lease-clause-decision-log-NH.md.]
activity-use-restriction-nh,LEASE_CLAUSE,NH,N.H. Code Admin. R. Env-Or 608.01(b)(2),CITED,VERIFIED,2026-10-10,2026-10-10,,[Full trail in lease-clauses.csv notes and lease-clause-decision-log-NH.md.]
rent-increase-midterm-nh,LEASE_CLAUSE,NH,"N.H. Rev. Stat. Ann. § 540:2, IV; N.H. Rev. Stat. Ann. § 540:13-b; N.H. Rev. Stat. Ann. § 356-C:6",CITED,VERIFIED,2026-10-10,2026-10-10,,[Full trail in lease-clauses.csv notes and lease-clause-decision-log-NH.md.]
tenant-death-contact-nh,LEASE_CLAUSE,NH,"N.H. Rev. Stat. Ann. § 540-A:3, VII",CITED,VERIFIED,2026-10-10,2026-10-10,,[Full trail in lease-clauses.csv notes and lease-clause-decision-log-NH.md.]
tenant-caused-damage-nh,LEASE_CLAUSE,NH,"N.H. Rev. Stat. Ann. § 540-A:2, II; N.H. Rev. Stat. Ann. § 540:2, II(b); N.H. Rev. Stat. Ann. § 540:3, II; N.H. Rev. Stat. Ann. § 540:13-d, I(c); N.H. Rev. Stat. Ann. § 540:11-a; N.H. Rev. Stat. Ann. § 540:11-b; N.H. Rev. Stat. Ann. § 540:11-b, IV; N.H. Rev. Stat. Ann. § 130-A:8-a, VIII",CITED,VERIFIED,2026-10-10,2026-10-10,,[Full trail in lease-clauses.csv notes and lease-clause-decision-log-NH.md.]
casualty-nh,LEASE_CLAUSE,NH,"N.H. Rev. Stat. Ann. § 540:3, II; N.H. Rev. Stat. Ann. § 540:3, III; N.H. Rev. Stat. Ann. § 540:5; N.H. Rev. Stat. Ann. § 540:2, V; N.H. Rev. Stat. Ann. § 540-A:3, II; N.H. Rev. Stat. Ann. § 540:2, II; N.H. Rev. Stat. Ann. § 540:28; N.H. Rev. Stat. Ann. § 540-A:7",CITED,VERIFIED,2026-10-10,2026-10-10,,[Full trail in lease-clauses.csv notes and lease-clause-decision-log-NH.md.]
criminal-activity-nh,LEASE_CLAUSE,NH,"N.H. Rev. Stat. Ann. § 540:2, II(c); N.H. Rev. Stat. Ann. § 540:2, II(d); N.H. Rev. Stat. Ann. § 540:3, II; N.H. Rev. Stat. Ann. § 540-A:2, III; N.H. Laws 2026, ch. 308; N.H. Rev. Stat. Ann. § 540:2, VII(a); N.H. Rev. Stat. Ann. § 126-X:3, I; N.H. Rev. Stat. Ann. § 354-A:15, VI; N.H. Rev. Stat. Ann. § 354-A:15, IX",CITED,VERIFIED,2026-10-10,2026-10-10,,[Full trail in lease-clauses.csv notes and lease-clause-decision-log-NH.md.]
edu-no-algorithmic-rent-rule-nh,LANDLORD_EDUCATION,NH,"N.H. Rev. Stat. Ann. § 294-E:2; N.H. Rev. Stat. Ann. § 356:2, I; N.H. Rev. Stat. Ann. § 356:2, II(a); N.H. Rev. Stat. Ann. § 356:1, I; N.H. Rev. Stat. Ann. § 356:1, V; N.H. Rev. Stat. Ann. § 356:2; Absence: NH batteries named in the row's notes (NH log §17, §18)",CONFIRMED_ABSENT,VERIFIED,2026-10-10,2026-10-10,,[Full trail in lease-clauses.csv notes and lease-clause-decision-log-NH.md.]
edu-application-fees-nh,LANDLORD_EDUCATION,NH,"N.H. Rev. Stat. Ann. § 540-A:3, VIII; N.H. Rev. Stat. Ann. § 540-A:4, IX(f); N.H. Rev. Stat. Ann. § 540-A:1, I; N.H. Rev. Stat. Ann. § 540-A:5, I; N.H. Rev. Stat. Ann. § 540:2, VIII; N.H. Rev. Stat. Ann. § 540:2, II(i); N.H. Rev. Stat. Ann. § 540-A:3",CITED,VERIFIED,2026-10-10,2026-10-10,,[Full trail in lease-clauses.csv notes and lease-clause-decision-log-NH.md.]
edu-no-collection-fee-rule-nh,LANDLORD_EDUCATION,NH,"N.H. Rev. Stat. Ann. § 358-C:3, X; N.H. Rev. Stat. Ann. § 358-C:1, VI; N.H. Rev. Stat. Ann. § 358-C:1, III; N.H. Rev. Stat. Ann. § 544-B:1, I; N.H. Rev. Stat. Ann. § 544-B:2; N.H. Rev. Stat. Ann. § 540:9, I(a); N.H. Rev. Stat. Ann. § 540:13, III; Absence: NH batteries named in the row's notes (NH log §17, §18)",CONFIRMED_ABSENT,VERIFIED,2026-10-10,2026-10-10,,[Full trail in lease-clauses.csv notes and lease-clause-decision-log-NH.md.]
edu-no-fee-unprovided-service-nh,LANDLORD_EDUCATION,NH,"N.H. Rev. Stat. Ann. § 358-A:1, II; N.H. Rev. Stat. Ann. § 358-A:2, V; N.H. Rev. Stat. Ann. § 358-A:2, IX; N.H. Rev. Stat. Ann. § 358-A:10, I; N.H. Rev. Stat. Ann. § 82-A:2; Absence: NH batteries named in the row's notes (NH log §17, §18)",CONFIRMED_ABSENT,VERIFIED,2026-10-10,2026-10-10,,[Full trail in lease-clauses.csv notes and lease-clause-decision-log-NH.md.]
edu-fees-as-rent-nh,LANDLORD_EDUCATION,NH,"N.H. Rev. Stat. Ann. § 540:2, II(a); N.H. Rev. Stat. Ann. § 540:3, II; N.H. Rev. Stat. Ann. § 540:9, I(a); N.H. Rev. Stat. Ann. § 540:13-e, III; N.H. Rev. Stat. Ann. § 540-A:7, II; N.H. Rev. Stat. Ann. § 540:25, I; N.H. Rev. Stat. Ann. § 540:14, I; N.H. Rev. Stat. Ann. § 540:25, II; N.H. Rev. Stat. Ann. § 540:25; N.H. Laws 2026, ch. 308",CITED,VERIFIED,2026-10-10,2026-10-10,,[Full trail in lease-clauses.csv notes and lease-clause-decision-log-NH.md.]
edu-no-government-fee-passthrough-nh,LANDLORD_EDUCATION,NH,"N.H. Rev. Stat. Ann. § 540:1-b, I; N.H. Rev. Stat. Ann. § 540:1-b, III; N.H. Rev. Stat. Ann. § 540:1-c; N.H. Rev. Stat. Ann. § 540:1-a, I; N.H. Rev. Stat. Ann. § 540:9, I(a); N.H. Rev. Stat. Ann. § 48-A:2; N.H. Rev. Stat. Ann. § 48-A:11; Absence: NH batteries named in the row's notes (NH log §17, §18)",CONFIRMED_ABSENT,VERIFIED,2026-10-10,2026-10-10,,[Full trail in lease-clauses.csv notes and lease-clause-decision-log-NH.md.]
edu-no-late-fee-limit-nh,LANDLORD_EDUCATION,NH,"N.H. Rev. Stat. Ann. § 451-C:7; N.H. Rev. Stat. Ann. § 451-C:7, III; N.H. Rev. Stat. Ann. § 540:9, I(a)",CITED,VERIFIED,2026-10-10,2026-10-10,,[Full trail in lease-clauses.csv notes and lease-clause-decision-log-NH.md.]
edu-no-lease-type-parity-nh,LANDLORD_EDUCATION,NH,"N.H. Rev. Stat. Ann. § 384-G:6; N.H. Rev. Stat. Ann. § 540:11; N.H. Rev. Stat. Ann. § 540:1; N.H. Rev. Stat. Ann. § 540:11, II; N.H. Rev. Stat. Ann. § 540:2, II(i)(1); N.H. Rev. Stat. Ann. § 540:2, I; N.H. Rev. Stat. Ann. § 540:1-a; Absence: NH batteries named in the row's notes (NH log §17, §18)",CONFIRMED_ABSENT,VERIFIED,2026-10-10,2026-10-10,,[Full trail in lease-clauses.csv notes and lease-clause-decision-log-NH.md.]
edu-rent-escalation-nh,LANDLORD_EDUCATION,NH,"N.H. Rev. Stat. Ann. § 540:13-b; N.H. Rev. Stat. Ann. § 540:13-a, I; N.H. Rev. Stat. Ann. § 540:13-a; N.H. Rev. Stat. Ann. § 540:2; Absence: NH batteries named in the row's notes (NH log §17, §18)",CONFIRMED_ABSENT,VERIFIED,2026-10-10,2026-10-10,,[Full trail in lease-clauses.csv notes and lease-clause-decision-log-NH.md.]
edu-rent-increase-notice-nh,LANDLORD_EDUCATION,NH,"N.H. Rev. Stat. Ann. § 540:2, IV; N.H. Rev. Stat. Ann. § 540:3, II; N.H. Rev. Stat. Ann. § 540:2, I; N.H. Rev. Stat. Ann. § 540:1-a; N.H. Rev. Stat. Ann. § 540:13-b; N.H. Rev. Stat. Ann. § 356-C:6, I(a); N.H. Rev. Stat. Ann. § 356-C:2, I(a); N.H. Rev. Stat. Ann. § 540:2",CITED,VERIFIED,2026-10-10,2026-10-10,,[Full trail in lease-clauses.csv notes and lease-clause-decision-log-NH.md.]
edu-rent-receipts-nh,LANDLORD_EDUCATION,NH,"N.H. Rev. Stat. Ann. § 540:9, I(b); N.H. Rev. Stat. Ann. § 540-A:4, VII(e)(1); N.H. Rev. Stat. Ann. § 540-A:6, I(b); N.H. Rev. Stat. Ann. § 540-A:6; N.H. Rev. Stat. Ann. § 540:9; Absence: NH batteries named in the row's notes (NH log §17, §18)",CONFIRMED_ABSENT,VERIFIED,2026-10-10,2026-10-10,,[Full trail in lease-clauses.csv notes and lease-clause-decision-log-NH.md.]
edu-no-rent-reporting-rule-nh,LANDLORD_EDUCATION,NH,"N.H. Rev. Stat. Ann. § 540:2, VIII; Absence: NH batteries named in the row's notes (NH log §17, §18)",CONFIRMED_ABSENT,VERIFIED,2026-10-10,2026-10-10,,[Full trail in lease-clauses.csv notes and lease-clause-decision-log-NH.md.]
edu-rooms-tax-short-occupancy-nh,LANDLORD_EDUCATION,NH,"N.H. Rev. Stat. Ann. § 78-A:6, I; N.H. Rev. Stat. Ann. § 78-A:6, III; N.H. Rev. Stat. Ann. § 78-A:3, VII; N.H. Rev. Stat. Ann. § 78-A:3, XV; N.H. Rev. Stat. Ann. § 78-A:6-d, IV; N.H. Code Admin. R. Rev 703.04(c); N.H. Rev. Stat. Ann. § 78-A:3",CITED,VERIFIED,2026-10-10,2026-10-10,,[Full trail in lease-clauses.csv notes and lease-clause-decision-log-NH.md.]
edu-no-fee-listing-rule-nh,LANDLORD_EDUCATION,NH,"N.H. Rev. Stat. Ann. § 451-C:7; N.H. Rev. Stat. Ann. § 540:9; N.H. Rev. Stat. Ann. § 540:9, I(a); N.H. Rev. Stat. Ann. § 540-A:7, II; N.H. Rev. Stat. Ann. § 540-A:3, VIII; N.H. Rev. Stat. Ann. § 540-A:5, II; N.H. Rev. Stat. Ann. § 540-A:5, I",CITED,VERIFIED,2026-10-10,2026-10-10,,[Full trail in lease-clauses.csv notes and lease-clause-decision-log-NH.md.]
edu-bad-check-remedy-nh,LANDLORD_EDUCATION,NH,"N.H. Rev. Stat. Ann. § 544-B:1, I; N.H. Rev. Stat. Ann. § 544-B:1, I(b); N.H. Rev. Stat. Ann. § 544-B:1, II; N.H. Rev. Stat. Ann. § 544-B:1, III; N.H. Rev. Stat. Ann. § 544-B:2; N.H. Rev. Stat. Ann. § 544-B:3; N.H. Rev. Stat. Ann. § 540-A:3, X; N.H. Rev. Stat. Ann. § 544-B:1",CITED,VERIFIED,2026-10-10,2026-10-10,,[Full trail in lease-clauses.csv notes and lease-clause-decision-log-NH.md.]
edu-no-shutdown-protection-nh,LANDLORD_EDUCATION,NH,"N.H. Rev. Stat. Ann. § 540:3, II; N.H. Rev. Stat. Ann. § 540:9, II; N.H. Rev. Stat. Ann. § 540:13-c, I; N.H. Rev. Stat. Ann. § 540:13-c, II; Absence: NH batteries named in the row's notes (NH log §17, §18)",CONFIRMED_ABSENT,VERIFIED,2026-10-10,2026-10-10,,[Full trail in lease-clauses.csv notes and lease-clause-decision-log-NH.md.]
edu-no-subsidy-proration-rule-nh,LANDLORD_EDUCATION,NH,"N.H. Rev. Stat. Ann. § 540:13-d, I(a); N.H. Rev. Stat. Ann. § 540:13-d, II; N.H. Rev. Stat. Ann. § 540:29; N.H. Rev. Stat. Ann. § 540:9-a; Absence: NH batteries named in the row's notes (NH log §17, §18)",CONFIRMED_ABSENT,VERIFIED,2026-10-10,2026-10-10,,[Full trail in lease-clauses.csv notes and lease-clause-decision-log-NH.md.]
edu-no-subsidy-late-fee-rule-nh,LANDLORD_EDUCATION,NH,"N.H. Rev. Stat. Ann. § 165:4-a; N.H. Rev. Stat. Ann. § 540:9-a, I; N.H. Rev. Stat. Ann. § 540:9-a, II(a); N.H. Rev. Stat. Ann. § 165:4-c; N.H. Rev. Stat. Ann. § 540:9-a; N.H. Rev. Stat. Ann. § 451-C:7; Absence: NH batteries named in the row's notes (NH log §17, §18)",CONFIRMED_ABSENT,VERIFIED,2026-10-10,2026-10-10,,[Full trail in lease-clauses.csv notes and lease-clause-decision-log-NH.md.]
edu-tax-escalation-nh,LANDLORD_EDUCATION,NH,"N.H. Rev. Stat. Ann. § 540-A:7, II; N.H. Rev. Stat. Ann. § 540-A:8, I(b); N.H. Rev. Stat. Ann. § 540-A:5, I; N.H. Rev. Stat. Ann. § 72:23",CITED,VERIFIED,2026-10-10,2026-10-10,,[Full trail in lease-clauses.csv notes and lease-clause-decision-log-NH.md.]
edu-interest-on-unpaid-amounts-nh,LANDLORD_EDUCATION,NH,"N.H. Rev. Stat. Ann. § 336:1, I; N.H. Rev. Stat. Ann. § 336:1, II; N.H. Rev. Stat. Ann. § 524:1-a; N.H. Rev. Stat. Ann. § 524:1-b; N.H. Rev. Stat. Ann. § 540-A:6, IV; N.H. Rev. Stat. Ann. § 336:1; N.H. Rev. Stat. Ann. § 540-A:6",CITED,VERIFIED,2026-10-10,2026-10-10,,[Full trail in lease-clauses.csv notes and lease-clause-decision-log-NH.md.]
edu-waiver-by-acceptance-nh,LANDLORD_EDUCATION,NH,"N.H. Rev. Stat. Ann. § 540:13, VII; N.H. Rev. Stat. Ann. § 540:13-c, II(c); N.H. Rev. Stat. Ann. § 540:9, I; N.H. Rev. Stat. Ann. § 540:13; N.H. Rev. Stat. Ann. § 540:13-c",CITED,VERIFIED,2026-10-10,2026-10-10,,[Full trail in lease-clauses.csv notes and lease-clause-decision-log-NH.md.]
edu-no-deposit-cost-schedule-nh,LANDLORD_EDUCATION,NH,"N.H. Rev. Stat. Ann. § 540-A:7, I; N.H. Rev. Stat. Ann. § 540-A:7, II; N.H. Rev. Stat. Ann. § 540-A:8, III; N.H. Rev. Stat. Ann. § 540-A:5, I",CITED,VERIFIED,2026-10-10,2026-10-10,,[Full trail in lease-clauses.csv notes and lease-clause-decision-log-NH.md.]
edu-unclaimed-deposits-nh,LANDLORD_EDUCATION,NH,"N.H. Rev. Stat. Ann. § 540-A:8, II; N.H. Rev. Stat. Ann. § 471-C:1, XI(b); N.H. Rev. Stat. Ann. § 471-C:2, I; N.H. Rev. Stat. Ann. § 471-C:1, IX; N.H. Rev. Stat. Ann. § 471-C:3; N.H. Rev. Stat. Ann. § 540-A:8; N.H. Rev. Stat. Ann. § 471-C:19; N.H. Rev. Stat. Ann. § 471-C:21",CITED,VERIFIED,2026-10-10,2026-10-10,,[Full trail in lease-clauses.csv notes and lease-clause-decision-log-NH.md.]
edu-no-deposit-installment-right-nh,LANDLORD_EDUCATION,NH,"N.H. Code Admin. R. En 1203.03; N.H. Rev. Stat. Ann. § 176:16; N.H. Rev. Stat. Ann. § 541-C:3; N.H. Rev. Stat. Ann. § 541-D:5; N.H. Rev. Stat. Ann. § 540-A:6, I(a); N.H. Rev. Stat. Ann. § 540-A:6, I(b); N.H. Rev. Stat. Ann. § 540-A:5, I; Absence: NH batteries named in the row's notes (NH log §17, §18)",CONFIRMED_ABSENT,VERIFIED,2026-10-10,2026-10-10,,[Full trail in lease-clauses.csv notes and lease-clause-decision-log-NH.md.]
edu-last-month-rent-deposit-nh,LANDLORD_EDUCATION,NH,"N.H. Rev. Stat. Ann. § 540-A:5, II; N.H. Rev. Stat. Ann. § 540-A:6, I(a); N.H. Rev. Stat. Ann. § 540-A:6, II; N.H. Rev. Stat. Ann. § 540-A:6, IV; N.H. Rev. Stat. Ann. § 540-A:7",CITED,VERIFIED,2026-10-10,2026-10-10,,[Full trail in lease-clauses.csv notes and lease-clause-decision-log-NH.md.]
edu-no-deposit-refund-conditions-nh,LANDLORD_EDUCATION,NH,"N.H. Rev. Stat. Ann. § 540-A:7, I; N.H. Rev. Stat. Ann. § 540-A:8, III; N.H. Rev. Stat. Ann. § 540-A:8, II; N.H. Rev. Stat. Ann. § 540-A:5, I; N.H. Rev. Stat. Ann. § 540-A:5; N.H. Rev. Stat. Ann. § 540-A:8; Absence: NH batteries named in the row's notes (NH log §17, §18)",CONFIRMED_ABSENT,VERIFIED,2026-10-10,2026-10-10,,[Full trail in lease-clauses.csv notes and lease-clause-decision-log-NH.md.]
edu-dv-deposit-timing-nh,LANDLORD_EDUCATION,NH,"N.H. Rev. Stat. Ann. § 540:11-b, IV; N.H. Rev. Stat. Ann. § 540:11-b, III; N.H. Rev. Stat. Ann. § 540:11-b, I; N.H. Rev. Stat. Ann. § 540:11-b, II; N.H. Rev. Stat. Ann. § 540-A:7, I; N.H. Rev. Stat. Ann. § 540-A:5, I; N.H. Rev. Stat. Ann. § 540:11-b",CITED,VERIFIED,2026-10-10,2026-10-10,,[Full trail in lease-clauses.csv notes and lease-clause-decision-log-NH.md.]
edu-no-expedited-deposit-nh,LANDLORD_EDUCATION,NH,"N.H. Rev. Stat. Ann. § 540-A:7, I; Absence: NH batteries named in the row's notes (NH log §17, §18)",CONFIRMED_ABSENT,VERIFIED,2026-10-10,2026-10-10,,[Full trail in lease-clauses.csv notes and lease-clause-decision-log-NH.md.]
edu-no-fee-in-lieu-of-deposit-nh,LANDLORD_EDUCATION,NH,"N.H. Rev. Stat. Ann. § 540-A:5, II; N.H. Rev. Stat. Ann. § 540-A:6, I(a); N.H. Rev. Stat. Ann. § 540-A:6, II(a); N.H. Rev. Stat. Ann. § 540-A:7; N.H. Rev. Stat. Ann. § 540-A:8, I(b); N.H. Rev. Stat. Ann. § 358-H:8; N.H. Code Admin. R. He-M 1007.08; Absence: NH batteries named in the row's notes (NH log §17, §18)",CONFIRMED_ABSENT,VERIFIED,2026-10-10,2026-10-10,,[Full trail in lease-clauses.csv notes and lease-clause-decision-log-NH.md.]
edu-holding-deposit-nh,LANDLORD_EDUCATION,NH,"N.H. Rev. Stat. Ann. § 540-A:5, II; N.H. Rev. Stat. Ann. § 540-A:5, III; N.H. Rev. Stat. Ann. § 540-A:3, VIII; Absence: NH batteries named in the row's notes (NH log §17, §18)",CONFIRMED_ABSENT,VERIFIED,2026-10-10,2026-10-10,,[Full trail in lease-clauses.csv notes and lease-clause-decision-log-NH.md.]
edu-condition-notice-penalty-nh,LANDLORD_EDUCATION,NH,"N.H. Rev. Stat. Ann. § 540-A:6, I(b); N.H. Rev. Stat. Ann. § 540-A:6, I(c); N.H. Rev. Stat. Ann. § 540-A:8, I(a); N.H. Rev. Stat. Ann. § 358-A:10, I; N.H. Rev. Stat. Ann. § 540-A:7; N.H. Rev. Stat. Ann. § 540-A:8; N.H. Rev. Stat. Ann. § 540-A:5, I; N.H. Rev. Stat. Ann. § 540-A:6",CITED,VERIFIED,2026-10-10,2026-10-10,,[Full trail in lease-clauses.csv notes and lease-clause-decision-log-NH.md.]
edu-no-nonrefundable-deposit-nh,LANDLORD_EDUCATION,NH,"N.H. Rev. Stat. Ann. § 540-A:5, II; N.H. Rev. Stat. Ann. § 540-A:6, II(a); N.H. Rev. Stat. Ann. § 540-A:7; N.H. Rev. Stat. Ann. § 540-A:8, III; N.H. Rev. Stat. Ann. § 540-A:5, I; N.H. Rev. Stat. Ann. § 205-A:2; Absence: NH batteries named in the row's notes (NH log §17, §18)",CONFIRMED_ABSENT,VERIFIED,2026-10-10,2026-10-10,,[Full trail in lease-clauses.csv notes and lease-clause-decision-log-NH.md.]
edu-no-nonrefundable-deposit-notice-nh,LANDLORD_EDUCATION,NH,"N.H. Rev. Stat. Ann. § 540-A:5, II; N.H. Rev. Stat. Ann. § 540-A:6, I(b); N.H. Rev. Stat. Ann. § 540-A:7; N.H. Rev. Stat. Ann. § 540-A:8, III; Absence: NH batteries named in the row's notes (NH log §17, §18)",CONFIRMED_ABSENT,VERIFIED,2026-10-10,2026-10-10,,[Full trail in lease-clauses.csv notes and lease-clause-decision-log-NH.md.]
edu-security-deposit-cap-nh,LANDLORD_EDUCATION,NH,"N.H. Rev. Stat. Ann. § 540-A:6, I(a); N.H. Rev. Stat. Ann. § 540-A:5, II; N.H. Rev. Stat. Ann. § 540-A:5, I; N.H. Rev. Stat. Ann. § 540-A:8, I(a); N.H. Rev. Stat. Ann. § 358-A:10, I; N.H. Rev. Stat. Ann. § 354-A:11, III(a); N.H. Rev. Stat. Ann. § 540-A:6",CITED,VERIFIED,2026-10-10,2026-10-10,,[Full trail in lease-clauses.csv notes and lease-clause-decision-log-NH.md.]
edu-security-deposit-holding-nh,LANDLORD_EDUCATION,NH,"N.H. Rev. Stat. Ann. § 540-A:6, II(a); N.H. Rev. Stat. Ann. § 540-A:6, II(b); N.H. Rev. Stat. Ann. § 540-A:6, II(c); N.H. Rev. Stat. Ann. § 540-A:6, IV(b); N.H. Rev. Stat. Ann. § 540-A:6, I(b); N.H. Rev. Stat. Ann. § 540-A:8, I(a); N.H. Rev. Stat. Ann. § 540-A:6, I; N.H. Rev. Stat. Ann. § 540-A:6, IV; N.H. Rev. Stat. Ann. § 540-A:5, I",CITED,VERIFIED,2026-10-10,2026-10-10,,[Full trail in lease-clauses.csv notes and lease-clause-decision-log-NH.md.]
edu-security-deposit-interest-nh,LANDLORD_EDUCATION,NH,"N.H. Rev. Stat. Ann. § 540-A:6, IV(a); N.H. Rev. Stat. Ann. § 540-A:6, IV(b); N.H. Rev. Stat. Ann. § 540-A:6, IV(c); N.H. Rev. Stat. Ann. § 540-A:7, I; N.H. Rev. Stat. Ann. § 540-A:8, I(b); N.H. Rev. Stat. Ann. § 540-A:5, I",CITED,VERIFIED,2026-10-10,2026-10-10,,[Full trail in lease-clauses.csv notes and lease-clause-decision-log-NH.md.]
edu-deposit-nonwaiver-nh,LANDLORD_EDUCATION,NH,"N.H. Rev. Stat. Ann. § 540-A:8, III; N.H. Rev. Stat. Ann. § 540-A:6, III(d); N.H. Rev. Stat. Ann. § 540:28; N.H. Rev. Stat. Ann. § 540-A:5, I",CITED,VERIFIED,2026-10-10,2026-10-10,,[Full trail in lease-clauses.csv notes and lease-clause-decision-log-NH.md.]
edu-deposit-on-sale-nh,LANDLORD_EDUCATION,NH,"N.H. Rev. Stat. Ann. § 540-A:6, III(a); N.H. Rev. Stat. Ann. § 540-A:6, III(b); N.H. Rev. Stat. Ann. § 540-A:6, III(c); N.H. Rev. Stat. Ann. § 540-A:6, III(d); N.H. Rev. Stat. Ann. § 540-A:8, I(a); N.H. Rev. Stat. Ann. § 540:27; N.H. Rev. Stat. Ann. § 540-A:5, I",CITED,VERIFIED,2026-10-10,2026-10-10,,[Full trail in lease-clauses.csv notes and lease-clause-decision-log-NH.md.]
edu-deposit-penalties-nh,LANDLORD_EDUCATION,NH,"N.H. Rev. Stat. Ann. § 540-A:8, I(a); N.H. Rev. Stat. Ann. § 540-A:8, I(b); N.H. Rev. Stat. Ann. § 540-A:8, II; N.H. Rev. Stat. Ann. § 358-A:10, I; N.H. Rev. Stat. Ann. § 540-A:7; N.H. Rev. Stat. Ann. § 540-A:8; N.H. Rev. Stat. Ann. § 540-A:5, I",CITED,VERIFIED,2026-10-10,2026-10-10,,[Full trail in lease-clauses.csv notes and lease-clause-decision-log-NH.md.]
edu-no-deposit-standards-rule-nh,LANDLORD_EDUCATION,NH,"N.H. Rev. Stat. Ann. § 354-A:10, II; N.H. Rev. Stat. Ann. § 354-A:11, III(a); N.H. Rev. Stat. Ann. § 354-A:15, II; N.H. Rev. Stat. Ann. § 354-A:10; N.H. Rev. Stat. Ann. § 354-A:15; N.H. Rev. Stat. Ann. § 354-A:11; N.H. Rev. Stat. Ann. § 540-A:6, I(a); N.H. Rev. Stat. Ann. § 540-A:5, I; Absence: NH batteries named in the row's notes (NH log §17, §18)",CONFIRMED_ABSENT,VERIFIED,2026-10-10,2026-10-10,,[Full trail in lease-clauses.csv notes and lease-clause-decision-log-NH.md.]
edu-no-utility-deposit-nh,LANDLORD_EDUCATION,NH,"N.H. Rev. Stat. Ann. § 540-A:5, II; N.H. Rev. Stat. Ann. § 540-A:6, I(a); N.H. Rev. Stat. Ann. § 540-A:7, II; N.H. Rev. Stat. Ann. § 38:23; Absence: NH batteries named in the row's notes (NH log §17, §18)",CONFIRMED_ABSENT,VERIFIED,2026-10-10,2026-10-10,,[Full trail in lease-clauses.csv notes and lease-clause-decision-log-NH.md.]
edu-no-fee-transparency-law-nh,LANDLORD_EDUCATION,NH,"N.H. Rev. Stat. Ann. § 540-A:3; N.H. Rev. Stat. Ann. § 540-A:3, VIII; N.H. Rev. Stat. Ann. § 477:4-h; N.H. Rev. Stat. Ann. § 358-I:5; N.H. Rev. Stat. Ann. § 358-A:1, II; Absence: NH batteries named in the row's notes (NH log §17, §18)",CONFIRMED_ABSENT,VERIFIED,2026-10-10,2026-10-10,,[Full trail in lease-clauses.csv notes and lease-clause-decision-log-NH.md.]
edu-no-rent-control-nh,LANDLORD_EDUCATION,NH,"N.H. Rev. Stat. Ann. § 540:1-b; N.H. Rev. Stat. Ann. § 48-A:2; N.H. Rev. Stat. Ann. § 48-A:8; N.H. Rev. Stat. Ann. § 48-A:11; N.H. Rev. Stat. Ann. § 674:16, VIII; N.H. Rev. Stat. Ann. § 356-C:2, I(a); N.H. Rev. Stat. Ann. § 356-C:6, I(a); N.H. Rev. Stat. Ann. § 540:2, IV; N.H. Rev. Stat. Ann. § 540:13-b; Absence: NH batteries named in the row's notes (NH log §17, §18)",CONFIRMED_ABSENT,VERIFIED,2026-10-10,2026-10-10,,[Full trail in lease-clauses.csv notes and lease-clause-decision-log-NH.md.]
edu-disability-modifications-nh,LANDLORD_EDUCATION,NH,"N.H. Rev. Stat. Ann. § 354-A:11, III(a); N.H. Rev. Stat. Ann. § 354-A:11, III(b); N.H. Rev. Stat. Ann. § 354-A:15; N.H. Rev. Stat. Ann. § 354-A:10; N.H. Rev. Stat. Ann. § 354-A:11",CITED,VERIFIED,2026-10-10,2026-10-10,,[Full trail in lease-clauses.csv notes and lease-clause-decision-log-NH.md.]
edu-no-cold-weather-notice-nh,LANDLORD_EDUCATION,NH,"N.H. Rev. Stat. Ann. § 282-A:19; N.H. Rev. Stat. Ann. § 48-A:14, XI; N.H. Rev. Stat. Ann. § 540-A:3, IV; Absence: NH batteries named in the row's notes (NH log §17, §18)",CONFIRMED_ABSENT,VERIFIED,2026-10-10,2026-10-10,,[Full trail in lease-clauses.csv notes and lease-clause-decision-log-NH.md.]
edu-no-common-area-lighting-rule-nh,LANDLORD_EDUCATION,NH,"N.H. Rev. Stat. Ann. § 358-A:2; N.H. Rev. Stat. Ann. § 358-A:1, II; Absence: NH batteries named in the row's notes (NH log §17, §18)",CONFIRMED_ABSENT,VERIFIED,2026-10-10,2026-10-10,,[Full trail in lease-clauses.csv notes and lease-clause-decision-log-NH.md.]
edu-construction-liens-nh,LANDLORD_EDUCATION,NH,"N.H. Rev. Stat. Ann. § 447:2, I; N.H. Rev. Stat. Ann. § 447:5; N.H. Rev. Stat. Ann. § 447:6; N.H. Rev. Stat. Ann. § 447:9; N.H. Rev. Stat. Ann. § 447:10",CITED,VERIFIED,2026-10-10,2026-10-10,,[Full trail in lease-clauses.csv notes and lease-clause-decision-log-NH.md.]
edu-no-family-child-care-rule-nh,LANDLORD_EDUCATION,NH,"N.H. Rev. Stat. Ann. § 674:16, VI; N.H. Rev. Stat. Ann. § 674:16; N.H. Laws 2026, ch. 217; Absence: NH batteries named in the row's notes (NH log §17, §18)",CONFIRMED_ABSENT,VERIFIED,2026-10-10,2026-10-10,,[Full trail in lease-clauses.csv notes and lease-clause-decision-log-NH.md.]
edu-no-home-business-rule-nh,LANDLORD_EDUCATION,NH,"N.H. Rev. Stat. Ann. § 674:69; N.H. Laws 2026, ch. 217; N.H. Rev. Stat. Ann. § 674:16; N.H. Rev. Stat. Ann. § 674:16, VI; Absence: NH batteries named in the row's notes (NH log §17, §18)",CONFIRMED_ABSENT,VERIFIED,2026-10-10,2026-10-10,,[Full trail in lease-clauses.csv notes and lease-clause-decision-log-NH.md.]
edu-municipal-utility-lien-nh,LANDLORD_EDUCATION,NH,"N.H. Rev. Stat. Ann. § 38:22, I; N.H. Rev. Stat. Ann. § 38:22, II(d); N.H. Rev. Stat. Ann. § 38:23; N.H. Rev. Stat. Ann. § 38:31, I; N.H. Rev. Stat. Ann. § 38:22",CITED,VERIFIED,2026-10-10,2026-10-10,,[Full trail in lease-clauses.csv notes and lease-clause-decision-log-NH.md.]
edu-occupancy-limits-nh,LANDLORD_EDUCATION,NH,"N.H. Rev. Stat. Ann. § 674:16, VIII; N.H. Rev. Stat. Ann. § 354-A:15, IV; N.H. Rev. Stat. Ann. § 354-A:10; N.H. Rev. Stat. Ann. § 540-A:3, IX; N.H. Rev. Stat. Ann. § 540-A:1, II(b); N.H. Rev. Stat. Ann. § 540-A:4, VII(e); N.H. Rev. Stat. Ann. § 674:16; N.H. Rev. Stat. Ann. § 354-A:15",CITED,VERIFIED,2026-10-10,2026-10-10,,[Full trail in lease-clauses.csv notes and lease-clause-decision-log-NH.md.]
edu-tenant-prohibited-acts-nh,LANDLORD_EDUCATION,NH,"N.H. Rev. Stat. Ann. § 540-A:2, II; N.H. Rev. Stat. Ann. § 540-A:2, III; N.H. Rev. Stat. Ann. § 540-A:3, V; N.H. Rev. Stat. Ann. § 540-A:3, VI; N.H. Rev. Stat. Ann. § 540-A:4, II; N.H. Rev. Stat. Ann. § 540-A:4, VII(b); N.H. Rev. Stat. Ann. § 540-A:4, VII(d); N.H. Rev. Stat. Ann. § 358-A:10; N.H. Rev. Stat. Ann. § 540-A:4, IX(d); N.H. Rev. Stat. Ann. § 540-A:4, IX(c); N.H. Rev. Stat. Ann. § 634:2, IX; N.H. Rev. Stat. Ann. § 540:2, II(b); N.H. Rev. Stat. Ann. § 540-A:2; N.H. Rev. Stat. Ann. § 540-A:3",CITED,VERIFIED,2026-10-10,2026-10-10,,[Full trail in lease-clauses.csv notes and lease-clause-decision-log-NH.md.]
edu-purpose-limitation-nh,LANDLORD_EDUCATION,NH,"N.H. Rev. Stat. Ann. § 544:41; N.H. Rev. Stat. Ann. § 544:1; N.H. Rev. Stat. Ann. § 544:2; N.H. Rev. Stat. Ann. § 544:3; N.H. Rev. Stat. Ann. § 544:20; N.H. Rev. Stat. Ann. § 544:28; N.H. Rev. Stat. Ann. § 544:31; N.H. Rev. Stat. Ann. § 540-A:3, II; N.H. Rev. Stat. Ann. § 540-A:4, IX(e); N.H. Rev. Stat. Ann. § 540:2",CITED,VERIFIED,2026-10-10,2026-10-10,,[Full trail in lease-clauses.csv notes and lease-clause-decision-log-NH.md.]
edu-no-tenant-insurance-claim-rule-nh,LANDLORD_EDUCATION,NH,"N.H. Rev. Stat. Ann. § 48-A:14; N.H. Rev. Stat. Ann. § 540:13-d; N.H. Rev. Stat. Ann. § 540:28; Absence: NH batteries named in the row's notes (NH log §17, §18)",CONFIRMED_ABSENT,VERIFIED,2026-10-10,2026-10-10,,[Full trail in lease-clauses.csv notes and lease-clause-decision-log-NH.md.]
edu-tenant-statutory-duties-nh,LANDLORD_EDUCATION,NH,"N.H. Rev. Stat. Ann. § 540-A:3, V; N.H. Rev. Stat. Ann. § 540-A:2, II; N.H. Rev. Stat. Ann. § 540-A:3, VI; N.H. Rev. Stat. Ann. § 540-A:3, IX; N.H. Rev. Stat. Ann. § 130-A:6-a, IV; N.H. Rev. Stat. Ann. § 634:2, IX; N.H. Rev. Stat. Ann. § 540:28-a, II; N.H. Laws 2026, ch. 213, §§ 2-3; N.H. Rev. Stat. Ann. § 540-A:2; N.H. Rev. Stat. Ann. § 540-A:3",CITED,VERIFIED,2026-10-10,2026-10-10,,[Full trail in lease-clauses.csv notes and lease-clause-decision-log-NH.md.]
edu-no-submeter-regime-nh,LANDLORD_EDUCATION,NH,"N.H. Rev. Stat. Ann. § 540-A:3, I; N.H. Rev. Stat. Ann. § 540-A:4, II; N.H. Rev. Stat. Ann. § 358-A:10, I; N.H. Rev. Stat. Ann. § 362:3-a; N.H. Rev. Stat. Ann. § 362:2; Absence: NH batteries named in the row's notes (NH log §17, §18)",CONFIRMED_ABSENT,VERIFIED,2026-10-10,2026-10-10,,[Full trail in lease-clauses.csv notes and lease-clause-decision-log-NH.md.]
edu-alarm-duties-nh,LANDLORD_EDUCATION,NH,"N.H. Rev. Stat. Ann. § 153:10-a, I; N.H. Rev. Stat. Ann. § 153:10-a, II-a; N.H. Rev. Stat. Ann. § 153:10-a, III; N.H. Rev. Stat. Ann. § 153:10-a, VI; N.H. Rev. Stat. Ann. § 634:2, IX; N.H. Rev. Stat. Ann. § 153:10-a",CITED,VERIFIED,2026-10-10,2026-10-10,,[Full trail in lease-clauses.csv notes and lease-clause-decision-log-NH.md.]
edu-alt-housing-nh,LANDLORD_EDUCATION,NH,"N.H. Rev. Stat. Ann. § 130-A:8-a, I(a); N.H. Rev. Stat. Ann. § 130-A:8-a, I(e); N.H. Rev. Stat. Ann. § 130-A:8-a, II(a); N.H. Rev. Stat. Ann. § 130-A:8-a, VII; N.H. Rev. Stat. Ann. § 130-A:8-a, VIII; N.H. Rev. Stat. Ann. § 147:16-a, VI; N.H. Rev. Stat. Ann. § 147:16-a, VIII; N.H. Rev. Stat. Ann. § 130-A:8-a; N.H. Rev. Stat. Ann. § 540:2",CITED,VERIFIED,2026-10-10,2026-10-10,,[Full trail in lease-clauses.csv notes and lease-clause-decision-log-NH.md.]
edu-appliances-excluded-nh,LANDLORD_EDUCATION,NH,"N.H. Rev. Stat. Ann. § 48-A:14, X; N.H. Rev. Stat. Ann. § 48-A:14, IX; N.H. Rev. Stat. Ann. § 48-A:14, XI; N.H. Rev. Stat. Ann. § 48-A:15; N.H. Rev. Stat. Ann. § 48-A:14; Absence: NH batteries named in the row's notes (NH log §17, §18)",CONFIRMED_ABSENT,VERIFIED,2026-10-10,2026-10-10,,[Full trail in lease-clauses.csv notes and lease-clause-decision-log-NH.md.]
edu-condemned-premises-nh,LANDLORD_EDUCATION,NH,"N.H. Rev. Stat. Ann. § 48-A:3, II; N.H. Rev. Stat. Ann. § 48-A:4; N.H. Rev. Stat. Ann. § 48-A:5; N.H. Rev. Stat. Ann. § 48-A:6; N.H. Rev. Stat. Ann. § 48-A:6-a; N.H. Rev. Stat. Ann. § 48-A:7; N.H. Rev. Stat. Ann. § 147:16-a, I; N.H. Rev. Stat. Ann. § 147:16-a, VIII; N.H. Rev. Stat. Ann. § 147:16-a, VI; N.H. Rev. Stat. Ann. § 147:16-a, IV; N.H. Rev. Stat. Ann. § 540:13-d; N.H. Rev. Stat. Ann. § 48-A:3; Absence: NH batteries named in the row's notes (NH log §17, §18)",CONFIRMED_ABSENT,VERIFIED,2026-10-10,2026-10-10,,[Full trail in lease-clauses.csv notes and lease-clause-decision-log-NH.md.]
edu-confirmed-absences-habitability-nh,LANDLORD_EDUCATION,NH,"N.H. Rev. Stat. Ann. § 48-A:14; N.H. Rev. Stat. Ann. § 540:13-d, I; N.H. Rev. Stat. Ann. § 540-A:3, V-a; N.H. Rev. Stat. Ann. § 130-A:8-a; N.H. Rev. Stat. Ann. § 130-A:18; N.H. Rev. Stat. Ann. § 154:23; N.H. Rev. Stat. Ann. § 154:18; N.H. Rev. Stat. Ann. § 154:22; N.H. Rev. Stat. Ann. § 154:17; N.H. Rev. Stat. Ann. § 540:13-d; N.H. Rev. Stat. Ann. § 540-A:4; N.H. Rev. Stat. Ann. § 48-A:3; Absence: NH batteries named in the row's notes (NH log §17, §18)",CONFIRMED_ABSENT,VERIFIED,2026-10-10,2026-10-10,,[Full trail in lease-clauses.csv notes and lease-clause-decision-log-NH.md.]
edu-no-designated-repairer-nh,LANDLORD_EDUCATION,NH,"N.H. Rev. Stat. Ann. § 540:13-d, I(b); N.H. Rev. Stat. Ann. § 540:28; N.H. Rev. Stat. Ann. § 540-A:4, II; N.H. Rev. Stat. Ann. § 357-C:3; N.H. Rev. Stat. Ann. § 130-A:9; N.H. Rev. Stat. Ann. § 540-A:7; N.H. Rev. Stat. Ann. § 540-A:3, V-b; N.H. Laws 2026, ch. 308; N.H. Rev. Stat. Ann. § 540-A:3, V; Absence: NH batteries named in the row's notes (NH log §17, §18)",CONFIRMED_ABSENT,VERIFIED,2026-10-10,2026-10-10,,[Full trail in lease-clauses.csv notes and lease-clause-decision-log-NH.md.]
edu-disability-accommodation-nh,LANDLORD_EDUCATION,NH,"N.H. Rev. Stat. Ann. § 354-A:11, III(a); N.H. Rev. Stat. Ann. § 354-A:11, III(b); N.H. Rev. Stat. Ann. § 354-A:15; N.H. Rev. Stat. Ann. § 354-A:15, II; N.H. Rev. Stat. Ann. § 354-A:10; N.H. Rev. Stat. Ann. § 354-A:11; N.H. Rev. Stat. Ann. § 540-A:5, II; N.H. Rev. Stat. Ann. § 540-A:6, I(a)",CITED,VERIFIED,2026-10-10,2026-10-10,,[Full trail in lease-clauses.csv notes and lease-clause-decision-log-NH.md.]
edu-no-double-letting-nh,LANDLORD_EDUCATION,NH,"N.H. Rev. Stat. Ann. § 540:12; N.H. Rev. Stat. Ann. § 540-A:3, II; N.H. Rev. Stat. Ann. § 130-A:8-a; N.H. Rev. Stat. Ann. § 236:31; Absence: NH batteries named in the row's notes (NH log §17, §18)",CONFIRMED_ABSENT,VERIFIED,2026-10-10,2026-10-10,,[Full trail in lease-clauses.csv notes and lease-clause-decision-log-NH.md.]
edu-no-emergency-contact-nh,LANDLORD_EDUCATION,NH,"N.H. Rev. Stat. Ann. § 540:1-b, I; N.H. Rev. Stat. Ann. § 540:1-b, II; N.H. Rev. Stat. Ann. § 540:1-c; N.H. Rev. Stat. Ann. § 540:1-a; N.H. Rev. Stat. Ann. § 540-A:3, V-d; N.H. Rev. Stat. Ann. § 540:13-d; N.H. Rev. Stat. Ann. § 540:1-b; N.H. Rev. Stat. Ann. § 540-A:4, XII; N.H. Rev. Stat. Ann. § 479:25; N.H. Rev. Stat. Ann. § 205-A:2; Absence: NH batteries named in the row's notes (NH log §17, §18)",CONFIRMED_ABSENT,VERIFIED,2026-10-10,2026-10-10,,[Full trail in lease-clauses.csv notes and lease-clause-decision-log-NH.md.]
edu-no-employee-screening-nh,LANDLORD_EDUCATION,NH,"N.H. Rev. Stat. Ann. § 540-A:3, IV; N.H. Rev. Stat. Ann. § 170-E:29-a; N.H. Laws 2026, ch. 336; Absence: NH batteries named in the row's notes (NH log §17, §18)",CONFIRMED_ABSENT,VERIFIED,2026-10-10,2026-10-10,,[Full trail in lease-clauses.csv notes and lease-clause-decision-log-NH.md.]
edu-fire-code-standard-nh,LANDLORD_EDUCATION,NH,"N.H. Rev. Stat. Ann. § 153:1, VI-a; N.H. Laws 2026, ch. 104; N.H. Rev. Stat. Ann. § 153:5, I; N.H. Rev. Stat. Ann. § 153:4-a, II; N.H. Rev. Stat. Ann. § 153:10-a, I; N.H. Rev. Stat. Ann. § 153:10-a, II-a; N.H. Rev. Stat. Ann. § 155-A:1, IV; N.H. Rev. Stat. Ann. § 155-A:2, I; N.H. Rev. Stat. Ann. § 155-A:2, II; N.H. Rev. Stat. Ann. § 155-A:7, I",CITED,VERIFIED,2026-10-10,2026-10-10,,[Full trail in lease-clauses.csv notes and lease-clause-decision-log-NH.md.]
edu-frozen-standard-incorporation-nh,LANDLORD_EDUCATION,NH,"N.H. Rev. Stat. Ann. § 153:1, VI-a; N.H. Laws 2026, ch. 104; N.H. Rev. Stat. Ann. § 155-A:1, IV; N.H. Rev. Stat. Ann. § 155-A:2, I; N.H. Rev. Stat. Ann. § 153:10-a, I; N.H. Rev. Stat. Ann. § 354-A:11, IV; N.H. Rev. Stat. Ann. § 354-A:11, III(c); N.H. Rev. Stat. Ann. § 153:1",CITED,VERIFIED,2026-10-10,2026-10-10,,[Full trail in lease-clauses.csv notes and lease-clause-decision-log-NH.md.]
edu-no-furnished-rental-rule-nh,LANDLORD_EDUCATION,NH,"N.H. Rev. Stat. Ann. § 540-A:5, I; N.H. Rev. Stat. Ann. § 540-A:5, II; N.H. Rev. Stat. Ann. § 540-A:6, I(a); N.H. Rev. Stat. Ann. § 540-A:7, I; N.H. Rev. Stat. Ann. § 540:1-a, IV(b); N.H. Rev. Stat. Ann. § 48-A:14, X; N.H. Rev. Stat. Ann. § 382-A:2; N.H. Rev. Stat. Ann. § 78-A:3; N.H. Rev. Stat. Ann. § 48-A:14; Absence: NH batteries named in the row's notes (NH log §17, §18)",CONFIRMED_ABSENT,VERIFIED,2026-10-10,2026-10-10,,[Full trail in lease-clauses.csv notes and lease-clause-decision-log-NH.md.]
edu-no-disaster-duties-nh,LANDLORD_EDUCATION,NH,"N.H. Rev. Stat. Ann. § 540-A:3, I; N.H. Rev. Stat. Ann. § 540-A:3, II; N.H. Rev. Stat. Ann. § 540:1-a; N.H. Rev. Stat. Ann. § 540:2, II(e); N.H. Rev. Stat. Ann. § 540:2, V; N.H. Rev. Stat. Ann. § 540:3, II; N.H. Rev. Stat. Ann. § 4:45; N.H. Rev. Stat. Ann. § 357-D:3; N.H. Rev. Stat. Ann. § 236:130; N.H. Rev. Stat. Ann. § 420-D:2; N.H. Rev. Stat. Ann. § 146-A:2; N.H. Rev. Stat. Ann. § 204-C:24; Absence: NH batteries named in the row's notes (NH log §17, §18)",CONFIRMED_ABSENT,VERIFIED,2026-10-10,2026-10-10,,[Full trail in lease-clauses.csv notes and lease-clause-decision-log-NH.md.]
edu-habitability-materiality-nh,LANDLORD_EDUCATION,NH,"N.H. Rev. Stat. Ann. § 540:13-d, I; N.H. Rev. Stat. Ann. § 540:13-d, I(a); N.H. Rev. Stat. Ann. § 130-A:18; N.H. Rev. Stat. Ann. § 48-A:14; N.H. Rev. Stat. Ann. § 48-A:2-8; N.H. Rev. Stat. Ann. § 540:13-d; N.H. Rev. Stat. Ann. § 540-A:4; N.H. Laws 2026, ch. 308; N.H. Rev. Stat. Ann. § 205-A:13-c; N.H. Rev. Stat. Ann. § 205-A:15",CITED,VERIFIED,2026-10-10,2026-10-10,,[Full trail in lease-clauses.csv notes and lease-clause-decision-log-NH.md.]
edu-habitability-modifiable-nh,LANDLORD_EDUCATION,NH,"N.H. Rev. Stat. Ann. § 48-A:14, VIII; N.H. Rev. Stat. Ann. § 48-A:14, I; N.H. Rev. Stat. Ann. § 540:28-a, I; N.H. Rev. Stat. Ann. § 540:28-a, II; N.H. Laws 2026, ch. 213; N.H. Rev. Stat. Ann. § 540:28; N.H. Rev. Stat. Ann. § 153:10-a, II-a; N.H. Rev. Stat. Ann. § 540:1-a; N.H. Rev. Stat. Ann. § 48-A:14; N.H. Rev. Stat. Ann. § 540:28-a; N.H. Rev. Stat. Ann. § 331-A:13; N.H. Rev. Stat. Ann. § 331-A:25-f; N.H. Rev. Stat. Ann. § 382-A:2",CITED,VERIFIED,2026-10-10,2026-10-10,,[Full trail in lease-clauses.csv notes and lease-clause-decision-log-NH.md.]
edu-no-habitability-presumption-nh,LANDLORD_EDUCATION,NH,"N.H. Rev. Stat. Ann. § 540:13-d, I(a); N.H. Rev. Stat. Ann. § 540:13-b; N.H. Rev. Stat. Ann. § 130-A:6-a, II(a); N.H. Rev. Stat. Ann. § 540:13-e, V(a); N.H. Rev. Stat. Ann. § 540-A:4, XII(b); N.H. Rev. Stat. Ann. § 540:1-b; N.H. Rev. Stat. Ann. § 540-A:4; N.H. Rev. Stat. Ann. § 205-A:2; N.H. Rev. Stat. Ann. § 540:13-e; Absence: NH batteries named in the row's notes (NH log §17, §18)",CONFIRMED_ABSENT,VERIFIED,2026-10-10,2026-10-10,,[Full trail in lease-clauses.csv notes and lease-clause-decision-log-NH.md.]
edu-no-habitability-statement-nh,LANDLORD_EDUCATION,NH,"N.H. Rev. Stat. Ann. § 48-A:14; N.H. Rev. Stat. Ann. § 540:13-d; N.H. Rev. Stat. Ann. § 12-A:29-a; N.H. Rev. Stat. Ann. § 361-D:9; N.H. Rev. Stat. Ann. § 361-D:19; N.H. Rev. Stat. Ann. § 194:61; Absence: NH batteries named in the row's notes (NH log §17, §18)",CONFIRMED_ABSENT,VERIFIED,2026-10-10,2026-10-10,,[Full trail in lease-clauses.csv notes and lease-clause-decision-log-NH.md.]
edu-habitability-waiver-nh,LANDLORD_EDUCATION,NH,"N.H. Rev. Stat. Ann. § 540:28; N.H. Rev. Stat. Ann. § 540:13-d; N.H. Rev. Stat. Ann. § 540:13-a; N.H. Rev. Stat. Ann. § 48-A:14, VIII; N.H. Rev. Stat. Ann. § 540:28-a; N.H. Laws 2026, ch. 213; N.H. Rev. Stat. Ann. § 540-A:8, III; N.H. Rev. Stat. Ann. § 540-A:3; N.H. Rev. Stat. Ann. § 540-A:4; N.H. Rev. Stat. Ann. § 540-A:8; N.H. Rev. Stat. Ann. § 205-A:10; N.H. Rev. Stat. Ann. § 356-C:7; N.H. Rev. Stat. Ann. § 361-D:5",CITED,VERIFIED,2026-10-10,2026-10-10,,[Full trail in lease-clauses.csv notes and lease-clause-decision-log-NH.md.]
edu-no-health-district-rules-nh,LANDLORD_EDUCATION,NH,"N.H. Rev. Stat. Ann. § 128:8; N.H. Rev. Stat. Ann. § 147:3; N.H. Rev. Stat. Ann. § 48-A:2; N.H. Rev. Stat. Ann. § 48-A:11; N.H. Rev. Stat. Ann. § 48-A:14; N.H. Rev. Stat. Ann. § 540:13-a; N.H. Rev. Stat. Ann. § 540:13-b; Absence: NH batteries named in the row's notes (NH log §17, §18)",CONFIRMED_ABSENT,VERIFIED,2026-10-10,2026-10-10,,[Full trail in lease-clauses.csv notes and lease-clause-decision-log-NH.md.]
edu-heating-nh,LANDLORD_EDUCATION,NH,"N.H. Rev. Stat. Ann. § 48-A:14, XI; N.H. Rev. Stat. Ann. § 48-A:14; N.H. Rev. Stat. Ann. § 540-A:3, I; N.H. Rev. Stat. Ann. § 540:2, VI; N.H. Rev. Stat. Ann. § 402:28; N.H. Rev. Stat. Ann. § 72:74-a; N.H. Rev. Stat. Ann. § 203:10; N.H. Rev. Stat. Ann. § 540-A:3",CITED,VERIFIED,2026-10-10,2026-10-10,,[Full trail in lease-clauses.csv notes and lease-clause-decision-log-NH.md.]
edu-landlord-breach-remedy-nh,LANDLORD_EDUCATION,NH,"N.H. Rev. Stat. Ann. § 540-A:4, II; N.H. Laws 2026, ch. 308; N.H. Rev. Stat. Ann. § 540-A:4, VII(d); N.H. Rev. Stat. Ann. § 358-A:10; N.H. Rev. Stat. Ann. § 540-A:4, IX(e); N.H. Rev. Stat. Ann. § 358-A:10, I; N.H. Rev. Stat. Ann. § 540-A:4, IX(b); N.H. Rev. Stat. Ann. § 540-A:3, V-a; N.H. Rev. Stat. Ann. § 540:13, III; N.H. Rev. Stat. Ann. § 540:13-d; N.H. Rev. Stat. Ann. § 540:13-a; N.H. Rev. Stat. Ann. § 540:14, II; N.H. Rev. Stat. Ann. § 540-A:4",CITED,VERIFIED,2026-10-10,2026-10-10,,[Full trail in lease-clauses.csv notes and lease-clause-decision-log-NH.md.]
edu-minimum-housing-standards-nh,LANDLORD_EDUCATION,NH,"N.H. Rev. Stat. Ann. § 48-A:14, I; N.H. Rev. Stat. Ann. § 48-A:14; N.H. Rev. Stat. Ann. § 48-A:15; N.H. Rev. Stat. Ann. § 48-A:2; N.H. Rev. Stat. Ann. § 48-A:3, III; N.H. Rev. Stat. Ann. § 540:13-d",CITED,VERIFIED,2026-10-10,2026-10-10,,[Full trail in lease-clauses.csv notes and lease-clause-decision-log-NH.md.]
edu-no-landlord-self-cure-nh,LANDLORD_EDUCATION,NH,"N.H. Rev. Stat. Ann. § 540:13-e, III; N.H. Rev. Stat. Ann. § 540:13-e, IV; N.H. Rev. Stat. Ann. § 540-A:7, I; N.H. Rev. Stat. Ann. § 540-A:3, IV; N.H. Rev. Stat. Ann. § 301:7; N.H. Rev. Stat. Ann. § 205-A:21; N.H. Rev. Stat. Ann. § 38:31; N.H. Rev. Stat. Ann. § 540:13-e; Absence: NH batteries named in the row's notes (NH log §17, §18)",CONFIRMED_ABSENT,VERIFIED,2026-10-10,2026-10-10,,[Full trail in lease-clauses.csv notes and lease-clause-decision-log-NH.md.]
edu-maintenance-duty-shift-nh,LANDLORD_EDUCATION,NH,"N.H. Rev. Stat. Ann. § 48-A:14, VIII; N.H. Rev. Stat. Ann. § 540:28-a, I; N.H. Laws 2026, ch. 213; N.H. Rev. Stat. Ann. § 153:10-a, II-a; N.H. Rev. Stat. Ann. § 540:1-a; N.H. Rev. Stat. Ann. § 540:28; N.H. Rev. Stat. Ann. § 48-A:14; N.H. Rev. Stat. Ann. § 540:28-a",CITED,VERIFIED,2026-10-10,2026-10-10,,[Full trail in lease-clauses.csv notes and lease-clause-decision-log-NH.md.]
edu-other-landlord-facilities-nh,LANDLORD_EDUCATION,NH,"N.H. Rev. Stat. Ann. § 48-A:14, VIII; N.H. Rev. Stat. Ann. § 48-A:14, X; N.H. Rev. Stat. Ann. § 153:10-a, I; N.H. Rev. Stat. Ann. § 540-A:3-a; N.H. Rev. Stat. Ann. § 48-A:14",CITED,VERIFIED,2026-10-10,2026-10-10,,[Full trail in lease-clauses.csv notes and lease-clause-decision-log-NH.md.]
edu-no-promises-to-repair-rule-nh,LANDLORD_EDUCATION,NH,"N.H. Rev. Stat. Ann. § 358-A:1, II; N.H. Rev. Stat. Ann. § 358-A:2, V; N.H. Rev. Stat. Ann. § 358-A:10, I; N.H. Rev. Stat. Ann. § 358-A:2; N.H. Rev. Stat. Ann. § 12-G:42; N.H. Rev. Stat. Ann. § 415-C:1; N.H. Rev. Stat. Ann. § 407:22; N.H. Rev. Stat. Ann. § 382-A:2; Absence: NH batteries named in the row's notes (NH log §17, §18)",CONFIRMED_ABSENT,NEEDS_REVIEW,2026-10-10,2026-10-10,,[Full trail in lease-clauses.csv notes and lease-clause-decision-log-NH.md.]
edu-quiet-enjoyment-nh,LANDLORD_EDUCATION,NH,"N.H. Rev. Stat. Ann. § 540-A:2, I; N.H. Laws 2026, ch. 308; N.H. Rev. Stat. Ann. § 540-A:2, II; N.H. Rev. Stat. Ann. § 540-A:4, VII(b); N.H. Rev. Stat. Ann. § 358-A:10, I; N.H. Rev. Stat. Ann. § 540-A:2; N.H. Rev. Stat. Ann. § 353:3-c; N.H. Rev. Stat. Ann. § 216-I:6; N.H. Rev. Stat. Ann. § 382-A:9-610; N.H. Rev. Stat. Ann. § 540-A:4",CITED,VERIFIED,2026-10-10,2026-10-10,,[Full trail in lease-clauses.csv notes and lease-clause-decision-log-NH.md.]
edu-no-rent-demand-bar-nh,LANDLORD_EDUCATION,NH,"N.H. Rev. Stat. Ann. § 540:13-d, II; N.H. Rev. Stat. Ann. § 540:13-d, I; N.H. Rev. Stat. Ann. § 205-A:17; N.H. Rev. Stat. Ann. § 540:13-d; Absence: NH batteries named in the row's notes (NH log §17, §18)",CONFIRMED_ABSENT,VERIFIED,2026-10-10,2026-10-10,,[Full trail in lease-clauses.csv notes and lease-clause-decision-log-NH.md.]
edu-no-rent-receipt-anti-waiver-nh,LANDLORD_EDUCATION,NH,"N.H. Rev. Stat. Ann. § 540-A:1, I; N.H. Rev. Stat. Ann. § 48-A:14; N.H. Rev. Stat. Ann. § 540:27; N.H. Rev. Stat. Ann. § 540-A:6, III(a); N.H. Rev. Stat. Ann. § 48-A:6-a; Absence: NH batteries named in the row's notes (NH log §17, §18)",CONFIRMED_ABSENT,VERIFIED,2026-10-10,2026-10-10,,[Full trail in lease-clauses.csv notes and lease-clause-decision-log-NH.md.]
edu-rental-inspection-nh,LANDLORD_EDUCATION,NH,"N.H. Rev. Stat. Ann. § 48-A:8, III; N.H. Rev. Stat. Ann. § 155-A:7, III; N.H. Rev. Stat. Ann. § 153:14, II(a); N.H. Rev. Stat. Ann. § 147:3; N.H. Rev. Stat. Ann. § 130-A:6, I; N.H. Rev. Stat. Ann. § 130-A:6-a, IV; N.H. Rev. Stat. Ann. § 540:2, II(e); N.H. Rev. Stat. Ann. § 540-A:3, IV; N.H. Rev. Stat. Ann. § 540-A:3, V-d; N.H. Rev. Stat. Ann. § 48-A:8; N.H. Rev. Stat. Ann. § 157-A:6",CITED,VERIFIED,2026-10-10,2026-10-10,,[Full trail in lease-clauses.csv notes and lease-clause-decision-log-NH.md.]
edu-no-repair-cost-termination-nh,LANDLORD_EDUCATION,NH,"N.H. Rev. Stat. Ann. § 540:2, I; N.H. Rev. Stat. Ann. § 540:2, V; N.H. Rev. Stat. Ann. § 540:3, II; N.H. Rev. Stat. Ann. § 540:1-a; N.H. Rev. Stat. Ann. § 48-A:3, III; N.H. Rev. Stat. Ann. § 540:2, II(e); Absence: NH batteries named in the row's notes (NH log §17, §18)",CONFIRMED_ABSENT,NEEDS_REVIEW,2026-10-10,2026-10-10,,[Full trail in lease-clauses.csv notes and lease-clause-decision-log-NH.md.]
edu-no-small-landlord-remedy-exemption-nh,LANDLORD_EDUCATION,NH,"N.H. Rev. Stat. Ann. § 540:13-d, I; N.H. Rev. Stat. Ann. § 540-A:1, I; N.H. Rev. Stat. Ann. § 540:1-a, I; N.H. Rev. Stat. Ann. § 540:2, I; N.H. Rev. Stat. Ann. § 540-A:5, I; N.H. Rev. Stat. Ann. § 354-A:15, II; N.H. Rev. Stat. Ann. § 479-B:1; N.H. Rev. Stat. Ann. § 540:1-a; N.H. Rev. Stat. Ann. § 540-A:5; Absence: NH batteries named in the row's notes (NH log §17, §18)",CONFIRMED_ABSENT,VERIFIED,2026-10-10,2026-10-10,,[Full trail in lease-clauses.csv notes and lease-clause-decision-log-NH.md.]
edu-repair-notice-nh,LANDLORD_EDUCATION,NH,"N.H. Rev. Stat. Ann. § 540:13-d, I(a); N.H. Rev. Stat. Ann. § 540:13-d, I(b); N.H. Rev. Stat. Ann. § 540:13-b, I(a); N.H. Rev. Stat. Ann. § 540-A:3, V-a; N.H. Rev. Stat. Ann. § 540:28; N.H. Rev. Stat. Ann. § 540:13-d; N.H. Rev. Stat. Ann. § 540:13-b; N.H. Rev. Stat. Ann. § 540-A:3; N.H. Rev. Stat. Ann. § 153:14; N.H. Laws 2026, ch. 318",CITED,VERIFIED,2026-10-10,2026-10-10,,[Full trail in lease-clauses.csv notes and lease-clause-decision-log-NH.md.]
edu-no-security-devices-nh,LANDLORD_EDUCATION,NH,"N.H. Rev. Stat. Ann. § 540:2, VII(b); N.H. Rev. Stat. Ann. § 540-A:3, II; N.H. Rev. Stat. Ann. § 540:2; Absence: NH batteries named in the row's notes (NH log §17, §18)",CONFIRMED_ABSENT,VERIFIED,2026-10-10,2026-10-10,,[Full trail in lease-clauses.csv notes and lease-clause-decision-log-NH.md.]
edu-no-stove-refrigerator-nh,LANDLORD_EDUCATION,NH,"N.H. Rev. Stat. Ann. § 48-A:14, X; N.H. Rev. Stat. Ann. § 540-A:3, I; N.H. Rev. Stat. Ann. § 175:1; N.H. Rev. Stat. Ann. § 540-A:3; N.H. Rev. Stat. Ann. § 438:33; N.H. Rev. Stat. Ann. § 428:24; N.H. Rev. Stat. Ann. § 48-A:14; Absence: NH batteries named in the row's notes (NH log §17, §18)",CONFIRMED_ABSENT,VERIFIED,2026-10-10,2026-10-10,,[Full trail in lease-clauses.csv notes and lease-clause-decision-log-NH.md.]
edu-code-repair-orders-nh,LANDLORD_EDUCATION,NH,"N.H. Rev. Stat. Ann. § 48-A:3, II; N.H. Rev. Stat. Ann. § 48-A:4; N.H. Rev. Stat. Ann. § 48-A:5; N.H. Rev. Stat. Ann. § 48-A:6; N.H. Rev. Stat. Ann. § 48-A:6-a; N.H. Rev. Stat. Ann. § 153:14, II(a); N.H. Rev. Stat. Ann. § 153:14, III; N.H. Rev. Stat. Ann. § 540-A:3, II; N.H. Rev. Stat. Ann. § 540-A:6; N.H. Rev. Stat. Ann. § 205-A:17-18",CITED,VERIFIED,2026-10-10,2026-10-10,,[Full trail in lease-clauses.csv notes and lease-clause-decision-log-NH.md.]
edu-no-telecom-access-nh,LANDLORD_EDUCATION,NH,"N.H. Rev. Stat. Ann. § 53-C:6, I; N.H. Rev. Stat. Ann. § 374:22-l; N.H. Rev. Stat. Ann. § 540-A:3, I; N.H. Rev. Stat. Ann. § 570-B:6; N.H. Rev. Stat. Ann. § 53-C:1; N.H. Rev. Stat. Ann. § 53-C:6; N.H. Rev. Stat. Ann. § 674:25; N.H. Rev. Stat. Ann. § 53-C:1, V; Absence: NH batteries named in the row's notes (NH log §17, §18)",CONFIRMED_ABSENT,VERIFIED,2026-10-10,2026-10-10,,[Full trail in lease-clauses.csv notes and lease-clause-decision-log-NH.md.]
edu-tenant-repair-agreement-nh,LANDLORD_EDUCATION,NH,"N.H. Rev. Stat. Ann. § 48-A:14, VIII; N.H. Rev. Stat. Ann. § 540:28-a, I; N.H. Laws 2026, ch. 213; N.H. Rev. Stat. Ann. § 540:28; N.H. Rev. Stat. Ann. § 540:13-d; N.H. Rev. Stat. Ann. § 540-A:3, IV; N.H. Rev. Stat. Ann. § 48-A:14; N.H. Rev. Stat. Ann. § 540:28-a",CITED,VERIFIED,2026-10-10,2026-10-10,,[Full trail in lease-clauses.csv notes and lease-clause-decision-log-NH.md.]
edu-tenant-repair-remedies-nh,LANDLORD_EDUCATION,NH,"N.H. Rev. Stat. Ann. § 540:13-d, I; N.H. Rev. Stat. Ann. § 540:13-d, II; N.H. Rev. Stat. Ann. § 540-A:4, II; N.H. Rev. Stat. Ann. § 540:13-a; N.H. Rev. Stat. Ann. § 540:13-b; N.H. Rev. Stat. Ann. § 540-A:3, V-a; N.H. Rev. Stat. Ann. § 540:28; N.H. Rev. Stat. Ann. § 205-A:17, II; N.H. Rev. Stat. Ann. § 540:13-d",CITED,VERIFIED,2026-10-10,2026-10-10,,[Full trail in lease-clauses.csv notes and lease-clause-decision-log-NH.md.]
edu-utility-apportionment-nh,LANDLORD_EDUCATION,NH,N.H. Code Admin. R. En 303.01(a)(3)(b); N.H. Rev. Stat. Ann. § 362:3-a,CITED,VERIFIED,2026-10-10,2026-10-10,,[Full trail in lease-clauses.csv notes and lease-clause-decision-log-NH.md.]
edu-utility-shutoff-owner-notice-nh,LANDLORD_EDUCATION,NH,"N.H. Rev. Stat. Ann. § 363-B:3; N.H. Rev. Stat. Ann. § 363-B:3, I; N.H. Rev. Stat. Ann. § 363-B:3, II; N.H. Rev. Stat. Ann. § 540-A:3, IV; N.H. Rev. Stat. Ann. § 38:31",CITED,VERIFIED,2026-10-10,2026-10-10,,[Full trail in lease-clauses.csv notes and lease-clause-decision-log-NH.md.]
edu-utility-landlord-account-nh,LANDLORD_EDUCATION,NH,"N.H. Code Admin. R. En 1203.12(a); N.H. Code Admin. R. En 1203.12(h); N.H. Rev. Stat. Ann. § 38:31, I; N.H. Rev. Stat. Ann. § 38:31, II; N.H. Rev. Stat. Ann. § 38:23; N.H. Rev. Stat. Ann. § 540:2, VI; N.H. Rev. Stat. Ann. § 540-A:3, I; N.H. Rev. Stat. Ann. § 205-A:17; N.H. Rev. Stat. Ann. § 540:2; N.H. Rev. Stat. Ann. § 205-A:6; N.H. Rev. Stat. Ann. § 540-A:3",CITED,VERIFIED,2026-10-10,2026-10-10,,[Full trail in lease-clauses.csv notes and lease-clause-decision-log-NH.md.]
edu-utility-shutoff-rules-nh,LANDLORD_EDUCATION,NH,"N.H. Rev. Stat. Ann. § 363-B:1, I; N.H. Rev. Stat. Ann. § 363-B:1, II; N.H. Rev. Stat. Ann. § 363-B:2; N.H. Code Admin. R. En 1202.20; N.H. Rev. Stat. Ann. § 540-A:3, I",CITED,VERIFIED,2026-10-10,2026-10-10,,[Full trail in lease-clauses.csv notes and lease-clause-decision-log-NH.md.]
edu-submetering-disclosure-nh,LANDLORD_EDUCATION,NH,"N.H. Code Admin. R. En 303.01(a)(3)(b); N.H. Rev. Stat. Ann. § 477:4-h, I; N.H. Rev. Stat. Ann. § 374:61; N.H. Rev. Stat. Ann. § 477:4-h",CITED,VERIFIED,2026-10-10,2026-10-10,,[Full trail in lease-clauses.csv notes and lease-clause-decision-log-NH.md.]
edu-utility-transfer-nh,LANDLORD_EDUCATION,NH,"N.H. Rev. Stat. Ann. § 540-A:3, I; N.H. Rev. Stat. Ann. § 540-A:4, IX(a); N.H. Rev. Stat. Ann. § 358-A:10, I; N.H. Code Admin. R. En 1203.12(c); N.H. Rev. Stat. Ann. § 540:2, II(c)",CITED,VERIFIED,2026-10-10,2026-10-10,,[Full trail in lease-clauses.csv notes and lease-clause-decision-log-NH.md.]
edu-dv-lockchange-nh,LANDLORD_EDUCATION,NH,"N.H. Rev. Stat. Ann. § 540:2, VII(b); N.H. Rev. Stat. Ann. § 540:2, VII(c); N.H. Rev. Stat. Ann. § 540:2, VII(e); N.H. Rev. Stat. Ann. § 540:2, VII(a); N.H. Rev. Stat. Ann. § 540:2",CITED,VERIFIED,2026-10-10,2026-10-10,,[Full trail in lease-clauses.csv notes and lease-clause-decision-log-NH.md.]
edu-landlord-entry-remedies-nh,LANDLORD_EDUCATION,NH,"N.H. Rev. Stat. Ann. § 540-A:3, IV; N.H. Rev. Stat. Ann. § 540-A:3, IV-a; N.H. Rev. Stat. Ann. § 540-A:3, V; N.H. Laws 2026, ch. 308; N.H. Rev. Stat. Ann. § 540-A:3, V-b; N.H. Rev. Stat. Ann. § 540-A:4, II; N.H. Rev. Stat. Ann. § 540-A:4, IX(c); N.H. Rev. Stat. Ann. § 358-A:10, I; N.H. Rev. Stat. Ann. § 540-A:3; N.H. Rev. Stat. Ann. § 130-A:6-a; N.H. Rev. Stat. Ann. § 540:13-d; N.H. Rev. Stat. Ann. § 147:16-a; N.H. Rev. Stat. Ann. § 544:41; N.H. Rev. Stat. Ann. § 354-A:11; N.H. Rev. Stat. Ann. § 540:28-a; N.H. Laws 2026, chs. 213, 308",CITED,VERIFIED,2026-10-10,2026-10-10,,[Full trail in lease-clauses.csv notes and lease-clause-decision-log-NH.md.]
edu-periodic-services-entry-nh,LANDLORD_EDUCATION,NH,"N.H. Rev. Stat. Ann. § 540-A:3, IV; N.H. Rev. Stat. Ann. § 540-A:3, V-d; N.H. Rev. Stat. Ann. § 540-A:3, V; N.H. Rev. Stat. Ann. § 540-A:3",CITED,VERIFIED,2026-10-10,2026-10-10,,[Full trail in lease-clauses.csv notes and lease-clause-decision-log-NH.md.]
edu-no-smart-access-nh,LANDLORD_EDUCATION,NH,"N.H. Rev. Stat. Ann. § 540-A:3, II; Absence: NH batteries named in the row's notes (NH log §17, §18)",CONFIRMED_ABSENT,VERIFIED,2026-10-10,2026-10-10,,[Full trail in lease-clauses.csv notes and lease-clause-decision-log-NH.md.]
edu-abandonment-mitigation-nh,LANDLORD_EDUCATION,NH,"N.H. Rev. Stat. Ann. § 540-A:4, XII(a); N.H. Rev. Stat. Ann. § 540-A:4, XII(b); N.H. Rev. Stat. Ann. § 540-A:4, XII(c); N.H. Rev. Stat. Ann. § 540-A:3, VII; N.H. Rev. Stat. Ann. § 540-A:4, IX(e); N.H. Rev. Stat. Ann. § 130-A:8-a; N.H. Rev. Stat. Ann. § 207:22-a; N.H. Rev. Stat. Ann. § 215-A:29; N.H. Rev. Stat. Ann. § 508:22; N.H. Rev. Stat. Ann. § 78-A:3; N.H. Rev. Stat. Ann. § 540-A:4",CITED,VERIFIED,2026-10-10,2026-10-10,,[Full trail in lease-clauses.csv notes and lease-clause-decision-log-NH.md.]
edu-attorney-fees-nh,LANDLORD_EDUCATION,NH,"N.H. Rev. Stat. Ann. § 361-C:2; N.H. Rev. Stat. Ann. § 361-C:1; N.H. Rev. Stat. Ann. § 540-A:4, IX(a); N.H. Rev. Stat. Ann. § 540-A:4, IX(b); N.H. Rev. Stat. Ann. § 358-A:10, I; N.H. Rev. Stat. Ann. § 356-C:9, I; N.H. Rev. Stat. Ann. § 356-C:10; N.H. Rev. Stat. Ann. § 48-A:5; N.H. Rev. Stat. Ann. § 540:13, III; N.H. Rev. Stat. Ann. § 540-A:4; N.H. Rev. Stat. Ann. § 356-C:9-10; N.H. Rev. Stat. Ann. § 147:16-a; N.H. Rev. Stat. Ann. § 130-A:8-a; N.H. Rev. Stat. Ann. § 205-A:19",CITED,VERIFIED,2026-10-10,2026-10-10,,[Full trail in lease-clauses.csv notes and lease-clause-decision-log-NH.md.]
edu-condo-conversion-nh,LANDLORD_EDUCATION,NH,"N.H. Rev. Stat. Ann. § 356-C:1, II; N.H. Rev. Stat. Ann. § 356-C:2, I(a); N.H. Rev. Stat. Ann. § 356-C:3, I(a)(1); N.H. Rev. Stat. Ann. § 356-C:3, IV; N.H. Rev. Stat. Ann. § 356-C:4; N.H. Rev. Stat. Ann. § 356-C:5; N.H. Rev. Stat. Ann. § 356-C:6; N.H. Rev. Stat. Ann. § 356-C:7; N.H. Rev. Stat. Ann. § 356-C:8; N.H. Rev. Stat. Ann. § 356-C:9, I; N.H. Rev. Stat. Ann. § 356-C:10; N.H. Rev. Stat. Ann. § 356-C:1; N.H. Rev. Stat. Ann. § 356-C:3; N.H. Rev. Stat. Ann. § 356-A:5; N.H. Rev. Stat. Ann. § 356-B:34; N.H. Rev. Stat. Ann. § 356-B:56; N.H. Rev. Stat. Ann. § 205-A:6",CITED,VERIFIED,2026-10-10,2026-10-10,,[Full trail in lease-clauses.csv notes and lease-clause-decision-log-NH.md.]
edu-criminal-activity-nh,LANDLORD_EDUCATION,NH,"N.H. Rev. Stat. Ann. § 540:2, II(c); N.H. Rev. Stat. Ann. § 540:3, II; N.H. Rev. Stat. Ann. § 540-A:2, III; N.H. Laws 2026, ch. 308; N.H. Rev. Stat. Ann. § 540-A:4, VII(b); N.H. Rev. Stat. Ann. § 544:41; N.H. Rev. Stat. Ann. § 544:1; N.H. Rev. Stat. Ann. § 544:18; N.H. Rev. Stat. Ann. § 318-B:16; N.H. Rev. Stat. Ann. § 354-A:15, VI; N.H. Rev. Stat. Ann. § 540-A:3, II; N.H. Rev. Stat. Ann. § 354-A:15",CITED,VERIFIED,2026-10-10,2026-10-10,,[Full trail in lease-clauses.csv notes and lease-clause-decision-log-NH.md.]
edu-cure-and-eviction-grounds-nh,LANDLORD_EDUCATION,NH,"N.H. Rev. Stat. Ann. § 540:2, I; N.H. Rev. Stat. Ann. § 540:2, III; N.H. Rev. Stat. Ann. § 540:2, IV; N.H. Rev. Stat. Ann. § 540:3, II; N.H. Rev. Stat. Ann. § 540:9, I(a); N.H. Rev. Stat. Ann. § 540:9, II; N.H. Rev. Stat. Ann. § 540:1-a; N.H. Rev. Stat. Ann. § 540:3; N.H. Rev. Stat. Ann. § 540:5",CITED,VERIFIED,2026-10-10,2026-10-10,,[Full trail in lease-clauses.csv notes and lease-clause-decision-log-NH.md.]
edu-no-drug-free-addendum-rule-nh,LANDLORD_EDUCATION,NH,"N.H. Rev. Stat. Ann. § 540:2, II(c); N.H. Rev. Stat. Ann. § 540:3, II; N.H. Rev. Stat. Ann. § 318-B:16; N.H. Rev. Stat. Ann. § 126-X:3, I; N.H. Rev. Stat. Ann. § 354-A:15; N.H. Rev. Stat. Ann. § 544:1; Absence: NH batteries named in the row's notes (NH log §17, §18)",CONFIRMED_ABSENT,VERIFIED,2026-10-10,2026-10-10,,[Full trail in lease-clauses.csv notes and lease-clause-decision-log-NH.md.]
edu-dv-eviction-protection-nh,LANDLORD_EDUCATION,NH,"N.H. Rev. Stat. Ann. § 540:2, VII(a); N.H. Rev. Stat. Ann. § 540:2, VII(d); N.H. Rev. Stat. Ann. § 540:14, IV; N.H. Rev. Stat. Ann. § 540:2, II(h); N.H. Rev. Stat. Ann. § 540:2; N.H. Rev. Stat. Ann. § 540:11-b; N.H. Rev. Stat. Ann. § 165:1; N.H. Rev. Stat. Ann. § 173-B:5; N.H. Laws 2026, ch. 81",CITED,VERIFIED,2026-10-10,2026-10-10,,[Full trail in lease-clauses.csv notes and lease-clause-decision-log-NH.md.]
edu-dv-lease-termination-nh,LANDLORD_EDUCATION,NH,"N.H. Rev. Stat. Ann. § 540:11-b, I(a); N.H. Rev. Stat. Ann. § 540:11-b, III; N.H. Rev. Stat. Ann. § 540:11-b, IV; N.H. Rev. Stat. Ann. § 540:2, II(h); N.H. Rev. Stat. Ann. § 540:3, II; N.H. Rev. Stat. Ann. § 540:11-b; N.H. Rev. Stat. Ann. § 540:2",CITED,VERIFIED,2026-10-10,2026-10-10,,[Full trail in lease-clauses.csv notes and lease-clause-decision-log-NH.md.]
edu-dv-qualifying-documents-nh,LANDLORD_EDUCATION,NH,"N.H. Rev. Stat. Ann. § 540:2, VII(a)(1); N.H. Rev. Stat. Ann. § 540:11-b, I(c)(1); N.H. Rev. Stat. Ann. § 540:11-b, I(c)(2); N.H. Rev. Stat. Ann. § 540:2, VII(e); N.H. Rev. Stat. Ann. § 540:11-b, II; N.H. Rev. Stat. Ann. § 540:2; N.H. Rev. Stat. Ann. § 540:11-b",CITED,VERIFIED,2026-10-10,2026-10-10,,[Full trail in lease-clauses.csv notes and lease-clause-decision-log-NH.md.]
edu-eminent-domain-nh,LANDLORD_EDUCATION,NH,"N.H. Rev. Stat. Ann. § 498-A:2, II; N.H. Rev. Stat. Ann. § 498-A:2",CITED,VERIFIED,2026-10-10,2026-10-10,,[Full trail in lease-clauses.csv notes and lease-clause-decision-log-NH.md.]
edu-no-environmental-event-termination-nh,LANDLORD_EDUCATION,NH,"N.H. Rev. Stat. Ann. § 540:2, II(d); N.H. Rev. Stat. Ann. § 540:3, II; N.H. Rev. Stat. Ann. § 147:16-a, VIII; N.H. Rev. Stat. Ann. § 147:16-a; N.H. Rev. Stat. Ann. § 130-A:8-a, II; N.H. Rev. Stat. Ann. § 130-A:6-a, III; N.H. Rev. Stat. Ann. § 141-E:7; Absence: NH batteries named in the row's notes (NH log §17, §18)",CONFIRMED_ABSENT,VERIFIED,2026-10-10,2026-10-10,,[Full trail in lease-clauses.csv notes and lease-clause-decision-log-NH.md.]
edu-eviction-hardship-stay-nh,LANDLORD_EDUCATION,NH,"N.H. Rev. Stat. Ann. § 540:13-c, I; N.H. Laws 2026, ch. 308; N.H. Rev. Stat. Ann. § 540:13-c, II(a); N.H. Rev. Stat. Ann. § 540:13-c; N.H. Rev. Stat. Ann. § 526:6; N.H. Rev. Stat. Ann. § 524-A:4; N.H. Rev. Stat. Ann. § 406-B:13",CITED,VERIFIED,2026-10-10,2026-10-10,,[Full trail in lease-clauses.csv notes and lease-clause-decision-log-NH.md.]
edu-eviction-process-nh,LANDLORD_EDUCATION,NH,"N.H. Rev. Stat. Ann. § 540:2; N.H. Rev. Stat. Ann. § 540:3, II; N.H. Rev. Stat. Ann. § 540:5, II; N.H. Rev. Stat. Ann. § 540:13, I; N.H. Laws 2026, ch. 308; N.H. Rev. Stat. Ann. § 540:13-a; N.H. Rev. Stat. Ann. § 540:9; N.H. Rev. Stat. Ann. § 540:9-a; N.H. Rev. Stat. Ann. § 540:14; N.H. Rev. Stat. Ann. § 540:20; N.H. Rev. Stat. Ann. § 540:25; N.H. Rev. Stat. Ann. § 540-A:3, II; N.H. Rev. Stat. Ann. § 540:13-d, II; N.H. Rev. Stat. Ann. § 540:3; N.H. Rev. Stat. Ann. § 540:5",CITED,VERIFIED,2026-10-10,2026-10-10,,[Full trail in lease-clauses.csv notes and lease-clause-decision-log-NH.md.]
edu-no-eviction-record-sealing-nh,LANDLORD_EDUCATION,NH,"N.H. Rev. Stat. Ann. § 540:2, VIII; N.H. Rev. Stat. Ann. § 540:2, II(i); N.H. Rev. Stat. Ann. § 540:11-b, II; N.H. Rev. Stat. Ann. § 540:2; N.H. Rev. Stat. Ann. § 540:11-b; Absence: NH batteries named in the row's notes (NH log §17, §18)",CONFIRMED_ABSENT,VERIFIED,2026-10-10,2026-10-10,,[Full trail in lease-clauses.csv notes and lease-clause-decision-log-NH.md.]
edu-no-eviction-service-party-nh,LANDLORD_EDUCATION,NH,"N.H. Rev. Stat. Ann. § 540:5, I; N.H. Rev. Stat. Ann. § 540:13, III; N.H. Rev. Stat. Ann. § 540:1-b; N.H. Rev. Stat. Ann. § 540:5; N.H. Rev. Stat. Ann. § 540-A:4; N.H. Rev. Stat. Ann. § 540:13; Absence: NH batteries named in the row's notes (NH log §17, §18)",CONFIRMED_ABSENT,VERIFIED,2026-10-10,2026-10-10,,[Full trail in lease-clauses.csv notes and lease-clause-decision-log-NH.md.]
edu-expedited-criminal-eviction-nh,LANDLORD_EDUCATION,NH,"N.H. Rev. Stat. Ann. § 540:2, II(d); N.H. Rev. Stat. Ann. § 540:3, II; N.H. Rev. Stat. Ann. § 540-A:2, III; N.H. Rev. Stat. Ann. § 540-A:4, II; N.H. Rev. Stat. Ann. § 540-A:4, VII(b); N.H. Rev. Stat. Ann. § 540-A:4, VIII; N.H. Laws 2026, ch. 308, §§ 4-5; N.H. Rev. Stat. Ann. § 540-A:4",CITED,VERIFIED,2026-10-10,2026-10-10,,[Full trail in lease-clauses.csv notes and lease-clause-decision-log-NH.md.]
edu-for-cause-eviction-nh,LANDLORD_EDUCATION,NH,"N.H. Rev. Stat. Ann. § 540:1-a, I; N.H. Rev. Stat. Ann. § 540:2, I; N.H. Rev. Stat. Ann. § 540:2, II(i)(1); N.H. Rev. Stat. Ann. § 540:3, II; N.H. Rev. Stat. Ann. § 356-C:6; N.H. Rev. Stat. Ann. § 540:2, II; N.H. Rev. Stat. Ann. § 540:3; N.H. Rev. Stat. Ann. § 540:5",CITED,VERIFIED,2026-10-10,2026-10-10,,[Full trail in lease-clauses.csv notes and lease-clause-decision-log-NH.md.]
edu-foreclosure-nh,LANDLORD_EDUCATION,NH,"N.H. Rev. Stat. Ann. § 540:12; N.H. Rev. Stat. Ann. § 540:1-a, I(d); N.H. Rev. Stat. Ann. § 540-A:6, III(a)(3); N.H. Rev. Stat. Ann. § 540-A:3, II; N.H. Rev. Stat. Ann. § 540-A:6; N.H. Rev. Stat. Ann. § 540:1-a; N.H. Rev. Stat. Ann. § 479-A:22",CITED,VERIFIED,2026-10-10,2026-10-10,,[Full trail in lease-clauses.csv notes and lease-clause-decision-log-NH.md.]
edu-forfeiture-redemption-nh,LANDLORD_EDUCATION,NH,"N.H. Rev. Stat. Ann. § 540:7; N.H. Rev. Stat. Ann. § 540:8; N.H. Rev. Stat. Ann. § 540:9, I; N.H. Rev. Stat. Ann. § 540:9-a, I; N.H. Rev. Stat. Ann. § 540:3, IV; N.H. Rev. Stat. Ann. § 540:13, VII; N.H. Rev. Stat. Ann. § 540:13-c; N.H. Rev. Stat. Ann. § 540-A:8",CITED,VERIFIED,2026-10-10,2026-10-10,,[Full trail in lease-clauses.csv notes and lease-clause-decision-log-NH.md.]
edu-no-guarantor-rule-nh,LANDLORD_EDUCATION,NH,"N.H. Rev. Stat. Ann. § 540-A:5, II; N.H. Rev. Stat. Ann. § 540-A:5, I; N.H. Rev. Stat. Ann. § 540-A:6, I(a); N.H. Rev. Stat. Ann. § 540:9; N.H. Rev. Stat. Ann. § 358-H:3; Absence: NH batteries named in the row's notes (NH log §17, §18)",CONFIRMED_ABSENT,VERIFIED,2026-10-10,2026-10-10,,[Full trail in lease-clauses.csv notes and lease-clause-decision-log-NH.md.]
edu-no-exemption-waiver-nh,LANDLORD_EDUCATION,NH,"N.H. Rev. Stat. Ann. § 480:1, I; N.H. Rev. Stat. Ann. § 511:2, I; N.H. Rev. Stat. Ann. § 511:2, III; N.H. Rev. Stat. Ann. § 511:2; N.H. Rev. Stat. Ann. § 540-A:3, III; N.H. Rev. Stat. Ann. § 480:1; N.H. Rev. Stat. Ann. § 477:44; N.H. Rev. Stat. Ann. § 91-A:3; N.H. Rev. Stat. Ann. § 205-A:4-a; Absence: NH batteries named in the row's notes (NH log §17, §18)",CONFIRMED_ABSENT,VERIFIED,2026-10-10,2026-10-10,,[Full trail in lease-clauses.csv notes and lease-clause-decision-log-NH.md.]
edu-no-infirmity-termination-nh,LANDLORD_EDUCATION,NH,"N.H. Rev. Stat. Ann. § 540:11, I; N.H. Rev. Stat. Ann. § 540:11, II; N.H. Rev. Stat. Ann. § 354-A:11, III(b); N.H. Rev. Stat. Ann. § 356-C:3, I(a)(8); N.H. Rev. Stat. Ann. § 564-B:8-816; N.H. Rev. Stat. Ann. § 72:23; Absence: NH batteries named in the row's notes (NH log §17, §18)",CONFIRMED_ABSENT,VERIFIED,2026-10-10,2026-10-10,,[Full trail in lease-clauses.csv notes and lease-clause-decision-log-NH.md.]
edu-landlord-lien-nh,LANDLORD_EDUCATION,NH,"N.H. Rev. Stat. Ann. § 540-A:3, III; N.H. Rev. Stat. Ann. § 540-A:3, VII; N.H. Rev. Stat. Ann. § 540-A:4, IX(a); N.H. Rev. Stat. Ann. § 358-A:10, I; N.H. Rev. Stat. Ann. § 448:1; N.H. Rev. Stat. Ann. § 540:1-a, IV(a); N.H. Rev. Stat. Ann. § 12-G:14; N.H. Rev. Stat. Ann. § 402:28; N.H. Rev. Stat. Ann. § 147-B:2",CITED,VERIFIED,2026-10-10,2026-10-10,,[Full trail in lease-clauses.csv notes and lease-clause-decision-log-NH.md.]
edu-landlord-remedies-nh,LANDLORD_EDUCATION,NH,"N.H. Rev. Stat. Ann. § 540:13, III; N.H. Rev. Stat. Ann. § 540:14, I; N.H. Rev. Stat. Ann. § 540:26; N.H. Rev. Stat. Ann. § 540-A:7, I",CITED,VERIFIED,2026-10-10,2026-10-10,,[Full trail in lease-clauses.csv notes and lease-clause-decision-log-NH.md.]
edu-no-liquidated-damages-rule-nh,LANDLORD_EDUCATION,NH,"N.H. Rev. Stat. Ann. § 540:9, I(a); N.H. Rev. Stat. Ann. § 540:3, IV; N.H. Rev. Stat. Ann. § 540-A:7, I; N.H. Rev. Stat. Ann. § 540-A:7, II; N.H. Rev. Stat. Ann. § 540:9; N.H. Rev. Stat. Ann. § 540:3; N.H. Rev. Stat. Ann. § 205-A:4; N.H. Rev. Stat. Ann. § 205-A:4-a; Absence: NH batteries named in the row's notes (NH log §17, §18)",CONFIRMED_ABSENT,VERIFIED,2026-10-10,2026-10-10,,[Full trail in lease-clauses.csv notes and lease-clause-decision-log-NH.md.]
edu-lockout-prohibited-nh,LANDLORD_EDUCATION,NH,"N.H. Rev. Stat. Ann. § 540-A:3, II; N.H. Rev. Stat. Ann. § 540-A:3, III; N.H. Rev. Stat. Ann. § 540-A:2, I; N.H. Rev. Stat. Ann. § 540-A:4, II; N.H. Rev. Stat. Ann. § 540-A:4, IX(e); N.H. Rev. Stat. Ann. § 358-A:10, I; N.H. Rev. Stat. Ann. § 540-A:3; N.H. Rev. Stat. Ann. § 540-A:4; N.H. Rev. Stat. Ann. § 540-B:7",CITED,VERIFIED,2026-10-10,2026-10-10,,[Full trail in lease-clauses.csv notes and lease-clause-decision-log-NH.md.]
edu-no-minor-tenant-rule-nh,LANDLORD_EDUCATION,NH,"N.H. Rev. Stat. Ann. § 540:12; N.H. Rev. Stat. Ann. § 540:14, I; N.H. Rev. Stat. Ann. § 205-A:2; N.H. Rev. Stat. Ann. § 203:10; Absence: NH batteries named in the row's notes (NH log §17, §18)",CONFIRMED_ABSENT,VERIFIED,2026-10-10,2026-10-10,,[Full trail in lease-clauses.csv notes and lease-clause-decision-log-NH.md.]
edu-nonpayment-notice-nh,LANDLORD_EDUCATION,NH,"N.H. Rev. Stat. Ann. § 540:2, II(a); N.H. Rev. Stat. Ann. § 540:4; N.H. Rev. Stat. Ann. § 540:8; N.H. Rev. Stat. Ann. § 540:3, II; N.H. Rev. Stat. Ann. § 540:3, IV; N.H. Rev. Stat. Ann. § 540:5, I; N.H. Rev. Stat. Ann. § 540:9, I; N.H. Rev. Stat. Ann. § 540:9-a, II; N.H. Rev. Stat. Ann. § 540:28; N.H. Rev. Stat. Ann. § 540:3-5; N.H. Rev. Stat. Ann. § 540:3; N.H. Rev. Stat. Ann. § 540:5",CITED,VERIFIED,2026-10-10,2026-10-10,,[Full trail in lease-clauses.csv notes and lease-clause-decision-log-NH.md.]
edu-no-notice-fee-rule-nh,LANDLORD_EDUCATION,NH,"N.H. Rev. Stat. Ann. § 540:9, I(a); N.H. Rev. Stat. Ann. § 540:5, I; N.H. Rev. Stat. Ann. § 540:13-c, II; N.H. Rev. Stat. Ann. § 540:9; N.H. Rev. Stat. Ann. § 540:13-c; Absence: NH batteries named in the row's notes (NH log §17, §18)",CONFIRMED_ABSENT,VERIFIED,2026-10-10,2026-10-10,,[Full trail in lease-clauses.csv notes and lease-clause-decision-log-NH.md.]
edu-notice-to-quit-waiver-nh,LANDLORD_EDUCATION,NH,"N.H. Rev. Stat. Ann. § 540:28; N.H. Rev. Stat. Ann. § 540:3, II; N.H. Rev. Stat. Ann. § 540:3, III; N.H. Rev. Stat. Ann. § 540:2, I; N.H. Rev. Stat. Ann. § 540:5, I",CITED,VERIFIED,2026-10-10,2026-10-10,,[Full trail in lease-clauses.csv notes and lease-clause-decision-log-NH.md.]
edu-nuisance-nh,LANDLORD_EDUCATION,NH,"N.H. Rev. Stat. Ann. § 544:1; N.H. Rev. Stat. Ann. § 544:2; N.H. Rev. Stat. Ann. § 544:3; N.H. Rev. Stat. Ann. § 544:18; N.H. Rev. Stat. Ann. § 544:20; N.H. Rev. Stat. Ann. § 544:28; N.H. Rev. Stat. Ann. § 544:30; N.H. Rev. Stat. Ann. § 544:35; N.H. Rev. Stat. Ann. § 544:41; N.H. Rev. Stat. Ann. § 318-B:16; N.H. Rev. Stat. Ann. § 147:16-a; N.H. Rev. Stat. Ann. § 540-A:3, II; N.H. Rev. Stat. Ann. § 48-A:10; N.H. Rev. Stat. Ann. § 544:4-17",CITED,VERIFIED,2026-10-10,2026-10-10,,[Full trail in lease-clauses.csv notes and lease-clause-decision-log-NH.md.]
edu-no-owner-move-in-reservation-nh,LANDLORD_EDUCATION,NH,"N.H. Rev. Stat. Ann. § 540:2, I; N.H. Rev. Stat. Ann. § 540:2, V; N.H. Rev. Stat. Ann. § 540:3, II; N.H. Rev. Stat. Ann. § 540:13-b; N.H. Rev. Stat. Ann. § 674:72; Absence: NH batteries named in the row's notes (NH log §17, §18)",CONFIRMED_ABSENT,VERIFIED,2026-10-10,2026-10-10,,[Full trail in lease-clauses.csv notes and lease-clause-decision-log-NH.md.]
edu-no-possession-bond-nh,LANDLORD_EDUCATION,NH,"N.H. Rev. Stat. Ann. § 540:28; N.H. Rev. Stat. Ann. § 540:17; N.H. Rev. Stat. Ann. § 540:25, I; N.H. Rev. Stat. Ann. § 540:13-c; N.H. Rev. Stat. Ann. § 361-D:5; N.H. Laws 2026, ch. 308; Absence: NH batteries named in the row's notes (NH log §17, §18)",CONFIRMED_ABSENT,VERIFIED,2026-10-10,2026-10-10,,[Full trail in lease-clauses.csv notes and lease-clause-decision-log-NH.md.]
edu-rent-into-court-nh,LANDLORD_EDUCATION,NH,"N.H. Rev. Stat. Ann. § 540:13-d, II; N.H. Rev. Stat. Ann. § 540:25, I; N.H. Rev. Stat. Ann. § 540:25, I-a; N.H. Rev. Stat. Ann. § 540:13-c, I; N.H. Rev. Stat. Ann. § 540:13, II(a); N.H. Laws 2026, ch. 308; N.H. Rev. Stat. Ann. § 540:13, III; N.H. Rev. Stat. Ann. § 540:13-d; N.H. Rev. Stat. Ann. § 540:25; N.H. Rev. Stat. Ann. § 540:14",CITED,VERIFIED,2026-10-10,2026-10-10,,[Full trail in lease-clauses.csv notes and lease-clause-decision-log-NH.md.]
edu-retaliation-nh,LANDLORD_EDUCATION,NH,"N.H. Rev. Stat. Ann. § 540:13-a; N.H. Rev. Stat. Ann. § 540:13-b; N.H. Rev. Stat. Ann. § 540:14, II; N.H. Rev. Stat. Ann. § 540-A:4, XI; N.H. Rev. Stat. Ann. § 540:2, II(i)(2); N.H. Rev. Stat. Ann. § 540:28; N.H. Rev. Stat. Ann. § 356-B:46-a, IV; N.H. Rev. Stat. Ann. § 540-A:4; N.H. Rev. Stat. Ann. § 540:2; N.H. Rev. Stat. Ann. § 540:14; N.H. Rev. Stat. Ann. § 356-B:46-a; N.H. Rev. Stat. Ann. § 161-M:3; N.H. Rev. Stat. Ann. § 161-M:2; N.H. Rev. Stat. Ann. § 161-M:3, II(e); N.H. Rev. Stat. Ann. § 358-A:2, XV; N.H. Rev. Stat. Ann. § 277-B:9",CITED,VERIFIED,2026-10-10,2026-10-10,,[Full trail in lease-clauses.csv notes and lease-clause-decision-log-NH.md.]
edu-seasonal-rentals-nh,LANDLORD_EDUCATION,NH,"N.H. Rev. Stat. Ann. § 540-C:1, I; N.H. Rev. Stat. Ann. § 540-C:2, II; N.H. Rev. Stat. Ann. § 540-C:3; N.H. Rev. Stat. Ann. § 540-C:4; N.H. Rev. Stat. Ann. § 540:1-a, IV(b); N.H. Rev. Stat. Ann. § 540-A:5, I; N.H. Rev. Stat. Ann. § 540:13-d, I; N.H. Rev. Stat. Ann. § 540:1-a; N.H. Rev. Stat. Ann. § 540-A:5; N.H. Rev. Stat. Ann. § 540-C:1; N.H. Rev. Stat. Ann. § 540-B:1; N.H. Rev. Stat. Ann. § 540:13-d; N.H. Rev. Stat. Ann. § 48-A:1-2; N.H. Rev. Stat. Ann. § 356-C:2",CITED,VERIFIED,2026-10-10,2026-10-10,,[Full trail in lease-clauses.csv notes and lease-clause-decision-log-NH.md.]
edu-servicemember-rights-nh,LANDLORD_EDUCATION,NH,"N.H. Rev. Stat. Ann. § 540:11-a, I(a); N.H. Rev. Stat. Ann. § 540:11-a, II; N.H. Rev. Stat. Ann. § 540:11-a, III; N.H. Rev. Stat. Ann. § 110-C:2, I; N.H. Rev. Stat. Ann. § 110-C:2, II; N.H. Rev. Stat. Ann. § 540:28; N.H. Rev. Stat. Ann. § 540:11-a; N.H. Rev. Stat. Ann. § 110-C:2; N.H. Rev. Stat. Ann. § 110-C:1-a",CITED,VERIFIED,2026-10-10,2026-10-10,,[Full trail in lease-clauses.csv notes and lease-clause-decision-log-NH.md.]
edu-post-eviction-property-nh,LANDLORD_EDUCATION,NH,"N.H. Rev. Stat. Ann. § 540:14, I; N.H. Rev. Stat. Ann. § 104:31, I; N.H. Rev. Stat. Ann. § 540-A:3, VII; N.H. Rev. Stat. Ann. § 540-A:4, IX(b); N.H. Rev. Stat. Ann. § 540-A:4, XII(c); N.H. Rev. Stat. Ann. § 644:8, I; N.H. Rev. Stat. Ann. § 644:8, III(e); N.H. Rev. Stat. Ann. § 635:2, I; N.H. Rev. Stat. Ann. § 540:14; N.H. Rev. Stat. Ann. § 540-A:3; N.H. Rev. Stat. Ann. § 437:8; N.H. Rev. Stat. Ann. § 644:8; N.H. Rev. Stat. Ann. § 466:30-a; N.H. Rev. Stat. Ann. § 540-B:9",CITED,VERIFIED,2026-10-10,2026-10-10,,[Full trail in lease-clauses.csv notes and lease-clause-decision-log-NH.md.]
edu-application-answers-annulled-records-nh,LANDLORD_EDUCATION,NH,"N.H. Rev. Stat. Ann. § 651:5, X(a); N.H. Rev. Stat. Ann. § 651:5, X(f); N.H. Rev. Stat. Ann. § 651:5, II-a(a); N.H. Laws 2026, ch. 105; N.H. Rev. Stat. Ann. § 540:2, VIII; N.H. Rev. Stat. Ann. § 540:2, II(c); N.H. Rev. Stat. Ann. § 540:3, II; N.H. Rev. Stat. Ann. § 236:78; N.H. Rev. Stat. Ann. § 417:4; N.H. Laws 2026, ch. 273; N.H. Rev. Stat. Ann. § 651:5",CITED,VERIFIED,2026-10-10,2026-10-10,,[Full trail in lease-clauses.csv notes and lease-clause-decision-log-NH.md.]
edu-no-benefit-delay-continuance-nh,LANDLORD_EDUCATION,NH,"N.H. Rev. Stat. Ann. § 540:9-a, I; N.H. Rev. Stat. Ann. § 540:9-a, II(a); N.H. Rev. Stat. Ann. § 540:9, I; N.H. Rev. Stat. Ann. § 540:13-c, I; N.H. Rev. Stat. Ann. § 151-E:25; N.H. Rev. Stat. Ann. § 415:18; N.H. Rev. Stat. Ann. § 415-F:1; Absence: NH batteries named in the row's notes (NH log §17, §18)",CONFIRMED_ABSENT,VERIFIED,2026-10-10,2026-10-10,,[Full trail in lease-clauses.csv notes and lease-clause-decision-log-NH.md.]
edu-statutory-early-termination-nh,LANDLORD_EDUCATION,NH,"N.H. Rev. Stat. Ann. § 540:11-a, I; N.H. Rev. Stat. Ann. § 540:11-a, II; N.H. Rev. Stat. Ann. § 540:11-b, I; N.H. Rev. Stat. Ann. § 540:11-b, IV; N.H. Rev. Stat. Ann. § 356-C:3, I(a)(10); N.H. Rev. Stat. Ann. § 540:11, II; N.H. Rev. Stat. Ann. § 540:28; N.H. Rev. Stat. Ann. § 540:11-a; N.H. Rev. Stat. Ann. § 540:11-b; N.H. Rev. Stat. Ann. § 540:2; N.H. Rev. Stat. Ann. § 540:11; N.H. Rev. Stat. Ann. § 356-C:3; N.H. Rev. Stat. Ann. § 130-A:8-a; N.H. Rev. Stat. Ann. § 356-B:16; N.H. Rev. Stat. Ann. § 382-A:2; N.H. Rev. Stat. Ann. § 545-B:8",CITED,VERIFIED,2026-10-10,2026-10-10,,[Full trail in lease-clauses.csv notes and lease-clause-decision-log-NH.md.]
edu-tenancy-at-will-nh,LANDLORD_EDUCATION,NH,"N.H. Rev. Stat. Ann. § 540:1; N.H. Rev. Stat. Ann. § 540:11, II; N.H. Rev. Stat. Ann. § 540:3, II; N.H. Rev. Stat. Ann. § 540:2, I; N.H. Rev. Stat. Ann. § 540:5, I; N.H. Rev. Stat. Ann. § 540:27; N.H. Rev. Stat. Ann. § 540-B:2; N.H. Rev. Stat. Ann. § 540:11; N.H. Rev. Stat. Ann. § 540-B:4",CITED,VERIFIED,2026-10-10,2026-10-10,,[Full trail in lease-clauses.csv notes and lease-clause-decision-log-NH.md.]
edu-no-tenant-bankruptcy-rule-nh,LANDLORD_EDUCATION,NH,"N.H. Rev. Stat. Ann. § 545-B:8, V(a); N.H. Laws 2026, ch. 215; N.H. Rev. Stat. Ann. § 545-B:4; N.H. Rev. Stat. Ann. § 545-B:5; N.H. Rev. Stat. Ann. § 354-A:2, XIII; N.H. Rev. Stat. Ann. § 545-B:1; N.H. Laws 2026, chs. 215; Absence: NH batteries named in the row's notes (NH log §17, §18)",CONFIRMED_ABSENT,VERIFIED,2026-10-10,2026-10-10,,[Full trail in lease-clauses.csv notes and lease-clause-decision-log-NH.md.]
edu-no-tenant-death-rule-nh,LANDLORD_EDUCATION,NH,"N.H. Rev. Stat. Ann. § 540-A:7, I; N.H. Rev. Stat. Ann. § 540-A:3, VII; N.H. Rev. Stat. Ann. § 540-A:3, II; N.H. Rev. Stat. Ann. § 563-C:8; N.H. Rev. Stat. Ann. § 540:27; N.H. Rev. Stat. Ann. § 540-B:7; N.H. Laws 2026, chs. 308; Absence: NH batteries named in the row's notes (NH log §17, §18)",CONFIRMED_ABSENT,VERIFIED,2026-10-10,2026-10-10,,[Full trail in lease-clauses.csv notes and lease-clause-decision-log-NH.md.]
edu-unauthorized-occupant-removal-nh,LANDLORD_EDUCATION,NH,"N.H. Rev. Stat. Ann. § 540-A:3, IX; N.H. Rev. Stat. Ann. § 540-A:1, II(b); N.H. Rev. Stat. Ann. § 540-A:1, II-a; N.H. Rev. Stat. Ann. § 540-A:4, II; N.H. Rev. Stat. Ann. § 540-A:4, II-a; N.H. Rev. Stat. Ann. § 540-A:4, VI; N.H. Rev. Stat. Ann. § 540-A:4, VII(e)(1); N.H. Laws 2026, ch. 308; N.H. Rev. Stat. Ann. § 540-A:4, VII(e)(4); N.H. Rev. Stat. Ann. § 540-A:4, VII(e)(5); N.H. Rev. Stat. Ann. § 540-A:4, VII(e)(6); N.H. Rev. Stat. Ann. § 540-A:4, VII(e)(7); N.H. Rev. Stat. Ann. § 540-A:4, IX(g); N.H. Rev. Stat. Ann. § 635:2; N.H. Rev. Stat. Ann. § 540-A:1; N.H. Rev. Stat. Ann. § 540-A:3; N.H. Rev. Stat. Ann. § 540-A:4",CITED,VERIFIED,2026-10-10,2026-10-10,,[Full trail in lease-clauses.csv notes and lease-clause-decision-log-NH.md.]
edu-no-actual-notice-rule-nh,LANDLORD_EDUCATION,NH,"N.H. Rev. Stat. Ann. § 540:5, I; N.H. Rev. Stat. Ann. § 540:2, III; N.H. Rev. Stat. Ann. § 540-A:6, III(b); N.H. Rev. Stat. Ann. § 540-A:4, XII(b)(1); N.H. Rev. Stat. Ann. § 540-A:3, II-b; N.H. Rev. Stat. Ann. § 294-E:5, II; N.H. Rev. Stat. Ann. § 294-E:8, II(b); N.H. Rev. Stat. Ann. § 540-A:4; N.H. Laws 2026, ch. 308; N.H. Rev. Stat. Ann. § 173-B:4-5; Absence: NH batteries named in the row's notes (NH log §17, §18)",CONFIRMED_ABSENT,VERIFIED,2026-10-10,2026-10-10,,[Full trail in lease-clauses.csv notes and lease-clause-decision-log-NH.md.]
edu-adverse-proceeding-notice-nh,LANDLORD_EDUCATION,NH,"N.H. Rev. Stat. Ann. § 356-B:46-a, I; N.H. Rev. Stat. Ann. § 356-B:46-a, IV; N.H. Rev. Stat. Ann. § 356-B:46-a, V; N.H. Rev. Stat. Ann. § 479:25, I; N.H. Rev. Stat. Ann. § 540:12; N.H. Rev. Stat. Ann. § 205-A:23; N.H. Rev. Stat. Ann. § 540-A:6; N.H. Rev. Stat. Ann. § 356-B:46-a",CITED,VERIFIED,2026-10-10,2026-10-10,,[Full trail in lease-clauses.csv notes and lease-clause-decision-log-NH.md.]
edu-no-automatic-renewal-rule-nh,LANDLORD_EDUCATION,NH,"N.H. Rev. Stat. Ann. § 540:2, II(i)(1); N.H. Rev. Stat. Ann. § 540:2, IV; N.H. Rev. Stat. Ann. § 471-C:6; N.H. Rev. Stat. Ann. § 358-P:2; N.H. Rev. Stat. Ann. § 358-I:5; Absence: NH batteries named in the row's notes (NH log §17, §18)",CONFIRMED_ABSENT,VERIFIED,2026-10-10,2026-10-10,,[Full trail in lease-clauses.csv notes and lease-clause-decision-log-NH.md.]
edu-no-misc-rules-nh,LANDLORD_EDUCATION,NH,"N.H. Rev. Stat. Ann. § 153:10-a, II-a; N.H. Rev. Stat. Ann. § 153:10-a; N.H. Rev. Stat. Ann. § 540:2, II(c); Absence: NH batteries named in the row's notes (NH log §17, §18)",CONFIRMED_ABSENT,VERIFIED,2026-10-10,2026-10-10,,[Full trail in lease-clauses.csv notes and lease-clause-decision-log-NH.md.]
edu-whole-code-checks-nh,LANDLORD_EDUCATION,NH,"N.H. Rev. Stat. Ann. § 540-A:3, IX; N.H. Rev. Stat. Ann. § 540-A:4, VI; N.H. Rev. Stat. Ann. § 540-A:4, VII(e)(1); N.H. Rev. Stat. Ann. § 540:9, I(b); N.H. Rev. Stat. Ann. § 540:1-b, I; N.H. Rev. Stat. Ann. § 540:1-c; N.H. Rev. Stat. Ann. § 540-A:4; N.H. Rev. Stat. Ann. § 540:9",CITED,VERIFIED,2026-10-10,2026-10-10,,[Full trail in lease-clauses.csv notes and lease-clause-decision-log-NH.md.]
edu-no-dv-citation-change-nh,LANDLORD_EDUCATION,NH,"N.H. Rev. Stat. Ann. § 540:2, VII(a); N.H. Rev. Stat. Ann. § 540:11-b, I(a); N.H. Rev. Stat. Ann. § 540:2, VII(b); N.H. Rev. Stat. Ann. § 540:2, VII(a)(2); N.H. Rev. Stat. Ann. § 173-B:1; N.H. Rev. Stat. Ann. § 632-A:1; N.H. Rev. Stat. Ann. § 633:3-a; N.H. Rev. Stat. Ann. § 540:2; N.H. Rev. Stat. Ann. § 540:11-b; N.H. Rev. Stat. Ann. § 540-A:4; N.H. Rev. Stat. Ann. § 173-B:4-5; N.H. Rev. Stat. Ann. § 458:19-a; N.H. Rev. Stat. Ann. § 461-A:14; N.H. Rev. Stat. Ann. § 654:25; N.H. Rev. Stat. Ann. § 260:14; N.H. Rev. Stat. Ann. § 6:12; Absence: NH batteries named in the row's notes (NH log §17, §18)",CONFIRMED_ABSENT,VERIFIED,2026-10-10,2026-10-10,,[Full trail in lease-clauses.csv notes and lease-clause-decision-log-NH.md.]
edu-electronic-records-nh,LANDLORD_EDUCATION,NH,"N.H. Rev. Stat. Ann. § 294-E:7, I; N.H. Rev. Stat. Ann. § 294-E:7, III; N.H. Rev. Stat. Ann. § 294-E:5, II; N.H. Rev. Stat. Ann. § 294-E:5, III; N.H. Rev. Stat. Ann. § 294-E:8, I; N.H. Rev. Stat. Ann. § 294-E:8, II(b); N.H. Rev. Stat. Ann. § 294-E:3, IV; N.H. Rev. Stat. Ann. § 477:7-b, I; N.H. Rev. Stat. Ann. § 477:7-b, II; N.H. Rev. Stat. Ann. § 151-E:25; N.H. Rev. Stat. Ann. § 38:22",CITED,VERIFIED,2026-10-10,2026-10-10,,[Full trail in lease-clauses.csv notes and lease-clause-decision-log-NH.md.]
edu-no-pre-suit-resolution-nh,LANDLORD_EDUCATION,NH,"N.H. Rev. Stat. Ann. § 540:28; N.H. Rev. Stat. Ann. § 540-A:8, III; N.H. Rev. Stat. Ann. § 540-A:4, II; N.H. Rev. Stat. Ann. § 540-A:7, I; N.H. Rev. Stat. Ann. § 205-A:6; Absence: NH batteries named in the row's notes (NH log §17, §18)",CONFIRMED_ABSENT,VERIFIED,2026-10-10,2026-10-10,,[Full trail in lease-clauses.csv notes and lease-clause-decision-log-NH.md.]
edu-no-lease-completeness-rule-nh,LANDLORD_EDUCATION,NH,"N.H. Rev. Stat. Ann. § 477:7-b, I; N.H. Rev. Stat. Ann. § 540:9, I(a); N.H. Rev. Stat. Ann. § 540-A:7, II; N.H. Rev. Stat. Ann. § 361-D:3-4; Absence: NH batteries named in the row's notes (NH log §17, §18)",CONFIRMED_ABSENT,VERIFIED,2026-10-10,2026-10-10,,[Full trail in lease-clauses.csv notes and lease-clause-decision-log-NH.md.]
edu-lease-copy-nh,LANDLORD_EDUCATION,NH,"N.H. Rev. Stat. Ann. § 477:7-b, I; N.H. Rev. Stat. Ann. § 477:7-b, II; N.H. Rev. Stat. Ann. § 625:9, II(b); N.H. Rev. Stat. Ann. § 294-E:5, II; N.H. Rev. Stat. Ann. § 294-E:8, I; N.H. Rev. Stat. Ann. § 477:7-b; N.H. Rev. Stat. Ann. § 361-D:7",CITED,VERIFIED,2026-10-10,2026-10-10,,[Full trail in lease-clauses.csv notes and lease-clause-decision-log-NH.md.]
edu-no-initials-requirement-nh,LANDLORD_EDUCATION,NH,"N.H. Rev. Stat. Ann. § 540:28; N.H. Rev. Stat. Ann. § 540-A:8, III; N.H. Rev. Stat. Ann. § 540:11, II; N.H. Rev. Stat. Ann. § 361-D:4; Absence: NH batteries named in the row's notes (NH log §17, §18)",CONFIRMED_ABSENT,VERIFIED,2026-10-10,2026-10-10,,[Full trail in lease-clauses.csv notes and lease-clause-decision-log-NH.md.]
edu-lease-length-and-recording-nh,LANDLORD_EDUCATION,NH,"N.H. Rev. Stat. Ann. § 477:7; N.H. Rev. Stat. Ann. § 540:1; N.H. Rev. Stat. Ann. § 540:2, II(i); N.H. Rev. Stat. Ann. § 540-A:6, I(a); N.H. Rev. Stat. Ann. § 506:1; N.H. Rev. Stat. Ann. § 540:2; N.H. Rev. Stat. Ann. § 540-A:4; N.H. Rev. Stat. Ann. § 540-A:6; N.H. Rev. Stat. Ann. § 477:4-h",CITED,VERIFIED,2026-10-10,2026-10-10,,[Full trail in lease-clauses.csv notes and lease-clause-decision-log-NH.md.]
edu-agent-for-service-nh,LANDLORD_EDUCATION,NH,"N.H. Rev. Stat. Ann. § 540:1-b, I; N.H. Rev. Stat. Ann. § 540:1-b, II; N.H. Rev. Stat. Ann. § 510:4; N.H. Rev. Stat. Ann. § 510:4, II; N.H. Rev. Stat. Ann. § 540:1-b, III; N.H. Rev. Stat. Ann. § 540:1-c; N.H. Rev. Stat. Ann. § 331-A:4, I; N.H. Rev. Stat. Ann. § 540:1-b",CITED,VERIFIED,2026-10-10,2026-10-10,,[Full trail in lease-clauses.csv notes and lease-clause-decision-log-NH.md.]
edu-notice-delivery-methods-nh,LANDLORD_EDUCATION,NH,"N.H. Rev. Stat. Ann. § 540:5, I; N.H. Rev. Stat. Ann. § 540:5, II; N.H. Rev. Stat. Ann. § 540:13, III; N.H. Rev. Stat. Ann. § 540:2, III; N.H. Rev. Stat. Ann. § 540-A:6, III(b); N.H. Rev. Stat. Ann. § 540-A:4, XII(b)(1); N.H. Rev. Stat. Ann. § 540-A:3, II-b; N.H. Rev. Stat. Ann. § 294-E:5, II; N.H. Rev. Stat. Ann. § 294-E:8, I; N.H. Rev. Stat. Ann. § 540-A:4; N.H. Rev. Stat. Ann. § 540:2; N.H. Rev. Stat. Ann. § 540-A:6",CITED,VERIFIED,2026-10-10,2026-10-10,,[Full trail in lease-clauses.csv notes and lease-clause-decision-log-NH.md.]
edu-no-notice-to-vacate-terms-rule-nh,LANDLORD_EDUCATION,NH,"N.H. Rev. Stat. Ann. § 540:11, I; N.H. Rev. Stat. Ann. § 540:11, II; N.H. Rev. Stat. Ann. § 540:28; N.H. Rev. Stat. Ann. § 540-A:8, III; N.H. Rev. Stat. Ann. § 540-A:7; N.H. Rev. Stat. Ann. § 540-A:4; Absence: NH batteries named in the row's notes (NH log §17, §18)",CONFIRMED_ABSENT,VERIFIED,2026-10-10,2026-10-10,,[Full trail in lease-clauses.csv notes and lease-clause-decision-log-NH.md.]
edu-optional-lease-terms-nh,LANDLORD_EDUCATION,NH,"N.H. Rev. Stat. Ann. § 540:1; N.H. Rev. Stat. Ann. § 540:11, II; N.H. Rev. Stat. Ann. § 540:9, I(a); N.H. Rev. Stat. Ann. § 540-A:7, II; N.H. Rev. Stat. Ann. § 540-A:6, I(a); N.H. Rev. Stat. Ann. § 540-A:3, II-a(c); N.H. Rev. Stat. Ann. § 540-A:3, II-b(c); N.H. Rev. Stat. Ann. § 48-A:14, VIII; N.H. Rev. Stat. Ann. § 540-A:1, II(a); N.H. Rev. Stat. Ann. § 540-A:4, VII(e)(5); N.H. Rev. Stat. Ann. § 126-X:3, I; N.H. Rev. Stat. Ann. § 540:28-a, I; N.H. Laws 2026, ch. 213",CITED,VERIFIED,2026-10-10,2026-10-10,,[Full trail in lease-clauses.csv notes and lease-clause-decision-log-NH.md.]
edu-no-plain-language-lease-law-nh,LANDLORD_EDUCATION,NH,"N.H. Rev. Stat. Ann. § 540:28; N.H. Rev. Stat. Ann. § 540-A:8, III; N.H. Rev. Stat. Ann. § 358-A:1, II; N.H. Rev. Stat. Ann. § 358-A:2; N.H. Rev. Stat. Ann. § 339:79; N.H. Laws 2026, ch. 222; Absence: NH batteries named in the row's notes (NH log §17, §18)",CONFIRMED_ABSENT,VERIFIED,2026-10-10,2026-10-10,,[Full trail in lease-clauses.csv notes and lease-clause-decision-log-NH.md.]
edu-portfolio-thresholds-nh,LANDLORD_EDUCATION,NH,"N.H. Rev. Stat. Ann. § 540:1-a, I(a); N.H. Rev. Stat. Ann. § 540-A:5, I; N.H. Rev. Stat. Ann. § 354-A:15; N.H. Rev. Stat. Ann. § 354-A:15, II; N.H. Rev. Stat. Ann. § 167-D:1, I; N.H. Rev. Stat. Ann. § 356-C:2, I(a); N.H. Rev. Stat. Ann. § 354-A:2, III; N.H. Rev. Stat. Ann. § 354-A:11, III(c); N.H. Rev. Stat. Ann. § 540:1-a; N.H. Rev. Stat. Ann. § 540-A:5; N.H. Rev. Stat. Ann. § 356-C:2; N.H. Rev. Stat. Ann. § 479:25; N.H. Laws 2026, chs. 265, 318, 329, 330",CITED,VERIFIED,2026-10-10,2026-10-10,,[Full trail in lease-clauses.csv notes and lease-clause-decision-log-NH.md.]
edu-scope-nh,LANDLORD_EDUCATION,NH,"N.H. Rev. Stat. Ann. § 540:1-a, IV; N.H. Rev. Stat. Ann. § 540:1-a, I; N.H. Rev. Stat. Ann. § 540-A:1, I; N.H. Rev. Stat. Ann. § 540-A:5, I; N.H. Rev. Stat. Ann. § 48-A:14; N.H. Rev. Stat. Ann. § 540:29; N.H. Rev. Stat. Ann. § 540-C:1-3; N.H. Rev. Stat. Ann. § 477:7",CITED,VERIFIED,2026-10-10,2026-10-10,,[Full trail in lease-clauses.csv notes and lease-clause-decision-log-NH.md.]
edu-statutory-forms-nh,LANDLORD_EDUCATION,NH,"N.H. Rev. Stat. Ann. § 540:5, II; N.H. Rev. Stat. Ann. § 540:13, II; N.H. Rev. Stat. Ann. § 540-A:4, XII(d); N.H. Rev. Stat. Ann. § 540:13-c, II(a); N.H. Rev. Stat. Ann. § 540:2, VII(a)(2); N.H. Rev. Stat. Ann. § 540:11-b, I(c)(2); N.H. Rev. Stat. Ann. § 540:1-a, IV(a); N.H. Rev. Stat. Ann. § 540-A:4, IV; N.H. Rev. Stat. Ann. § 540-A:4; N.H. Rev. Stat. Ann. § 540:13-c; N.H. Rev. Stat. Ann. § 540:5",CITED,VERIFIED,2026-10-10,2026-10-10,,[Full trail in lease-clauses.csv notes and lease-clause-decision-log-NH.md.]
edu-tenant-portal-nh,LANDLORD_EDUCATION,NH,"N.H. Rev. Stat. Ann. § 540-A:3, X; N.H. Rev. Stat. Ann. § 540-A:4, IX(d); N.H. Rev. Stat. Ann. § 294-E:5, II; N.H. Rev. Stat. Ann. § 294-E:5, III; N.H. Rev. Stat. Ann. § 294-E:8, I",CITED,VERIFIED,2026-10-10,2026-10-10,,[Full trail in lease-clauses.csv notes and lease-clause-decision-log-NH.md.]
edu-tenant-records-nh,LANDLORD_EDUCATION,NH,"N.H. Rev. Stat. Ann. § 540-A:6, IV(b); N.H. Rev. Stat. Ann. § 540:2, VII(e); N.H. Rev. Stat. Ann. § 540:11-b, II; N.H. Rev. Stat. Ann. § 540-A:3, VIII; N.H. Rev. Stat. Ann. § 359-C:19, IV; N.H. Rev. Stat. Ann. § 359-C:20, I(a); N.H. Rev. Stat. Ann. § 359-C:21, I; N.H. Rev. Stat. Ann. § 358-A:3, I; N.H. Rev. Stat. Ann. § 359-C:20, I(b); N.H. Rev. Stat. Ann. § 359-C:20",CITED,VERIFIED,2026-10-10,2026-10-10,,[Full trail in lease-clauses.csv notes and lease-clause-decision-log-NH.md.]
edu-term-change-notice-nh,LANDLORD_EDUCATION,NH,"N.H. Rev. Stat. Ann. § 540:2, IV; N.H. Rev. Stat. Ann. § 540:2, V; N.H. Rev. Stat. Ann. § 540:13-b; N.H. Rev. Stat. Ann. § 540:3, II; N.H. Rev. Stat. Ann. § 540:2; N.H. Rev. Stat. Ann. § 354-A:11; N.H. Rev. Stat. Ann. § 231:161; N.H. Rev. Stat. Ann. § 420-B:8-gg; N.H. Rev. Stat. Ann. § 458:19-a",CITED,VERIFIED,2026-10-10,2026-10-10,,[Full trail in lease-clauses.csv notes and lease-clause-decision-log-NH.md.]
edu-no-tenant-law-sunset-nh,LANDLORD_EDUCATION,NH,"N.H. Laws 2026, ch. 308, §§ 1-6; N.H. Rev. Stat. Ann. § 540:13; N.H. Rev. Stat. Ann. § 540:13-c; N.H. Rev. Stat. Ann. § 540:14; N.H. Rev. Stat. Ann. § 540-A:2; N.H. Rev. Stat. Ann. § 540-A:3, V; N.H. Rev. Stat. Ann. § 540-A:4; N.H. Rev. Stat. Ann. § 540:13, II(a); N.H. Rev. Stat. Ann. § 540:13-c, I; N.H. Rev. Stat. Ann. § 540:28-a; N.H. Laws 2026, ch. 213; N.H. Rev. Stat. Ann. § 540:6; N.H. Rev. Stat. Ann. § 540:10; N.H. Rev. Stat. Ann. § 540:21; Absence: NH batteries named in the row's notes (NH log §17, §18)",CONFIRMED_ABSENT,VERIFIED,2026-10-10,2026-10-10,,[Full trail in lease-clauses.csv notes and lease-clause-decision-log-NH.md.]
edu-no-translation-duty-nh,LANDLORD_EDUCATION,NH,"N.H. Rev. Stat. Ann. § 540:13, II; N.H. Rev. Stat. Ann. § 540-A:4, XII(d); N.H. Rev. Stat. Ann. § 540:13-c, I; N.H. Rev. Stat. Ann. § 354-A:10; N.H. Rev. Stat. Ann. § 540:13-c; N.H. Laws 2026, ch. 308; N.H. Rev. Stat. Ann. § 326-B:46; N.H. Rev. Stat. Ann. § 402-L:2; Absence: NH batteries named in the row's notes (NH log §17, §18)",CONFIRMED_ABSENT,VERIFIED,2026-10-10,2026-10-10,,[Full trail in lease-clauses.csv notes and lease-clause-decision-log-NH.md.]
edu-written-notices-nh,LANDLORD_EDUCATION,NH,"N.H. Rev. Stat. Ann. § 540:2, I; N.H. Rev. Stat. Ann. § 540:3; N.H. Rev. Stat. Ann. § 540:11, I; N.H. Rev. Stat. Ann. § 540:13, VII; N.H. Rev. Stat. Ann. § 540:13-e, III; N.H. Rev. Stat. Ann. § 540-A:3, II-b; N.H. Rev. Stat. Ann. § 540-A:4, XII(b)(1); N.H. Rev. Stat. Ann. § 540-A:6, I(b); N.H. Rev. Stat. Ann. § 540-A:7, I; N.H. Rev. Stat. Ann. § 540-A:3, IV; N.H. Rev. Stat. Ann. § 540:28; N.H. Rev. Stat. Ann. § 540-A:8, III; N.H. Rev. Stat. Ann. § 540:2; N.H. Rev. Stat. Ann. § 540-A:6; N.H. Rev. Stat. Ann. § 356-B:46-a",CITED,VERIFIED,2026-10-10,2026-10-10,,[Full trail in lease-clauses.csv notes and lease-clause-decision-log-NH.md.]
edu-service-animals-nh,LANDLORD_EDUCATION,NH,"N.H. Rev. Stat. Ann. § 167-D:1, IV; N.H. Rev. Stat. Ann. § 167-D:1, I; N.H. Rev. Stat. Ann. § 167-D:2, II; N.H. Rev. Stat. Ann. § 167-D:4; N.H. Rev. Stat. Ann. § 167-D:8, I; N.H. Rev. Stat. Ann. § 167-D:10, I; N.H. Rev. Stat. Ann. § 466:8, II; N.H. Rev. Stat. Ann. § 466:8, V; N.H. Rev. Stat. Ann. § 354-A:11, III(b); N.H. Rev. Stat. Ann. § 354-A:11, XI; N.H. Rev. Stat. Ann. § 466:8; N.H. Rev. Stat. Ann. § 466:44; N.H. Rev. Stat. Ann. § 21-P:37-37; N.H. Rev. Stat. Ann. § 265:41-a; N.H. Rev. Stat. Ann. § 359-U:15; N.H. Laws 2026, ch. 267",CITED,VERIFIED,2026-10-10,2026-10-10,,[Full trail in lease-clauses.csv notes and lease-clause-decision-log-NH.md.]
edu-no-pet-eviction-fact-sheet-nh,LANDLORD_EDUCATION,NH,"N.H. Rev. Stat. Ann. § 130-A:3-a; N.H. Rev. Stat. Ann. § 161-F:30-33; N.H. Rev. Stat. Ann. § 540-A:3; N.H. Rev. Stat. Ann. § 540-A:5, II; Absence: NH batteries named in the row's notes (NH log §17, §18)",CONFIRMED_ABSENT,VERIFIED,2026-10-10,2026-10-10,,[Full trail in lease-clauses.csv notes and lease-clause-decision-log-NH.md.]
edu-elderly-housing-pets-nh,LANDLORD_EDUCATION,NH,"N.H. Rev. Stat. Ann. § 161-F:30, II; N.H. Rev. Stat. Ann. § 161-F:30, I; N.H. Rev. Stat. Ann. § 161-F:31; N.H. Rev. Stat. Ann. § 161-F:32; N.H. Rev. Stat. Ann. § 540-A:6, I(a); N.H. Rev. Stat. Ann. § 161-F:33, I; N.H. Rev. Stat. Ann. § 466:31; N.H. Rev. Stat. Ann. § 540-A:3",CITED,VERIFIED,2026-10-10,2026-10-10,,[Full trail in lease-clauses.csv notes and lease-clause-decision-log-NH.md.]
edu-service-animal-denial-penalty-nh,LANDLORD_EDUCATION,NH,"N.H. Rev. Stat. Ann. § 167-D:8, I; N.H. Rev. Stat. Ann. § 167-D:10, I; N.H. Rev. Stat. Ann. § 167-D:10, II; N.H. Rev. Stat. Ann. § 167-D:4; N.H. Rev. Stat. Ann. § 167-D:1, I; N.H. Rev. Stat. Ann. § 354-A:11, I; N.H. Rev. Stat. Ann. § 466:8; N.H. Rev. Stat. Ann. § 466:44; N.H. Rev. Stat. Ann. § 21-P:37-37; N.H. Rev. Stat. Ann. § 265:41-a; N.H. Rev. Stat. Ann. § 359-U:15; N.H. Laws 2026, ch. 267",CITED,VERIFIED,2026-10-10,2026-10-10,,[Full trail in lease-clauses.csv notes and lease-clause-decision-log-NH.md.]
edu-service-animal-misrepresentation-nh,LANDLORD_EDUCATION,NH,"N.H. Rev. Stat. Ann. § 167-D:8, II; N.H. Rev. Stat. Ann. § 167-D:8, IV; N.H. Rev. Stat. Ann. § 167-D:10, I; N.H. Rev. Stat. Ann. § 466:8, V; N.H. Rev. Stat. Ann. § 167-D:8, I; N.H. Rev. Stat. Ann. § 466:8; N.H. Rev. Stat. Ann. § 466:44; N.H. Rev. Stat. Ann. § 21-P:37-37; N.H. Rev. Stat. Ann. § 265:41-a; N.H. Rev. Stat. Ann. § 359-U:15; N.H. Laws 2026, ch. 267",CITED,VERIFIED,2026-10-10,2026-10-10,,[Full trail in lease-clauses.csv notes and lease-clause-decision-log-NH.md.]
edu-no-ev-charging-right-nh,LANDLORD_EDUCATION,NH,"N.H. Laws 2026, ch. 235; N.H. Rev. Stat. Ann. § 261:153; N.H. Rev. Stat. Ann. § 266:114; N.H. Rev. Stat. Ann. § 236:132; N.H. Rev. Stat. Ann. § 540-A:5, II; N.H. Rev. Stat. Ann. § 540-A:6, I(a); N.H. Rev. Stat. Ann. § 540-A:3, II-a(c); Absence: NH batteries named in the row's notes (NH log §17, §18)",CONFIRMED_ABSENT,VERIFIED,2026-10-10,2026-10-10,,[Full trail in lease-clauses.csv notes and lease-clause-decision-log-NH.md.]
edu-no-ev-charging-end-of-tenancy-nh,LANDLORD_EDUCATION,NH,"N.H. Laws 2026, ch. 235; N.H. Rev. Stat. Ann. § 261:153; N.H. Rev. Stat. Ann. § 266:114; N.H. Rev. Stat. Ann. § 236:132; N.H. Rev. Stat. Ann. § 540-A:5, II; N.H. Rev. Stat. Ann. § 540-A:6, I(a); N.H. Rev. Stat. Ann. § 540-A:3, II-a(c); Absence: NH batteries named in the row's notes (NH log §17, §18)",CONFIRMED_ABSENT,VERIFIED,2026-10-10,2026-10-10,,[Full trail in lease-clauses.csv notes and lease-clause-decision-log-NH.md.]
edu-no-ev-charging-requirements-nh,LANDLORD_EDUCATION,NH,"N.H. Laws 2026, ch. 235; N.H. Rev. Stat. Ann. § 261:153; N.H. Rev. Stat. Ann. § 266:114; N.H. Rev. Stat. Ann. § 236:132; N.H. Rev. Stat. Ann. § 540-A:5, II; N.H. Rev. Stat. Ann. § 540-A:6, I(a); N.H. Rev. Stat. Ann. § 540-A:3, II-a(c); Absence: NH batteries named in the row's notes (NH log §17, §18)",CONFIRMED_ABSENT,VERIFIED,2026-10-10,2026-10-10,,[Full trail in lease-clauses.csv notes and lease-clause-decision-log-NH.md.]
edu-no-ev-charging-shared-area-nh,LANDLORD_EDUCATION,NH,"N.H. Laws 2026, ch. 235; N.H. Rev. Stat. Ann. § 261:153; N.H. Rev. Stat. Ann. § 266:114; N.H. Rev. Stat. Ann. § 236:132; N.H. Rev. Stat. Ann. § 540-A:5, II; N.H. Rev. Stat. Ann. § 540-A:6, I(a); N.H. Rev. Stat. Ann. § 540-A:3, II-a(c); Absence: NH batteries named in the row's notes (NH log §17, §18)",CONFIRMED_ABSENT,VERIFIED,2026-10-10,2026-10-10,,[Full trail in lease-clauses.csv notes and lease-clause-decision-log-NH.md.]
edu-no-parking-rules-notice-nh,LANDLORD_EDUCATION,NH,"N.H. Rev. Stat. Ann. § 540-A:3, II-a(c); N.H. Rev. Stat. Ann. § 540-A:3, II-b(c)(1); N.H. Rev. Stat. Ann. § 262:40-a, IV; N.H. Rev. Stat. Ann. § 540-A:3; N.H. Rev. Stat. Ann. § 262:40-a; Absence: NH batteries named in the row's notes (NH log §17, §18)",CONFIRMED_ABSENT,VERIFIED,2026-10-10,2026-10-10,,[Full trail in lease-clauses.csv notes and lease-clause-decision-log-NH.md.]
edu-storage-space-nh,LANDLORD_EDUCATION,NH,"N.H. Rev. Stat. Ann. § 540-A:1, III; N.H. Rev. Stat. Ann. § 540-A:3, III; N.H. Rev. Stat. Ann. § 451-C:1, XIV; N.H. Rev. Stat. Ann. § 451-C:3; N.H. Rev. Stat. Ann. § 451-C:2; N.H. Rev. Stat. Ann. § 451-C:6; N.H. Rev. Stat. Ann. § 540-A:1; N.H. Rev. Stat. Ann. § 540-A:3; N.H. Rev. Stat. Ann. § 451-C:1-3",CITED,VERIFIED,2026-10-10,2026-10-10,,[Full trail in lease-clauses.csv notes and lease-clause-decision-log-NH.md.]
edu-towing-nh,LANDLORD_EDUCATION,NH,"N.H. Rev. Stat. Ann. § 540-A:3, II-a(a); N.H. Rev. Stat. Ann. § 540-A:4, IX(a); N.H. Rev. Stat. Ann. § 358-A:10, I; N.H. Rev. Stat. Ann. § 262:40-a, I; N.H. Rev. Stat. Ann. § 262:40-a, I(a); N.H. Rev. Stat. Ann. § 262:40-c, I; N.H. Rev. Stat. Ann. § 262:35-b, I; N.H. Laws 2026, ch. 274; N.H. Rev. Stat. Ann. § 262:32, IV; N.H. Rev. Stat. Ann. § 262:40-a; N.H. Rev. Stat. Ann. § 540-A:3; N.H. Rev. Stat. Ann. § 262:32; N.H. Rev. Stat. Ann. § 262:35-b; N.H. Rev. Stat. Ann. § 106-B:26; N.H. Rev. Stat. Ann. § 595-A:10; N.H. Rev. Stat. Ann. § 47:17",CITED,VERIFIED,2026-10-10,2026-10-10,,[Full trail in lease-clauses.csv notes and lease-clause-decision-log-NH.md.]
edu-no-unbundled-parking-rule-nh,LANDLORD_EDUCATION,NH,"N.H. Rev. Stat. Ann. § 674:16, VII; N.H. Laws 2026, ch. 329; N.H. Rev. Stat. Ann. § 540:9, I(a); N.H. Rev. Stat. Ann. § 540-A:7, II; N.H. Rev. Stat. Ann. § 540-A:3; Absence: NH batteries named in the row's notes (NH log §17, §18)",CONFIRMED_ABSENT,VERIFIED,2026-10-10,2026-10-10,,[Full trail in lease-clauses.csv notes and lease-clause-decision-log-NH.md.]
edu-cannabis-nh,LANDLORD_EDUCATION,NH,"N.H. Rev. Stat. Ann. § 126-X:3, I; N.H. Rev. Stat. Ann. § 126-X:3, III(b); N.H. Rev. Stat. Ann. § 126-X:1, XIII; N.H. Rev. Stat. Ann. § 318-B:2-c, II; N.H. Rev. Stat. Ann. § 625:9, II(b); N.H. Rev. Stat. Ann. § 126-X:3; N.H. Rev. Stat. Ann. § 175:1; N.H. Rev. Stat. Ann. § 318-B:10; N.H. Rev. Stat. Ann. § 318-B:26; N.H. Rev. Stat. Ann. § 126-K:2",CITED,VERIFIED,2026-10-10,2026-10-10,,[Full trail in lease-clauses.csv notes and lease-clause-decision-log-NH.md.]
edu-no-disaster-guest-rule-nh,LANDLORD_EDUCATION,NH,"N.H. Rev. Stat. Ann. § 540-A:1, II(b); N.H. Rev. Stat. Ann. § 124-A:2, IV(a)(1); N.H. Rev. Stat. Ann. § 124-A:2; N.H. Rev. Stat. Ann. § 162-K:15; N.H. Rev. Stat. Ann. § 130-A:8-a; N.H. Rev. Stat. Ann. § 540-A:1; Absence: NH batteries named in the row's notes (NH log §17, §18)",CONFIRMED_ABSENT,VERIFIED,2026-10-10,2026-10-10,,[Full trail in lease-clauses.csv notes and lease-clause-decision-log-NH.md.]
edu-grills-fire-code-nh,LANDLORD_EDUCATION,NH,"N.H. Rev. Stat. Ann. § 153:5, III-a; N.H. Rev. Stat. Ann. § 153:5, IV; N.H. Rev. Stat. Ann. § 153:1, VI-a; N.H. Rev. Stat. Ann. § 153:5",CITED,NEEDS_REVIEW,2026-10-10,2026-10-10,,[Full trail in lease-clauses.csv notes and lease-clause-decision-log-NH.md.]
edu-no-firearms-lease-rule-nh,LANDLORD_EDUCATION,NH,"N.H. Rev. Stat. Ann. § 159:26, I; N.H. Rev. Stat. Ann. § 644:13, I; N.H. Rev. Stat. Ann. § 173-B:1; N.H. Rev. Stat. Ann. § 634:2; N.H. Rev. Stat. Ann. § 644:13; N.H. Rev. Stat. Ann. § 126-X:4; N.H. Rev. Stat. Ann. § 159:26; Absence: NH batteries named in the row's notes (NH log §17, §18)",CONFIRMED_ABSENT,VERIFIED,2026-10-10,2026-10-10,,[Full trail in lease-clauses.csv notes and lease-clause-decision-log-NH.md.]
edu-guests-and-implied-tenants-nh,LANDLORD_EDUCATION,NH,"N.H. Rev. Stat. Ann. § 540-A:1, II(b); N.H. Rev. Stat. Ann. § 540-A:3, IX; N.H. Rev. Stat. Ann. § 540-A:4, VII(e)(1); N.H. Rev. Stat. Ann. § 540:2, II(b); N.H. Rev. Stat. Ann. § 540-A:2, II; N.H. Rev. Stat. Ann. § 167-D:4; N.H. Rev. Stat. Ann. § 540:2; N.H. Rev. Stat. Ann. § 540-A:2; N.H. Rev. Stat. Ann. § 540:1-a; N.H. Rev. Stat. Ann. § 540:16-a; N.H. Rev. Stat. Ann. § 540-A:4; N.H. Rev. Stat. Ann. § 126-X:3; N.H. Rev. Stat. Ann. § 167-D:1; N.H. Rev. Stat. Ann. § 205-A:2; N.H. Rev. Stat. Ann. § 354-A:2; N.H. Rev. Stat. Ann. § 634:2; N.H. Rev. Stat. Ann. § 175:1; N.H. Rev. Stat. Ann. § 194-B:3",CITED,VERIFIED,2026-10-10,2026-10-10,,[Full trail in lease-clauses.csv notes and lease-clause-decision-log-NH.md.]
edu-no-guest-rights-rule-nh,LANDLORD_EDUCATION,NH,"N.H. Rev. Stat. Ann. § 167-D:4; N.H. Rev. Stat. Ann. § 354-A:10, II; N.H. Rev. Stat. Ann. § 354-A:11, I; N.H. Rev. Stat. Ann. § 354-A:11, II; N.H. Rev. Stat. Ann. § 540:2; N.H. Rev. Stat. Ann. § 540-A:2; Absence: NH batteries named in the row's notes (NH log §17, §18)",CONFIRMED_ABSENT,VERIFIED,2026-10-10,2026-10-10,,[Full trail in lease-clauses.csv notes and lease-clause-decision-log-NH.md.]
edu-no-law-enforcement-cooperation-rule-nh,LANDLORD_EDUCATION,NH,"N.H. Rev. Stat. Ann. § 540:2, VII(e); N.H. Rev. Stat. Ann. § 540:11-b, II; N.H. Rev. Stat. Ann. § 540:2, VII(a); N.H. Rev. Stat. Ann. § 540:16-a, I; N.H. Rev. Stat. Ann. § 21-P:39; N.H. Rev. Stat. Ann. § 106-C:6-7; N.H. Rev. Stat. Ann. § 165:4-c; N.H. Rev. Stat. Ann. § 228:8-a; N.H. Laws 2026, ch. 81; Absence: NH batteries named in the row's notes (NH log §17, §18)",CONFIRMED_ABSENT,VERIFIED,2026-10-10,2026-10-10,,[Full trail in lease-clauses.csv notes and lease-clause-decision-log-NH.md.]
edu-no-candidate-access-rule-nh,LANDLORD_EDUCATION,NH,"N.H. Rev. Stat. Ann. § 664:17; N.H. Rev. Stat. Ann. § 540:13-a, III; N.H. Rev. Stat. Ann. § 31:102-a; Absence: NH batteries named in the row's notes (NH log §17, §18)",CONFIRMED_ABSENT,VERIFIED,2026-10-10,2026-10-10,,[Full trail in lease-clauses.csv notes and lease-clause-decision-log-NH.md.]
edu-no-portable-cooling-right-nh,LANDLORD_EDUCATION,NH,"N.H. Rev. Stat. Ann. § 48-A:14, XI; N.H. Rev. Stat. Ann. § 354-A:11, III(a); N.H. Rev. Stat. Ann. § 402:28; N.H. Rev. Stat. Ann. § 382-A:9-102; Absence: NH batteries named in the row's notes (NH log §17, §18)",CONFIRMED_ABSENT,VERIFIED,2026-10-10,2026-10-10,,[Full trail in lease-clauses.csv notes and lease-clause-decision-log-NH.md.]
edu-no-portable-solar-right-nh,LANDLORD_EDUCATION,NH,"N.H. Laws 2026, ch. 262; N.H. Rev. Stat. Ann. § 155-A:16; N.H. Rev. Stat. Ann. § 362-A:1-a, IV-a; N.H. Rev. Stat. Ann. § 362-A:10, IV; N.H. Rev. Stat. Ann. § 362-A:10, I; N.H. Rev. Stat. Ann. § 374:1-b; N.H. Rev. Stat. Ann. § 155-A:16, II; N.H. Rev. Stat. Ann. § 477:49-51; N.H. Rev. Stat. Ann. § 672:1, III-a; N.H. Rev. Stat. Ann. § 674:36; N.H. Rev. Stat. Ann. § 485-A:17; N.H. Rev. Stat. Ann. § 383-B:3-303; N.H. Rev. Stat. Ann. § 362-A:9; N.H. Laws 2026, chs. 262; N.H. Rev. Stat. Ann. § 672:1; Absence: NH batteries named in the row's notes (NH log §17, §18)",CONFIRMED_ABSENT,VERIFIED,2026-10-10,2026-10-10,,[Full trail in lease-clauses.csv notes and lease-clause-decision-log-NH.md.]
edu-no-recycling-notice-nh,LANDLORD_EDUCATION,NH,"N.H. Rev. Stat. Ann. § 149-M:17, II(a); N.H. Rev. Stat. Ann. § 149-M:17, VI; N.H. Rev. Stat. Ann. § 149-M:17, VI(b); N.H. Rev. Stat. Ann. § 48-A:14, VIII; N.H. Rev. Stat. Ann. § 149-M:17; Absence: NH batteries named in the row's notes (NH log §17, §18)",CONFIRMED_ABSENT,VERIFIED,2026-10-10,2026-10-10,,[Full trail in lease-clauses.csv notes and lease-clause-decision-log-NH.md.]
edu-no-religious-display-rule-nh,LANDLORD_EDUCATION,NH,"N.H. Rev. Stat. Ann. § 354-A:10, II; N.H. Rev. Stat. Ann. § 354-A:9, VII; N.H. Rev. Stat. Ann. § 354-A:15, II; N.H. Rev. Stat. Ann. § 161-M:3, I(n); N.H. Rev. Stat. Ann. § 161-M:3, I(g); N.H. Rev. Stat. Ann. § 161-M:2; Absence: NH batteries named in the row's notes (NH log §17, §18)",CONFIRMED_ABSENT,VERIFIED,2026-10-10,2026-10-10,,[Full trail in lease-clauses.csv notes and lease-clause-decision-log-NH.md.]
edu-house-rules-nh,LANDLORD_EDUCATION,NH,"N.H. Rev. Stat. Ann. § 540:2, I; N.H. Rev. Stat. Ann. § 540:2, III; N.H. Rev. Stat. Ann. § 540:1-a; N.H. Rev. Stat. Ann. § 540:13-b; N.H. Rev. Stat. Ann. § 540:13-b, I; N.H. Rev. Stat. Ann. § 540:13-a; N.H. Rev. Stat. Ann. § 161-M:3, III(d); N.H. Rev. Stat. Ann. § 161-M:3, III(b); N.H. Rev. Stat. Ann. § 161-M:2; N.H. Rev. Stat. Ann. § 358-A:2, XV; N.H. Rev. Stat. Ann. § 161-M:6; N.H. Rev. Stat. Ann. § 356-B:15, I; N.H. Rev. Stat. Ann. § 161-M:3; N.H. Rev. Stat. Ann. § 53-C:6",CITED,VERIFIED,2026-10-10,2026-10-10,,[Full trail in lease-clauses.csv notes and lease-clause-decision-log-NH.md.]
edu-indoor-smoking-act-nh,LANDLORD_EDUCATION,NH,"N.H. Rev. Stat. Ann. § 155:65, XIII; N.H. Rev. Stat. Ann. § 155:65, XVII; N.H. Rev. Stat. Ann. § 155:65, X; N.H. Rev. Stat. Ann. § 155:65, XV; N.H. Rev. Stat. Ann. § 155:66, II; N.H. Rev. Stat. Ann. § 155:67, VI; N.H. Rev. Stat. Ann. § 155:68; N.H. Rev. Stat. Ann. § 155:64; N.H. Rev. Stat. Ann. § 155:76; N.H. Rev. Stat. Ann. § 126-X:3, I; N.H. Rev. Stat. Ann. § 178:20-a",CITED,VERIFIED,2026-10-10,2026-10-10,,[Full trail in lease-clauses.csv notes and lease-clause-decision-log-NH.md.]
edu-snow-ice-removal-nh,LANDLORD_EDUCATION,NH,"N.H. Rev. Stat. Ann. § 540:28-a, I; N.H. Rev. Stat. Ann. § 540:28-a, II; N.H. Rev. Stat. Ann. § 540:28-a, III; N.H. Laws 2026, ch. 213; N.H. Rev. Stat. Ann. § 540:1-a; N.H. Rev. Stat. Ann. § 508:22, I; N.H. Rev. Stat. Ann. § 540:28-a; N.H. Rev. Stat. Ann. § 508:22",CITED,VERIFIED,2027-07-01,2026-10-10,,[Full trail in lease-clauses.csv notes and lease-clause-decision-log-NH.md.]
edu-flag-sign-display-nh,LANDLORD_EDUCATION,NH,"N.H. Rev. Stat. Ann. § 356-B:47-a; N.H. Rev. Stat. Ann. § 664:17; N.H. Rev. Stat. Ann. § 354-A:10, II",CITED,VERIFIED,2026-10-10,2026-10-10,,[Full trail in lease-clauses.csv notes and lease-clause-decision-log-NH.md.]
edu-no-tenant-camera-rule-nh,LANDLORD_EDUCATION,NH,"N.H. Rev. Stat. Ann. § 644:9, I(b); N.H. Rev. Stat. Ann. § 644:9, I(c); N.H. Rev. Stat. Ann. § 644:9, II; N.H. Rev. Stat. Ann. § 570-A:2, I; N.H. Rev. Stat. Ann. § 570-A:2, I-a; N.H. Rev. Stat. Ann. § 570-A:2, II; N.H. Rev. Stat. Ann. § 570-A:1, II; N.H. Rev. Stat. Ann. § 644:9; N.H. Rev. Stat. Ann. § 570-A:2; N.H. Rev. Stat. Ann. § 507-H:1; Absence: NH batteries named in the row's notes (NH log §17, §18)",CONFIRMED_ABSENT,VERIFIED,2026-10-10,2026-10-10,,[Full trail in lease-clauses.csv notes and lease-clause-decision-log-NH.md.]
edu-no-waterbed-rule-nh,LANDLORD_EDUCATION,NH,"N.H. Rev. Stat. Ann. § 540-A:5, II; N.H. Rev. Stat. Ann. § 540-A:6, I(a); N.H. Rev. Stat. Ann. § 540-A:5, I; Absence: NH batteries named in the row's notes (NH log §17, §18)",CONFIRMED_ABSENT,VERIFIED,2026-10-10,2026-10-10,,[Full trail in lease-clauses.csv notes and lease-clause-decision-log-NH.md.]
edu-no-association-disclosure-nh,LANDLORD_EDUCATION,NH,"N.H. Rev. Stat. Ann. § 356-B:15, I; N.H. Rev. Stat. Ann. § 356-B:15, II; N.H. Rev. Stat. Ann. § 356-B:46-a; N.H. Rev. Stat. Ann. § 356-B:58, I; N.H. Rev. Stat. Ann. § 356-B:58; N.H. Rev. Stat. Ann. § 356-B:16; N.H. Rev. Stat. Ann. § 356-B:41; N.H. Laws 2026, ch. 306; Absence: NH batteries named in the row's notes (NH log §17, §18)",CONFIRMED_ABSENT,VERIFIED,2026-10-10,2026-10-10,,[Full trail in lease-clauses.csv notes and lease-clause-decision-log-NH.md.]
edu-no-bed-bug-disclosure-nh,LANDLORD_EDUCATION,NH,"N.H. Rev. Stat. Ann. § 540-A:3, V-a; N.H. Rev. Stat. Ann. § 540-A:3, IV-a; N.H. Rev. Stat. Ann. § 540:13-e, II; N.H. Rev. Stat. Ann. § 540:13-e, III; N.H. Rev. Stat. Ann. § 540:13-e, V(a); N.H. Rev. Stat. Ann. § 48-A:14, I-a; N.H. Rev. Stat. Ann. § 48-A:11, III; N.H. Rev. Stat. Ann. § 540:13-e; N.H. Rev. Stat. Ann. § 540-A:3; Absence: NH batteries named in the row's notes (NH log §17, §18)",CONFIRMED_ABSENT,VERIFIED,2026-10-10,2026-10-10,,[Full trail in lease-clauses.csv notes and lease-clause-decision-log-NH.md.]
edu-no-occupancy-certificate-disclosure-nh,LANDLORD_EDUCATION,NH,"N.H. Laws 2026, ch. 318; Absence: NH batteries named in the row's notes (NH log §17, §18)",CONFIRMED_ABSENT,VERIFIED,2026-10-10,2026-10-10,,[Full trail in lease-clauses.csv notes and lease-clause-decision-log-NH.md.]
edu-no-drywall-disclosure-nh,LANDLORD_EDUCATION,NH,"N.H. Rev. Stat. Ann. § 48-A:14, III; Absence: NH batteries named in the row's notes (NH log §17, §18)",CONFIRMED_ABSENT,VERIFIED,2026-10-10,2026-10-10,,[Full trail in lease-clauses.csv notes and lease-clause-decision-log-NH.md.]
edu-no-flood-disclosure-nh,LANDLORD_EDUCATION,NH,"N.H. Rev. Stat. Ann. § 477:4-a, I; N.H. Rev. Stat. Ann. § 477:4-d, I(d); N.H. Laws 2026, ch. 122; N.H. Rev. Stat. Ann. § 407:23-a, I; N.H. Rev. Stat. Ann. § 477:4-a; N.H. Rev. Stat. Ann. § 477:4-d; Absence: NH batteries named in the row's notes (NH log §17, §18)",CONFIRMED_ABSENT,VERIFIED,2026-10-10,2026-10-10,,[Full trail in lease-clauses.csv notes and lease-clause-decision-log-NH.md.]
edu-no-foreclosure-disclosure-nh,LANDLORD_EDUCATION,NH,"N.H. Rev. Stat. Ann. § 540-A:6, III(a); N.H. Rev. Stat. Ann. § 540-A:6, III(b); N.H. Rev. Stat. Ann. § 540:12; N.H. Rev. Stat. Ann. § 540-A:5, I; N.H. Rev. Stat. Ann. § 540:1-a; N.H. Rev. Stat. Ann. § 540-A:6; Absence: NH batteries named in the row's notes (NH log §17, §18)",CONFIRMED_ABSENT,VERIFIED,2026-10-10,2026-10-10,,[Full trail in lease-clauses.csv notes and lease-clause-decision-log-NH.md.]
edu-no-good-cause-notice-nh,LANDLORD_EDUCATION,NH,"N.H. Rev. Stat. Ann. § 540:2, I; N.H. Rev. Stat. Ann. § 540:1-a; N.H. Rev. Stat. Ann. § 540:3; N.H. Rev. Stat. Ann. § 540:2; N.H. Rev. Stat. Ann. § 540:13; N.H. Rev. Stat. Ann. § 356-C:8; N.H. Rev. Stat. Ann. § 130-A:6-a; N.H. Rev. Stat. Ann. § 420-D:10-a; N.H. Laws 2026, chs. 308, 318; Absence: NH batteries named in the row's notes (NH log §17, §18)",CONFIRMED_ABSENT,VERIFIED,2026-10-10,2026-10-10,,[Full trail in lease-clauses.csv notes and lease-clause-decision-log-NH.md.]
edu-contamination-disclosures-nh,LANDLORD_EDUCATION,NH,"N.H. Rev. Stat. Ann. § 141-E:23, III; N.H. Rev. Stat. Ann. § 141-E:1; N.H. Rev. Stat. Ann. § 141-E:3, VI; N.H. Code Admin. R. Env-Or 608.01(b)(2); N.H. Rev. Stat. Ann. § 540-A:3-a; N.H. Rev. Stat. Ann. § 477:4-g",CITED,VERIFIED,2026-10-10,2026-10-10,,[Full trail in lease-clauses.csv notes and lease-clause-decision-log-NH.md.]
edu-condo-rent-collection-nh,LANDLORD_EDUCATION,NH,"N.H. Rev. Stat. Ann. § 356-B:46-a, I; N.H. Rev. Stat. Ann. § 356-B:46-a, II; N.H. Rev. Stat. Ann. § 356-B:46-a, III; N.H. Rev. Stat. Ann. § 356-B:46-a, IV; N.H. Rev. Stat. Ann. § 356-B:46-a, V; N.H. Rev. Stat. Ann. § 356-B:15, I; N.H. Rev. Stat. Ann. § 356-B:47; N.H. Rev. Stat. Ann. § 674:72; N.H. Rev. Stat. Ann. § 356-B:3; N.H. Rev. Stat. Ann. § 356-A:1",CITED,VERIFIED,2026-10-10,2026-10-10,,[Full trail in lease-clauses.csv notes and lease-clause-decision-log-NH.md.]
edu-code-order-disclosure-nh,LANDLORD_EDUCATION,NH,"N.H. Code Admin. R. He-P 1605.01(e); N.H. Rev. Stat. Ann. § 130-A:7, VI; N.H. Rev. Stat. Ann. § 130-A:8-a, III; N.H. Rev. Stat. Ann. § 147:16-a, I; N.H. Rev. Stat. Ann. § 130-A:7; N.H. Rev. Stat. Ann. § 130-A:8-a; N.H. Rev. Stat. Ann. § 540-A:3-a",CITED,VERIFIED,2026-10-10,2026-10-10,,[Full trail in lease-clauses.csv notes and lease-clause-decision-log-NH.md.]
edu-no-landlord-insurance-mandate-nh,LANDLORD_EDUCATION,NH,"Absence: NH batteries named in the row's notes (NH log §17, §18)",CONFIRMED_ABSENT,VERIFIED,2026-10-10,2026-10-10,,[Full trail in lease-clauses.csv notes and lease-clause-decision-log-NH.md.]
edu-lead-poisoning-law-nh,LANDLORD_EDUCATION,NH,"N.H. Rev. Stat. Ann. § 130-A:4; N.H. Rev. Stat. Ann. § 130-A:18; N.H. Rev. Stat. Ann. § 130-A:6-a, II(a); N.H. Rev. Stat. Ann. § 130-A:6-a, II; N.H. Rev. Stat. Ann. § 130-A:6-a, IV; N.H. Rev. Stat. Ann. § 130-A:7, II(c); N.H. Rev. Stat. Ann. § 130-A:9, III; N.H. Rev. Stat. Ann. § 130-A:8-a, I; N.H. Rev. Stat. Ann. § 540:2, II(d); N.H. Rev. Stat. Ann. § 130-A:1; N.H. Rev. Stat. Ann. § 130-A:5-d; N.H. Rev. Stat. Ann. § 477:4-a; N.H. Rev. Stat. Ann. § 130-A:6-a; N.H. Rev. Stat. Ann. § 130-A:8-a; N.H. Rev. Stat. Ann. § 130-A:7",CITED,VERIFIED,2026-10-10,2026-10-10,,[Full trail in lease-clauses.csv notes and lease-clause-decision-log-NH.md.]
edu-lead-safe-certification-nh,LANDLORD_EDUCATION,NH,"N.H. Rev. Stat. Ann. § 130-A:5-d, I; N.H. Code Admin. R. He-P 1608.14(a); N.H. Rev. Stat. Ann. § 130-A:7, V; N.H. Rev. Stat. Ann. § 130-A:5-d; N.H. Rev. Stat. Ann. § 130-A:7",CITED,VERIFIED,2026-10-10,2026-10-10,,[Full trail in lease-clauses.csv notes and lease-clause-decision-log-NH.md.]
edu-lead-state-notices-nh,LANDLORD_EDUCATION,NH,"N.H. Code Admin. R. He-P 1605.01(e); N.H. Rev. Stat. Ann. § 130-A:6, I; N.H. Rev. Stat. Ann. § 540-A:3-a; N.H. Rev. Stat. Ann. § 130-A:8-a; N.H. Rev. Stat. Ann. § 477:4-a; N.H. Rev. Stat. Ann. § 130-A:6-a",CITED,VERIFIED,2026-10-10,2026-10-10,,[Full trail in lease-clauses.csv notes and lease-clause-decision-log-NH.md.]
edu-meth-disclosure-nh,LANDLORD_EDUCATION,NH,"N.H. Rev. Stat. Ann. § 477:4-g, I(a); N.H. Rev. Stat. Ann. § 477:4-g, I(b); N.H. Rev. Stat. Ann. § 477:4-g, II; N.H. Rev. Stat. Ann. § 318-D:4; N.H. Rev. Stat. Ann. § 318-D:1; N.H. Rev. Stat. Ann. § 477:4-g; N.H. Rev. Stat. Ann. § 318-D:2; N.H. Rev. Stat. Ann. § 318-B:26",CITED,VERIFIED,2026-10-10,2026-10-10,,[Full trail in lease-clauses.csv notes and lease-clause-decision-log-NH.md.]
edu-no-military-zone-disclosure-nh,LANDLORD_EDUCATION,NH,"Absence: NH batteries named in the row's notes (NH log §17, §18)",CONFIRMED_ABSENT,VERIFIED,2026-10-10,2026-10-10,,[Full trail in lease-clauses.csv notes and lease-clause-decision-log-NH.md.]
edu-no-mold-disclosure-nh,LANDLORD_EDUCATION,NH,"N.H. Rev. Stat. Ann. § 310-A:189-b, II; N.H. Rev. Stat. Ann. § 48-A:14, II; N.H. Rev. Stat. Ann. § 48-A:11; N.H. Rev. Stat. Ann. § 310-A:189-b; Absence: NH batteries named in the row's notes (NH log §17, §18)",CONFIRMED_ABSENT,VERIFIED,2026-10-10,2026-10-10,,[Full trail in lease-clauses.csv notes and lease-clause-decision-log-NH.md.]
edu-no-ordnance-demolition-disclosure-nh,LANDLORD_EDUCATION,NH,"N.H. Code Admin. R. En 303.01(a)(3)(b); N.H. Rev. Stat. Ann. § 477:4-h, I; Absence: NH batteries named in the row's notes (NH log §17, §18)",CONFIRMED_ABSENT,VERIFIED,2026-10-10,2026-10-10,,[Full trail in lease-clauses.csv notes and lease-clause-decision-log-NH.md.]
edu-no-owner-identity-disclosure-nh,LANDLORD_EDUCATION,NH,"N.H. Rev. Stat. Ann. § 540:1-b, I; N.H. Rev. Stat. Ann. § 540:1-b, III; N.H. Rev. Stat. Ann. § 540-A:6, I(b); N.H. Rev. Stat. Ann. § 540-A:6, IV(b); N.H. Rev. Stat. Ann. § 540-A:6, III(b); N.H. Rev. Stat. Ann. § 540-A:5, I; N.H. Rev. Stat. Ann. § 540:1-b; N.H. Rev. Stat. Ann. § 540-A:6; N.H. Rev. Stat. Ann. § 356-C:3; Absence: NH batteries named in the row's notes (NH log §17, §18)",CONFIRMED_ABSENT,VERIFIED,2026-10-10,2026-10-10,,[Full trail in lease-clauses.csv notes and lease-clause-decision-log-NH.md.]
edu-pesticide-notice-nh,LANDLORD_EDUCATION,NH,"N.H. Code Admin. R. Pes 508.01(b); N.H. Code Admin. R. Pes 508.01(e)(2); N.H. Rev. Stat. Ann. § 540-A:3, IV",CITED,VERIFIED,2026-10-10,2026-10-10,,[Full trail in lease-clauses.csv notes and lease-clause-decision-log-NH.md.]
edu-no-well-test-disclosure-nh,LANDLORD_EDUCATION,NH,"N.H. Rev. Stat. Ann. § 477:4-c, I(a); N.H. Rev. Stat. Ann. § 477:4-d, I(a); N.H. Rev. Stat. Ann. § 477:4-a, I; N.H. Rev. Stat. Ann. § 48-A:14, IX; N.H. Rev. Stat. Ann. § 540-A:3-a; Absence: NH batteries named in the row's notes (NH log §17, §18)",CONFIRMED_ABSENT,VERIFIED,2026-10-10,2026-10-10,,[Full trail in lease-clauses.csv notes and lease-clause-decision-log-NH.md.]
edu-no-radon-disclosure-nh,LANDLORD_EDUCATION,NH,"N.H. Rev. Stat. Ann. § 477:4-a, I; N.H. Rev. Stat. Ann. § 125:9, X; N.H. Rev. Stat. Ann. § 310-A:189-a, I; N.H. Rev. Stat. Ann. § 477:4-a; Absence: NH batteries named in the row's notes (NH log §17, §18)",CONFIRMED_ABSENT,VERIFIED,2026-10-10,2026-10-10,,[Full trail in lease-clauses.csv notes and lease-clause-decision-log-NH.md.]
edu-required-disclosures-nh,LANDLORD_EDUCATION,NH,"N.H. Rev. Stat. Ann. § 540-A:6, I(b); N.H. Rev. Stat. Ann. § 540-A:3, VIII; N.H. Rev. Stat. Ann. § 477:4-h, I; N.H. Rev. Stat. Ann. § 477:4-g, I; N.H. Code Admin. R. He-P 1605.01(e); N.H. Rev. Stat. Ann. § 141-E:23, III; N.H. Code Admin. R. Env-Or 608.01(b)(2); N.H. Rev. Stat. Ann. § 477:7-b, I; N.H. Rev. Stat. Ann. § 477:7-b, II; N.H. Rev. Stat. Ann. § 161-M:5, I; N.H. Rev. Stat. Ann. § 540-A:5, I; N.H. Rev. Stat. Ann. § 356-C:3",CITED,VERIFIED,2026-10-10,2026-10-10,,[Full trail in lease-clauses.csv notes and lease-clause-decision-log-NH.md.]
edu-no-variance-notice-nh,LANDLORD_EDUCATION,NH,"N.H. Code Admin. R. He-P 1605.03(d); N.H. Rev. Stat. Ann. § 153:14, II(a); N.H. Rev. Stat. Ann. § 153:14, V; Absence: NH batteries named in the row's notes (NH log §17, §18)",CONFIRMED_ABSENT,VERIFIED,2026-10-10,2026-10-10,,[Full trail in lease-clauses.csv notes and lease-clause-decision-log-NH.md.]
edu-no-sex-offender-disclosure-nh,LANDLORD_EDUCATION,NH,"N.H. Rev. Stat. Ann. § 651-B:7, III(a); N.H. Rev. Stat. Ann. § 651-B:7, IV(a); N.H. Rev. Stat. Ann. § 651-B:7, IV(c); Absence: NH batteries named in the row's notes (NH log §17, §18)",CONFIRMED_ABSENT,VERIFIED,2026-10-10,2026-10-10,,[Full trail in lease-clauses.csv notes and lease-clause-decision-log-NH.md.]
edu-no-lease-font-rules-nh,LANDLORD_EDUCATION,NH,"N.H. Rev. Stat. Ann. § 540-A:4, XII(d); N.H. Rev. Stat. Ann. § 540:13, II; N.H. Rev. Stat. Ann. § 540-A:4; N.H. Rev. Stat. Ann. § 540:13; N.H. Rev. Stat. Ann. § 540:13-c; N.H. Rev. Stat. Ann. § 540-A:3; N.H. Laws 2026, ch. 308; Absence: NH batteries named in the row's notes (NH log §17, §18)",CONFIRMED_ABSENT,VERIFIED,2026-10-10,2026-10-10,,[Full trail in lease-clauses.csv notes and lease-clause-decision-log-NH.md.]
edu-no-shoreline-disclosure-nh,LANDLORD_EDUCATION,NH,"Absence: NH batteries named in the row's notes (NH log §17, §18)",CONFIRMED_ABSENT,VERIFIED,2026-10-10,2026-10-10,,[Full trail in lease-clauses.csv notes and lease-clause-decision-log-NH.md.]
edu-no-source-of-income-protection-nh,LANDLORD_EDUCATION,NH,"N.H. Rev. Stat. Ann. § 354-A:8; N.H. Rev. Stat. Ann. § 354-A:10; N.H. Rev. Stat. Ann. § 354-A:15; N.H. Rev. Stat. Ann. § 151:21; N.H. Rev. Stat. Ann. § 458:19; N.H. Rev. Stat. Ann. § 458:19-aa; N.H. Rev. Stat. Ann. § 540:2; Absence: NH batteries named in the row's notes (NH log §17, §18)",CONFIRMED_ABSENT,VERIFIED,2026-10-10,2026-10-10,,[Full trail in lease-clauses.csv notes and lease-clause-decision-log-NH.md.]
edu-no-sprinkler-disclosure-nh,LANDLORD_EDUCATION,NH,"N.H. Rev. Stat. Ann. § 153:5, III; N.H. Rev. Stat. Ann. § 153:5, IV; N.H. Rev. Stat. Ann. § 153:5; Absence: NH batteries named in the row's notes (NH log §17, §18)",CONFIRMED_ABSENT,VERIFIED,2026-10-10,2026-10-10,,[Full trail in lease-clauses.csv notes and lease-clause-decision-log-NH.md.]
edu-no-stigmatized-property-rule-nh,LANDLORD_EDUCATION,NH,"N.H. Rev. Stat. Ann. § 477:4-e, I(a); N.H. Rev. Stat. Ann. § 477:4-e, I(b); N.H. Rev. Stat. Ann. § 358-A:1, II; N.H. Rev. Stat. Ann. § 358-A:2; N.H. Rev. Stat. Ann. § 354-A:12, IV; N.H. Rev. Stat. Ann. § 477:4-e; Absence: NH batteries named in the row's notes (NH log §17, §18)",CONFIRMED_ABSENT,VERIFIED,2026-10-10,2026-10-10,,[Full trail in lease-clauses.csv notes and lease-clause-decision-log-NH.md.]
edu-tenant-rights-statement-nh,LANDLORD_EDUCATION,NH,"N.H. Rev. Stat. Ann. § 161-M:5, I; N.H. Rev. Stat. Ann. § 161-M:5, II; N.H. Rev. Stat. Ann. § 161-M:1; N.H. Rev. Stat. Ann. § 161-M:2; N.H. Rev. Stat. Ann. § 161-J:2, III; N.H. Rev. Stat. Ann. § 161-M:6; N.H. Rev. Stat. Ann. § 358-A:2, XV; N.H. Rev. Stat. Ann. § 540:13, II; N.H. Rev. Stat. Ann. § 161-M:3",CITED,VERIFIED,2026-10-10,2026-10-10,,[Full trail in lease-clauses.csv notes and lease-clause-decision-log-NH.md.]
edu-no-rent-cap-notice-nh,LANDLORD_EDUCATION,NH,"N.H. Rev. Stat. Ann. § 540:2, II; N.H. Rev. Stat. Ann. § 540:1-a; N.H. Rev. Stat. Ann. § 356-C:3; N.H. Rev. Stat. Ann. § 356-C:5; N.H. Rev. Stat. Ann. § 205-A:21; Absence: NH batteries named in the row's notes (NH log §17, §18)",CONFIRMED_ABSENT,VERIFIED,2026-10-10,2026-10-10,,[Full trail in lease-clauses.csv notes and lease-clause-decision-log-NH.md.]
edu-no-truth-in-renting-nh,LANDLORD_EDUCATION,NH,"N.H. Rev. Stat. Ann. § 540:28; N.H. Rev. Stat. Ann. § 540-A:8, III; N.H. Rev. Stat. Ann. § 356-B:46-a; Absence: NH batteries named in the row's notes (NH log §17, §18)",CONFIRMED_ABSENT,VERIFIED,2026-10-10,2026-10-10,,[Full trail in lease-clauses.csv notes and lease-clause-decision-log-NH.md.]
edu-accessory-dwelling-units-nh,LANDLORD_EDUCATION,NH,"N.H. Rev. Stat. Ann. § 674:72, I; N.H. Rev. Stat. Ann. § 674:72, II; N.H. Rev. Stat. Ann. § 674:72, VI; N.H. Rev. Stat. Ann. § 674:72, VII; N.H. Rev. Stat. Ann. § 674:72, XI; N.H. Laws 2026, ch. 210; N.H. Rev. Stat. Ann. § 674:71; N.H. Rev. Stat. Ann. § 674:73; N.H. Rev. Stat. Ann. § 674:72",CITED,VERIFIED,2026-10-10,2026-10-10,,[Full trail in lease-clauses.csv notes and lease-clause-decision-log-NH.md.]
edu-no-alarm-tampering-fee-nh,LANDLORD_EDUCATION,NH,"N.H. Rev. Stat. Ann. § 634:2, IX; N.H. Rev. Stat. Ann. § 153:10-a, II-a; N.H. Rev. Stat. Ann. § 634:2; Absence: NH batteries named in the row's notes (NH log §17, §18)",CONFIRMED_ABSENT,VERIFIED,2026-10-10,2026-10-10,,[Full trail in lease-clauses.csv notes and lease-clause-decision-log-NH.md.]
edu-asbestos-nh,LANDLORD_EDUCATION,NH,"N.H. Rev. Stat. Ann. § 141-E:3, VI; N.H. Rev. Stat. Ann. § 141-E:3, I; N.H. Rev. Stat. Ann. § 141-E:23, III; N.H. Rev. Stat. Ann. § 141-E:1",CITED,VERIFIED,2026-10-10,2026-10-10,,[Full trail in lease-clauses.csv notes and lease-clause-decision-log-NH.md.]
edu-no-balcony-inspection-nh,LANDLORD_EDUCATION,NH,"N.H. Rev. Stat. Ann. § 48-A:14, VII; N.H. Rev. Stat. Ann. § 153:14, II(a); N.H. Rev. Stat. Ann. § 153:14, III; N.H. Rev. Stat. Ann. § 48-A:14; N.H. Laws 2026, ch. 265; Absence: NH batteries named in the row's notes (NH log §17, §18)",CONFIRMED_ABSENT,VERIFIED,2026-10-10,2026-10-10,,[Full trail in lease-clauses.csv notes and lease-clause-decision-log-NH.md.]
edu-no-confession-of-judgment-nh,LANDLORD_EDUCATION,NH,"N.H. Rev. Stat. Ann. § 540:13-c, I; N.H. Rev. Stat. Ann. § 540:13-c, II; N.H. Rev. Stat. Ann. § 540:28; N.H. Rev. Stat. Ann. § 540:13; N.H. Rev. Stat. Ann. § 540:13-c; N.H. Laws 2026, ch. 308; Absence: NH batteries named in the row's notes (NH log §17, §18)",CONFIRMED_ABSENT,VERIFIED,2026-10-10,2026-10-10,,[Full trail in lease-clauses.csv notes and lease-clause-decision-log-NH.md.]
edu-consumer-protection-act-nh,LANDLORD_EDUCATION,NH,"N.H. Rev. Stat. Ann. § 358-A:2; N.H. Rev. Stat. Ann. § 358-A:1, II; N.H. Rev. Stat. Ann. § 358-A:2, XV; N.H. Rev. Stat. Ann. § 358-A:3, IV-a; N.H. Rev. Stat. Ann. § 358-A:10, I; N.H. Rev. Stat. Ann. § 540-A:4, IX(a); N.H. Rev. Stat. Ann. § 540-A:8, I(a); N.H. Rev. Stat. Ann. § 161-M:6; N.H. Rev. Stat. Ann. § 477:7-b; N.H. Rev. Stat. Ann. § 540-A:4",CITED,VERIFIED,2026-10-10,2026-10-10,,[Full trail in lease-clauses.csv notes and lease-clause-decision-log-NH.md.]
edu-dv-confidentiality-nh,LANDLORD_EDUCATION,NH,"N.H. Rev. Stat. Ann. § 540:2, VII(e); N.H. Rev. Stat. Ann. § 540:11-b, II; N.H. Rev. Stat. Ann. § 7:42; N.H. Rev. Stat. Ann. § 7:43; N.H. Rev. Stat. Ann. § 7:45; N.H. Rev. Stat. Ann. § 7:47; N.H. Rev. Stat. Ann. § 540:2; N.H. Rev. Stat. Ann. § 540:11-b",CITED,VERIFIED,2026-10-10,2026-10-10,,[Full trail in lease-clauses.csv notes and lease-clause-decision-log-NH.md.]
edu-no-emergency-call-protection-nh,LANDLORD_EDUCATION,NH,"N.H. Rev. Stat. Ann. § 540:2, VII(a); N.H. Rev. Stat. Ann. § 540:13-a, I; N.H. Rev. Stat. Ann. § 540:13-b; N.H. Rev. Stat. Ann. § 540:1-a; N.H. Rev. Stat. Ann. § 540:2; N.H. Rev. Stat. Ann. § 540:11-b; N.H. Rev. Stat. Ann. § 540-B:6; N.H. Rev. Stat. Ann. § 165:4-c; N.H. Rev. Stat. Ann. § 126-X:3; Absence: NH batteries named in the row's notes (NH log §17, §18)",CONFIRMED_ABSENT,VERIFIED,2026-10-10,2026-10-10,,[Full trail in lease-clauses.csv notes and lease-clause-decision-log-NH.md.]
edu-no-eviction-penalty-rule-nh,LANDLORD_EDUCATION,NH,"N.H. Rev. Stat. Ann. § 540:9, I; N.H. Rev. Stat. Ann. § 540:9, I(a); N.H. Rev. Stat. Ann. § 540:13, III; N.H. Rev. Stat. Ann. § 540:28; N.H. Rev. Stat. Ann. § 540:9; N.H. Rev. Stat. Ann. § 540:13; N.H. Rev. Stat. Ann. § 540:13-e; N.H. Rev. Stat. Ann. § 130-A:8-a; N.H. Rev. Stat. Ann. § 353:3-c; N.H. Laws 2026, ch. 308; Absence: NH batteries named in the row's notes (NH log §17, §18)",CONFIRMED_ABSENT,VERIFIED,2026-10-10,2026-10-10,,[Full trail in lease-clauses.csv notes and lease-clause-decision-log-NH.md.]
edu-no-exculpatory-clause-rule-nh,LANDLORD_EDUCATION,NH,"N.H. Rev. Stat. Ann. § 540:28; N.H. Rev. Stat. Ann. § 540-A:8, III; N.H. Rev. Stat. Ann. § 356-B:46-a, IV; N.H. Rev. Stat. Ann. § 356-C:7; N.H. Rev. Stat. Ann. § 358-A:10, I; N.H. Rev. Stat. Ann. § 540-A:4, IX; N.H. Rev. Stat. Ann. § 356-B:46-a; N.H. Rev. Stat. Ann. § 540-A:6; N.H. Rev. Stat. Ann. § 53-C:6; N.H. Rev. Stat. Ann. § 540-A:8; N.H. Rev. Stat. Ann. § 544:41; Absence: NH batteries named in the row's notes (NH log §17, §18)",CONFIRMED_ABSENT,VERIFIED,2026-10-10,2026-10-10,,[Full trail in lease-clauses.csv notes and lease-clause-decision-log-NH.md.]
edu-fair-housing-nh,LANDLORD_EDUCATION,NH,"N.H. Rev. Stat. Ann. § 354-A:10, I; N.H. Rev. Stat. Ann. § 354-A:10, VI; N.H. Rev. Stat. Ann. § 354-A:8; N.H. Rev. Stat. Ann. § 354-A:9, IV; N.H. Rev. Stat. Ann. § 354-A:12, IV; N.H. Rev. Stat. Ann. § 354-A:13; N.H. Rev. Stat. Ann. § 354-A:14; N.H. Rev. Stat. Ann. § 354-A:15, II; N.H. Rev. Stat. Ann. § 354-A:21-a, I; N.H. Rev. Stat. Ann. § 354-A:24; N.H. Const. pt. I, art. 2; N.H. Rev. Stat. Ann. § 354-A:10; N.H. Rev. Stat. Ann. § 540:2, II(i)(2)",CITED,VERIFIED,2026-10-10,2026-10-10,,[Full trail in lease-clauses.csv notes and lease-clause-decision-log-NH.md.]
edu-foreign-principal-leasing-nh,LANDLORD_EDUCATION,NH,"N.H. Rev. Stat. Ann. § 477:22-c, II; N.H. Rev. Stat. Ann. § 477:22-c, I; N.H. Rev. Stat. Ann. § 477:22-b; N.H. Rev. Stat. Ann. § 477:22-d; N.H. Rev. Stat. Ann. § 477:22-e; N.H. Rev. Stat. Ann. § 477:20; N.H. Laws 2025, ch. 141, § 346; N.H. Rev. Stat. Ann. § 477:22-c, III; N.H. Rev. Stat. Ann. § 477:22-c",CITED,VERIFIED,2026-10-10,2026-10-10,,[Full trail in lease-clauses.csv notes and lease-clause-decision-log-NH.md.]
edu-no-fine-passthrough-nh,LANDLORD_EDUCATION,NH,"N.H. Rev. Stat. Ann. § 540:28; N.H. Rev. Stat. Ann. § 48-A:14; N.H. Rev. Stat. Ann. § 149-M:17, VI; Absence: NH batteries named in the row's notes (NH log §17, §18)",CONFIRMED_ABSENT,VERIFIED,2026-10-10,2026-10-10,,[Full trail in lease-clauses.csv notes and lease-clause-decision-log-NH.md.]
edu-no-immigration-status-rule-nh,LANDLORD_EDUCATION,NH,"N.H. Rev. Stat. Ann. § 354-A:10, I; N.H. Rev. Stat. Ann. § 354-A:10; N.H. Rev. Stat. Ann. § 106-R:3; N.H. Laws 2026, ch. 68; Absence: NH batteries named in the row's notes (NH log §17, §18)",CONFIRMED_ABSENT,VERIFIED,2026-10-10,2026-10-10,,[Full trail in lease-clauses.csv notes and lease-clause-decision-log-NH.md.]
edu-no-jury-waiver-rule-nh,LANDLORD_EDUCATION,NH,"N.H. Const. pt. I, art. 20; N.H. Rev. Stat. Ann. § 540:13, I; Absence: NH batteries named in the row's notes (NH log §17, §18)",CONFIRMED_ABSENT,VERIFIED,2026-10-10,2026-10-10,,[Full trail in lease-clauses.csv notes and lease-clause-decision-log-NH.md.]
edu-no-key-control-mandate-nh,LANDLORD_EDUCATION,NH,"N.H. Rev. Stat. Ann. § 356-B:35, IV-a; N.H. Rev. Stat. Ann. § 540-A:3, IV; Absence: NH batteries named in the row's notes (NH log §17, §18)",CONFIRMED_ABSENT,VERIFIED,2026-10-10,2026-10-10,,[Full trail in lease-clauses.csv notes and lease-clause-decision-log-NH.md.]
edu-no-prohibited-term-penalty-nh,LANDLORD_EDUCATION,NH,"N.H. Rev. Stat. Ann. § 354-A:13, III; N.H. Rev. Stat. Ann. § 540:28; N.H. Rev. Stat. Ann. § 540-A:8, III; N.H. Rev. Stat. Ann. § 356-B:46-a, IV; N.H. Rev. Stat. Ann. § 356-C:7; N.H. Rev. Stat. Ann. § 358-A:10, I; N.H. Rev. Stat. Ann. § 540-A:4, IX; N.H. Rev. Stat. Ann. § 540-A:8, I; N.H. Rev. Stat. Ann. § 540-A:3; N.H. Rev. Stat. Ann. § 540-A:8; N.H. Rev. Stat. Ann. § 356-B:46-a; N.H. Rev. Stat. Ann. § 544:41; Absence: NH batteries named in the row's notes (NH log §17, §18)",CONFIRMED_ABSENT,VERIFIED,2026-10-10,2026-10-10,,[Full trail in lease-clauses.csv notes and lease-clause-decision-log-NH.md.]
edu-lease-content-requirements-nh,LANDLORD_EDUCATION,NH,"N.H. Rev. Stat. Ann. § 540:1; N.H. Rev. Stat. Ann. § 477:7-b, I; N.H. Rev. Stat. Ann. § 477:7-b, II; N.H. Rev. Stat. Ann. § 477:7; N.H. Rev. Stat. Ann. § 477:7-a; N.H. Rev. Stat. Ann. § 540-A:3, X; N.H. Rev. Stat. Ann. § 477:7-b; N.H. Rev. Stat. Ann. § 72:23; N.H. Rev. Stat. Ann. § 540:28; N.H. Rev. Stat. Ann. § 540-A:4; N.H. Rev. Stat. Ann. § 356-C:3; N.H. Rev. Stat. Ann. § 356-C:7; N.H. Rev. Stat. Ann. § 205-A:10",CITED,VERIFIED,2026-10-10,2026-10-10,,[Full trail in lease-clauses.csv notes and lease-clause-decision-log-NH.md.]
edu-no-plain-language-rule-nh,LANDLORD_EDUCATION,NH,"N.H. Rev. Stat. Ann. § 540:2, II(c); Absence: NH batteries named in the row's notes (NH log §17, §18)",CONFIRMED_ABSENT,VERIFIED,2026-10-10,2026-10-10,,[Full trail in lease-clauses.csv notes and lease-clause-decision-log-NH.md.]
edu-pool-rules-nh,LANDLORD_EDUCATION,NH,"N.H. Rev. Stat. Ann. § 485-A:26, I(a); N.H. Rev. Stat. Ann. § 485-A:26, I(b); N.H. Rev. Stat. Ann. § 485-A:26, II; N.H. Rev. Stat. Ann. § 485-A:26, IV; N.H. Rev. Stat. Ann. § 485-A:26, III; N.H. Code Admin. R. Env-Wq 1102.11; N.H. Rev. Stat. Ann. § 485-A:26",CITED,VERIFIED,2026-10-10,2026-10-10,,[Full trail in lease-clauses.csv notes and lease-clause-decision-log-NH.md.]
edu-prohibited-lease-terms-nh,LANDLORD_EDUCATION,NH,"N.H. Rev. Stat. Ann. § 540:28; N.H. Rev. Stat. Ann. § 540-A:8, III; N.H. Rev. Stat. Ann. § 540-A:6, I(a); N.H. Rev. Stat. Ann. § 540-A:5, I; N.H. Rev. Stat. Ann. § 540-A:3, I; N.H. Rev. Stat. Ann. § 356-B:46-a, IV; N.H. Rev. Stat. Ann. § 356-C:7; N.H. Rev. Stat. Ann. § 358-A:10, I; N.H. Rev. Stat. Ann. § 354-A:13, I; N.H. Rev. Stat. Ann. § 126-X:3, I; N.H. Rev. Stat. Ann. § 540-A:4, IX; N.H. Rev. Stat. Ann. § 544:41; N.H. Rev. Stat. Ann. § 540-A:8; N.H. Rev. Stat. Ann. § 356-B:46-a",CITED,VERIFIED,2026-10-10,2026-10-10,,[Full trail in lease-clauses.csv notes and lease-clause-decision-log-NH.md.]
edu-no-protected-class-inquiry-rule-nh,LANDLORD_EDUCATION,NH,"N.H. Rev. Stat. Ann. § 354-A:10, VI; N.H. Rev. Stat. Ann. § 354-A:15, IX; N.H. Rev. Stat. Ann. § 651:5, X(a); N.H. Rev. Stat. Ann. § 354-A:10; N.H. Rev. Stat. Ann. § 354-A:15; N.H. Rev. Stat. Ann. § 540:2, VIII; N.H. Rev. Stat. Ann. § 651:5; Absence: NH batteries named in the row's notes (NH log §17, §18)",CONFIRMED_ABSENT,VERIFIED,2026-10-10,2026-10-10,,[Full trail in lease-clauses.csv notes and lease-clause-decision-log-NH.md.]
edu-no-sex-offender-residency-rule-nh,LANDLORD_EDUCATION,NH,"N.H. Rev. Stat. Ann. § 651-B:7, III; N.H. Rev. Stat. Ann. § 651-B:4; N.H. Rev. Stat. Ann. § 651-B:7, III(a)(2); Absence: NH batteries named in the row's notes (NH log §17, §18)",CONFIRMED_ABSENT,VERIFIED,2026-10-10,2026-10-10,,[Full trail in lease-clauses.csv notes and lease-clause-decision-log-NH.md.]
edu-statutory-caps-nh,LANDLORD_EDUCATION,NH,"N.H. Rev. Stat. Ann. § 540-A:5, I; N.H. Rev. Stat. Ann. § 540-A:6, I(a); N.H. Rev. Stat. Ann. § 540-A:8, I(b); N.H. Rev. Stat. Ann. § 540-A:3, VIII; N.H. Rev. Stat. Ann. § 540-A:4, IX(f); N.H. Rev. Stat. Ann. § 540:9, I(a); N.H. Rev. Stat. Ann. § 540:9, II; N.H. Rev. Stat. Ann. § 540:13, III; N.H. Rev. Stat. Ann. § 358-A:10, I; N.H. Rev. Stat. Ann. § 540-A:4, IX(e); N.H. Rev. Stat. Ann. § 540-A:4, VII(e)(4); N.H. Rev. Stat. Ann. § 540-A:4, IX(b); N.H. Rev. Stat. Ann. § 356-C:3",CITED,VERIFIED,2026-10-10,2026-10-10,,[Full trail in lease-clauses.csv notes and lease-clause-decision-log-NH.md.]
edu-no-radiator-cover-rule-nh,LANDLORD_EDUCATION,NH,"N.H. Rev. Stat. Ann. § 48-A:14, XI; Absence: NH batteries named in the row's notes (NH log §17, §18)",CONFIRMED_ABSENT,VERIFIED,2026-10-10,2026-10-10,,[Full trail in lease-clauses.csv notes and lease-clause-decision-log-NH.md.]
edu-no-tenant-data-rule-nh,LANDLORD_EDUCATION,NH,"N.H. Rev. Stat. Ann. § 540:2, VII(e); N.H. Rev. Stat. Ann. § 540:11-b, II; N.H. Rev. Stat. Ann. § 359-C:19, IV; N.H. Rev. Stat. Ann. § 359-C:20, I; N.H. Rev. Stat. Ann. § 507-H:2, I; N.H. Rev. Stat. Ann. § 540:2; N.H. Rev. Stat. Ann. § 540:11-b; Absence: NH batteries named in the row's notes (NH log §17, §18)",CONFIRMED_ABSENT,VERIFIED,2026-10-10,2026-10-10,,[Full trail in lease-clauses.csv notes and lease-clause-decision-log-NH.md.]
edu-tenant-organizing-nh,LANDLORD_EDUCATION,NH,"N.H. Rev. Stat. Ann. § 540:13-a, III; N.H. Rev. Stat. Ann. § 540:13-a; N.H. Rev. Stat. Ann. § 540:13-b, IV; N.H. Rev. Stat. Ann. § 161-M:3, I(a); N.H. Rev. Stat. Ann. § 161-M:2; N.H. Rev. Stat. Ann. § 161-J:2, III; N.H. Rev. Stat. Ann. § 161-M:3; N.H. Rev. Stat. Ann. § 301-A:2",CITED,VERIFIED,2026-10-10,2026-10-10,,[Full trail in lease-clauses.csv notes and lease-clause-decision-log-NH.md.]
edu-tenant-screening-nh,LANDLORD_EDUCATION,NH,"N.H. Rev. Stat. Ann. § 540-A:3, VIII; N.H. Rev. Stat. Ann. § 540-A:4, IX(f); N.H. Rev. Stat. Ann. § 540:2, II(i); N.H. Rev. Stat. Ann. § 651:5, X(a); N.H. Rev. Stat. Ann. § 354-A:15, VI; N.H. Rev. Stat. Ann. § 354-A:10; N.H. Rev. Stat. Ann. § 540-A:3; N.H. Rev. Stat. Ann. § 540:2; N.H. Rev. Stat. Ann. § 651:5",CITED,VERIFIED,2026-10-10,2026-10-10,,[Full trail in lease-clauses.csv notes and lease-clause-decision-log-NH.md.]
edu-no-lease-unconscionability-statute-nh,LANDLORD_EDUCATION,NH,"N.H. Rev. Stat. Ann. § 382-A:2-302; N.H. Rev. Stat. Ann. § 382-A:2; N.H. Laws 2026, ch. 159; Absence: NH batteries named in the row's notes (NH log §17, §18)",CONFIRMED_ABSENT,VERIFIED,2026-10-10,2026-10-10,,[Full trail in lease-clauses.csv notes and lease-clause-decision-log-NH.md.]
edu-no-veterans-incentive-nh,LANDLORD_EDUCATION,NH,"N.H. Rev. Stat. Ann. § 354-A:10; N.H. Rev. Stat. Ann. § 356-C:1; Absence: NH batteries named in the row's notes (NH log §17, §18)",CONFIRMED_ABSENT,VERIFIED,2026-10-10,2026-10-10,,[Full trail in lease-clauses.csv notes and lease-clause-decision-log-NH.md.]
edu-no-water-heater-temperature-nh,LANDLORD_EDUCATION,NH,"N.H. Rev. Stat. Ann. § 48-A:14, IX; N.H. Rev. Stat. Ann. § 48-A:14; Absence: NH batteries named in the row's notes (NH log §17, §18)",CONFIRMED_ABSENT,VERIFIED,2026-10-10,2026-10-10,,[Full trail in lease-clauses.csv notes and lease-clause-decision-log-NH.md.]
edu-no-window-guard-rule-nh,LANDLORD_EDUCATION,NH,"Absence: NH batteries named in the row's notes (NH log §17, §18)",CONFIRMED_ABSENT,VERIFIED,2026-10-10,2026-10-10,,[Full trail in lease-clauses.csv notes and lease-clause-decision-log-NH.md.]
edu-utility-allowance-nh,LANDLORD_EDUCATION,NH,"N.H. Code Admin. R. En 303.01; N.H. Rev. Stat. Ann. § 362:3-a; N.H. Code Admin. R. En 303.01(a)(3); N.H. Rev. Stat. Ann. § 540-A:7, II; N.H. Rev. Stat. Ann. § 540-A:3, I; N.H. Rev. Stat. Ann. § 540:2, VI; Absence: NH batteries named in the row's notes (NH log §17, §18)",CONFIRMED_ABSENT,VERIFIED,2026-10-10,2026-10-10,,[Full trail in lease-clauses.csv notes and lease-clause-decision-log-NH.md.]
edu-entity-landlord-representation-nh,LANDLORD_EDUCATION,NH,N.H. Rev. Stat. Ann. § 540:30,CITED,VERIFIED,2026-10-10,2026-10-10,,[Full trail in lease-clauses.csv notes and lease-clause-decision-log-NH.md.]
edu-no-children-occupancy-rule-nh,LANDLORD_EDUCATION,NH,"N.H. Rev. Stat. Ann. § 354-A:9, IV; N.H. Rev. Stat. Ann. § 354-A:10; N.H. Rev. Stat. Ann. § 354-A:15, IV; N.H. Rev. Stat. Ann. § 354-A:15, VIII; N.H. Rev. Stat. Ann. § 354-A:15, II; N.H. Rev. Stat. Ann. § 354-A:15, III; Absence: NH batteries named in the row's notes (NH log §17, §18)",CONFIRMED_ABSENT,VERIFIED,2026-10-10,2026-10-10,,[Full trail in lease-clauses.csv notes and lease-clause-decision-log-NH.md.]
edu-fire-sprinkler-duty-nh,LANDLORD_EDUCATION,NH,"N.H. Rev. Stat. Ann. § 153:5, III; N.H. Rev. Stat. Ann. § 153:5, IV; N.H. Rev. Stat. Ann. § 153:10-a, III; N.H. Rev. Stat. Ann. § 153:5",CITED,VERIFIED,2026-10-10,2026-10-10,,[Full trail in lease-clauses.csv notes and lease-clause-decision-log-NH.md.]
edu-no-landlord-registration-nh,LANDLORD_EDUCATION,NH,"N.H. Rev. Stat. Ann. § 540:1-b, I; N.H. Rev. Stat. Ann. § 540:1-b, III; N.H. Rev. Stat. Ann. § 540:1-c; N.H. Code Admin. R. Bar 301.09; Absence: NH batteries named in the row's notes (NH log §17, §18)",CONFIRMED_ABSENT,VERIFIED,2026-10-10,2026-10-10,,[Full trail in lease-clauses.csv notes and lease-clause-decision-log-NH.md.]
edu-no-lease-type-size-nh,LANDLORD_EDUCATION,NH,"N.H. Rev. Stat. Ann. § 540:13, II; N.H. Rev. Stat. Ann. § 540-A:4, XII(d); N.H. Rev. Stat. Ann. § 540-A:4; Absence: NH batteries named in the row's notes (NH log §17, §18)",CONFIRMED_ABSENT,VERIFIED,2026-10-10,2026-10-10,,[Full trail in lease-clauses.csv notes and lease-clause-decision-log-NH.md.]
edu-nonwaivable-rights-nh,LANDLORD_EDUCATION,NH,"N.H. Rev. Stat. Ann. § 540:28; N.H. Rev. Stat. Ann. § 540-A:8, III; N.H. Rev. Stat. Ann. § 540-A:6, III(d); N.H. Rev. Stat. Ann. § 356-B:46-a, IV; N.H. Rev. Stat. Ann. § 356-C:7; N.H. Rev. Stat. Ann. § 358-A:10, I; N.H. Rev. Stat. Ann. § 540-A:8; N.H. Rev. Stat. Ann. § 356-B:46-a; N.H. Rev. Stat. Ann. § 544:41",CITED,VERIFIED,2026-10-10,2026-10-10,,[Full trail in lease-clauses.csv notes and lease-clause-decision-log-NH.md.]
edu-no-property-tax-rent-statement-nh,LANDLORD_EDUCATION,NH,"N.H. Rev. Stat. Ann. § 540-A:7, II; N.H. Rev. Stat. Ann. § 72:23; N.H. Rev. Stat. Ann. § 540-A:7; Absence: NH batteries named in the row's notes (NH log §17, §18)",CONFIRMED_ABSENT,VERIFIED,2026-10-10,2026-10-10,,[Full trail in lease-clauses.csv notes and lease-clause-decision-log-NH.md.]
edu-redemption-nh,LANDLORD_EDUCATION,NH,"N.H. Rev. Stat. Ann. § 540:9; N.H. Rev. Stat. Ann. § 540:13, VII; N.H. Rev. Stat. Ann. § 540:13-c, II; N.H. Rev. Stat. Ann. § 540:13-c, I; N.H. Rev. Stat. Ann. § 540:25, I; N.H. Rev. Stat. Ann. § 540:25",CITED,VERIFIED,2026-10-10,2026-10-10,,[Full trail in lease-clauses.csv notes and lease-clause-decision-log-NH.md.]
edu-sale-or-management-change-nh,LANDLORD_EDUCATION,NH,"N.H. Rev. Stat. Ann. § 540:27; N.H. Rev. Stat. Ann. § 540-A:6, III(a); N.H. Rev. Stat. Ann. § 540:12; N.H. Rev. Stat. Ann. § 540:1-b, I; N.H. Rev. Stat. Ann. § 540-A:6",CITED,VERIFIED,2026-10-10,2026-10-10,,[Full trail in lease-clauses.csv notes and lease-clause-decision-log-NH.md.]
edu-self-help-eviction-ban-nh,LANDLORD_EDUCATION,NH,"N.H. Rev. Stat. Ann. § 540-A:2, I; N.H. Rev. Stat. Ann. § 540-A:3, I; N.H. Rev. Stat. Ann. § 540-A:3, II; N.H. Rev. Stat. Ann. § 540-A:3, III; N.H. Rev. Stat. Ann. § 540-A:4; N.H. Rev. Stat. Ann. § 540:28; N.H. Rev. Stat. Ann. § 544:41; N.H. Rev. Stat. Ann. § 540-A:3",CITED,VERIFIED,2026-10-10,2026-10-10,,[Full trail in lease-clauses.csv notes and lease-clause-decision-log-NH.md.]
edu-no-single-family-zone-lease-limit-nh,LANDLORD_EDUCATION,NH,"N.H. Rev. Stat. Ann. § 674:72, VI; N.H. Rev. Stat. Ann. § 155-A:2; N.H. Rev. Stat. Ann. § 48-A:1; N.H. Rev. Stat. Ann. § 674:72; N.H. Rev. Stat. Ann. § 674:73; Absence: NH batteries named in the row's notes (NH log §17, §18)",CONFIRMED_ABSENT,VERIFIED,2026-10-10,2026-10-10,,[Full trail in lease-clauses.csv notes and lease-clause-decision-log-NH.md.]
edu-statute-of-frauds-nh,LANDLORD_EDUCATION,NH,N.H. Rev. Stat. Ann. § 477:7; N.H. Rev. Stat. Ann. § 506:1; N.H. Rev. Stat. Ann. § 540:1,CITED,VERIFIED,2026-10-10,2026-10-10,,[Full trail in lease-clauses.csv notes and lease-clause-decision-log-NH.md.]
edu-no-subsidized-inspection-refusal-nh,LANDLORD_EDUCATION,NH,"N.H. Rev. Stat. Ann. § 354-A:10; Absence: NH batteries named in the row's notes (NH log §17, §18)",CONFIRMED_ABSENT,VERIFIED,2026-10-10,2026-10-10,,[Full trail in lease-clauses.csv notes and lease-clause-decision-log-NH.md.]
edu-no-tpa-exemption-notice-nh,LANDLORD_EDUCATION,NH,"N.H. Rev. Stat. Ann. § 540:1-a; N.H. Rev. Stat. Ann. § 540:2; N.H. Rev. Stat. Ann. § 356-C:3; Absence: NH batteries named in the row's notes (NH log §17, §18)",CONFIRMED_ABSENT,VERIFIED,2026-10-10,2026-10-10,,[Full trail in lease-clauses.csv notes and lease-clause-decision-log-NH.md.]
edu-no-casualty-mitigation-waiver-rule-nh,LANDLORD_EDUCATION,NH,"N.H. Rev. Stat. Ann. § 540:28; N.H. Rev. Stat. Ann. § 540-A:8, III; N.H. Rev. Stat. Ann. § 540-A:4; Absence: NH batteries named in the row's notes (NH log §17, §18)",CONFIRMED_ABSENT,VERIFIED,2026-10-10,2026-10-10,,[Full trail in lease-clauses.csv notes and lease-clause-decision-log-NH.md.]
edu-condition-inspection-nh,LANDLORD_EDUCATION,NH,"N.H. Rev. Stat. Ann. § 540-A:6, I(b); N.H. Rev. Stat. Ann. § 540-A:6, I(c); N.H. Rev. Stat. Ann. § 540-A:8, I(a); N.H. Rev. Stat. Ann. § 540-A:7, I; N.H. Rev. Stat. Ann. § 540-A:5, I; N.H. Rev. Stat. Ann. § 540-A:6",CITED,VERIFIED,2026-10-10,2026-10-10,,[Full trail in lease-clauses.csv notes and lease-clause-decision-log-NH.md.]
edu-electric-submetering-nh,LANDLORD_EDUCATION,NH,"N.H. Code Admin. R. En 303.01(a)(3); N.H. Rev. Stat. Ann. § 477:4-h, I",CITED,VERIFIED,2026-10-10,2026-10-10,,[Full trail in lease-clauses.csv notes and lease-clause-decision-log-NH.md.]
edu-meter-conservation-charge-nh,LANDLORD_EDUCATION,NH,"N.H. Rev. Stat. Ann. § 477:4-h, I; N.H. Rev. Stat. Ann. § 477:4-h; N.H. Rev. Stat. Ann. § 374:61",CITED,VERIFIED,2026-10-10,2026-10-10,,[Full trail in lease-clauses.csv notes and lease-clause-decision-log-NH.md.]
edu-pet-fees-nh,LANDLORD_EDUCATION,NH,"N.H. Rev. Stat. Ann. § 540-A:5, II; N.H. Rev. Stat. Ann. § 540-A:6, I(a); N.H. Rev. Stat. Ann. § 540-A:6, II(a); N.H. Rev. Stat. Ann. § 540-A:7; N.H. Rev. Stat. Ann. § 540-A:5, I; N.H. Rev. Stat. Ann. § 161-F:32; N.H. Rev. Stat. Ann. § 161-F:31",CITED,VERIFIED,2026-10-10,2026-10-10,,[Full trail in lease-clauses.csv notes and lease-clause-decision-log-NH.md.]
edu-no-renters-insurance-rules-nh,LANDLORD_EDUCATION,NH,"N.H. Rev. Stat. Ann. § 402-K:3; N.H. Rev. Stat. Ann. § 402-O:3; N.H. Laws 2026, ch. 262; Absence: NH batteries named in the row's notes (NH log §17, §18)",CONFIRMED_ABSENT,VERIFIED,2026-10-10,2026-10-10,,[Full trail in lease-clauses.csv notes and lease-clause-decision-log-NH.md.]
tax-escalation-nh,LEASE_CLAUSE,NH,"N.H. Rev. Stat. Ann. § 540-A:7, II; N.H. Rev. Stat. Ann. § 72:23; N.H. Rev. Stat. Ann. § 540-A:7; N.H. Rev. Stat. Ann. § 540-A:8; N.H. Rev. Stat. Ann. § 540:2, IV; N.H. Rev. Stat. Ann. § 540:13-b",CITED,VERIFIED,2026-10-10,2026-10-10,,[Full trail in lease-clauses.csv notes and lease-clause-decision-log-NH.md.]
common-area-garbage-nh,LEASE_CLAUSE,NH,"N.H. Rev. Stat. Ann. § 48-A:14, VIII; N.H. Rev. Stat. Ann. § 48-A:14; N.H. Rev. Stat. Ann. § 540:28; N.H. Rev. Stat. Ann. § 540:13-d; N.H. Rev. Stat. Ann. § 540:28-a",CITED,VERIFIED,2026-10-10,2026-10-10,,[Full trail in lease-clauses.csv notes and lease-clause-decision-log-NH.md.]
edu-property-manager-licensing-nh,LANDLORD_EDUCATION,NH,"N.H. Rev. Stat. Ann. § 331-A:2, III; N.H. Rev. Stat. Ann. § 331-A:2, III(a); N.H. Rev. Stat. Ann. § 331-A:2, III(f); N.H. Rev. Stat. Ann. § 331-A:2, III(b); N.H. Rev. Stat. Ann. § 331-A:3; N.H. Rev. Stat. Ann. § 331-A:4, I; N.H. Rev. Stat. Ann. § 331-A:4, II; N.H. Rev. Stat. Ann. § 331-A:32, I; N.H. Rev. Stat. Ann. § 310:13; N.H. Rev. Stat. Ann. § 310:2, II(yy); N.H. Laws 2026, ch. 21; N.H. Rev. Stat. Ann. § 331-A:10; N.H. Rev. Stat. Ann. § 331-A:2; N.H. Rev. Stat. Ann. § 130-A:1",CITED,VERIFIED,2026-10-10,2026-10-10,,[Full trail in lease-clauses.csv notes and lease-clause-decision-log-NH.md.]
edu-dog-owner-liability-nh,LANDLORD_EDUCATION,NH,"N.H. Rev. Stat. Ann. § 466:19; N.H. Rev. Stat. Ann. § 466:1; N.H. Rev. Stat. Ann. § 466:13; N.H. Rev. Stat. Ann. § 466:31, II(b); N.H. Rev. Stat. Ann. § 466:31, II(g); N.H. Laws 2026, ch. 160; N.H. Rev. Stat. Ann. § 161-F:33",CITED,NEEDS_REVIEW,2026-10-10,2026-10-10,,[Full trail in lease-clauses.csv notes and lease-clause-decision-log-NH.md.]
edu-shared-facility-rentals-nh,LANDLORD_EDUCATION,NH,"N.H. Rev. Stat. Ann. § 540-B:1, I; N.H. Rev. Stat. Ann. § 540-B:1, II; N.H. Rev. Stat. Ann. § 540-B:2; N.H. Rev. Stat. Ann. § 540-B:3, I; N.H. Rev. Stat. Ann. § 540-B:4; N.H. Rev. Stat. Ann. § 540-B:5; N.H. Rev. Stat. Ann. § 540-B:6; N.H. Rev. Stat. Ann. § 540-B:7; N.H. Rev. Stat. Ann. § 540-A:4; N.H. Rev. Stat. Ann. § 540-B:3; N.H. Rev. Stat. Ann. § 540-B:8; N.H. Rev. Stat. Ann. § 540-B:9; N.H. Rev. Stat. Ann. § 540-B:10; N.H. Rev. Stat. Ann. § 540-A:5, IV; N.H. Rev. Stat. Ann. § 540-B:1; N.H. Rev. Stat. Ann. § 36:55",CITED,VERIFIED,2026-10-10,2026-10-10,,[Full trail in lease-clauses.csv notes and lease-clause-decision-log-NH.md.]
